-9.9999997108696170e-01  7.4199768137255252e-08
-9.9999984765892669e-01  1.7272403487245876e-07
-9.9999962560243039e-01  2.7139401982776508e-07
-9.9999930486817390e-01  3.7007548100452173e-07
-9.9999888545014781e-01  4.6876031592649809e-07
-9.9999836734695036e-01  5.6744601631403769e-07
-9.9999775055815254e-01  6.6613160605272701e-07
-9.9999703508361848e-01  7.6481759813700637e-07
-9.9999622092332685e-01  8.6350300309898730e-07
-9.9999530807730996e-01  9.6218876337875510e-07
-9.9999429654563110e-01  1.0608743994973687e-06
-9.9999318632837397e-01  1.1595600565298287e-06
-9.9999197742563850e-01  1.2582455419235050e-06
-9.9999066983753715e-01  1.3569307653441145e-06
-9.9998926356419471e-01  1.4556159118708148e-06
-9.9998775860574685e-01  1.5543008578239163e-06
-9.9998615496233989e-01  1.6529857495608690e-06
-9.9998445263413049e-01  1.7516705448692413e-06
-9.9998265162128552e-01  1.8503551431727226e-06
-9.9998075192398206e-01  1.9490394787145601e-06
-9.9997875354240662e-01  2.0477236095847749e-06
-9.9997665647675593e-01  2.1464076366196017e-06
-9.9997446072723650e-01  2.2450914052432517e-06
-9.9997216629406493e-01  2.3437749297390349e-06
-9.9996977317746705e-01  2.4424582528886973e-06
-9.9996728137767921e-01  2.5411412883870131e-06
-9.9996469089494666e-01  2.6398241279555206e-06
-9.9996200172952532e-01  2.7385066523499861e-06
-9.9995921388168019e-01  2.8371889841951657e-06
-9.9995632735168649e-01  2.9358709818913300e-06
-9.9995334213982900e-01  3.0345526794905487e-06
-9.9995025824640194e-01  3.1332341156564231e-06
-9.9994707567170993e-01  3.2319152170686147e-06
-9.9994379441606684e-01  3.3305960232898860e-06
-9.9994041447979654e-01  3.4292764698900195e-06
-9.9993693586323229e-01  3.5279566266574796e-06
-9.9993335856671761e-01  3.6266363836518487e-06
-9.9992968259060566e-01  3.7253157811840595e-06
-9.9992590793525871e-01  3.8239948319327456e-06
-9.9992203460104945e-01  3.9226735406839553e-06
-9.9991806258836013e-01  4.0213518200010218e-06
-9.9991399189758301e-01  4.1200296774841398e-06
-9.9990982252911942e-01  4.2187071508072400e-06
-9.9990555448338070e-01  4.3173842400710525e-06
-9.9990118776078829e-01  4.4160608887942615e-06
-9.9989672236177296e-01  4.5147370993095763e-06
-9.9989215828677580e-01  4.6134128410886056e-06
-9.9988749553624667e-01  4.7120881371953586e-06
-9.9988273411064599e-01  4.8107629800882495e-06
-9.9987787401044348e-01  4.9094373207958144e-06
-9.9987291523611899e-01  5.0081112180222170e-06
-9.9986785778816156e-01  5.1067846213215786e-06
-9.9986270166707070e-01  5.2054574778010088e-06
-9.9985744687335476e-01  5.3041298558166831e-06
-9.9985209340753278e-01  5.4028016903772026e-06
-9.9984664127013267e-01  5.5014729944727188e-06
-9.9984109046169267e-01  5.6001437744393540e-06
-9.9983544098276078e-01  5.6988139803902567e-06
-9.9982969283389400e-01  5.7974836554389592e-06
-9.9982384601565988e-01  5.8961527401822930e-06
-9.9981790052863562e-01  5.9948212287279131e-06
-9.9981185637340775e-01  6.0934891175546308e-06
-9.9980571355057268e-01  6.1921564430861249e-06
-9.9979947206073683e-01  6.2908231277658522e-06
-9.9979313190451591e-01  6.3894891970142700e-06
-9.9978669308253565e-01  6.4881546439794715e-06
-9.9978015559543154e-01  6.5868194476471917e-06
-9.9977351944384862e-01  6.6854836078166144e-06
-9.9976678462844204e-01  6.7841471024126761e-06
-9.9975995114987626e-01  6.8828099140209342e-06
-9.9975301900882563e-01  6.9814720515454692e-06
-9.9974598820597427e-01  7.0801335188963947e-06
-9.9973885874201607e-01  7.1787942834515324e-06
-9.9973163061765458e-01  7.2774543173972589e-06
-9.9972430383360311e-01  7.3761136483328026e-06
-9.9971687839058476e-01  7.4747722393998501e-06
-9.9970935428933227e-01  7.5734301226435299e-06
-9.9970173153058806e-01  7.6720872450999270e-06
-9.9969401011510461e-01  7.7707436014395365e-06
-9.9968619004364379e-01  7.8693991814955336e-06
-9.9967827131697740e-01  7.9680539914850878e-06
-9.9967025393588682e-01  8.0667080329537410e-06
-9.9966213790116321e-01  8.1653612760245491e-06
-9.9965392321360769e-01  8.2640137008475117e-06
-9.9964560987403084e-01  8.3626653030902264e-06
-9.9963719788325300e-01  8.4613161008544260e-06
-9.9962868724210441e-01  8.5599660492430732e-06
-9.9962007795142482e-01  8.6586151702669443e-06
-9.9961137001206435e-01  8.7572634058925611e-06
-9.9960256342488152e-01  8.8559108196796564e-06
-9.9959365819074608e-01  8.9545573156690417e-06
-9.9958465431053667e-01  9.0532029430850948e-06
-9.9957555178514146e-01  9.1518476964461640e-06
-9.9956635061545951e-01  9.2504915190870022e-06
-9.9955705080239809e-01  9.3491344529020249e-06
-9.9954765234687559e-01  9.4477764575633261e-06
-9.9953815524981904e-01  9.5464175143005201e-06
-9.9952855951216601e-01  9.6450576287274245e-06
-9.9951886513486321e-01  9.7436968082284302e-06
-9.9950907211886741e-01  9.8423350170059750e-06
-9.9949918046514497e-01  9.9409722715971609e-06
-9.9948919017467241e-01  1.0039608518659566e-05
-9.9947910124843531e-01  1.0138243784270760e-05
-9.9946891368742941e-01  1.0236878046571998e-05
-9.9945862749265990e-01  1.0335511323410005e-05
-9.9944824266514221e-01  1.0434143543843589e-05
-9.9943775920590094e-01  1.0532774755690130e-05
-9.9942717711597073e-01  1.0631404929039747e-05
-9.9941649639639585e-01  1.0730034036347556e-05
-9.9940571704823045e-01  1.0828662103398043e-05
-9.9939483907253801e-01  1.0927289106037909e-05
-9.9938386247039257e-01  1.1025915011950202e-05
-9.9937278724287693e-01  1.1124539841166111e-05
-9.9936161339108420e-01  1.1223163565545108e-05
-9.9935034091611685e-01  1.1321786192390971e-05
-9.9933896981908787e-01  1.1420407682505118e-05
-9.9932750010111882e-01  1.1519028070299131e-05
-9.9931593176334221e-01  1.1617647296499462e-05
-9.9930426480689905e-01  1.1716265397728187e-05
-9.9929249923294106e-01  1.1814882332356897e-05
-9.9928063504262954e-01  1.1913498093358316e-05
-9.9926867223713467e-01  1.2012112697511989e-05
-9.9925661081763761e-01  1.2110726099179005e-05
-9.9924445078532842e-01  1.2209338326874311e-05
-9.9923219214140735e-01  1.2307949316026851e-05
-9.9921983488708355e-01  1.2406559119755573e-05
-9.9920737902357715e-01  1.2505167689919389e-05
-9.9919482455211717e-01  1.2603775028726769e-05
-9.9918217147394262e-01  1.2702381113342709e-05
-9.9916941979030183e-01  1.2800985961144196e-05
-9.9915656950245380e-01  1.2899589530575466e-05
-9.9914362061166628e-01  1.2998191832933088e-05
-9.9913057311921716e-01  1.3096792854682027e-05
-9.9911742702639406e-01  1.3195392579782772e-05
-9.9910418233449449e-01  1.3293991001729984e-05
-9.9909083904482543e-01  1.3392588115157534e-05
-9.9907739715870358e-01  1.3491183911392658e-05
-9.9906385667745568e-01  1.3589778363041431e-05
-9.9905021760241763e-01  1.3688371484188168e-05
-9.9903647993493572e-01  1.3786963257651921e-05
-9.9902264367636562e-01  1.3885553659466952e-05
-9.9900870882807280e-01  1.3984142694847090e-05
-9.9899467539143227e-01  1.4082730349849607e-05
-9.9898054336782893e-01  1.4181316623578412e-05
-9.9896631275865777e-01  1.4279901485085318e-05
-9.9895198356532289e-01  1.4378484943083889e-05
-9.9893755578923815e-01  1.4477066991627529e-05
-9.9892302943182809e-01  1.4575647591904587e-05
-9.9890840449452545e-01  1.4674226762726081e-05
-9.9889368097877396e-01  1.4772804486009011e-05
-9.9887885888602646e-01  1.4871380759619579e-05
-9.9886393821774577e-01  1.4969955560167067e-05
-9.9884891897540440e-01  1.5068528880077469e-05
-9.9883380116048448e-01  1.5167100712391567e-05
-9.9881858477447794e-01  1.5265671047574896e-05
-9.9880326981888623e-01  1.5364239883945096e-05
-9.9878785629522127e-01  1.5462807192158063e-05
-9.9877234420500338e-01  1.5561372986525945e-05
-9.9875673354976402e-01  1.5659937239288210e-05
-9.9874102433104361e-01  1.5758499941510500e-05
-9.9872521655039237e-01  1.5857061095421613e-05
-9.9870931020937015e-01  1.5955620686371348e-05
-9.9869330530954681e-01  1.6054178700932411e-05
-9.9867720185250186e-01  1.6152735129187528e-05
-9.9866099983982459e-01  1.6251289962692418e-05
-9.9864469927311372e-01  1.6349843193266798e-05
-9.9862830015397797e-01  1.6448394810100658e-05
-9.9861180248403569e-01  1.6546944806658803e-05
-9.9859520626491505e-01  1.6645493163271749e-05
-9.9857851149825361e-01  1.6744039881320957e-05
-9.9856171818569917e-01  1.6842584949296763e-05
-9.9854482632890906e-01  1.6941128346899859e-05
-9.9852783592954997e-01  1.7039670079857582e-05
-9.9851074698929887e-01  1.7138210135481516e-05
-9.9849355950984209e-01  1.7236748501547122e-05
-9.9847627349287582e-01  1.7335285153913061e-05
-9.9845888894010593e-01  1.7433820106802381e-05
-9.9844140585324825e-01  1.7532353324686045e-05
-9.9842382423402765e-01  1.7630884828894825e-05
-9.9840614408417960e-01  1.7729414575935002e-05
-9.9838836540544862e-01  1.7827942593952016e-05
-9.9837048819958962e-01  1.7926468837605262e-05
-9.9835251246836643e-01  1.8024993314444602e-05
-9.9833443821355305e-01  1.8123516019938966e-05
-9.9831626543693353e-01  1.8222036925983961e-05
-9.9829799414030096e-01  1.8320556035243369e-05
-9.9827962432545825e-01  1.8419073347282388e-05
-9.9826115599421861e-01  1.8517588829626923e-05
-9.9824258914840458e-01  1.8616102489011556e-05
-9.9822392378984826e-01  1.8714614314379294e-05
-9.9820515992039183e-01  1.8813124289504494e-05
-9.9818629754188692e-01  1.8911632410182909e-05
-9.9816733665619517e-01  1.9010138660825259e-05
-9.9814827726518740e-01  1.9108643043635712e-05
-9.9812911937074489e-01  1.9207145529679796e-05
-9.9810986297475801e-01  1.9305646127219923e-05
-9.9809050807912736e-01  1.9404144813912095e-05
-9.9807105468576252e-01  1.9502641592911873e-05
-9.9805150279658372e-01  1.9601136445116948e-05
-9.9803185241352055e-01  1.9699629357678283e-05
-9.9801210353851166e-01  1.9798120334349536e-05
-9.9799225617350662e-01  1.9896609348833138e-05
-9.9797231032046352e-01  1.9995096410971516e-05
-9.9795226598135123e-01  2.0093581484095109e-05
-9.9793212315814750e-01  2.0192064589315368e-05
-9.9791188185284052e-01  2.0290545690486200e-05
-9.9789154206742736e-01  2.0389024792854568e-05
-9.9787110380391553e-01  2.0487501887870218e-05
-9.9785056706432207e-01  2.0585976959320714e-05
-9.9782993185067359e-01  2.0684449996537222e-05
-9.9780919816500646e-01  2.0782920997024605e-05
-9.9778836600936693e-01  2.0881389939816251e-05
-9.9776743538581059e-01  2.0979856827967877e-05
-9.9774640629640332e-01  2.1078321638382558e-05
-9.9772527874322015e-01  2.1176784381730254e-05
-9.9770405272834628e-01  2.1275245022619546e-05
-9.9768272825387627e-01  2.1373703564202605e-05
-9.9766130532191455e-01  2.1472160007027275e-05
-9.9763978393457553e-01  2.1570614323835917e-05
-9.9761816409398274e-01  2.1669066515387591e-05
-9.9759644580226992e-01  2.1767516559617160e-05
-9.9757462906158034e-01  2.1865964460013973e-05
-9.9755271387406697e-01  2.1964410209709752e-05
-9.9753070024189272e-01  2.2062853777064743e-05
-9.9750858816722954e-01  2.2161295185215159e-05
-9.9748637765226011e-01  2.2259734395341043e-05
-9.9746406869917603e-01  2.2358171413068999e-05
-9.9744166131017931e-01  2.2456606217003682e-05
-9.9741915548748061e-01  2.2555038812647767e-05
-9.9739655123330129e-01  2.2653469176278562e-05
-9.9737384854987210e-01  2.2751897305915537e-05
-9.9735104743943337e-01  2.2850323194685749e-05
-9.9732814790423530e-01  2.2948746830863751e-05
-9.9730514994653774e-01  2.3047168193305551e-05
-9.9728205356861033e-01  2.3145587286790569e-05
-9.9725885877273235e-01  2.3244004087668964e-05
-9.9723556556119275e-01  2.3342418600643532e-05
-9.9721217393629025e-01  2.3440830808733353e-05
-9.9718868390033322e-01  2.3539240713954109e-05
-9.9716509545563992e-01  2.3637648287852004e-05
-9.9714140860453826e-01  2.3736053529658460e-05
-9.9711762334936571e-01  2.3834456426922894e-05
-9.9709373969246951e-01  2.3932856974073007e-05
-9.9706975763620687e-01  2.4031255153908087e-05
-9.9704567718294412e-01  2.4129650967058350e-05
-9.9702149833505782e-01  2.4228044400789200e-05
-9.9699722109493405e-01  2.4326435443927739e-05
-9.9697284546496889e-01  2.4424824083399836e-05
-9.9694837144756754e-01  2.4523210314530327e-05
-9.9692379904514550e-01  2.4621594125948892e-05
-9.9689912826012761e-01  2.4719975503720399e-05
-9.9687435909494848e-01  2.4818354447159742e-05
-9.9684949155205271e-01  2.4916730939762313e-05
-9.9682452563389412e-01  2.5015104973597648e-05
-9.9679946134293662e-01  2.5113476536085235e-05
-9.9677429868165390e-01  2.5211845614657981e-05
-9.9674903765252876e-01  2.5310212213607415e-05
-9.9672367825805419e-01  2.5408576321555442e-05
-9.9669822050073309e-01  2.5506937908068633e-05
-9.9667266438307767e-01  2.5605296982838115e-05
-9.9664700990761013e-01  2.5703653527415382e-05
-9.9662125707686178e-01  2.5802007540274680e-05
-9.9659540589337414e-01  2.5900359008942796e-05
-9.9656945635969896e-01  2.5998707914151453e-05
-9.9654340847839640e-01  2.6097054259569000e-05
-9.9651726225203729e-01  2.6195398027520518e-05
-9.9649101768320181e-01  2.6293739214610707e-05
-9.9646467477448031e-01  2.6392077800420082e-05
-9.9643823352847216e-01  2.6490413783083791e-05
-9.9641169394778661e-01  2.6588747155759181e-05
-9.9638505603504313e-01  2.6687077897207999e-05
-9.9635831979287004e-01  2.6785406010259604e-05
-9.9633148522390635e-01  2.6883731474968809e-05
-9.9630455233080006e-01  2.6982054289154955e-05
-9.9627752111620871e-01  2.7080374450346193e-05
-9.9625039158280049e-01  2.7178691925220705e-05
-9.9622316373325226e-01  2.7277006722533595e-05
-9.9619583757025132e-01  2.7375318826391843e-05
-9.9616841309649429e-01  2.7473628234427282e-05
-9.9614089031468755e-01  2.7571934931776916e-05
-9.9611326922754739e-01  2.7670238897475401e-05
-9.9608554983779940e-01  2.7768540137646157e-05
-9.9605773214817894e-01  2.7866838643925413e-05
-9.9602981616143171e-01  2.7965134391969156e-05
-9.9600180188031240e-01  2.8063427382405062e-05
-9.9597368930758567e-01  2.8161717605488304e-05
-9.9594547844602566e-01  2.8260005047275701e-05
-9.9591716929841656e-01  2.8358289704613087e-05
-9.9588876186755226e-01  2.8456571556791530e-05
-9.9586025615623575e-01  2.8554850605428481e-05
-9.9583165216728031e-01  2.8653126838271164e-05
-9.9580294990350915e-01  2.8751400238749769e-05
-9.9577414936775432e-01  2.8849670801069877e-05
-9.9574525056285823e-01  2.8947938515151319e-05
-9.9571625349167259e-01  2.9046203379777960e-05
-9.9568715815705944e-01  2.9144465374311343e-05
-9.9565796456188971e-01  2.9242724483208308e-05
-9.9562867270904443e-01  2.9340980720240712e-05
-9.9559928260141439e-01  2.9439234061187350e-05
-9.9556979424190017e-01  2.9537484485165286e-05
-9.9554020763341144e-01  2.9635732001939762e-05
-9.9551052277886831e-01  2.9733976593064065e-05
-9.9548073968120010e-01  2.9832218254270452e-05
-9.9545085834334612e-01  2.9930456965830305e-05
-9.9542087876825525e-01  3.0028692723936584e-05
-9.9539080095888599e-01  3.0126925520402680e-05
-9.9536062491820654e-01  3.0225155342822525e-05
-9.9533035064919506e-01  3.0323382181725107e-05
-9.9529997815483895e-01  3.0421606026984928e-05
-9.9526950743813569e-01  3.0519826874942964e-05
-9.9523893850209233e-01  3.0618044708719715e-05
-9.9520827134972556e-01  3.0716259519661317e-05
-9.9517750598406185e-01  3.0814471303806759e-05
-9.9514664240813733e-01  3.0912680038785291e-05
-9.9511568062499778e-01  3.1010885726127123e-05
-9.9508462063769854e-01  3.1109088361506232e-05
-9.9505346244930526e-01  3.1207287913250791e-05
-9.9502220606289216e-01  3.1305484394855843e-05
-9.9499085148154431e-01  3.1403677782190802e-05
-9.9495939870835581e-01  3.1501868074674001e-05
-9.9492784774643062e-01  3.1600055259068218e-05
-9.9489619859888245e-01  3.1698239319341038e-05
-9.9486445126883460e-01  3.1796420254464500e-05
-9.9483260575942001e-01  3.1894598048626162e-05
-9.9480066207378148e-01  3.1992772702718428e-05
-9.9476862021507129e-01  3.2090944192595724e-05
-9.9473648018645178e-01  3.2189112517258497e-05
-9.9470424199109453e-01  3.2287277664769382e-05
-9.9467190563218100e-01  3.2385439625751448e-05
-9.9463947111290230e-01  3.2483598396619847e-05
-9.9460693843645953e-01  3.2581753957899448e-05
-9.9457430760606291e-01  3.2679906301073811e-05
-9.9454157862493286e-01  3.2778055421883937e-05
-9.9450875149629914e-01  3.2876201306661439e-05
-9.9447582622340147e-01  3.2974343945959536e-05
-9.9444280280948893e-01  3.3072483334457646e-05
-9.9440968125782070e-01  3.3170619456087780e-05
-9.9437646157166504e-01  3.3268752310270050e-05
-9.9434314375430088e-01  3.3366881871009084e-05
-9.9430972780901583e-01  3.3465008142500040e-05
-9.9427621373910746e-01  3.3563131119822414e-05
-9.9424260154788346e-01  3.3661250779214752e-05
-9.9420889123866074e-01  3.3759367115647337e-05
-9.9417508281476608e-01  3.3857480119796836e-05
-9.9414117627953580e-01  3.3955589783103366e-05
-9.9410717163631612e-01  3.4053696095982702e-05
-9.9407306888846270e-01  3.4151799049578761e-05
-9.9403886803934127e-01  3.4249898630856539e-05
-9.9400456909232671e-01  3.4347994837041618e-05
-9.9397017205080407e-01  3.4446087645284241e-05
-9.9393567691816753e-01  3.4544177060253029e-05
-9.9390108369782171e-01  3.4642263062079327e-05
-9.9386639239318009e-01  3.4740345653364806e-05
-9.9383160300766660e-01  3.4838424804506439e-05
-9.9379671554471405e-01  3.4936500525415527e-05
-9.9376173000776580e-01  3.5034572793961835e-05
-9.9372664640027408e-01  3.5132641613329566e-05
-9.9369146472570136e-01  3.5230706956235665e-05
-9.9365618498751951e-01  3.5328768823899345e-05
-9.9362080718921009e-01  3.5426827210193474e-05
-9.9358533133426452e-01  3.5524882098747237e-05
-9.9354975742618368e-01  3.5622933478363440e-05
-9.9351408546847830e-01  3.5720981345992610e-05
-9.9347831546466869e-01  3.5819025686669673e-05
-9.9344244741828502e-01  3.5917066489145714e-05
-9.9340648133286646e-01  3.6015103753156464e-05
-9.9337041721196284e-01  3.6113137460658028e-05
-9.9333425505913309e-01  3.6211167603258532e-05
-9.9329799487794579e-01  3.6309194172826107e-05
-9.9326163667197942e-01  3.6407217160187109e-05
-9.9322518044482211e-01  3.6505236555132521e-05
-9.9318862620007142e-01  3.6603252346173723e-05
-9.9315197394133481e-01  3.6701264523929928e-05
-9.9311522367222937e-01  3.6799273080694082e-05
-9.9307837539638188e-01  3.6897278006253803e-05
-9.9304142911742854e-01  3.6995279292104086e-05
-9.9300438483901576e-01  3.7093276924248281e-05
-9.9296724256479907e-01  3.7191270897895733e-05
-9.9293000229844397e-01  3.7289261201157256e-05
-9.9289266404362564e-01  3.7387247821004359e-05
-9.9285522780402857e-01  3.7485230757779764e-05
-9.9281769358334770e-01  3.7583209988987566e-05
-9.9278006138528674e-01  3.7681185511095045e-05
-9.9274233121355948e-01  3.7779157319469062e-05
-9.9270450307188951e-01  3.7877125396723743e-05
-9.9266657696400984e-01  3.7975089738707311e-05
-9.9262855289366336e-01  3.8073050329901067e-05
-9.9259043086460252e-01  3.8171007162309758e-05
-9.9255221088058909e-01  3.8268960230959660e-05
-9.9251389294539538e-01  3.8366909526724868e-05
-9.9247547706280237e-01  3.8464855032244859e-05
-9.9243696323660169e-01  3.8562796738839774e-05
-9.9239835147059374e-01  3.8660734644993032e-05
-9.9235964176858915e-01  3.8758668729684635e-05
-9.9232083413440786e-01  3.8856598990344469e-05
-9.9228192857187958e-01  3.8954525424477879e-05
-9.9224292508484424e-01  3.9052448004556783e-05
-9.9220382367715043e-01  3.9150366736631633e-05
-9.9216462435265718e-01  3.9248281603311417e-05
-9.9212532711523271e-01  3.9346192595556046e-05
-9.9208593196875539e-01  3.9444099707205292e-05
-9.9204643891711264e-01  3.9542002926625469e-05
-9.9200684796420213e-01  3.9639902240931974e-05
-9.9196715911393096e-01  3.9737797646931838e-05
-9.9192737237021578e-01  3.9835689129005563e-05
-9.9188748773698299e-01  3.9933576680048405e-05
-9.9184750521816856e-01  4.0031460291375900e-05
-9.9180742481771844e-01  4.0129339951775445e-05
-9.9176724653958792e-01  4.0227215652561190e-05
-9.9172697038774194e-01  4.0325087378577854e-05
-9.9168659636615519e-01  4.0422955130653049e-05
-9.9164612447881217e-01  4.0520818892138030e-05
-9.9160555472970702e-01  4.0618678653085121e-05
-9.9156488712284285e-01  4.0716534408880885e-05
-9.9152412166223369e-01  4.0814386142837844e-05
-9.9148325835190221e-01  4.0912233848932024e-05
-9.9144229719588073e-01  4.1010077520986926e-05
-9.9140123819821224e-01  4.1107917142208598e-05
-9.9136008136294795e-01  4.1205752710305790e-05
-9.9131882669415017e-01  4.1303584208203868e-05
-9.9127747419588963e-01  4.1401411633514383e-05
-9.9123602387224763e-01  4.1499234970274219e-05
-9.9119447572731445e-01  4.1597054210552437e-05
-9.9115282976519037e-01  4.1694869351392311e-05
-9.9111108598998543e-01  4.1792680373997385e-05
-9.9106924440581912e-01  4.1890487271219956e-05
-9.9102730501682046e-01  4.1988290035799358e-05
-9.9098526782712848e-01  4.2086088657613338e-05
-9.9094313284089153e-01  4.2183883125146334e-05
-9.9090090006226794e-01  4.2281673431817754e-05
-9.9085856949542550e-01  4.2379459558043721e-05
-9.9081614114454131e-01  4.2477241508391681e-05
-9.9077361501380246e-01  4.2575019269307563e-05
-9.9073099110740626e-01  4.2672792824482573e-05
-9.9068826942955868e-01  4.2770562168807516e-05
-9.9064544998447579e-01  4.2868327294384720e-05
-9.9060253277638333e-01  4.2966088185600961e-05
-9.9055951780951668e-01  4.3063844837783110e-05
-9.9051640508812056e-01  4.3161597244918135e-05
-9.9047319461645023e-01  4.3259345385421679e-05
-9.9042988639876917e-01  4.3357089260260965e-05
-9.9038648043935185e-01  4.3454828857315445e-05
-9.9034297674248151e-01  4.3552564164481196e-05
-9.9029937531245160e-01  4.3650295175334252e-05
-9.9025567615356480e-01  4.3748021879488600e-05
-9.9021187927013377e-01  4.3845744263743264e-05
-9.9016798466648070e-01  4.3943462319632124e-05
-9.9012399234693715e-01  4.4041176043081921e-05
-9.9007990231584475e-01  4.4138885416281393e-05
-9.9003571457755446e-01  4.4236590434527247e-05
-9.8999142913642713e-01  4.4334291089076935e-05
-9.8994704599683292e-01  4.4431987368301122e-05
-9.8990256516315189e-01  4.4529679262778850e-05
-9.8985798663977398e-01  4.4627366758831501e-05
-9.8981331043109810e-01  4.4725049855978954e-05
-9.8976853654153329e-01  4.4822728537413122e-05
-9.8972366497549813e-01  4.4920402794420244e-05
-9.8967869573742084e-01  4.5018072621499432e-05
-9.8963362883173933e-01  4.5115738000638693e-05
-9.8958846426290081e-01  4.5213398930228196e-05
-9.8954320203536250e-01  4.5311055402196110e-05
-9.8949784215359160e-01  4.5408707398488510e-05
-9.8945238462206397e-01  4.5506354911217468e-05
-9.8940682944526581e-01  4.5603997933351416e-05
-9.8936117662769285e-01  4.5701636456109198e-05
-9.8931542617385015e-01  4.5799270473747986e-05
-9.8926957808825300e-01  4.5896899968162496e-05
-9.8922363237542577e-01  4.5994524932692516e-05
-9.8917758903990283e-01  4.6092145356416199e-05
-9.8913144808622766e-01  4.6189761234051889e-05
-9.8908520951895407e-01  4.6287372553584295e-05
-9.8903887334264506e-01  4.6384979301497901e-05
-9.8899243956187322e-01  4.6482581477689756e-05
-9.8894590818122130e-01  4.6580179062865987e-05
-9.8889927920528109e-01  4.6677772051039019e-05
-9.8885255263865401e-01  4.6775360434540015e-05
-9.8880572848595150e-01  4.6872944202847000e-05
-9.8875880675179473e-01  4.6970523342455647e-05
-9.8871178744081389e-01  4.7068097848538886e-05
-9.8866467055764928e-01  4.7165667705235842e-05
-9.8861745610695051e-01  4.7263232913396087e-05
-9.8857014409337718e-01  4.7360793454776587e-05
-9.8852273452159833e-01  4.7458349322033646e-05
-9.8847522739629223e-01  4.7555900509442894e-05
-9.8842762272214779e-01  4.7653447000346208e-05
-9.8837992050386281e-01  4.7750988784284683e-05
-9.8833212074614452e-01  4.7848525863758978e-05
-9.8828422345371025e-01  4.7946058215645491e-05
-9.8823622863128679e-01  4.8043585838667854e-05
-9.8818813628361057e-01  4.8141108720898778e-05
-9.8813994641542768e-01  4.8238626852910631e-05
-9.8809165903149387e-01  4.8336140219015069e-05
-9.8804327413657411e-01  4.8433648823037162e-05
-9.8799479173544380e-01  4.8531152641135978e-05
-9.8794621183288711e-01  4.8628651672279415e-05
-9.8789753443369843e-01  4.8726145903390587e-05
-9.8784875954268125e-01  4.8823635328649245e-05
-9.8779988716464928e-01  4.8921119934649141e-05
-9.8775091730442544e-01  4.9018599710653429e-05
-9.8770184996684240e-01  4.9116074649444980e-05
-9.8765268515674243e-01  4.9213544741011181e-05
-9.8760342287897718e-01  4.9311009978785501e-05
-9.8755406313840854e-01  4.9408470347773701e-05
-9.8750460593990752e-01  4.9505925840916114e-05
-9.8745505128835465e-01  4.9603376450406105e-05
-9.8740539918864056e-01  4.9700822161079121e-05
-9.8735564964566502e-01  4.9798262968833226e-05
-9.8730580266433776e-01  4.9895698864423528e-05
-9.8725585824957796e-01  4.9993129834550657e-05
-9.8720581640631433e-01  5.0090555869359985e-05
-9.8715567713948560e-01  5.0187976961395096e-05
-9.8710544045403936e-01  5.0285393102292129e-05
-9.8705510635493376e-01  5.0382804278538029e-05
-9.8700467484713561e-01  5.0480210484421414e-05
-9.8695414593562214e-01  5.0577611709912345e-05
-9.8690351962537970e-01  5.0675007943213997e-05
-9.8685279592140462e-01  5.0772399174728185e-05
-9.8680197482870247e-01  5.0869785395076364e-05
-9.8675105635228855e-01  5.0967166596006625e-05
-9.8670004049718785e-01  5.1064542768396326e-05
-9.8664892726843512e-01  5.1161913896893275e-05
-9.8659771667107399e-01  5.1259279982119179e-05
-9.8654640871015886e-01  5.1356641005756024e-05
-9.8649500339075269e-01  5.1453996962251568e-05
-9.8644350071792875e-01  5.1551347838782363e-05
-9.8639190069676952e-01  5.1648693631065058e-05
-9.8634020333236716e-01  5.1746034324288104e-05
-9.8628840862982359e-01  5.1843369908953950e-05
-9.8623651659425016e-01  5.1940700384034861e-05
-9.8618452723076788e-01  5.2038025729698671e-05
-9.8613244054450755e-01  5.2135345936618945e-05
-9.8608025654060905e-01  5.2232661001649890e-05
-9.8602797522422270e-01  5.2329970911352916e-05
-9.8597559660050749e-01  5.2427275657420397e-05
-9.8592312067463284e-01  5.2524575228425284e-05
-9.8587054745177705e-01  5.2621869617110638e-05
-9.8581787693712863e-01  5.2719158811970744e-05
-9.8576510913588522e-01  5.2816442804689932e-05
-9.8571224405325464e-01  5.2913721585729326e-05
-9.8565928169445349e-01  5.3010995143512038e-05
-9.8560622206470871e-01  5.3108263472568985e-05
-9.8555306516925656e-01  5.3205526557037789e-05
-9.8549981101334261e-01  5.3302784393378266e-05
-9.8544645960222255e-01  5.3400036969606965e-05
-9.8539301094116150e-01  5.3497284273779382e-05
-9.8533946503543390e-01  5.3594526299880957e-05
-9.8528582189032410e-01  5.3691763037737309e-05
-9.8523208151112573e-01  5.3788994476970947e-05
-9.8517824390314268e-01  5.3886220606197696e-05
-9.8512430907168769e-01  5.3983441416785958e-05
-9.8507027702208327e-01  5.4080656901009619e-05
-9.8501614775966173e-01  5.4177867050887901e-05
-9.8496192128976501e-01  5.4275071850377595e-05
-9.8490759761774438e-01  5.4372271296158045e-05
-9.8485317674896089e-01  5.4469465373764369e-05
-9.8479865868878491e-01  5.4566654080461531e-05
-9.8474404344259714e-01  5.4663837397430371e-05
-9.8468933101578671e-01  5.4761015323395655e-05
-9.8463452141375352e-01  5.4858187843162400e-05
-9.8457961464190613e-01  5.4955354949957269e-05
-9.8452461070566344e-01  5.5052516633063560e-05
-9.8446950961045321e-01  5.5149672882270787e-05
-9.8441431136171342e-01  5.5246823690194738e-05
-9.8435901596489139e-01  5.5343969044195332e-05
-9.8430362342544364e-01  5.5441108939176954e-05
-9.8424813374883691e-01  5.5538243362946212e-05
-9.8419254694054747e-01  5.5635372302019697e-05
-9.8413686300606074e-01  5.5732495754279372e-05
-9.8408108195087185e-01  5.5829613704624937e-05
-9.8402520378048597e-01  5.5926726146435854e-05
-9.8396922850041690e-01  5.6023833070659530e-05
-9.8391315611618935e-01  5.6120934463257816e-05
-9.8385698663333643e-01  5.6218030318400361e-05
-9.8380072005740127e-01  5.6315120626990634e-05
-9.8374435639393698e-01  5.6412205375796286e-05
-9.8368789564850556e-01  5.6509284555953091e-05
-9.8363133782667889e-01  5.6606358163908091e-05
-9.8357468293403860e-01  5.6703426184222125e-05
-9.8351793097617568e-01  5.6800488607875363e-05
-9.8346108195869075e-01  5.6897545427199818e-05
-9.8340413588719400e-01  5.6994596629370681e-05
-9.8334709276730525e-01  5.7091642210631997e-05
-9.8328995260465391e-01  5.7188682154470194e-05
-9.8323271540487900e-01  5.7285716454362076e-05
-9.8317538117362857e-01  5.7382745104137990e-05
-9.8311794991656143e-01  5.7479768087862251e-05
-9.8306042163934482e-01  5.7576785399403377e-05
-9.8300279634765597e-01  5.7673797028406797e-05
-9.8294507404718179e-01  5.7770802970613114e-05
-9.8288725474361871e-01  5.7867803208988395e-05
-9.8282933844267273e-01  5.7964797732665396e-05
-9.8277132515005916e-01  5.8061786540441974e-05
-9.8271321487150343e-01  5.8158769615616172e-05
-9.8265500761273994e-01  5.8255746952205136e-05
-9.8259670337951310e-01  5.8352718539064795e-05
-9.8253830217757665e-01  5.8449684370830150e-05
-9.8247980401269408e-01  5.8546644431572163e-05
-9.8242120889063822e-01  5.8643598716640143e-05
-9.8236251681719167e-01  5.8740547214395728e-05
-9.8230372779814656e-01  5.8837489911806875e-05
-9.8224484183930461e-01  5.8934426803362091e-05
-9.8218585894647670e-01  5.9031357882062314e-05
-9.8212677912548418e-01  5.9128283132081128e-05
-9.8206760238215707e-01  5.9225202547918301e-05
-9.8200832872233512e-01  5.9322116120704698e-05
-9.8194895815186811e-01  5.9419023838164334e-05
-9.8188949067661535e-01  5.9515925689285792e-05
-9.8182992630244459e-01  5.9612821672299337e-05
-9.8177026503523490e-01  5.9709711768464907e-05
-9.8171050688087358e-01  5.9806595973793336e-05
-9.8165065184525824e-01  5.9903474273631672e-05
-9.8159069993429537e-01  6.0000346667053701e-05
-9.8153065115390159e-01  6.0097213133599959e-05
-9.8147050551000281e-01  6.0194073675430584e-05
-9.8141026300853462e-01  6.0290928274180607e-05
-9.8134992365544216e-01  6.0387776920746443e-05
-9.8128948745667999e-01  6.0484619610538040e-05
-9.8122895441821245e-01  6.0581456328520972e-05
-9.8116832454601322e-01  6.0678287070370544e-05
-9.8110759784606572e-01  6.0775111824886746e-05
-9.8104677432436271e-01  6.0871930582636435e-05
-9.8098585398690674e-01  6.0968743330928456e-05
-9.8092483683970966e-01  6.1065550061480020e-05
-9.8086372288879331e-01  6.1162350767894502e-05
-9.8080251214018843e-01  6.1259145436775949e-05
-9.8074120459993597e-01  6.1355934060215131e-05
-9.8067980027408597e-01  6.1452716629277018e-05
-9.8061829916869825e-01  6.1549493133549027e-05
-9.8055670128984207e-01  6.1646263563356062e-05
-9.8049500664359623e-01  6.1743027912660622e-05
-9.8043321523604954e-01  6.1839786164075478e-05
-9.8037132707329933e-01  6.1936538315064546e-05
-9.8030934216145349e-01  6.2033284355225842e-05
-9.8024726050662903e-01  6.2130024272467733e-05
-9.8018508211495259e-01  6.2226758056380401e-05
-9.8012280699256016e-01  6.2323485703525447e-05
-9.8006043514559760e-01  6.2420207195676783e-05
-9.7999796658022009e-01  6.2516922530127128e-05
-9.7993540130259227e-01  6.2613631696313725e-05
-9.7987273931888885e-01  6.2710334680272172e-05
-9.7980998063529334e-01  6.2807031476531027e-05
-9.7974712525799923e-01  6.2903722075208766e-05
-9.7968417319320933e-01  6.3000406468060897e-05
-9.7962112444713645e-01  6.3097084641636306e-05
-9.7955797902600272e-01  6.3193756587551090e-05
-9.7949473693603928e-01  6.3290422298896968e-05
-9.7943139818348746e-01  6.3387081763655696e-05
-9.7936796277459803e-01  6.3483734971313399e-05
-9.7930443071563111e-01  6.3580381916286544e-05
-9.7924080201285624e-01  6.3677022586945139e-05
-9.7917707667255305e-01  6.3773656970704510e-05
-9.7911325470101007e-01  6.3870285064816380e-05
-9.7904933610452571e-01  6.3966906852971735e-05
-9.7898532088940815e-01  6.4063522327916447e-05
-9.7892120906197422e-01  6.4160131483804010e-05
-9.7885700062855130e-01  6.4256734307141232e-05
-9.7879269559547577e-01  6.4353330786681831e-05
-9.7872829396909355e-01  6.4449920918478918e-05
-9.7866379575576046e-01  6.4546504687513001e-05
-9.7859920096184116e-01  6.4643082089311298e-05
-9.7853450959371080e-01  6.4739653109275000e-05
-9.7846972165775314e-01  6.4836217740722046e-05
-9.7840483716036186e-01  6.4932775975955984e-05
-9.7833985610794039e-01  6.5029327797910821e-05
-9.7827477850690125e-01  6.5125873208960730e-05
-9.7820960436366666e-01  6.5222412189072039e-05
-9.7814433368466869e-01  6.5318944733346499e-05
-9.7807896647634840e-01  6.5415470832678085e-05
-9.7801350274515686e-01  6.5511990473362985e-05
-9.7794794249755412e-01  6.5608503651369280e-05
-9.7788228574001024e-01  6.5705010354797500e-05
-9.7781653247900457e-01  6.5801510573115419e-05
-9.7775068272102605e-01  6.5898004300286525e-05
-9.7768473647257359e-01  6.5994491520242698e-05
-9.7761869374015453e-01  6.6090972229413620e-05
-9.7755255453028655e-01  6.6187446417386207e-05
-9.7748631884949677e-01  6.6283914071788884e-05
-9.7741998670432173e-01  6.6380375187907745e-05
-9.7735355810130753e-01  6.6476829750116819e-05
-9.7728703304700981e-01  6.6573277752050283e-05
-9.7722041154799344e-01  6.6669719184508179e-05
-9.7715369361083315e-01  6.6766154038622682e-05
-9.7708687924211302e-01  6.6862582304324548e-05
-9.7701996844842709e-01  6.6959003968665817e-05
-9.7695296123637798e-01  6.7055419028623920e-05
-9.7688585761257873e-01  6.7151827467972947e-05
-9.7681865758365127e-01  6.7248229282696118e-05
-9.7675136115622774e-01  6.7344624458819965e-05
-9.7668396833694893e-01  6.7441012991314710e-05
-9.7661647913246574e-01  6.7537394867578536e-05
-9.7654889354943863e-01  6.7633770076049566e-05
-9.7648121159453694e-01  6.7730138612609811e-05
-9.7641343327444019e-01  6.7826500464592278e-05
-9.7634555859583716e-01  6.7922855625984985e-05
-9.7627758756542615e-01  6.8019204080004944e-05
-9.7620952018991480e-01  6.8115545824155006e-05
-9.7614135647602085e-01  6.8211880843688802e-05
-9.7607309643047069e-01  6.8308209133433075e-05
-9.7600474006000071e-01  6.8404530681391766e-05
-9.7593628737135685e-01  6.8500845479657868e-05
-9.7586773837129426e-01  6.8597153517361225e-05
-9.7579909306657808e-01  6.8693454785405327e-05
-9.7573035146398235e-01  6.8789749275622458e-05
-9.7566151357029118e-01  6.8886036974501590e-05
-9.7559257939229771e-01  6.8982317878078092e-05
-9.7552354893680482e-01  6.9078591973206042e-05
-9.7545442221062495e-01  6.9174859251386960e-05
-9.7538519922058020e-01  6.9271119700555777e-05
-9.7531587997350133e-01  6.9367373315563102e-05
-9.7524646447622954e-01  6.9463620085243212e-05
-9.7517695273561511e-01  6.9559860000054666e-05
-9.7510734475851812e-01  6.9656093048177140e-05
-9.7503764055180731e-01  6.9752319225638510e-05
-9.7496784012236226e-01  6.9848538516920807e-05
-9.7489794347707082e-01  6.9944750918078796e-05
-9.7482795062283101e-01  7.0040956412977367e-05
-9.7475786156655020e-01  7.0137154996188542e-05
-9.7468767631514497e-01  7.0233346659299468e-05
-9.7461739487554189e-01  7.0329531391546241e-05
-9.7454701725467674e-01  7.0425709182211834e-05
-9.7447654345949464e-01  7.0521880021341969e-05
-9.7440597349695046e-01  7.0618043904258640e-05
-9.7433530737400864e-01  7.0714200816369936e-05
-9.7426454509764282e-01  7.0810350749909756e-05
-9.7419368667483608e-01  7.0906493695582315e-05
-9.7412273211258138e-01  7.1002629645451496e-05
-9.7405168141788101e-01  7.1098758586275152e-05
-9.7398053459774658e-01  7.1194880511611888e-05
-9.7390929165919937e-01  7.1290995409524138e-05
-9.7383795260926975e-01  7.1387103274853255e-05
-9.7376651745499831e-01  7.1483204093987987e-05
-9.7369498620343464e-01  7.1579297858559730e-05
-9.7362335886163787e-01  7.1675384557776472e-05
-9.7355163543667644e-01  7.1771464184462191e-05
-9.7347981593562860e-01  7.1867536729051782e-05
-9.7340790036558189e-01  7.1963602181088416e-05
-9.7333588873363353e-01  7.2059660532231663e-05
-9.7326378104688982e-01  7.2155711770941695e-05
-9.7319157731246719e-01  7.2251755888531167e-05
-9.7311927753749061e-01  7.2347792876807982e-05
-9.7304688172909559e-01  7.2443822723771391e-05
-9.7297438989442631e-01  7.2539845423032895e-05
-9.7290180204063681e-01  7.2635860962182134e-05
-9.7282911817489037e-01  7.2731869335130702e-05
-9.7275633830435981e-01  7.2827870530460488e-05
-9.7268346243622794e-01  7.2923864536565648e-05
-9.7261049057768645e-01  7.3019851345840559e-05
-9.7253742273593613e-01  7.3115830952798778e-05
-9.7246425891818833e-01  7.3211803342064597e-05
-9.7239099913166305e-01  7.3307768506052179e-05
-9.7231764338359050e-01  7.3403726433285977e-05
-9.7224419168120901e-01  7.3499677120662988e-05
-9.7217064403176812e-01  7.3595620551036151e-05
-9.7209700044252523e-01  7.3691556720676161e-05
-9.7202326092074842e-01  7.3787485618343745e-05
-9.7194942547371466e-01  7.3883407233862297e-05
-9.7187549410871044e-01  7.3979321557505765e-05
-9.7180146683303159e-01  7.4075228582757213e-05
-9.7172734365398394e-01  7.4171128294838517e-05
-9.7165312457888220e-01  7.4267020688708165e-05
-9.7157880961505094e-01  7.4362905751002809e-05
-9.7150439876982375e-01  7.4458783478038073e-05
-9.7142989205054420e-01  7.4554653855022458e-05
-9.7135528946456484e-01  7.4650516876736289e-05
-9.7128059101924813e-01  7.4746372530472662e-05
-9.7120579672196561e-01  7.4842220805849908e-05
-9.7113090658009860e-01  7.4938061697184044e-05
-9.7105592060103763e-01  7.5033895193985642e-05
-9.7098083879218278e-01  7.5129721283230020e-05
-9.7090566116094368e-01  7.5225539960017900e-05
-9.7083038771473906e-01  7.5321351212521460e-05
-9.7075501846099765e-01  7.5417155031986841e-05
-9.7067955340715728e-01  7.5512951408521252e-05
-9.7060399256066532e-01  7.5608740332416314e-05
-9.7052833592897847e-01  7.5704521797044895e-05
-9.7045258351956298e-01  7.5800295788880828e-05
-9.7037673533989488e-01  7.5896062299565497e-05
-9.7030079139745884e-01  7.5991821322262179e-05
-9.7022475169974975e-01  7.6087572845463331e-05
-9.7014861625427184e-01  7.6183316859178597e-05
-9.7007238506853843e-01  7.6279053354276054e-05
-9.6999605815007250e-01  7.6374782322507202e-05
-9.6991963550640636e-01  7.6470503752223615e-05
-9.6984311714508209e-01  7.6566217637491117e-05
-9.6976650307365087e-01  7.6661923964131500e-05
-9.6968979329967353e-01  7.6757622727793279e-05
-9.6961298783072003e-01  7.6853313915947264e-05
-9.6953608667437030e-01  7.6948997520240368e-05
-9.6945908983821338e-01  7.7044673527606547e-05
-9.6938199732984742e-01  7.7140341935354946e-05
-9.6930480915688100e-01  7.7236002727814479e-05
-9.6922752532693091e-01  7.7331655900339204e-05
-9.6915014584762438e-01  7.7427301442102293e-05
-9.6907267072659753e-01  7.7522939340310919e-05
-9.6899509997149647e-01  7.7618569586989094e-05
-9.6891743358997573e-01  7.7714192176884955e-05
-9.6883967158970041e-01  7.7809807095851374e-05
-9.6876181397834427e-01  7.7905414337219706e-05
-9.6868386076359081e-01  7.8001013887584917e-05
-9.6860581195313311e-01  7.8096605744350722e-05
-9.6852766755467345e-01  7.8192189889873194e-05
-9.6844942757592323e-01  7.8287766322879154e-05
-9.6837109202460425e-01  7.8383335027003235e-05
-9.6829266090844668e-01  7.8478895998756001e-05
-9.6821413423519087e-01  7.8574449224440195e-05
-9.6813551201258607e-01  7.8669994694933437e-05
-9.6805679424839164e-01  7.8765532400431151e-05
-9.6797798095037546e-01  7.8861062335716954e-05
-9.6789907212631554e-01  7.8956584486675037e-05
-9.6782006778399920e-01  7.9052098845875456e-05
-9.6774096793122266e-01  7.9147605404330013e-05
-9.6766177257579233e-01  7.9243104152957634e-05
-9.6758248172552364e-01  7.9338595080530972e-05
-9.6750309538824153e-01  7.9434078177673698e-05
-9.6742361357178019e-01  7.9529553436814704e-05
-9.6734403628398347e-01  7.9625020846948039e-05
-9.6726436353270462e-01  7.9720480400115578e-05
-9.6718459532580603e-01  7.9815932085601553e-05
-9.6710473167116007e-01  7.9911375893097669e-05
-9.6702477257664765e-01  8.0006811816099268e-05
-9.6694471805016002e-01  8.0102239843877682e-05
-9.6686456809959753e-01  8.0197659964833398e-05
-9.6678432273286974e-01  8.0293072171095528e-05
-9.6670398195789575e-01  8.0388476454598055e-05
-9.6662354578260390e-01  8.0483872805598542e-05
-9.6654301421493227e-01  8.0579261214815297e-05
-9.6646238726282840e-01  8.0674641668069299e-05
-9.6638166493424871e-01  8.0770014163445482e-05
-9.6630084723715970e-01  8.0865378687477432e-05
-9.6621993417953678e-01  8.0960735230430056e-05
-9.6613892576936500e-01  8.1056083781557244e-05
-9.6605782201463875e-01  8.1151424336333903e-05
-9.6597662292336184e-01  8.1246756882747531e-05
-9.6589532850354753e-01  8.1342081409062659e-05
-9.6581393876321830e-01  8.1437397911089156e-05
-9.6573245371040661e-01  8.1532706373806064e-05
-9.6565087335315369e-01  8.1628006789665210e-05
-9.6556919769951000e-01  8.1723299152687028e-05
-9.6548742675753640e-01  8.1818583448759231e-05
-9.6540556053530202e-01  8.1913859672369044e-05
-9.6532359904088638e-01  8.2009127810623488e-05
-9.6524154228237768e-01  8.2104387855238065e-05
-9.6515939026787390e-01  8.2199639799604277e-05
-9.6507714300548231e-01  8.2294883630732653e-05
-9.6499480050331932e-01  8.2390119341144581e-05
-9.6491236276951153e-01  8.2485346920301887e-05
-9.6482982981219390e-01  8.2580566357777231e-05
-9.6474720163951155e-01  8.2675777648570745e-05
-9.6466447825961854e-01  8.2770980778179370e-05
-9.6458165968067888e-01  8.2866175739349480e-05
-9.6449874591086526e-01  8.2961362523027013e-05
-9.6441573695836014e-01  8.3056541121579252e-05
-9.6433263283135573e-01  8.3151711521194086e-05
-9.6424943353805270e-01  8.3246873717032638e-05
-9.6416613908666227e-01  8.3342027695478129e-05
-9.6408274948540407e-01  8.3437173449435771e-05
-9.6399926474250752e-01  8.3532310971197915e-05
-9.6391568486621138e-01  8.3627440247477638e-05
-9.6383200986476414e-01  8.3722561270797155e-05
-9.6374823974642299e-01  8.3817674033053886e-05
-9.6366437451945508e-01  8.3912778523091309e-05
-9.6358041419213669e-01  8.4007874732309343e-05
-9.6349635877275353e-01  8.4102962652171697e-05
-9.6341220826960083e-01  8.4198042269728959e-05
-9.6332796269098298e-01  8.4293113579669677e-05
-9.6324362204521374e-01  8.4388176570345834e-05
-9.6315918634061659e-01  8.4483231232676220e-05
-9.6307465558552396e-01  8.4578277561280033e-05
-9.6299002978827808e-01  8.4673315539550821e-05
-9.6290530895723014e-01  8.4768345163343069e-05
-9.6282049310074114e-01  8.4863366419112422e-05
-9.6273558222718103e-01  8.4958379303254735e-05
-9.6265057634492945e-01  8.5053383800914431e-05
-9.6256547546237514e-01  8.5148379907100562e-05
-9.6248027958791660e-01  8.5243367609326792e-05
-9.6239498872996154e-01  8.5338346897518660e-05
-9.6230960289692669e-01  8.5433317767659686e-05
-9.6222412209723862e-01  8.5528280203936346e-05
-9.6213854633933305e-01  8.5623234200281025e-05
-9.6205287563165520e-01  8.5718179747471893e-05
-9.6196710998265955e-01  8.5813116834876843e-05
-9.6188124940080999e-01  8.5908045451786775e-05
-9.6179529389457974e-01  8.6002965594043668e-05
-9.6170924347245146e-01  8.6097877247583778e-05
-9.6162309814291702e-01  8.6192780404882729e-05
-9.6153685791447807e-01  8.6287675055227492e-05
-9.6145052279564513e-01  8.6382561190103611e-05
-9.6136409279493806e-01  8.6477438801543961e-05
-9.6127756792088670e-01  8.6572307877605352e-05
-9.6119094818202955e-01  8.6667168411652342e-05
-9.6110423358691499e-01  8.6762020392621667e-05
-9.6101742414410052e-01  8.6856863808593647e-05
-9.6093051986215294e-01  8.6951698656483701e-05
-9.6084352074964863e-01  8.7046524922724245e-05
-9.6075642681517293e-01  8.7141342597720861e-05
-9.6066923806732130e-01  8.7236151672785906e-05
-9.6058195451469752e-01  8.7330952140238254e-05
-9.6049457616591560e-01  8.7425743987833509e-05
-9.6040710302959842e-01  8.7520527208540064e-05
-9.6031953511437851e-01  8.7615301791949619e-05
-9.6023187242889763e-01  8.7710067728598404e-05
-9.6014411498180663e-01  8.7804825010476481e-05
-9.6005626278176626e-01  8.7899573625117966e-05
-9.5996831583744591e-01  8.7994313568639585e-05
-9.5988027415752530e-01  8.8089044826096099e-05
-9.5979213775069250e-01  8.8183767390545469e-05
-9.5970390662564542e-01  8.8278481252348191e-05
-9.5961558079109133e-01  8.8373186403769999e-05
-9.5952716025574669e-01  8.8467882830855327e-05
-9.5943864502833742e-01  8.8562570531173652e-05
-9.5935003511759875e-01  8.8657249489910422e-05
-9.5926133053227547e-01  8.8751919698483377e-05
-9.5917253128112123e-01  8.8846581149062463e-05
-9.5908363737289914e-01  8.8941233833365784e-05
-9.5899464881638230e-01  8.9035877737385545e-05
-9.5890556562035212e-01  8.9130512857321778e-05
-9.5881638779360023e-01  8.9225139180087648e-05
-9.5872711534492705e-01  8.9319756697977637e-05
-9.5863774828314274e-01  8.9414365400574173e-05
-9.5854828661706648e-01  8.9508965279831609e-05
-9.5845873035552676e-01  8.9603556324945030e-05
-9.5836907950736172e-01  8.9698138529251798e-05
-9.5827933408141863e-01  8.9792711880969602e-05
-9.5818949408655429e-01  8.9887276370142526e-05
-9.5809955953163428e-01  8.9981831990933780e-05
-9.5800953042553427e-01  9.0076378728852990e-05
-9.5791940677713860e-01  9.0170916579387095e-05
-9.5782918859534139e-01  9.0265445531018779e-05
-9.5773887588904594e-01  9.0359965575248182e-05
-9.5764846866716469e-01  9.0454476700043288e-05
-9.5755796693861983e-01  9.0548978900403676e-05
-9.5746737071234245e-01  9.0643472164399829e-05
-9.5737667999727327e-01  9.0737956482900596e-05
-9.5728589480236204e-01  9.0832431846293019e-05
-9.5719501513656824e-01  9.0926898246029196e-05
-9.5710404100886004e-01  9.1021355674148264e-05
-9.5701297242821592e-01  9.1115804117424229e-05
-9.5692180940362248e-01  9.1210243570697658e-05
-9.5683055194407685e-01  9.1304674021213414e-05
-9.5673920005858437e-01  9.1399095461384169e-05
-9.5664775375616040e-01  9.1493507882362888e-05
-9.5655621304582950e-01  9.1587911274053479e-05
-9.5646457793662532e-01  9.1682305627452783e-05
-9.5637284843759107e-01  9.1776690932291493e-05
-9.5628102455777908e-01  9.1871067181057784e-05
-9.5618910630625131e-01  9.1965434363246968e-05
-9.5609709369207874e-01  9.2059792468818615e-05
-9.5600498672434164e-01  9.2154141488707495e-05
-9.5591278541212987e-01  9.2248481415989865e-05
-9.5582048976454204e-01  9.2342812240740966e-05
-9.5572809979068674e-01  9.2437133951169123e-05
-9.5563561549968179e-01  9.2531446538166536e-05
-9.5554303690065379e-01  9.2625749995769904e-05
-9.5545036400273897e-01  9.2720044311126105e-05
-9.5535759681508314e-01  9.2814329477324109e-05
-9.5526473534684098e-01  9.2908605481634962e-05
-9.5517177960717647e-01  9.3002872317872695e-05
-9.5507872960526319e-01  9.3097129977913476e-05
-9.5498558535028399e-01  9.3191378448952185e-05
-9.5489234685143076e-01  9.3285617724015235e-05
-9.5479901411790502e-01  9.3379847792601978e-05
-9.5470558715891718e-01  9.3474068646162261e-05
-9.5461206598368742e-01  9.3568280274743663e-05
-9.5451845060144480e-01  9.3662482670326191e-05
-9.5442474102142805e-01  9.3756675821330269e-05
-9.5433093725288487e-01  9.3850859721902587e-05
-9.5423703930507253e-01  9.3945034358727678e-05
-9.5414304718725718e-01  9.4039199725919612e-05
-9.5404896090871494e-01  9.4133355810600440e-05
-9.5395478047873050e-01  9.4227502607923004e-05
-9.5386050590659832e-01  9.4321640105433550e-05
-9.5376613720162196e-01  9.4415768294793992e-05
-9.5367167437311418e-01  9.4509887167283145e-05
-9.5357711743039753e-01  9.4603996711625644e-05
-9.5348246638280321e-01  9.4698096920011290e-05
-9.5338772123967175e-01  9.4792187784269996e-05
-9.5329288201035356e-01  9.4886269293578633e-05
-9.5319794870420782e-01  9.4980341437312792e-05
-9.5310292133060326e-01  9.5074404208815065e-05
-9.5300779989891748e-01  9.5168457596624595e-05
-9.5291258441853788e-01  9.5262501594298645e-05
-9.5281727489886081e-01  9.5356536191173221e-05
-9.5272187134929209e-01  9.5450561376093888e-05
-9.5262637377924664e-01  9.5544577142937857e-05
-9.5253078219814880e-01  9.5638583480192163e-05
-9.5243509661543224e-01  9.5732580378602569e-05
-9.5233931704053942e-01  9.5826567831148421e-05
-9.5224344348292278e-01  9.5920545826536966e-05
-9.5214747595204396e-01  9.6014514353485780e-05
-9.5205141445737329e-01  9.6108473406745942e-05
-9.5195525900839051e-01  9.6202422975656343e-05
-9.5185900961458514e-01  9.6296363050632323e-05
-9.5176266628545569e-01  9.6390293623246353e-05
-9.5166622903050979e-01  9.6484214682865621e-05
-9.5156969785926460e-01  9.6578126219342835e-05
-9.5147307278124615e-01  9.6672028227448291e-05
-9.5137635380599028e-01  9.6765920692741026e-05
-9.5127954094304168e-01  9.6859803610917599e-05
-9.5118263420195448e-01  9.6953676969085788e-05
-9.5108563359229192e-01  9.7047540760180891e-05
-9.5098853912362680e-01  9.7141394973282864e-05
-9.5089135080554088e-01  9.7235239599621149e-05
-9.5079406864762539e-01  9.7329074630271692e-05
-9.5069669265948065e-01  9.7422900056801405e-05
-9.5059922285071630e-01  9.7516715869008460e-05
-9.5050165923095142e-01  9.7610522055591135e-05
-9.5040400180981410e-01  9.7704318611486842e-05
-9.5030625059694163e-01  9.7798105525103942e-05
-9.5020840560198094e-01  9.7891882787942439e-05
-9.5011046683458789e-01  9.7985650388625515e-05
-9.5001243430442761e-01  9.8079408319973869e-05
-9.4991430802117471e-01  9.8173156573494469e-05
-9.4981608799451278e-01  9.8266895136325195e-05
-9.4971777423413484e-01  9.8360624002829782e-05
-9.4961936674974290e-01  9.8454343162940368e-05
-9.4952086555104875e-01  9.8548052605868913e-05
-9.4942227064777285e-01  9.8641752324288404e-05
-9.4932358204964529e-01  9.8735442307547775e-05
-9.4922479976640517e-01  9.8829122547330721e-05
-9.4912592380780092e-01  9.8922793034605607e-05
-9.4902695418359040e-01  9.9016453759035380e-05
-9.4892789090354035e-01  9.9110104711615211e-05
-9.4882873397742706e-01  9.9203745883572631e-05
-9.4872948341503593e-01  9.9297377265908761e-05
-9.4863013922616135e-01  9.9390998849812319e-05
-9.4853070142060791e-01  9.9484610622576874e-05
-9.4843117000818800e-01  9.9578212579004680e-05
-9.4833154499872441e-01  9.9671804709421943e-05
-9.4823182640204862e-01  9.9765387001767469e-05
-9.4813201422800153e-01  9.9858959449898360e-05
-9.4803210848643316e-01  9.9952522043666699e-05
-9.4793210918720294e-01  1.0004607477160786e-04
-9.4783201634017922e-01  1.0013961762858719e-04
-9.4773182995523997e-01  1.0023315060086831e-04
-9.4763155004227206e-01  1.0032667368416682e-04
-9.4753117661117181e-01  1.0042018686658493e-04
-9.4743070967184473e-01  1.0051369013684370e-04
-9.4733014923420544e-01  1.0060718348797324e-04
-9.4722949530817790e-01  1.0070066691100069e-04
-9.4712874790369517e-01  1.0079414039710788e-04
-9.4702790703069983e-01  1.0088760393547242e-04
-9.4692697269914328e-01  1.0098105751690453e-04
-9.4682594491898642e-01  1.0107450113539416e-04
-9.4672482370019928e-01  1.0116793477679186e-04
-9.4662360905276133e-01  1.0126135843415881e-04
-9.4652230098666057e-01  1.0135477209907625e-04
-9.4642089951189523e-01  1.0144817576264547e-04
-9.4631940463847186e-01  1.0154156941349992e-04
-9.4621781637640678e-01  1.0163495304480426e-04
-9.4611613473572531e-01  1.0172832664624945e-04
-9.4601435972646208e-01  1.0182169020694158e-04
-9.4591249135866085e-01  1.0191504372009616e-04
-9.4581052964237444e-01  1.0200838717590076e-04
-9.4570847458766538e-01  1.0210172056393407e-04
-9.4560632620460483e-01  1.0219504387683110e-04
-9.4550408450327361e-01  1.0228835710413743e-04
-9.4540174949376132e-01  1.0238166023788901e-04
-9.4529932118616733e-01  1.0247495326600501e-04
-9.4519679959059966e-01  1.0256823618240400e-04
-9.4509418471717577e-01  1.0266150897687676e-04
-9.4499147657602234e-01  1.0275477164113048e-04
-9.4488867517727559e-01  1.0284802416284051e-04
-9.4478578053108020e-01  1.0294126653548651e-04
-9.4468279264759047e-01  1.0303449875001513e-04
-9.4457971153697007e-01  1.0312772079568424e-04
-9.4447653720939151e-01  1.0322093266467977e-04
-9.4437326967503676e-01  1.0331413434751198e-04
-9.4426990894409690e-01  1.0340732583255861e-04
-9.4416645502677221e-01  1.0350050711451667e-04
-9.4406290793327219e-01  1.0359367818145591e-04
-9.4395926767381533e-01  1.0368683902772250e-04
-9.4385553425862967e-01  1.0377998963852537e-04
-9.4375170769795225e-01  1.0387313000933414e-04
-9.4364778800202920e-01  1.0396626012745767e-04
-9.4354377518111598e-01  1.0405937998746689e-04
-9.4343966924547740e-01  1.0415248957770062e-04
-9.4333547020538711e-01  1.0424558888831730e-04
-9.4323117807112800e-01  1.0433867791414576e-04
-9.4312679285299272e-01  1.0443175664037907e-04
-9.4302231456128216e-01  1.0452482506186046e-04
-9.4291774320630706e-01  1.0461788316770079e-04
-9.4281307879838716e-01  1.0471093095073645e-04
-9.4270832134785132e-01  1.0480396839903064e-04
-9.4260347086503793e-01  1.0489699550335111e-04
-9.4249852736029394e-01  1.0499001225808487e-04
-9.4239349084397595e-01  1.0508301865140500e-04
-9.4228836132644989e-01  1.0517601467364495e-04
-9.4218313881809013e-01  1.0526900031480249e-04
-9.4207782332928081e-01  1.0536197557041693e-04
-9.4197241487041528e-01  1.0545494042787998e-04
-9.4186691345189577e-01  1.0554789487808418e-04
-9.4176131908413385e-01  1.0564083891064225e-04
-9.4165563177755029e-01  1.0573377251867846e-04
-9.4154985154257476e-01  1.0582669569202942e-04
-9.4144397838964644e-01  1.0591960842402938e-04
-9.4133801232921366e-01  1.0601251069982024e-04
-9.4123195337173371e-01  1.0610540251485925e-04
-9.4112580152767289e-01  1.0619828385981830e-04
-9.4101955680750726e-01  1.0629115472398725e-04
-9.4091321922172166e-01  1.0638401509760634e-04
-9.4080678878081003e-01  1.0647686497495420e-04
-9.4070026549527563e-01  1.0656970434203262e-04
-9.4059364937563061e-01  1.0666253319459862e-04
-9.4048694043239722e-01  1.0675535151821828e-04
-9.4038013867610526e-01  1.0684815930964216e-04
-9.4027324411729518e-01  1.0694095655351239e-04
-9.4016625676651566e-01  1.0703374324556805e-04
-9.4005917663432514e-01  1.0712651937478093e-04
-9.3995200373129084e-01  1.0721928493205343e-04
-9.3984473806798918e-01  1.0731203990724283e-04
-9.3973737965500592e-01  1.0740478429307066e-04
-9.3962992850293570e-01  1.0749751808078649e-04
-9.3952238462238258e-01  1.0759024125768280e-04
-9.3941474802395963e-01  1.0768295381678273e-04
-9.3930701871828903e-01  1.0777565575151617e-04
-9.3919919671600227e-01  1.0786834704797748e-04
-9.3909128202773984e-01  1.0796102770181985e-04
-9.3898327466415143e-01  1.0805369769991536e-04
-9.3887517463589587e-01  1.0814635703429490e-04
-9.3876698195364106e-01  1.0823900569688561e-04
-9.3865869662806456e-01  1.0833164367611561e-04
-9.3855031866985184e-01  1.0842427096646279e-04
-9.3844184808969899e-01  1.0851688755612501e-04
-9.3833328489831036e-01  1.0860949343589062e-04
-9.3822462910639937e-01  1.0870208859884074e-04
-9.3811588072468921e-01  1.0879467303358123e-04
-9.3800703976391175e-01  1.0888724673182862e-04
-9.3789810623480796e-01  1.0897980968464774e-04
-9.3778908014812834e-01  1.0907236188148059e-04
-9.3767996151463162e-01  1.0916490331676025e-04
-9.3757075034508719e-01  1.0925743397666567e-04
-9.3746144665027198e-01  1.0934995385560016e-04
-9.3735205044097314e-01  1.0944246294214753e-04
-9.3724256172798626e-01  1.0953496123069546e-04
-9.3713298052211680e-01  1.0962744870693344e-04
-9.3702330683417856e-01  1.0971992536614646e-04
-9.3691354067499488e-01  1.0981239119541719e-04
-9.3680368205539821e-01  1.0990484618987297e-04
-9.3669373098622999e-01  1.0999729033788470e-04
-9.3658368747834086e-01  1.1008972363077512e-04
-9.3647355154259104e-01  1.1018214605765978e-04
-9.3636332318984861e-01  1.1027455761299978e-04
-9.3625300243099230e-01  1.1036695828478726e-04
-9.3614258927690885e-01  1.1045934806540088e-04
-9.3603208373849467e-01  1.1055172694449891e-04
-9.3592148582665502e-01  1.1064409491559984e-04
-9.3581079555230451e-01  1.1073645196584332e-04
-9.3570001292636673e-01  1.1082879808754927e-04
-9.3558913795977428e-01  1.1092113327352601e-04
-9.3547817066346917e-01  1.1101345751073717e-04
-9.3536711104840209e-01  1.1110577079630260e-04
-9.3525595912553339e-01  1.1119807311362009e-04
-9.3514471490583184e-01  1.1129036445897893e-04
-9.3503337840027601e-01  1.1138264482230952e-04
-9.3492194961985309e-01  1.1147491419214730e-04
-9.3481042857555985e-01  1.1156717256124226e-04
-9.3469881527840171e-01  1.1165941991955854e-04
-9.3458710973939318e-01  1.1175165625984414e-04
-9.3447531196955824e-01  1.1184388157203623e-04
-9.3436342197992994e-01  1.1193609584475536e-04
-9.3425143978154979e-01  1.1202829907297559e-04
-9.3413936538546927e-01  1.1212049124521851e-04
-9.3402719880274843e-01  1.1221267235270673e-04
-9.3391494004445685e-01  1.1230484238528428e-04
-9.3380258912167258e-01  1.1239700133540163e-04
-9.3369014604548317e-01  1.1248914919372240e-04
-9.3357761082698520e-01  1.1258128595162368e-04
-9.3346498347728446e-01  1.1267341159821812e-04
-9.3335226400749549e-01  1.1276552612563641e-04
-9.3323945242874240e-01  1.1285762952507910e-04
-9.3312654875215795e-01  1.1294972178659896e-04
-9.3301355298888422e-01  1.1304180290206773e-04
-9.3290046515007252e-01  1.1313387286135637e-04
-9.3278728524688259e-01  1.1322593165599276e-04
-9.3267401329048405e-01  1.1331797927830271e-04
-9.3256064929205551e-01  1.1341001571453422e-04
-9.3244719326278402e-01  1.1350204096210134e-04
-9.3233364521386619e-01  1.1359405500650939e-04
-9.3222000515650771e-01  1.1368605784158410e-04
-9.3210627310192340e-01  1.1377804945653265e-04
-9.3199244906133671e-01  1.1387002984436668e-04
-9.3187853304598089e-01  1.1396199899429208e-04
-9.3176452506709773e-01  1.1405395689758146e-04
-9.3165042513593810e-01  1.1414590354610554e-04
-9.3153623326376223e-01  1.1423783892844543e-04
-9.3142194946183920e-01  1.1432976303824081e-04
-9.3130757374144735e-01  1.1442167586398637e-04
-9.3119310611387385e-01  1.1451357739972849e-04
-9.3107854659041522e-01  1.1460546763476783e-04
-9.3096389518237688e-01  1.1469734655723539e-04
-9.3084915190107309e-01  1.1478921416210063e-04
-9.3073431675782781e-01  1.1488107043959994e-04
-9.3061938976397340e-01  1.1497291537963975e-04
-9.3050437093085159e-01  1.1506474897270092e-04
-9.3038926026981328e-01  1.1515657121119208e-04
-9.3027405779221817e-01  1.1524838208581728e-04
-9.3015876350943527e-01  1.1534018158521581e-04
-9.3004337743284249e-01  1.1543196970206071e-04
-9.2992789957382693e-01  1.1552374642869179e-04
-9.2981232994378427e-01  1.1561551175485263e-04
-9.2969666855412014e-01  1.1570726566993654e-04
-9.2958091541624843e-01  1.1579900816824640e-04
-9.2946507054159255e-01  1.1589073923748559e-04
-9.2934913394158447e-01  1.1598245887072194e-04
-9.2923310562766581e-01  1.1607416705837122e-04
-9.2911698561128686e-01  1.1616586379006503e-04
-9.2900077390390723e-01  1.1625754905801587e-04
-9.2888447051699519e-01  1.1634922285313083e-04
-9.2876807546202833e-01  1.1644088516589704e-04
-9.2865158875049336e-01  1.1653253598765110e-04
-9.2853501039388564e-01  1.1662417531101978e-04
-9.2841834040371018e-01  1.1671580312161944e-04
-9.2830157879148045e-01  1.1680741941679935e-04
-9.2818472556871923e-01  1.1689902418379270e-04
-9.2806778074695839e-01  1.1699061741464646e-04
-9.2795074433773883e-01  1.1708219909866755e-04
-9.2783361635261019e-01  1.1717376923205773e-04
-9.2771639680313167e-01  1.1726532779920374e-04
-9.2759908570087113e-01  1.1735687479308428e-04
-9.2748168305740530e-01  1.1744841020613976e-04
-9.2736418888432048e-01  1.1753993403028095e-04
-9.2724660319321173e-01  1.1763144625379647e-04
-9.2712892599568297e-01  1.1772294686834417e-04
-9.2701115730334727e-01  1.1781443586628484e-04
-9.2689329712782720e-01  1.1790591323509072e-04
-9.2677534548075335e-01  1.1799737897112351e-04
-9.2665730237376631e-01  1.1808883306070397e-04
-9.2653916781851520e-01  1.1818027549812332e-04
-9.2642094182665813e-01  1.1827170627148370e-04
-9.2630262440986255e-01  1.1836312537342005e-04
-9.2618421557980468e-01  1.1845453279466115e-04
-9.2606571534816995e-01  1.1854592852572974e-04
-9.2594712372665244e-01  1.1863731255902846e-04
-9.2582844072695569e-01  1.1872868488337010e-04
-9.2570966636079210e-01  1.1882004549030158e-04
-9.2559080063988297e-01  1.1891139437241653e-04
-9.2547184357595869e-01  1.1900273151904233e-04
-9.2535279518075875e-01  1.1909405692225235e-04
-9.2523365546603142e-01  1.1918537057258040e-04
-9.2511442444353442e-01  1.1927667246111987e-04
-9.2499510212503400e-01  1.1936796257783805e-04
-9.2487568852230573e-01  1.1945924091452652e-04
-9.2475618364713386e-01  1.1955050746350728e-04
-9.2463658751131217e-01  1.1964176221385348e-04
-9.2451690012664300e-01  1.1973300515597967e-04
-9.2439712150493780e-01  1.1982423628382422e-04
-9.2427725165801711e-01  1.1991545558627035e-04
-9.2415729059771046e-01  1.2000666305447123e-04
-9.2403723833585638e-01  1.2009785867998210e-04
-9.2391709488430218e-01  1.2018904245321869e-04
-9.2379686025490471e-01  1.2028021436420467e-04
-9.2367653445952880e-01  1.2037137440763062e-04
-9.2355611751004973e-01  1.2046252257064665e-04
-9.2343560941835057e-01  1.2055365884629909e-04
-9.2331501019632389e-01  1.2064478322389174e-04
-9.2319431985587108e-01  1.2073589569609350e-04
-9.2307353840890272e-01  1.2082699625342424e-04
-9.2295266586733837e-01  1.2091808488646293e-04
-9.2283170224310607e-01  1.2100916158821922e-04
-9.2271064754814369e-01  1.2110022634585169e-04
-9.2258950179439736e-01  1.2119127915313699e-04
-9.2246826499382251e-01  1.2128232000216907e-04
-9.2234693715838389e-01  1.2137334888077809e-04
-9.2222551830005450e-01  1.2146436578173299e-04
-9.2210400843081697e-01  1.2155537069569681e-04
-9.2198240756266259e-01  1.2164636361317992e-04
-9.2186071570759132e-01  1.2173734452632456e-04
-9.2173893287761288e-01  1.2182831342668654e-04
-9.2161705908474545e-01  1.2191927030329759e-04
-9.2149509434101629e-01  1.2201021514831605e-04
-9.2137303865846132e-01  1.2210114795342339e-04
-9.2125089204912625e-01  1.2219206870805807e-04
-9.2112865452506498e-01  1.2228297740441590e-04
-9.2100632609834077e-01  1.2237387403288557e-04
-9.2088390678102594e-01  1.2246475858370277e-04
-9.2076139658520095e-01  1.2255563105104545e-04
-9.2063879552295647e-01  1.2264649142193211e-04
-9.2051610360639136e-01  1.2273733968972463e-04
-9.2039332084761316e-01  1.2282817584681962e-04
-9.2027044725873974e-01  1.2291899988003520e-04
-9.2014748285189629e-01  1.2300981178420443e-04
-9.2002442763921799e-01  1.2310061154860531e-04
-9.1990128163284857e-01  1.2319139916554909e-04
-9.1977804484494097e-01  1.2328217462341913e-04
-9.1965471728765702e-01  1.2337293791569374e-04
-9.1953129897316699e-01  1.2346368903311331e-04
-9.1940778991365113e-01  1.2355442796698754e-04
-9.1928419012129781e-01  1.2364515470669786e-04
-9.1916049960830448e-01  1.2373586924505414e-04
-9.1903671838687795e-01  1.2382657157289381e-04
-9.1891284646923355e-01  1.2391726167955709e-04
-9.1878888386759583e-01  1.2400793955814164e-04
-9.1866483059419823e-01  1.2409860519738030e-04
-9.1854068666128286e-01  1.2418925859052188e-04
-9.1841645208110134e-01  1.2427989972846830e-04
-9.1829212686591344e-01  1.2437052860218427e-04
-9.1816771102798866e-01  1.2446114520186746e-04
-9.1804320457960531e-01  1.2455174951856338e-04
-9.1791860753305010e-01  1.2464234154418934e-04
-9.1779391990061920e-01  1.2473292126744304e-04
-9.1766914169461744e-01  1.2482348868350982e-04
-9.1754427292735885e-01  1.2491404378027883e-04
-9.1741931361116613e-01  1.2500458655013150e-04
-9.1729426375837109e-01  1.2509511698339561e-04
-9.1716912338131440e-01  1.2518563507198230e-04
-9.1704389249234586e-01  1.2527614080580149e-04
-9.1691857110382369e-01  1.2536663417750366e-04
-9.1679315922811555e-01  1.2545711517689825e-04
-9.1666765687759810e-01  1.2554758379496034e-04
-9.1654206406465621e-01  1.2563804002339954e-04
-9.1641638080168453e-01  1.2572848385421757e-04
-9.1629060710108612e-01  1.2581891527537587e-04
-9.1616474297527306e-01  1.2590933428116425e-04
-9.1603878843666653e-01  1.2599974086092579e-04
-9.1591274349769636e-01  1.2609013500672418e-04
-9.1578660817080160e-01  1.2618051670891013e-04
-9.1566038246842985e-01  1.2627088595933505e-04
-9.1553406640303803e-01  1.2636124274685695e-04
-9.1540765998709173e-01  1.2645158706622823e-04
-9.1528116323306552e-01  1.2654191890568386e-04
-9.1515457615344287e-01  1.2663223825684115e-04
-9.1502789876071611e-01  1.2672254511236384e-04
-9.1490113106738669e-01  1.2681283946121158e-04
-9.1477427308596471e-01  1.2690312129562639e-04
-9.1464732482896927e-01  1.2699339060696254e-04
-9.1452028630892856e-01  1.2708364738514419e-04
-9.1439315753837946e-01  1.2717389162189265e-04
-9.1426593852986771e-01  1.2726412330825662e-04
-9.1413862929594825e-01  1.2735434243668118e-04
-9.1401122984918470e-01  1.2744454899545079e-04
-9.1388374020214957e-01  1.2753474297727134e-04
-9.1375616036742424e-01  1.2762492437388718e-04
-9.1362849035759908e-01  1.2771509317591623e-04
-9.1350073018527356e-01  1.2780524937376322e-04
-9.1337287986305560e-01  1.2789539295949420e-04
-9.1324493940356266e-01  1.2798552392253592e-04
-9.1311690881942020e-01  1.2807564225634710e-04
-9.1298878812326334e-01  1.2816574795013801e-04
-9.1286057732773584e-01  1.2825584099676075e-04
-9.1273227644549015e-01  1.2834592138516541e-04
-9.1260388548918803e-01  1.2843598910756054e-04
-9.1247540447149955e-01  1.2852604415614674e-04
-9.1234683340510447e-01  1.2861608652049025e-04
-9.1221817230269064e-01  1.2870611619208248e-04
-9.1208942117695524e-01  1.2879613316250490e-04
-9.1196058004060432e-01  1.2888613742097931e-04
-9.1183164890635249e-01  1.2897612896140155e-04
-9.1170262778692346e-01  1.2906610777456586e-04
-9.1157351669505016e-01  1.2915607384934020e-04
-9.1144431564347372e-01  1.2924602717957886e-04
-9.1131502464494485e-01  1.2933596775294279e-04
-9.1118564371222244e-01  1.2942589556398117e-04
-9.1105617285807483e-01  1.2951581060184110e-04
-9.1092661209527881e-01  1.2960571285867842e-04
-9.1079696143662048e-01  1.2969560232502578e-04
-9.1066722089489416e-01  1.2978547899369065e-04
-9.1053739048290394e-01  1.2987534285236995e-04
-9.1040747021346202e-01  1.2996519389447519e-04
-9.1027746009938981e-01  1.3005503211098215e-04
-9.1014736015351749e-01  1.3014485749316581e-04
-9.1001717038868390e-01  1.3023467003256750e-04
-9.0988689081773744e-01  1.3032446971829030e-04
-9.0975652145353458e-01  1.3041425654354544e-04
-9.0962606230894094e-01  1.3050403049870210e-04
-9.0949551339683132e-01  1.3059379157399808e-04
-9.0936487473008887e-01  1.3068353976218456e-04
-9.0923414632160582e-01  1.3077327505356599e-04
-9.0910332818428330e-01  1.3086299743939487e-04
-9.0897242033103121e-01  1.3095270691111541e-04
-9.0884142277476831e-01  1.3104240346003017e-04
-9.0871033552842251e-01  1.3113208707604270e-04
-9.0857915860492999e-01  1.3122175775079971e-04
-9.0844789201723608e-01  1.3131141547758629e-04
-9.0831653577829541e-01  1.3140106024418959e-04
-9.0818508990107061e-01  1.3149069204379017e-04
-9.0805355439853375e-01  1.3158031086600379e-04
-9.0792192928366544e-01  1.3166991670464367e-04
-9.0779021456945541e-01  1.3175950954881288e-04
-9.0765841026890204e-01  1.3184908938992682e-04
-9.0752651639501236e-01  1.3193865621989394e-04
-9.0739453296080286e-01  1.3202821002848193e-04
-9.0726245997929822e-01  1.3211775080812198e-04
-9.0713029746353224e-01  1.3220727854990226e-04
-9.0699804542654761e-01  1.3229679324450129e-04
-9.0686570388139576e-01  1.3238629488347036e-04
-9.0673327284113703e-01  1.3247578345651476e-04
-9.0660075231884041e-01  1.3256525895674563e-04
-9.0646814232758388e-01  1.3265472137508476e-04
-9.0633544288045420e-01  1.3274417070094116e-04
-9.0620265399054700e-01  1.3283360692861929e-04
-9.0606977567096658e-01  1.3292303004719448e-04
-9.0593680793482667e-01  1.3301244004649182e-04
-9.0580375079524877e-01  1.3310183692042492e-04
-9.0567060426536405e-01  1.3319122065838461e-04
-9.0553736835831211e-01  1.3328059125350096e-04
-9.0540404308724165e-01  1.3336994869472810e-04
-9.0527062846531003e-01  1.3345929297400581e-04
-9.0513712450568318e-01  1.3354862408389618e-04
-9.0500353122153632e-01  1.3363794201284846e-04
-9.0486984862605313e-01  1.3372724675478304e-04
-9.0473607673242640e-01  1.3381653829912327e-04
-9.0460221555385734e-01  1.3390581663813903e-04
-9.0446826510355649e-01  1.3399508176178688e-04
-9.0433422539474284e-01  1.3408433366174984e-04
-9.0420009644064403e-01  1.3417357233073680e-04
-9.0406587825449702e-01  1.3426279775648694e-04
-9.0393157084954689e-01  1.3435200993440930e-04
-9.0379717423904826e-01  1.3444120885271402e-04
-9.0366268843626418e-01  1.3453039450352786e-04
-9.0352811345446649e-01  1.3461956687848127e-04
-9.0339344930693577e-01  1.3470872596899134e-04
-9.0325869600696174e-01  1.3479787176447834e-04
-9.0312385356784253e-01  1.3488700425676550e-04
-9.0298892200288527e-01  1.3497612343818706e-04
-9.0285390132540577e-01  1.3506522929981608e-04
-9.0271879154872881e-01  1.3515432183172432e-04
-9.0258359268618782e-01  1.3524340102638241e-04
-9.0244830475112492e-01  1.3533246687453260e-04
-9.0231292775689154e-01  1.3542151936634398e-04
-9.0217746171684710e-01  1.3551055849499801e-04
-9.0204190664436046e-01  1.3559958424907932e-04
-9.0190626255280892e-01  1.3568859662342663e-04
-9.0177052945557878e-01  1.3577759560464439e-04
-9.0163470736606488e-01  1.3586658118850287e-04
-9.0149879629767105e-01  1.3595555336393093e-04
-9.0136279626381000e-01  1.3604451212174840e-04
-9.0122670727790266e-01  1.3613345745429372e-04
-9.0109052935337952e-01  1.3622238935176469e-04
-9.0095426250367927e-01  1.3631130780730649e-04
-9.0081790674224971e-01  1.3640021280939904e-04
-9.0068146208254707e-01  1.3648910435161359e-04
-9.0054492853803658e-01  1.3657798242353687e-04
-9.0040830612219236e-01  1.3666684701769044e-04
-9.0027159484849706e-01  1.3675569812404264e-04
-9.0013479473044211e-01  1.3684453573541003e-04
-8.9999790578152816e-01  1.3693335984105959e-04
-8.9986092801526363e-01  1.3702217043449550e-04
-8.9972386144516681e-01  1.3711096750452733e-04
-8.9958670608476421e-01  1.3719975104458054e-04
-8.9944946194759101e-01  1.3728852104481453e-04
-8.9931212904719149e-01  1.3737727749675447e-04
-8.9917470739711836e-01  1.3746602039042127e-04
-8.9903719701093332e-01  1.3755474971898545e-04
-8.9889959790220675e-01  1.3764346547192038e-04
-8.9876191008451778e-01  1.3773216764117004e-04
-8.9862413357145421e-01  1.3782085621923319e-04
-8.9848626837661272e-01  1.3790953119637063e-04
-8.9834831451359864e-01  1.3799819256307040e-04
-8.9821027199602632e-01  1.3808684031149575e-04
-8.9807214083751852e-01  1.3817547443223998e-04
-8.9793392105170677e-01  1.3826409491680378e-04
-8.9779561265223151e-01  1.3835270175830715e-04
-8.9765721565274204e-01  1.3844129494474885e-04
-8.9751873006689598e-01  1.3852987446927745e-04
-8.9738015590836007e-01  1.3861844032344621e-04
-8.9724149319080970e-01  1.3870699249716027e-04
-8.9710274192792894e-01  1.3879553098232017e-04
-8.9696390213341048e-01  1.3888405577056138e-04
-8.9682497382095605e-01  1.3897256685369832e-04
-8.9668595700427600e-01  1.3906106422047299e-04
-8.9654685169708914e-01  1.3914954786504481e-04
-8.9640765791312327e-01  1.3923801777781527e-04
-8.9626837566611528e-01  1.3932647394893330e-04
-8.9612900496981007e-01  1.3941491636969758e-04
-8.9598954583796153e-01  1.3950334503291527e-04
-8.9584999828433254e-01  1.3959175992898790e-04
-8.9571036232269430e-01  1.3968016105015495e-04
-8.9557063796682723e-01  1.3976854838660874e-04
-8.9543082523052009e-01  1.3985692192859526e-04
-8.9529092412757028e-01  1.3994528167025587e-04
-8.9515093467178430e-01  1.4003362760018172e-04
-8.9501085687697723e-01  1.4012195971045138e-04
-8.9487069075697256e-01  1.4021027799356422e-04
-8.9473043632560301e-01  1.4029858243916462e-04
-8.9459009359670960e-01  1.4038687303975062e-04
-8.9444966258414227e-01  1.4047514978534348e-04
-8.9430914330175959e-01  1.4056341266839063e-04
-8.9416853576342881e-01  1.4065166168028022e-04
-8.9402783998302615e-01  1.4073989681095294e-04
-8.9388705597443607e-01  1.4082811805346196e-04
-8.9374618375155224e-01  1.4091632539731130e-04
-8.9360522332827674e-01  1.4100451883508242e-04
-8.9346417471852035e-01  1.4109269835756221e-04
-8.9332303793620249e-01  1.4118086395683264e-04
-8.9318181299525201e-01  1.4126901562176689e-04
-8.9304049990960510e-01  1.4135715334672041e-04
-8.9289909869320760e-01  1.4144527712175526e-04
-8.9275760936001414e-01  1.4153338693855677e-04
-8.9261603192398753e-01  1.4162148278700916e-04
-8.9247436639909983e-01  1.4170956465852115e-04
-8.9233261279933096e-01  1.4179763254718172e-04
-8.9219077113867040e-01  1.4188568644105237e-04
-8.9204884143111585e-01  1.4197372633358553e-04
-8.9190682369067376e-01  1.4206175221490310e-04
-8.9176471793135947e-01  1.4214976407674138e-04
-8.9162252416719689e-01  1.4223776190960390e-04
-8.9148024241221813e-01  1.4232574570691340e-04
-8.9133787268046494e-01  1.4241371545811824e-04
-8.9119541498598698e-01  1.4250167115447207e-04
-8.9105286934284300e-01  1.4258961278915740e-04
-8.9091023576510009e-01  1.4267754035094453e-04
-8.9076751426683431e-01  1.4276545383360491e-04
-8.9062470486213063e-01  1.4285335322543037e-04
-8.9048180756508188e-01  1.4294123852138084e-04
-8.9033882238979023e-01  1.4302910971000644e-04
-8.9019574935036627e-01  1.4311696678432544e-04
-8.9005258846092949e-01  1.4320480973407232e-04
-8.8990933973560771e-01  1.4329263855277687e-04
-8.8976600318853771e-01  1.4338045322991456e-04
-8.8962257883386486e-01  1.4346825375670922e-04
-8.8947906668574306e-01  1.4355604012681637e-04
-8.8933546675833497e-01  1.4364381232815602e-04
-8.8919177906581204e-01  1.4373157035439774e-04
-8.8904800362235425e-01  1.4381931419657241e-04
-8.8890414044215005e-01  1.4390704384560724e-04
-8.8876018953939695e-01  1.4399475929255241e-04
-8.8861615092830082e-01  1.4408246053002332e-04
-8.8847202462307628e-01  1.4417014754866127e-04
-8.8832781063794664e-01  1.4425782033833601e-04
-8.8818350898714382e-01  1.4434547889365714e-04
-8.8803911968490845e-01  1.4443312320272793e-04
-8.8789464274548946e-01  1.4452075325903856e-04
-8.8775007818314522e-01  1.4460836905226307e-04
-8.8760542601214198e-01  1.4469597057506362e-04
-8.8746068624675489e-01  1.4478355781829316e-04
-8.8731585890126774e-01  1.4487113077444913e-04
-8.8717094398997309e-01  1.4495868943218939e-04
-8.8702594152717196e-01  1.4504623378546567e-04
-8.8688085152717422e-01  1.4513376382404861e-04
-8.8673567400429798e-01  1.4522127954065208e-04
-8.8659040897287067e-01  1.4530878092512429e-04
-8.8644505644722749e-01  1.4539626797055875e-04
-8.8629961644171296e-01  1.4548374066685406e-04
-8.8615408897068026e-01  1.4557119900512409e-04
-8.8600847404849026e-01  1.4565864297929492e-04
-8.8586277168951377e-01  1.4574607257743257e-04
-8.8571698190812920e-01  1.4583348779311699e-04
-8.8557110471872424e-01  1.4592088861704481e-04
-8.8542514013569473e-01  1.4600827504073770e-04
-8.8527908817344558e-01  1.4609564705515707e-04
-8.8513294884638993e-01  1.4618300465236208e-04
-8.8498672216894980e-01  1.4627034782322703e-04
-8.8484040815555576e-01  1.4635767655934553e-04
-8.8469400682064703e-01  1.4644499085010812e-04
-8.8454751817867106e-01  1.4653229069160496e-04
-8.8440094224408472e-01  1.4661957607072244e-04
-8.8425427903135279e-01  1.4670684698101820e-04
-8.8410752855494890e-01  1.4679410341319037e-04
-8.8396069082935536e-01  1.4688134535884991e-04
-8.8381376586906280e-01  1.4696857280977073e-04
-8.8366675368857117e-01  1.4705578575572686e-04
-8.8351965430238777e-01  1.4714298419109045e-04
-8.8337246772503009e-01  1.4723016810439329e-04
-8.8322519397102306e-01  1.4731733748738927e-04
-8.8307783305490040e-01  1.4740449233417637e-04
-8.8293038499120491e-01  1.4749163263159994e-04
-8.8278284979448740e-01  1.4757875837599112e-04
-8.8263522747930767e-01  1.4766586955578353e-04
-8.8248751806023407e-01  1.4775296616264941e-04
-8.8233972155184348e-01  1.4784004818756751e-04
-8.8219183796872125e-01  1.4792711562407787e-04
-8.8204386732546136e-01  1.4801416846204880e-04
-8.8189580963666669e-01  1.4810120669257675e-04
-8.8174766491694867e-01  1.4818823030703174e-04
-8.8159943318092648e-01  1.4827523929928315e-04
-8.8145111444322910e-01  1.4836223365754327e-04
-8.8130270871849326e-01  1.4844921337419745e-04
-8.8115421602136501e-01  1.4853617844050616e-04
-8.8100563636649776e-01  1.4862312884959052e-04
-8.8085696976855488e-01  1.4871006459112146e-04
-8.8070821624220752e-01  1.4879698565732280e-04
-8.8055937580213561e-01  1.4888389203922408e-04
-8.8041044846302774e-01  1.4897078372738768e-04
-8.8026143423958070e-01  1.4905766071516080e-04
-8.8011233314650028e-01  1.4914452299309627e-04
-8.7996314519850072e-01  1.4923137055190358e-04
-8.7981387041030490e-01  1.4931820338434090e-04
-8.7966450879664393e-01  1.4940502148106459e-04
-8.7951506037225802e-01  1.4949182483346224e-04
-8.7936552515189548e-01  1.4957861343273929e-04
-8.7921590315031350e-01  1.4966538727049163e-04
-8.7906619438227751e-01  1.4975214633841744e-04
-8.7891639886256190e-01  1.4983889062862704e-04
-8.7876651660594929e-01  1.4992562013137127e-04
-8.7861654762723096e-01  1.5001233483886748e-04
-8.7846649194120707e-01  1.5009903474119010e-04
-8.7831634956268556e-01  1.5018571983099513e-04
-8.7816612050648368e-01  1.5027239010098815e-04
-8.7801580478742713e-01  1.5035904553974206e-04
-8.7786540242034949e-01  1.5044568614161876e-04
-8.7771491342009389e-01  1.5053231189520605e-04
-8.7756433780151133e-01  1.5061892279394503e-04
-8.7741367557946148e-01  1.5070551882836165e-04
-8.7726292676881279e-01  1.5079209998993280e-04
-8.7711209138444191e-01  1.5087866627140506e-04
-8.7696116944123426e-01  1.5096521766198582e-04
-8.7681016095408371e-01  1.5105175415530486e-04
-8.7665906593789278e-01  1.5113827574111794e-04
-8.7650788440757255e-01  1.5122478241200231e-04
-8.7635661637804230e-01  1.5131127415984909e-04
-8.7620526186423020e-01  1.5139775097516115e-04
-8.7605382088107298e-01  1.5148421284875963e-04
-8.7590229344351567e-01  1.5157065977350814e-04
-8.7575067956651187e-01  1.5165709174002701e-04
-8.7559897926502384e-01  1.5174350874073002e-04
-8.7544719255402237e-01  1.5182991076597560e-04
-8.7529531944848649e-01  1.5191629780791463e-04
-8.7514335996340420e-01  1.5200266985766178e-04
-8.7499131411377173e-01  1.5208902690676984e-04
-8.7483918191459398e-01  1.5217536894668380e-04
-8.7468696338088403e-01  1.5226169596932825e-04
-8.7453465852766388e-01  1.5234800796613525e-04
-8.7438226736996416e-01  1.5243430492772449e-04
-8.7422978992282352e-01  1.5252058684614325e-04
-8.7407722620128947e-01  1.5260685371291580e-04
-8.7392457622041775e-01  1.5269310551969416e-04
-8.7377183999527297e-01  1.5277934225793686e-04
-8.7361901754092819e-01  1.5286556391762440e-04
-8.7346610887246445e-01  1.5295177049412631e-04
-8.7331311400497236e-01  1.5303796197454808e-04
-8.7316003295354994e-01  1.5312413835219928e-04
-8.7300686573330433e-01  1.5321029961928064e-04
-8.7285361235935077e-01  1.5329644576651168e-04
-8.7270027284681362e-01  1.5338257678552820e-04
-8.7254684721082509e-01  1.5346869266870058e-04
-8.7239333546652642e-01  1.5355479340496353e-04
-8.7223973762906681e-01  1.5364087898858431e-04
-8.7208605371360437e-01  1.5372694940951918e-04
-8.7193228373530585e-01  1.5381300465924154e-04
-8.7177842770934577e-01  1.5389904473081666e-04
-8.7162448565090789e-01  1.5398506961356194e-04
-8.7147045757518393e-01  1.5407107930111318e-04
-8.7131634349737475e-01  1.5415707378277252e-04
-8.7116214343268861e-01  1.5424305305336596e-04
-8.7100785739634357e-01  1.5432901709992925e-04
-8.7085348540356511e-01  1.5441496591751919e-04
-8.7069902746958783e-01  1.5450089949616778e-04
-8.7054448360965464e-01  1.5458681782771398e-04
-8.7038985383901668e-01  1.5467272090420681e-04
-8.7023513817293385e-01  1.5475860871701946e-04
-8.7008033662667450e-01  1.5484448125527964e-04
-8.6992544921551529e-01  1.5493033851474801e-04
-8.6977047595474155e-01  1.5501618048346314e-04
-8.6961541685964705e-01  1.5510200715449957e-04
-8.6946027194553399e-01  1.5518781851962075e-04
-8.6930504122771279e-01  1.5527361457013896e-04
-8.6914972472150276e-01  1.5535939529601645e-04
-8.6899432244223163e-01  1.5544516069041989e-04
-8.6883883440523513e-01  1.5553091074511457e-04
-8.6868326062585799e-01  1.5561664545054782e-04
-8.6852760111945326e-01  1.5570236479906774e-04
-8.6837185590138222e-01  1.5578806878162842e-04
-8.6821602498701478e-01  1.5587375739026059e-04
-8.6806010839172931e-01  1.5595943061643493e-04
-8.6790410613091251e-01  1.5604508845175108e-04
-8.6774801821996006e-01  1.5613073088730121e-04
-8.6759184467427541e-01  1.5621635791393345e-04
-8.6743558550927058e-01  1.5630196952532371e-04
-8.6727924074036633e-01  1.5638756571215471e-04
-8.6712281038299177e-01  1.5647314646488399e-04
-8.6696629445258444e-01  1.5655871177582440e-04
-8.6680969296459032e-01  1.5664426163643010e-04
-8.6665300593446326e-01  1.5672979604000449e-04
-8.6649623337766712e-01  1.5681531497471291e-04
-8.6633937530967231e-01  1.5690081843511416e-04
-8.6618243174595899e-01  1.5698630641121939e-04
-8.6602540270201511e-01  1.5707177889455956e-04
-8.6586828819333750e-01  1.5715723587694664e-04
-8.6571108823543108e-01  1.5724267735020724e-04
-8.6555380284380901e-01  1.5732810330639852e-04
-8.6539643203399363e-01  1.5741351373666537e-04
-8.6523897582151510e-01  1.5749890863151682e-04
-8.6508143422191219e-01  1.5758428798348398e-04
-8.6492380725073204e-01  1.5766965178388442e-04
-8.6476609492353018e-01  1.5775500002511618e-04
-8.6460829725587085e-01  1.5784033269805080e-04
-8.6445041426332625e-01  1.5792564979463981e-04
-8.6429244596147736e-01  1.5801095130525035e-04
-8.6413439236591350e-01  1.5809623722286482e-04
-8.6397625349223239e-01  1.5818150753765887e-04
-8.6381802935604002e-01  1.5826676224384400e-04
-8.6365971997295121e-01  1.5835200132987906e-04
-8.6350132535858837e-01  1.5843722479002927e-04
-8.6334284552858342e-01  1.5852243261364553e-04
-8.6318428049857587e-01  1.5860762479351842e-04
-8.6302563028421386e-01  1.5869280132111511e-04
-8.6286689490115420e-01  1.5877796218827860e-04
-8.6270807436506158e-01  1.5886310738520495e-04
-8.6254916869160958e-01  1.5894823690520911e-04
-8.6239017789647998e-01  1.5903335073989421e-04
-8.6223110199536279e-01  1.5911844887921830e-04
-8.6207194100395701e-01  1.5920353131555794e-04
-8.6191269493796940e-01  1.5928859804054362e-04
-8.6175336381311496e-01  1.5937364904728066e-04
-8.6159394764511810e-01  1.5945868432516152e-04
-8.6143444644971057e-01  1.5954370386684743e-04
-8.6127486024263322e-01  1.5962870766389063e-04
-8.6111518903963480e-01  1.5971369570667884e-04
-8.6095543285647280e-01  1.5979866798890950e-04
-8.6079559170891251e-01  1.5988362450191301e-04
-8.6063566561272875e-01  1.5996856523558178e-04
-8.6047565458370356e-01  1.6005349018274976e-04
-8.6031555863762788e-01  1.6013839933508135e-04
-8.6015537779030105e-01  1.6022329268393267e-04
-8.5999511205753054e-01  1.6030817022122821e-04
-8.5983476145513249e-01  1.6039303193799470e-04
-8.5967432599893134e-01  1.6047787782577937e-04
-8.5951380570475977e-01  1.6056270787732417e-04
-8.5935320058845899e-01  1.6064752208350055e-04
-8.5919251066587832e-01  1.6073232043573607e-04
-8.5903173595287585e-01  1.6081710292537948e-04
-8.5887087646531768e-01  1.6090186954519572e-04
-8.5870993221907832e-01  1.6098662028663548e-04
-8.5854890323004118e-01  1.6107135513968086e-04
-8.5838778951409711e-01  1.6115607409823772e-04
-8.5822659108714605e-01  1.6124077715290561e-04
-8.5806530796509617e-01  1.6132546429448451e-04
-8.5790394016386340e-01  1.6141013551623971e-04
-8.5774248769937300e-01  1.6149479080931599e-04
-8.5758095058755790e-01  1.6157943016405739e-04
-8.5741932884435956e-01  1.6166405357450955e-04
-8.5725762248572801e-01  1.6174866102960797e-04
-8.5709583152762114e-01  1.6183325252273092e-04
-8.5693395598600564e-01  1.6191782804539698e-04
-8.5677199587685637e-01  1.6200238758918081e-04
-8.5660995121615646e-01  1.6208693114552362e-04
-8.5644782201989766e-01  1.6217145870589696e-04
-8.5628560830407996e-01  1.6225597026162661e-04
-8.5612331008471110e-01  1.6234046580639253e-04
-8.5596092737780816e-01  1.6242494532931961e-04
-8.5579846019939598e-01  1.6250940882307262e-04
-8.5563590856550764e-01  1.6259385628005518e-04
-8.5547327249218497e-01  1.6267828769071584e-04
-8.5531055199547779e-01  1.6276270304727144e-04
-8.5514774709144414e-01  1.6284710234224138e-04
-8.5498485779615119e-01  1.6293148556584152e-04
-8.5482188412567328e-01  1.6301585270977936e-04
-8.5465882609609400e-01  1.6310020376716125e-04
-8.5449568372350471e-01  1.6318453872910091e-04
-8.5433245702400551e-01  1.6326885758524720e-04
-8.5416914601370442e-01  1.6335316033068778e-04
-8.5400575070871820e-01  1.6343744695474378e-04
-8.5384227112517141e-01  1.6352171745010331e-04
-8.5367870727919748e-01  1.6360597180832727e-04
-8.5351505918693782e-01  1.6369021002028732e-04
-8.5335132686454229e-01  1.6377443207768317e-04
-8.5318751032816875e-01  1.6385863797470073e-04
-8.5302360959398404e-01  1.6394282769973298e-04
-8.5285962467816268e-01  1.6402700124652084e-04
-8.5269555559688759e-01  1.6411115860554080e-04
-8.5253140236635039e-01  1.6419529976918943e-04
-8.5236716500275045e-01  1.6427942472947159e-04
-8.5220284352229592e-01  1.6436353347681106e-04
-8.5203843794120304e-01  1.6444762600438545e-04
-8.5187394827569629e-01  1.6453170230349790e-04
-8.5170937454200857e-01  1.6461576236532848e-04
-8.5154471675638110e-01  1.6469980618175750e-04
-8.5137997493506312e-01  1.6478383374504059e-04
-8.5121514909431251e-01  1.6486784504587845e-04
-8.5105023925039558e-01  1.6495184007619964e-04
-8.5088524541958610e-01  1.6503581882861278e-04
-8.5072016761816682e-01  1.6511978129492432e-04
-8.5055500586242916e-01  1.6520372746480264e-04
-8.5038976016867163e-01  1.6528765733220708e-04
-8.5022443055320207e-01  1.6537157088748658e-04
-8.5005901703233622e-01  1.6545546812304571e-04
-8.4989351962239779e-01  1.6553934903130297e-04
-8.4972793833971960e-01  1.6562321360220924e-04
-8.4956227320064170e-01  1.6570706182854016e-04
-8.4939652422151335e-01  1.6579089370200400e-04
-8.4923069141869145e-01  1.6587470921399457e-04
-8.4906477480854137e-01  1.6595850835735454e-04
-8.4889877440743722e-01  1.6604229112211001e-04
-8.4873269023176046e-01  1.6612605750079742e-04
-8.4856652229790130e-01  1.6620980748508892e-04
-8.4840027062225865e-01  1.6629354106665269e-04
-8.4823393522123891e-01  1.6637725823737376e-04
-8.4806751611125719e-01  1.6646095898884827e-04
-8.4790101330873657e-01  1.6654464331371626e-04
-8.4773442683010902e-01  1.6662831120176132e-04
-8.4756775669181361e-01  1.6671196264719161e-04
-8.4740100291029918e-01  1.6679559763938833e-04
-8.4723416550202146e-01  1.6687921617238060e-04
-8.4706724448344528e-01  1.6696281823510225e-04
-8.4690023987104324e-01  1.6704640382194505e-04
-8.4673315168129648e-01  1.6712997292388901e-04
-8.4656597993069438e-01  1.6721352553147461e-04
-8.4639872463573429e-01  1.6729706163791733e-04
-8.4623138581292223e-01  1.6738058123437407e-04
-8.4606396347877211e-01  1.6746408431294918e-04
-8.4589645764980614e-01  1.6754757086395812e-04
-8.4572886834255478e-01  1.6763104088197078e-04
-8.4556119557355713e-01  1.6771449435587111e-04
-8.4539343935935962e-01  1.6779793127963855e-04
-8.4522559971651789e-01  1.6788135164373099e-04
-8.4505767666159537e-01  1.6796475543980410e-04
-8.4488967021116357e-01  1.6804814266018446e-04
-8.4472158038180245e-01  1.6813151329722823e-04
-8.4455340719010019e-01  1.6821486734170432e-04
-8.4438515065265329e-01  1.6829820478474528e-04
-8.4421681078606603e-01  1.6838152562025882e-04
-8.4404838760695133e-01  1.6846482983916858e-04
-8.4387988113193058e-01  1.6854811743189299e-04
-8.4371129137763257e-01  1.6863138839161106e-04
-8.4354261836069511e-01  1.6871464270961644e-04
-8.4337386209776366e-01  1.6879788037825951e-04
-8.4320502260549224e-01  1.6888110138802827e-04
-8.4303609990054296e-01  1.6896430573210011e-04
-8.4286709399958615e-01  1.6904749340201848e-04
-8.4269800491930025e-01  1.6913066438928439e-04
-8.4252883267637235e-01  1.6921381868483616e-04
-8.4235957728749722e-01  1.6929695628174247e-04
-8.4219023876937771e-01  1.6938007717221256e-04
-8.4202081713872556e-01  1.6946318134620589e-04
-8.4185131241226041e-01  1.6954626879717654e-04
-8.4168172460670976e-01  1.6962933951576714e-04
-8.4151205373880988e-01  1.6971239349364097e-04
-8.4134229982530440e-01  1.6979543072453827e-04
-8.4117246288294623e-01  1.6987845119855613e-04
-8.4100254292849597e-01  1.6996145490735142e-04
-8.4083253997872176e-01  1.7004444184434711e-04
-8.4066245405040108e-01  1.7012741199929718e-04
-8.4049228516031893e-01  1.7021036536594289e-04
-8.4032203332526856e-01  1.7029330193431679e-04
-8.4015169856205152e-01  1.7037622169838848e-04
-8.3998128088747759e-01  1.7045912464712010e-04
-8.3981078031836431e-01  1.7054201077495033e-04
-8.3964019687153812e-01  1.7062488007213154e-04
-8.3946953056383311e-01  1.7070773253117141e-04
-8.3929878141209158e-01  1.7079056814382480e-04
-8.3912794943316427e-01  1.7087338690138261e-04
-8.3895703464390992e-01  1.7095618879604495e-04
-8.3878603706119503e-01  1.7103897382059609e-04
-8.3861495670189545e-01  1.7112174196517625e-04
-8.3844379358289389e-01  1.7120449322266157e-04
-8.3827254772108184e-01  1.7128722758515184e-04
-8.3810121913335900e-01  1.7136994504344237e-04
-8.3792980783663340e-01  1.7145264558915201e-04
-8.3775831384782051e-01  1.7153532921577099e-04
-8.3758673718384458e-01  1.7161799591441040e-04
-8.3741507786163805e-01  1.7170064567617512e-04
-8.3724333589814104e-01  1.7178327849345112e-04
-8.3707151131030233e-01  1.7186589435785939e-04
-8.3689960411507847e-01  1.7194849326202774e-04
-8.3672761432943432e-01  1.7203107519749215e-04
-8.3655554197034299e-01  1.7211364015519670e-04
-8.3638338705478543e-01  1.7219618812845078e-04
-8.3621114959975140e-01  1.7227871910780764e-04
-8.3603882962223808e-01  1.7236123308514854e-04
-8.3586642713925086e-01  1.7244373005352337e-04
-8.3569394216780379e-01  1.7252621000383850e-04
-8.3552137472491861e-01  1.7260867292846427e-04
-8.3534872482762546e-01  1.7269111881810471e-04
-8.3517599249296237e-01  1.7277354766649642e-04
-8.3500317773797583e-01  1.7285595946413374e-04
-8.3483028057971986e-01  1.7293835420372552e-04
-8.3465730103525759e-01  1.7302073187575658e-04
-8.3448423912165892e-01  1.7310309247452999e-04
-8.3431109485600374e-01  1.7318543598863784e-04
-8.3413786825537795e-01  1.7326776241315722e-04
-8.3396455933687719e-01  1.7335007173795050e-04
-8.3379116811760468e-01  1.7343236395587656e-04
-8.3361769461467139e-01  1.7351463905778788e-04
-8.3344413884519708e-01  1.7359689703643651e-04
-8.3327050082630927e-01  1.7367913788283724e-04
-8.3309678057514325e-01  1.7376136159141562e-04
-8.3292297810884341e-01  1.7384356815119891e-04
-8.3274909344456116e-01  1.7392575755437471e-04
-8.3257512659945687e-01  1.7400792979343675e-04
-8.3240107759069848e-01  1.7409008486063348e-04
-8.3222694643546213e-01  1.7417222274721195e-04
-8.3205273315093220e-01  1.7425434344727080e-04
-8.3187843775430126e-01  1.7433644694866423e-04
-8.3170406026276988e-01  1.7441853324604551e-04
-8.3152960069354653e-01  1.7450060233061004e-04
-8.3135505906384788e-01  1.7458265419543310e-04
-8.3118043539089925e-01  1.7466468883010103e-04
-8.3100572969193309e-01  1.7474670622890916e-04
-8.3083094198419061e-01  1.7482870638110742e-04
-8.3065607228492100e-01  1.7491068928141901e-04
-8.3048112061138135e-01  1.7499265491978776e-04
-8.3030608698083708e-01  1.7507460328997611e-04
-8.3013097141056158e-01  1.7515653438104212e-04
-8.2995577391783637e-01  1.7523844818736169e-04
-8.2978049451995095e-01  1.7532034470040699e-04
-8.2960513323420293e-01  1.7540222391176710e-04
-8.2942969007789813e-01  1.7548408581244957e-04
-8.2925416506835026e-01  1.7556593039615598e-04
-8.2907855822288135e-01  1.7564775765390405e-04
-8.2890286955882131e-01  1.7572956757732987e-04
-8.2872709909350817e-01  1.7581136015823402e-04
-8.2855124684428805e-01  1.7589313538950843e-04
-8.2837531282851518e-01  1.7597489326211761e-04
-8.2819929706355166e-01  1.7605663376942503e-04
-8.2802319956676818e-01  1.7613835690155085e-04
-8.2784702035554258e-01  1.7622006265227043e-04
-8.2767075944726176e-01  1.7630175101082085e-04
-8.2749441685931990e-01  1.7638342197241503e-04
-8.2731799260912009e-01  1.7646507552614531e-04
-8.2714148671407250e-01  1.7654671166577411e-04
-8.2696489919159588e-01  1.7662833038279517e-04
-8.2678823005911695e-01  1.7670993166977452e-04
-8.2661147933407064e-01  1.7679151551671082e-04
-8.2643464703390013e-01  1.7687308191644465e-04
-8.2625773317605566e-01  1.7695463086211271e-04
-8.2608073777799640e-01  1.7703616234550885e-04
-8.2590366085718958e-01  1.7711767635617527e-04
-8.2572650243111012e-01  1.7719917288896785e-04
-8.2554926251724103e-01  1.7728065193439369e-04
-8.2537194113307355e-01  1.7736211348420858e-04
-8.2519453829610678e-01  1.7744355753139172e-04
-8.2501705402384773e-01  1.7752498406758786e-04
-8.2483948833381215e-01  1.7760639308389201e-04
-8.2466184124352293e-01  1.7768778457313760e-04
-8.2448411277051159e-01  1.7776915852678739e-04
-8.2430630293231721e-01  1.7785051493722823e-04
-8.2412841174648732e-01  1.7793185379653463e-04
-8.2395043923057731e-01  1.7801317509667759e-04
-8.2377238540215059e-01  1.7809447882876497e-04
-8.2359425027877875e-01  1.7817576498554928e-04
-8.2341603387804119e-01  1.7825703355869293e-04
-8.2323773621752516e-01  1.7833828454069377e-04
-8.2305935731482649e-01  1.7841951792318822e-04
-8.2288089718754853e-01  1.7850073369790772e-04
-8.2270235585330298e-01  1.7858193185720149e-04
-8.2252373332970929e-01  1.7866311239251751e-04
-8.2234502963439504e-01  1.7874427529661316e-04
-8.2216624478499578e-01  1.7882542056134500e-04
-8.2198737879915518e-01  1.7890654817837847e-04
-8.2180843169452489e-01  1.7898765813945418e-04
-8.2162940348876434e-01  1.7906875043734763e-04
-8.2145029419954130e-01  1.7914982506364970e-04
-8.2127110384453139e-01  1.7923088200922670e-04
-8.2109183244141803e-01  1.7931192126849075e-04
-8.2091248000789285e-01  1.7939294283212342e-04
-8.2073304656165580e-01  1.7947394669154569e-04
-8.2055353212041415e-01  1.7955493283921235e-04
-8.2037393670188352e-01  1.7963590126782002e-04
-8.2019426032378751e-01  1.7971685196907961e-04
-8.2001450300385792e-01  1.7979778493413365e-04
-8.1983466475983402e-01  1.7987870015589684e-04
-8.1965474560946350e-01  1.7995959762623969e-04
-8.1947474557050182e-01  1.8004047733672827e-04
-8.1929466466071255e-01  1.8012133928013989e-04
-8.1911450289786714e-01  1.8020218344746937e-04
-8.1893426029974514e-01  1.8028300983184836e-04
-8.1875393688413389e-01  1.8036381842487437e-04
-8.1857353266882904e-01  1.8044460921805928e-04
-8.1839304767163368e-01  1.8052538220408144e-04
-8.1821248191035945e-01  1.8060613737426226e-04
-8.1803183540282554e-01  1.8068687472180107e-04
-8.1785110816685935e-01  1.8076759423783984e-04
-8.1767030022029608e-01  1.8084829591459974e-04
-8.1748941158097888e-01  1.8092897974471194e-04
-8.1730844226675914e-01  1.8100964571889070e-04
-8.1712739229549602e-01  1.8109029383024753e-04
-8.1694626168505680e-01  1.8117092406969929e-04
-8.1676505045331627e-01  1.8125153643053308e-04
-8.1658375861815746e-01  1.8133213090558548e-04
-8.1640238619747163e-01  1.8141270748335572e-04
-8.1622093320915756e-01  1.8149326616001457e-04
-8.1603939967112216e-01  1.8157380692445315e-04
-8.1585778560128008e-01  1.8165432977197387e-04
-8.1567609101755467e-01  1.8173483469127402e-04
-8.1549431593787625e-01  1.8181532167653336e-04
-8.1531246038018357e-01  1.8189579071775219e-04
-8.1513052436242317e-01  1.8197624181011464e-04
-8.1494850790254991e-01  1.8205667494292454e-04
-8.1476641101852609e-01  1.8213709010990770e-04
-8.1458423372832212e-01  1.8221748730233789e-04
-8.1440197604991660e-01  1.8229786651171247e-04
-8.1421963800129549e-01  1.8237822773171724e-04
-8.1403721960045328e-01  1.8245857095283271e-04
-8.1385472086539223e-01  1.8253889616769663e-04
-8.1367214181412229e-01  1.8261920336915620e-04
-8.1348948246466146e-01  1.8269949254830404e-04
-8.1330674283503568e-01  1.8277976369784714e-04
-8.1312392294327895e-01  1.8286001680852478e-04
-8.1294102280743297e-01  1.8294025187437195e-04
-8.1275804244554750e-01  1.8302046888670265e-04
-8.1257498187568022e-01  1.8310066783767183e-04
-8.1239184111589657e-01  1.8318084871815101e-04
-8.1220862018427009e-01  1.8326101152132932e-04
-8.1202531909888220e-01  1.8334115623955033e-04
-8.1184193787782188e-01  1.8342128286478809e-04
-8.1165847653918677e-01  1.8350139138818462e-04
-8.1147493510108171e-01  1.8358148180288615e-04
-8.1129131358161954e-01  1.8366155410098748e-04
-8.1110761199892156e-01  1.8374160827362506e-04
-8.1092383037111626e-01  1.8382164431427126e-04
-8.1073996871634058e-01  1.8390166221329119e-04
-8.1055602705273888e-01  1.8398166196474677e-04
-8.1037200539846388e-01  1.8406164355865102e-04
-8.1018790377167582e-01  1.8414160698942316e-04
-8.1000372219054306e-01  1.8422155224741171e-04
-8.0981946067324184e-01  1.8430147932469817e-04
-8.0963511923795606e-01  1.8438138821460405e-04
-8.0945069790287771e-01  1.8446127890875955e-04
-8.0926619668620681e-01  1.8454115139836624e-04
-8.0908161560615077e-01  1.8462100567722957e-04
-8.0889695468092548e-01  1.8470084173629009e-04
-8.0871221392875436e-01  1.8478065956768939e-04
-8.0852739336786861e-01  1.8486045916351910e-04
-8.0834249301650751e-01  1.8494024051708319e-04
-8.0815751289291826e-01  1.8502000361898910e-04
-8.0797245301535592e-01  1.8509974846218664e-04
-8.0778731340208310e-01  1.8517947503819462e-04
-8.0760209407137062e-01  1.8525918334078004e-04
-8.0741679504149722e-01  1.8533887335917871e-04
-8.0723141633074902e-01  1.8541854508825236e-04
-8.0704595795742073e-01  1.8549819851824951e-04
-8.0686041993981439e-01  1.8557783364267654e-04
-8.0667480229623978e-01  1.8565745045350142e-04
-8.0648910504501514e-01  1.8573704894236934e-04
-8.0630332820446604e-01  1.8581662910079245e-04
-8.0611747179292603e-01  1.8589619092231752e-04
-8.0593153582873689e-01  1.8597573439823543e-04
-8.0574552033024749e-01  1.8605525952157653e-04
-8.0555942531581515e-01  1.8613476628310337e-04
-8.0537325080380517e-01  1.8621425467558284e-04
-8.0518699681259009e-01  1.8629372469111904e-04
-8.0500066336055043e-01  1.8637317632333361e-04
-8.0481425046607535e-01  1.8645260956163883e-04
-8.0462775814756060e-01  1.8653202440024235e-04
-8.0444118642341067e-01  1.8661142083102109e-04
-8.0425453531203761e-01  1.8669079884544196e-04
-8.0406780483186124e-01  1.8677015843617475e-04
-8.0388099500130927e-01  1.8684949959544363e-04
-8.0369410583881740e-01  1.8692882231477213e-04
-8.0350713736282886e-01  1.8700812658711775e-04
-8.0332008959179479e-01  1.8708741240450256e-04
-8.0313296254417432e-01  1.8716667975872623e-04
-8.0294575623843434e-01  1.8724592864221778e-04
-8.0275847069304951e-01  1.8732515904721356e-04
-8.0257110592650216e-01  1.8740437096587969e-04
-8.0238366195728283e-01  1.8748356439013991e-04
-8.0219613880388962e-01  1.8756273931211565e-04
-8.0200853648482828e-01  1.8764189572453412e-04
-8.0182085501861278e-01  1.8772103361893252e-04
-8.0163309442376451e-01  1.8780015298863078e-04
-8.0144525471881312e-01  1.8787925382455944e-04
-8.0125733592229542e-01  1.8795833611964124e-04
-8.0106933805275649e-01  1.8803739986603834e-04
-8.0088126112874936e-01  1.8811644505554165e-04
-8.0069310516883441e-01  1.8819547168012326e-04
-8.0050487019158023e-01  1.8827447973252307e-04
-8.0031655621556275e-01  1.8835346920515747e-04
-8.0012816325936598e-01  1.8843244009008632e-04
-7.9993969134158205e-01  1.8851139237896755e-04
-7.9975114048081020e-01  1.8859032606405738e-04
-7.9956251069565787e-01  1.8866924113812778e-04
-7.9937380200474029e-01  1.8874813759309995e-04
-7.9918501442668011e-01  1.8882701542213571e-04
-7.9899614798010832e-01  1.8890587461541138e-04
-7.9880720268366345e-01  1.8898471516690002e-04
-7.9861817855599171e-01  1.8906353706827324e-04
-7.9842907561574716e-01  1.8914234031147708e-04
-7.9823989388159178e-01  1.8922112488825840e-04
-7.9805063337219495e-01  1.8929989079199223e-04
-7.9786129410623419e-01  1.8937863801493510e-04
-7.9767187610239465e-01  1.8945736654861901e-04
-7.9748237937936928e-01  1.8953607638551743e-04
-7.9729280395585889e-01  1.8961476751739822e-04
-7.9710314985057173e-01  1.8969343993715602e-04
-7.9691341708222407e-01  1.8977209363745760e-04
-7.9672360566954037e-01  1.8985072860881508e-04
-7.9653371563125175e-01  1.8992934484495565e-04
-7.9634374698609789e-01  1.9000794233818013e-04
-7.9615369975282646e-01  1.9008652108001449e-04
-7.9596357395019224e-01  1.9016508106194671e-04
-7.9577336959695777e-01  1.9024362227859439e-04
-7.9558308671189393e-01  1.9032214471991936e-04
-7.9539272531377880e-01  1.9040064837920977e-04
-7.9520228542139859e-01  1.9047913324877626e-04
-7.9501176705354704e-01  1.9055759932079880e-04
-7.9482117022902576e-01  1.9063604658690677e-04
-7.9463049496664362e-01  1.9071447504065767e-04
-7.9443974128521810e-01  1.9079288467275650e-04
-7.9424890920357383e-01  1.9087127547673193e-04
-7.9405799874054295e-01  1.9094964744459790e-04
-7.9386700991496628e-01  1.9102800056778932e-04
-7.9367594274569131e-01  1.9110633483984731e-04
-7.9348479725157395e-01  1.9118465025164545e-04
-7.9329357345147744e-01  1.9126294679660429e-04
-7.9310227136427325e-01  1.9134122446620190e-04
-7.9291089100884005e-01  1.9141948325278405e-04
-7.9271943240406428e-01  1.9149772314948926e-04
-7.9252789556884040e-01  1.9157594414807104e-04
-7.9233628052207039e-01  1.9165414624077839e-04
-7.9214458728266424e-01  1.9173232941941632e-04
-7.9195281586953925e-01  1.9181049367690656e-04
-7.9176096630162074e-01  1.9188863900485327e-04
-7.9156903859784111e-01  1.9196676539706231e-04
-7.9137703277714155e-01  1.9204487284395954e-04
-7.9118494885847013e-01  1.9212296133931526e-04
-7.9099278686078289e-01  1.9220103087462672e-04
-7.9080054680304368e-01  1.9227908144200666e-04
-7.9060822870422376e-01  1.9235711303444410e-04
-7.9041583258330239e-01  1.9243512564372041e-04
-7.9022335845926628e-01  1.9251311926246682e-04
-7.9003080635111012e-01  1.9259109388299357e-04
-7.8983817627783615e-01  1.9266904949691475e-04
-7.8964546825845416e-01  1.9274698609727395e-04
-7.8945268231198162e-01  1.9282490367680442e-04
-7.8925981845744442e-01  1.9290280222614628e-04
-7.8906687671387499e-01  1.9298068173938509e-04
-7.8887385710031421e-01  1.9305854220804229e-04
-7.8868075963581052e-01  1.9313638362374811e-04
-7.8848758433941968e-01  1.9321420598043324e-04
-7.8829433123020576e-01  1.9329200926922337e-04
-7.8810100032723995e-01  1.9336979348289567e-04
-7.8790759164960167e-01  1.9344755861315114e-04
-7.8771410521637730e-01  1.9352530465332370e-04
-7.8752054104666136e-01  1.9360303159482215e-04
-7.8732689915955612e-01  1.9368073943062556e-04
-7.8713317957417117e-01  1.9375842815242639e-04
-7.8693938230962401e-01  1.9383609775440724e-04
-7.8674550738503990e-01  1.9391374822542136e-04
-7.8655155481955141e-01  1.9399137956101082e-04
-7.8635752463229891e-01  1.9406899175250110e-04
-7.8616341684243074e-01  1.9414658479189307e-04
-7.8596923146910280e-01  1.9422415867118020e-04
-7.8577496853147810e-01  1.9430171338321309e-04
-7.8558062804872786e-01  1.9437924892017817e-04
-7.8538621004003084e-01  1.9445676527553800e-04
-7.8519171452457326e-01  1.9453426244074644e-04
-7.8499714152154931e-01  1.9461174040720492e-04
-7.8480249105016053e-01  1.9468919916890102e-04
-7.8460776312961644e-01  1.9476663871691302e-04
-7.8441295777913389e-01  1.9484405904422519e-04
-7.8421807501793728e-01  1.9492146014332587e-04
-7.8402311486525900e-01  1.9499884200657792e-04
-7.8382807734033899e-01  1.9507620462542728e-04
-7.8363296246242475e-01  1.9515354799359982e-04
-7.8343777025077121e-01  1.9523087210275767e-04
-7.8324250072464130e-01  1.9530817694555678e-04
-7.8304715390330559e-01  1.9538546251386186e-04
-7.8285172980604190e-01  1.9546272880006997e-04
-7.8265622845213589e-01  1.9553997579622683e-04
-7.8246064986088082e-01  1.9561720349620766e-04
-7.8226499405157768e-01  1.9569441189199943e-04
-7.8206926104353502e-01  1.9577160097409554e-04
-7.8187345085606885e-01  1.9584877073699477e-04
-7.8167756350850304e-01  1.9592592117218831e-04
-7.8148159902016889e-01  1.9600305227251530e-04
-7.8128555741040540e-01  1.9608016402995637e-04
-7.8108943869855918e-01  1.9615725643697579e-04
-7.8089324290398454e-01  1.9623432948560733e-04
-7.8069697004604310e-01  1.9631138316899264e-04
-7.8050062014410437e-01  1.9638841747895443e-04
-7.8030419321754541e-01  1.9646543240840200e-04
-7.8010768928575080e-01  1.9654242794916725e-04
-7.7991110836811284e-01  1.9661940409345882e-04
-7.7971445048403099e-01  1.9669636083544800e-04
-7.7951771565291317e-01  1.9677329816533261e-04
-7.7932090389417419e-01  1.9685021607632755e-04
-7.7912401522723673e-01  1.9692711456072167e-04
-7.7892704967153070e-01  1.9700399361140009e-04
-7.7873000724649410e-01  1.9708085322096199e-04
-7.7853288797157216e-01  1.9715769338127890e-04
-7.7833569186621798e-01  1.9723451408458763e-04
-7.7813841894989211e-01  1.9731131532345678e-04
-7.7794106924206241e-01  1.9738809709017078e-04
-7.7774364276220487e-01  1.9746485937774174e-04
-7.7754613952980245e-01  1.9754160217865102e-04
-7.7734855956434634e-01  1.9761832548419875e-04
-7.7715090288533450e-01  1.9769502928836119e-04
-7.7695316951227344e-01  1.9777171358236842e-04
-7.7675535946467633e-01  1.9784837835885101e-04
-7.7655747276206444e-01  1.9792502361027717e-04
-7.7635950942396637e-01  1.9800164932983467e-04
-7.7616146946991837e-01  1.9807825550902989e-04
-7.7596335291946450e-01  1.9815484214048826e-04
-7.7576515979215555e-01  1.9823140921732883e-04
-7.7556689010755109e-01  1.9830795673073459e-04
-7.7536854388521714e-01  1.9838448467472496e-04
-7.7517012114472794e-01  1.9846099304056018e-04
-7.7497162190566504e-01  1.9853748182095213e-04
-7.7477304618761766e-01  1.9861395100847354e-04
-7.7457439401018235e-01  1.9869040059499620e-04
-7.7437566539296299e-01  1.9876683057476333e-04
-7.7417686035557221e-01  1.9884324093748907e-04
-7.7397797891762865e-01  1.9891963167818414e-04
-7.7377902109875918e-01  1.9899600278824449e-04
-7.7357998691859864e-01  1.9907235425940261e-04
-7.7338087639678832e-01  1.9914868608548509e-04
-7.7318168955297817e-01  1.9922499825878308e-04
-7.7298242640682480e-01  1.9930129077087123e-04
-7.7278308697799325e-01  1.9937756361431653e-04
-7.7258367128615513e-01  1.9945381678224605e-04
-7.7238417935099013e-01  1.9953005026664066e-04
-7.7218461119218551e-01  1.9960626406021384e-04
-7.7198496682943540e-01  1.9968245815603079e-04
-7.7178524628244249e-01  1.9975863254554342e-04
-7.7158544957091624e-01  1.9983478722114710e-04
-7.7138557671457364e-01  1.9991092217703062e-04
-7.7118562773313970e-01  1.9998703740301002e-04
-7.7098560264634641e-01  2.0006313289362902e-04
-7.7078550147393354e-01  2.0013920864095101e-04
-7.7058532423564818e-01  2.0021526463732882e-04
-7.7038507095124531e-01  2.0029130087470748e-04
-7.7018474164048678e-01  2.0036731734722474e-04
-7.6998433632314289e-01  2.0044331404566476e-04
-7.6978385501899060e-01  2.0051929096208436e-04
-7.6958329774781420e-01  2.0059524809133361e-04
-7.6938266452940662e-01  2.0067118542402220e-04
-7.6918195538356715e-01  2.0074710295376954e-04
-7.6898117033010316e-01  2.0082300067224393e-04
-7.6878030938882946e-01  2.0089887857175216e-04
-7.6857937257956799e-01  2.0097473664587627e-04
-7.6837835992214853e-01  2.0105057488665253e-04
-7.6817727143640824e-01  2.0112639328675493e-04
-7.6797610714219200e-01  2.0120219183754267e-04
-7.6777486705935161e-01  2.0127797053326777e-04
-7.6757355120774684e-01  2.0135372936540066e-04
-7.6737215960724492e-01  2.0142946832620286e-04
-7.6717069227772017e-01  2.0150518740951685e-04
-7.6696914923905490e-01  2.0158088660641549e-04
-7.6676753051113833e-01  2.0165656591038809e-04
-7.6656583611386753e-01  2.0173222531398732e-04
-7.6636406606714691e-01  2.0180786480905236e-04
-7.6616222039088877e-01  2.0188348438816375e-04
-7.6596029910501207e-01  2.0195908404416633e-04
-7.6575830222944352e-01  2.0203466377005744e-04
-7.6555622978411786e-01  2.0211022355823101e-04
-7.6535408178897657e-01  2.0218576340054752e-04
-7.6515185826396892e-01  2.0226128328937909e-04
-7.6494955922905172e-01  2.0233678321836344e-04
-7.6474718470418890e-01  2.0241226317913838e-04
-7.6454473470935203e-01  2.0248772316524153e-04
-7.6434220926452023e-01  2.0256316316756784e-04
-7.6413960838968009e-01  2.0263858318033244e-04
-7.6393693210482505e-01  2.0271398319572732e-04
-7.6373418042995689e-01  2.0278936320573498e-04
-7.6353135338508404e-01  2.0286472320379801e-04
-7.6332845099022339e-01  2.0294006318087436e-04
-7.6312547326539759e-01  2.0301538313184577e-04
-7.6292242023063872e-01  2.0309068304683235e-04
-7.6271929190598486e-01  2.0316596292006134e-04
-7.6251608831148177e-01  2.0324122274365696e-04
-7.6231280946718316e-01  2.0331646251032511e-04
-7.6210945539314978e-01  2.0339168221172191e-04
-7.6190602610944980e-01  2.0346688184189629e-04
-7.6170252163615892e-01  2.0354206139277340e-04
-7.6149894199336021e-01  2.0361722085645431e-04
-7.6129528720114403e-01  2.0369236022617154e-04
-7.6109155727960853e-01  2.0376747949386206e-04
-7.6088775224885885e-01  2.0384257865319896e-04
-7.6068387212900790e-01  2.0391765769552981e-04
-7.6047991694017569e-01  2.0399271661433356e-04
-7.6027588670248991e-01  2.0406775540136692e-04
-7.6007178143608511e-01  2.0414277405069264e-04
-7.5986760116110430e-01  2.0421777255300150e-04
-7.5966334589769691e-01  2.0429275090212118e-04
-7.5945901566601992e-01  2.0436770909070423e-04
-7.5925461048623821e-01  2.0444264711066274e-04
-7.5905013037852376e-01  2.0451756495516206e-04
-7.5884557536305564e-01  2.0459246261663130e-04
-7.5864094546002092e-01  2.0466734008730666e-04
-7.5843624068961346e-01  2.0474219736107613e-04
-7.5823146107203510e-01  2.0481703442820580e-04
-7.5802660662749455e-01  2.0489185128344073e-04
-7.5782167737620798e-01  2.0496664791908996e-04
-7.5761667333839933e-01  2.0504142432684758e-04
-7.5741159453429963e-01  2.0511618050026928e-04
-7.5720644098414724e-01  2.0519091643121399e-04
-7.5700121270818799e-01  2.0526563211278295e-04
-7.5679590972667521e-01  2.0534032753679441e-04
-7.5659053205986915e-01  2.0541500269728318e-04
-7.5638507972803803e-01  2.0548965758640939e-04
-7.5617955275145698e-01  2.0556429219588290e-04
-7.5597395115040888e-01  2.0563890651916912e-04
-7.5576827494518373e-01  2.0571350054865453e-04
-7.5556252415607883e-01  2.0578807427706216e-04
-7.5535669880339873e-01  2.0586262769764277e-04
-7.5515079890745584e-01  2.0593716080214791e-04
-7.5494482448856970e-01  2.0601167358282383e-04
-7.5473877556706681e-01  2.0608616603405187e-04
-7.5453265216328169e-01  2.0616063814627298e-04
-7.5432645429755563e-01  2.0623508991423237e-04
-7.5412018199023767e-01  2.0630952132912999e-04
-7.5391383526168387e-01  2.0638393238485761e-04
-7.5370741413225795e-01  2.0645832307236847e-04
-7.5350091862233071e-01  2.0653269338586407e-04
-7.5329434875228052e-01  2.0660704331678032e-04
-7.5308770454249285e-01  2.0668137285942236e-04
-7.5288098601336073e-01  2.0675568200531437e-04
-7.5267419318528428e-01  2.0682997074680440e-04
-7.5246732607867117e-01  2.0690423907727574e-04
-7.5226038471393653e-01  2.0697848698909057e-04
-7.5205336911150233e-01  2.0705271447466064e-04
-7.5184627929179815e-01  2.0712692152755730e-04
-7.5163911527526106e-01  2.0720110813955890e-04
-7.5143187708233516e-01  2.0727527430343103e-04
-7.5122456473347210e-01  2.0734942001269735e-04
-7.5101717824913061e-01  2.0742354525927600e-04
-7.5080971764977700e-01  2.0749765003581661e-04
-7.5060218295588466e-01  2.0757173433575270e-04
-7.5039457418793454e-01  2.0764579815024266e-04
-7.5018689136641448e-01  2.0771984147397934e-04
-7.4997913451182008e-01  2.0779386429802023e-04
-7.4977130364465416e-01  2.0786786661553347e-04
-7.4956339878542666e-01  2.0794184841976313e-04
-7.4935541995465482e-01  2.0801580970352136e-04
-7.4914736717286345e-01  2.0808975045791365e-04
-7.4893924046058435e-01  2.0816367067730127e-04
-7.4873103983835687e-01  2.0823757035358370e-04
-7.4852276532672746e-01  2.0831144947968929e-04
-7.4831441694624989e-01  2.0838530804886599e-04
-7.4810599471748529e-01  2.0845914605301550e-04
-7.4789749866100208e-01  2.0853296348431435e-04
-7.4768892879737603e-01  2.0860676033712672e-04
-7.4748028514719000e-01  2.0868053660312810e-04
-7.4727156773103409e-01  2.0875429227521858e-04
-7.4706277656950604e-01  2.0882802734629058e-04
-7.4685391168321047e-01  2.0890174180929991e-04
-7.4664497309275979e-01  2.0897543565641678e-04
-7.4643596081877306e-01  2.0904910888000500e-04
-7.4622687488187689e-01  2.0912276147381343e-04
-7.4601771530270544e-01  2.0919639342942314e-04
-7.4580848210189943e-01  2.0927000474075838e-04
-7.4559917530010766e-01  2.0934359540014733e-04
-7.4538979491798552e-01  2.0941716540047673e-04
-7.4518034097619645e-01  2.0949071473325091e-04
-7.4497081349541006e-01  2.0956424339322905e-04
-7.4476121249630434e-01  2.0963775137102338e-04
-7.4455153799956364e-01  2.0971123866167624e-04
-7.4434179002587997e-01  2.0978470525609202e-04
-7.4413196859595288e-01  2.0985815114781060e-04
-7.4392207373048846e-01  2.0993157632912969e-04
-7.4371210545020050e-01  2.1000498079343138e-04
-7.4350206377581018e-01  2.1007836453264584e-04
-7.4329194872804560e-01  2.1015172754054975e-04
-7.4308176032764206e-01  2.1022506980925668e-04
-7.4287149859534241e-01  2.1029839133172309e-04
-7.4266116355189660e-01  2.1037169210061398e-04
-7.4245075521806170e-01  2.1044497210864923e-04
-7.4224027361460210e-01  2.1051823134898913e-04
-7.4202971876228940e-01  2.1059146981389798e-04
-7.4181909068190266e-01  2.1066468749624906e-04
-7.4160838939422780e-01  2.1073788438835683e-04
-7.4139761492005807e-01  2.1081106048415681e-04
-7.4118676728019395e-01  2.1088421577601622e-04
-7.4097584649544357e-01  2.1095735025577740e-04
-7.4076485258662139e-01  2.1103046391814285e-04
-7.4055378557455009e-01  2.1110355675343161e-04
-7.4034264548005846e-01  2.1117662875693048e-04
-7.4013143232398371e-01  2.1124967991930429e-04
-7.3992014612716939e-01  2.1132271023428429e-04
-7.3970878691046638e-01  2.1139571969497250e-04
-7.3949735469473299e-01  2.1146870829408663e-04
-7.3928584950083498e-01  2.1154167602370957e-04
-7.3907427134964465e-01  2.1161462287739690e-04
-7.3886262026204186e-01  2.1168754884734535e-04
-7.3865089625891378e-01  2.1176045392680710e-04
-7.3843909936115470e-01  2.1183333810782988e-04
-7.3822722958966580e-01  2.1190620138503797e-04
-7.3801528696535579e-01  2.1197904374938310e-04
-7.3780327150914060e-01  2.1205186519436870e-04
-7.3759118324194306e-01  2.1212466571266463e-04
-7.3737902218469342e-01  2.1219744529736101e-04
-7.3716678835832927e-01  2.1227020394054376e-04
-7.3695448178379452e-01  2.1234294163640640e-04
-7.3674210248204153e-01  2.1241565837679346e-04
-7.3652965047402885e-01  2.1248835415469642e-04
-7.3631712578072284e-01  2.1256102896260887e-04
-7.3610452842309670e-01  2.1263368279384425e-04
-7.3589185842213056e-01  2.1270631564075415e-04
-7.3567911579881218e-01  2.1277892749711465e-04
-7.3546630057413631e-01  2.1285151835457076e-04
-7.3525341276910483e-01  2.1292408820711199e-04
-7.3504045240472715e-01  2.1299663704624656e-04
-7.3482741950201902e-01  2.1306916486612593e-04
-7.3461431408200406e-01  2.1314167165883787e-04
-7.3440113616571279e-01  2.1321415741774901e-04
-7.3418788577418326e-01  2.1328662213473639e-04
-7.3397456292845975e-01  2.1335906580368871e-04
-7.3376116764959465e-01  2.1343148841716214e-04
-7.3354769995864699e-01  2.1350388996747857e-04
-7.3333415987668327e-01  2.1357627044821993e-04
-7.3312054742477673e-01  2.1364862985179703e-04
-7.3290686262400784e-01  2.1372096817148337e-04
-7.3269310549546485e-01  2.1379328539937063e-04
-7.3247927606024221e-01  2.1386558152877415e-04
-7.3226537433944183e-01  2.1393785655351592e-04
-7.3205140035417338e-01  2.1401011046504303e-04
-7.3183735412555273e-01  2.1408234325622064e-04
-7.3162323567470322e-01  2.1415455492094081e-04
-7.3140904502275561e-01  2.1422674545164841e-04
-7.3119478219084744e-01  2.1429891484072011e-04
-7.3098044720012356e-01  2.1437106308184594e-04
-7.3076604007173585e-01  2.1444319016747959e-04
-7.3055156082684336e-01  2.1451529609016080e-04
-7.3033700948661195e-01  2.1458738084371615e-04
-7.3012238607221547e-01  2.1465944441963360e-04
-7.2990769060483363e-01  2.1473148681237802e-04
-7.2969292310565415e-01  2.1480350801401872e-04
-7.2947808359587174e-01  2.1487550801720849e-04
-7.2926317209668801e-01  2.1494748681551412e-04
-7.2904818862931187e-01  2.1501944440103618e-04
-7.2883313321495891e-01  2.1509138076752395e-04
-7.2861800587485237e-01  2.1516329590722219e-04
-7.2840280663022217e-01  2.1523518981349639e-04
-7.2818753550230553e-01  2.1530706247926517e-04
-7.2797219251234724e-01  2.1537891389634739e-04
-7.2775677768159786e-01  2.1545074405962615e-04
-7.2754129103131637e-01  2.1552255295988670e-04
-7.2732573258276823e-01  2.1559434059136327e-04
-7.2711010235722606e-01  2.1566610694674502e-04
-7.2689440037596964e-01  2.1573785201847506e-04
-7.2667862666028549e-01  2.1580957580019235e-04
-7.2646278123146779e-01  2.1588127828492035e-04
-7.2624686411081740e-01  2.1595295946483670e-04
-7.2603087531964228e-01  2.1602461933312308e-04
-7.2581481487925781e-01  2.1609625788269085e-04
-7.2559868281098594e-01  2.1616787510649849e-04
-7.2538247913615606e-01  2.1623947099740586e-04
-7.2516620387610409e-01  2.1631104554886520e-04
-7.2494985705217396e-01  2.1638259875311218e-04
-7.2473343868571571e-01  2.1645413060349583e-04
-7.2451694879808692e-01  2.1652564109324922e-04
-7.2430038741065239e-01  2.1659713021452150e-04
-7.2408375454478358e-01  2.1666859796040487e-04
-7.2386705022185904e-01  2.1674004432455015e-04
-7.2365027446326458e-01  2.1681146929896313e-04
-7.2343342729039295e-01  2.1688287287787390e-04
-7.2321650872464405e-01  2.1695425505271815e-04
-7.2299951878742474e-01  2.1702561581716753e-04
-7.2278245750014880e-01  2.1709695516428947e-04
-7.2256532488423719e-01  2.1716827308750051e-04
-7.2234812096111811e-01  2.1723956957834392e-04
-7.2213084575222619e-01  2.1731084463163914e-04
-7.2191349927900417e-01  2.1738209823829596e-04
-7.2169608156290033e-01  2.1745333039265504e-04
-7.2147859262537128e-01  2.1752454108789920e-04
-7.2126103248788009e-01  2.1759573031620850e-04
-7.2104340117189669e-01  2.1766689807100798e-04
-7.2082569869889879e-01  2.1773804434469413e-04
-7.2060792509037019e-01  2.1780916913067446e-04
-7.2039008036780228e-01  2.1788027242227283e-04
-7.2017216455269351e-01  2.1795135421142191e-04
-7.1995417766654857e-01  2.1802241449268622e-04
-7.1973611973088036e-01  2.1809345325740921e-04
-7.1951799076720790e-01  2.1816447049973750e-04
-7.1929979079705775e-01  2.1823546621203268e-04
-7.1908151984196289e-01  2.1830644038761505e-04
-7.1886317792346377e-01  2.1837739301930901e-04
-7.1864476506310770e-01  2.1844832410031635e-04
-7.1842628128244923e-01  2.1851923362315362e-04
-7.1820772660304955e-01  2.1859012158142348e-04
-7.1798910104647673e-01  2.1866098796802385e-04
-7.1777040463430652e-01  2.1873183277550153e-04
-7.1755163738812078e-01  2.1880265599746380e-04
-7.1733279932950933e-01  2.1887345762643985e-04
-7.1711389048006802e-01  2.1894423765529545e-04
-7.1689491086140023e-01  2.1901499607830435e-04
-7.1667586049511667e-01  2.1908573288649758e-04
-7.1645673940283372e-01  2.1915644807514472e-04
-7.1623754760617642e-01  2.1922714163500825e-04
-7.1601828512677546e-01  2.1929781356036778e-04
-7.1579895198626919e-01  2.1936846384438833e-04
-7.1557954820630276e-01  2.1943909247978274e-04
-7.1536007380852840e-01  2.1950969945941468e-04
-7.1514052881460510e-01  2.1958028477635320e-04
-7.1492091324619866e-01  2.1965084842456026e-04
-7.1470122712498241e-01  2.1972139039533976e-04
-7.1448147047263644e-01  2.1979191068261254e-04
-7.1426164331084740e-01  2.1986240928015805e-04
-7.1404174566130951e-01  2.1993288617934049e-04
-7.1382177754572296e-01  2.2000334137535065e-04
-7.1360173898579649e-01  2.2007377485910550e-04
-7.1338163000324406e-01  2.2014418662532722e-04
-7.1316145061978797e-01  2.2021457666576493e-04
-7.1294120085715651e-01  2.2028494497466846e-04
-7.1272088073708550e-01  2.2035529154399886e-04
-7.1250049028131734e-01  2.2042561636770276e-04
-7.1228002951160163e-01  2.2049591943795030e-04
-7.1205949844969463e-01  2.2056620074885726e-04
-7.1183889711735993e-01  2.2063646029261071e-04
-7.1161822553636789e-01  2.2070669806225222e-04
-7.1139748372849521e-01  2.2077691405186973e-04
-7.1117667171552656e-01  2.2084710825376233e-04
-7.1095578951925309e-01  2.2091728066106776e-04
-7.1073483716147245e-01  2.2098743126638574e-04
-7.1051381466399000e-01  2.2105756006346764e-04
-7.1029272204861704e-01  2.2112766704534734e-04
-7.1007155933717281e-01  2.2119775220565881e-04
-7.0985032655148306e-01  2.2126781553571872e-04
-7.0962902371337999e-01  2.2133785703064044e-04
-7.0940765084470336e-01  2.2140787668191675e-04
-7.0918620796729970e-01  2.2147787448360424e-04
-7.0896469510302240e-01  2.2154785042826540e-04
-7.0874311227373155e-01  2.2161780450889764e-04
-7.0852145950129430e-01  2.2168773672010805e-04
-7.0829973680758496e-01  2.2175764705240970e-04
-7.0807794421448400e-01  2.2182753550123983e-04
-7.0785608174387982e-01  2.2189740205842446e-04
-7.0763414941766689e-01  2.2196724671740686e-04
-7.0741214725774682e-01  2.2203706947147259e-04
-7.0719007528602851e-01  2.2210687031308919e-04
-7.0696793352442688e-01  2.2217664923646278e-04
-7.0674572199486463e-01  2.2224640623373708e-04
-7.0652344071927087e-01  2.2231614129845681e-04
-7.0630108971958161e-01  2.2238585442330841e-04
-7.0607866901773986e-01  2.2245554560250240e-04
-7.0585617863569561e-01  2.2252521482731634e-04
-7.0563361859540530e-01  2.2259486209281709e-04
-7.0541098891883280e-01  2.2266448739108452e-04
-7.0518828962794844e-01  2.2273409071523666e-04
-7.0496552074472962e-01  2.2280367205865432e-04
-7.0474268229116044e-01  2.2287323141471650e-04
-7.0451977428923218e-01  2.2294276877584497e-04
-7.0429679676094259e-01  2.2301228413581679e-04
-7.0407374972829651e-01  2.2308177748763214e-04
-7.0385063321330543e-01  2.2315124882475308e-04
-7.0362744723798842e-01  2.2322069813913786e-04
-7.0340419182437031e-01  2.2329012542479491e-04
-7.0318086699448346e-01  2.2335953067558847e-04
-7.0295747277036713e-01  2.2342891388321958e-04
-7.0273400917406681e-01  2.2349827504188809e-04
-7.0251047622763596e-01  2.2356761414378757e-04
-7.0228687395313338e-01  2.2363693118336497e-04
-7.0206320237262609e-01  2.2370622615273326e-04
-7.0183946150818732e-01  2.2377549904525180e-04
-7.0161565138189697e-01  2.2384474985462520e-04
-7.0139177201584213e-01  2.2391397857324998e-04
-7.0116782343211659e-01  2.2398318519470340e-04
-7.0094380565282099e-01  2.2405236971225785e-04
-7.0071971870006289e-01  2.2412153211865196e-04
-7.0049556259595636e-01  2.2419067240734932e-04
-7.0027133736262270e-01  2.2425979057209296e-04
-7.0004704302218967e-01  2.2432888660476824e-04
-6.9982267959679223e-01  2.2439796049961009e-04
-6.9959824710857155e-01  2.2446701225014616e-04
-6.9937374557967669e-01  2.2453604184783762e-04
-6.9914917503226226e-01  2.2460504928732578e-04
-6.9892453548849043e-01  2.2467403456166891e-04
-6.9869982697053001e-01  2.2474299766352091e-04
-6.9847504950055672e-01  2.2481193858636445e-04
-6.9825020310075292e-01  2.2488085732338533e-04
-6.9802528779330775e-01  2.2494975386790620e-04
-6.9780030360041756e-01  2.2501862821247982e-04
-6.9757525054428493e-01  2.2508748035124365e-04
-6.9735012864711932e-01  2.2515631027708428e-04
-6.9712493793113750e-01  2.2522511798294941e-04
-6.9689967841856237e-01  2.2529390346233427e-04
-6.9667435013162415e-01  2.2536266670862486e-04
-6.9644895309255961e-01  2.2543140771375965e-04
-6.9622348732361228e-01  2.2550012647238718e-04
-6.9599795284703247e-01  2.2556882297734962e-04
-6.9577234968507740e-01  2.2563749722202041e-04
-6.9554667786001079e-01  2.2570614919928319e-04
-6.9532093739410350e-01  2.2577477890271347e-04
-6.9509512830963305e-01  2.2584338632486431e-04
-6.9486925062888361e-01  2.2591197145917593e-04
-6.9464330437414601e-01  2.2598053429970965e-04
-6.9441728956771831e-01  2.2604907483867904e-04
-6.9419120623190489e-01  2.2611759306980016e-04
-6.9396505438901701e-01  2.2618608898641388e-04
-6.9373883406137282e-01  2.2625456258115926e-04
-6.9351254527129713e-01  2.2632301384832907e-04
-6.9328618804112163e-01  2.2639144277996256e-04
-6.9305976239318423e-01  2.2645984937074296e-04
-6.9283326834983050e-01  2.2652823361178119e-04
-6.9260670593341200e-01  2.2659659549862467e-04
-6.9238007516628730e-01  2.2666493502308965e-04
-6.9215337607082184e-01  2.2673325217924609e-04
-6.9192660866938771e-01  2.2680154695938729e-04
-6.9169977298436369e-01  2.2686981935774207e-04
-6.9147286903813510e-01  2.2693806936759331e-04
-6.9124589685309457e-01  2.2700629698113082e-04
-6.9101885645164085e-01  2.2707450219224486e-04
-6.9079174785617981e-01  2.2714268499456541e-04
-6.9056457108912395e-01  2.2721084538090898e-04
-6.9033732617289245e-01  2.2727898334428754e-04
-6.9011001312991116e-01  2.2734709887928476e-04
-6.8988263198261279e-01  2.2741519197778994e-04
-6.8965518275343696e-01  2.2748326263339041e-04
-6.8942766546482925e-01  2.2755131083985488e-04
-6.8920008013924283e-01  2.2761933658995193e-04
-6.8897242679913728e-01  2.2768733987709833e-04
-6.8874470546697864e-01  2.2775532069437218e-04
-6.8851691616523980e-01  2.2782327903635331e-04
-6.8828905891640069e-01  2.2789121489440693e-04
-6.8806113374294742e-01  2.2795912826334633e-04
-6.8783314066737322e-01  2.2802701913550240e-04
-6.8760507971217777e-01  2.2809488750460938e-04
-6.8737695089986772e-01  2.2816273336354913e-04
-6.8714875425295574e-01  2.2823055670662129e-04
-6.8692048979396214e-01  2.2829835752640585e-04
-6.8669215754541324e-01  2.2836613581607795e-04
-6.8646375752984257e-01  2.2843389156889827e-04
-6.8623528976978976e-01  2.2850162477869887e-04
-6.8600675428780145e-01  2.2856933543891173e-04
-6.8577815110643103e-01  2.2863702354233734e-04
-6.8554948024823847e-01  2.2870468908203756e-04
-6.8532074173579050e-01  2.2877233205176770e-04
-6.8509193559166004e-01  2.2883995244534034e-04
-6.8486306183842749e-01  2.2890755025513202e-04
-6.8463412049867955e-01  2.2897512547532972e-04
-6.8440511159500927e-01  2.2904267809887734e-04
-6.8417603515001701e-01  2.2911020811839327e-04
-6.8394689118630914e-01  2.2917771552845247e-04
-6.8371767972649922e-01  2.2924520032156811e-04
-6.8348840079320694e-01  2.2931266249182064e-04
-6.8325905440905954e-01  2.2938010203138036e-04
-6.8302964059668980e-01  2.2944751893465650e-04
-6.8280015937873784e-01  2.2951491319441898e-04
-6.8257061077785020e-01  2.2958228480506084e-04
-6.8234099481668053e-01  2.2964963375829105e-04
-6.8211131151788851e-01  2.2971696004827591e-04
-6.8188156090414043e-01  2.2978426366910439e-04
-6.8165174299810982e-01  2.2985154461286332e-04
-6.8142185782247644e-01  2.2991880287339330e-04
-6.8119190539992702e-01  2.2998603844377635e-04
-6.8096188575315431e-01  2.3005325131838302e-04
-6.8073179890485824e-01  2.3012044148967487e-04
-6.8050164487774523e-01  2.3018760895084718e-04
-6.8027142369452820e-01  2.3025475369647569e-04
-6.8004113537792688e-01  2.3032187571892887e-04
-6.7981077995066741e-01  2.3038897501160901e-04
-6.7958035743548306e-01  2.3045605156781242e-04
-6.7934986785511287e-01  2.3052310538165094e-04
-6.7911931123230329e-01  2.3059013644603448e-04
-6.7888868758980703e-01  2.3065714475372902e-04
-6.7865799695038320e-01  2.3072413029928367e-04
-6.7842723933679805e-01  2.3079109307550501e-04
-6.7819641477182402e-01  2.3085803307602002e-04
-6.7796552327824045e-01  2.3092495029413066e-04
-6.7773456487883310e-01  2.3099184472234792e-04
-6.7750353959639420e-01  2.3105871635525281e-04
-6.7727244745372295e-01  2.3112556518645462e-04
-6.7704128847362488e-01  2.3119239120793564e-04
-6.7681006267891219e-01  2.3125919441438684e-04
-6.7657877009240375e-01  2.3132597479852947e-04
-6.7634741073692461e-01  2.3139273235417497e-04
-6.7611598463530720e-01  2.3145946707429278e-04
-6.7588449181038990e-01  2.3152617895274912e-04
-6.7565293228501755e-01  2.3159286798304316e-04
-6.7542130608204232e-01  2.3165953415779170e-04
-6.7518961322432225e-01  2.3172617747147713e-04
-6.7495785373472250e-01  2.3179279791642811e-04
-6.7472602763611400e-01  2.3185939548725742e-04
-6.7449413495137533e-01  2.3192597017628435e-04
-6.7426217570339086e-01  2.3199252197761894e-04
-6.7403014991505161e-01  2.3205905088464869e-04
-6.7379805760925560e-01  2.3212555689032673e-04
-6.7356589880890705e-01  2.3219203998827191e-04
-6.7333367353691687e-01  2.3225850017249264e-04
-6.7310138181620216e-01  2.3232493743602560e-04
-6.7286902366968726e-01  2.3239135177212955e-04
-6.7263659912030271e-01  2.3245774317420890e-04
-6.7240410819098517e-01  2.3252411163632848e-04
-6.7217155090467862e-01  2.3259045715176999e-04
-6.7193892728433346e-01  2.3265677971316307e-04
-6.7170623735290613e-01  2.3272307931456837e-04
-6.7147348113335981e-01  2.3278935594968947e-04
-6.7124065864866456e-01  2.3285560961176346e-04
-6.7100776992179667e-01  2.3292184029430379e-04
-6.7077481497573888e-01  2.3298804799029579e-04
-6.7054179383348100e-01  2.3305423269382339e-04
-6.7030870651801866e-01  2.3312039439762742e-04
-6.7007555305235433e-01  2.3318653309615495e-04
-6.6984233345949729e-01  2.3325264878220917e-04
-6.6960904776246299e-01  2.3331874144959586e-04
-6.6937569598427316e-01  2.3338481109194852e-04
-6.6914227814795701e-01  2.3345085770182255e-04
-6.6890879427654948e-01  2.3351688127330630e-04
-6.6867524439309167e-01  2.3358288180051238e-04
-6.6844162852063227e-01  2.3364885927606909e-04
-6.6820794668222572e-01  2.3371481369373860e-04
-6.6797419890093335e-01  2.3378074504685280e-04
-6.6774038519982293e-01  2.3384665332881846e-04
-6.6750650560196800e-01  2.3391253853395321e-04
-6.6727256013045000e-01  2.3397840065461794e-04
-6.6703854880835578e-01  2.3404423968490702e-04
-6.6680447165877910e-01  2.3411005561842972e-04
-6.6657032870481980e-01  2.3417584844865843e-04
-6.6633611996958508e-01  2.3424161816862246e-04
-6.6610184547618778e-01  2.3430736477255223e-04
-6.6586750524774763e-01  2.3437308825345046e-04
-6.6563309930739090e-01  2.3443878860474369e-04
-6.6539862767824998e-01  2.3450446582032298e-04
-6.6516409038346391e-01  2.3457011989356469e-04
-6.6492948744617864e-01  2.3463575081827565e-04
-6.6469481888954607e-01  2.3470135858697828e-04
-6.6446008473672458e-01  2.3476694319478036e-04
-6.6422528501087952e-01  2.3483250463394594e-04
-6.6399041973518214e-01  2.3489804289790472e-04
-6.6375548893281033e-01  2.3496355798142789e-04
-6.6352049262694868e-01  2.3502904987701684e-04
-6.6328543084078806e-01  2.3509451857835846e-04
-6.6305030359752581e-01  2.3515996407885963e-04
-6.6281511092036560e-01  2.3522538637310401e-04
-6.6257985283251786e-01  2.3529078545309959e-04
-6.6234452935719923e-01  2.3535616131363553e-04
-6.6210914051763292e-01  2.3542151394757746e-04
-6.6187368633704868e-01  2.3548684334845119e-04
-6.6163816683868215e-01  2.3555214951053219e-04
-6.6140258204577629e-01  2.3561743242662671e-04
-6.6116693198157994e-01  2.3568269209028327e-04
-6.6093121666934840e-01  2.3574792849585067e-04
-6.6069543613234372e-01  2.3581314163598812e-04
-6.6045959039383395e-01  2.3587833150457652e-04
-6.6022367947709393e-01  2.3594349809532883e-04
-6.5998770340540469e-01  2.3600864140194185e-04
-6.5975166220205406e-01  2.3607376141732974e-04
-6.5951555589033584e-01  2.3613885813573101e-04
-6.5927938449355028e-01  2.3620393155108355e-04
-6.5904314803500463e-01  2.3626898165525321e-04
-6.5880684653801214e-01  2.3633400844328935e-04
-6.5857048002589202e-01  2.3639901190880531e-04
-6.5833404852197086e-01  2.3646399204489932e-04
-6.5809755204958087e-01  2.3652894884534651e-04
-6.5786099063206127e-01  2.3659388230357409e-04
-6.5762436429275728e-01  2.3665879241260067e-04
-6.5738767305502055e-01  2.3672367916765280e-04
-6.5715091694220940e-01  2.3678854256080727e-04
-6.5691409597768824e-01  2.3685338258603444e-04
-6.5667721018482794e-01  2.3691819923795911e-04
-6.5644025958700625e-01  2.3698299250834442e-04
-6.5620324420760667e-01  2.3704776239233451e-04
-6.5596616407001906e-01  2.3711250888299457e-04
-6.5572901919764037e-01  2.3717723197399658e-04
-6.5549180961387332e-01  2.3724193165873108e-04
-6.5525453534212741e-01  2.3730660793104194e-04
-6.5501719640581813e-01  2.3737126078403602e-04
-6.5477979282836762e-01  2.3743589021217254e-04
-6.5454232463320428e-01  2.3750049620899094e-04
-6.5430479184376300e-01  2.3756507876708448e-04
-6.5406719448348494e-01  2.3762963788134941e-04
-6.5382953257581777e-01  2.3769417354447080e-04
-6.5359180614421530e-01  2.3775868575035775e-04
-6.5335401521213787e-01  2.3782317449314258e-04
-6.5311615980305227e-01  2.3788763976588138e-04
-6.5287823994043137e-01  2.3795208156260269e-04
-6.5264025564775485e-01  2.3801649987657201e-04
-6.5240220694850803e-01  2.3808089470166651e-04
-6.5216409386618346e-01  2.3814526603144814e-04
-6.5192591642427944e-01  2.3820961385939595e-04
-6.5168767464630073e-01  2.3827393817917340e-04
-6.5144936855575852e-01  2.3833823898497324e-04
-6.5121099817617045e-01  2.3840251627028816e-04
-6.5097256353106003e-01  2.3846677002880648e-04
-6.5073406464395789e-01  2.3853100025319804e-04
-6.5049550153840041e-01  2.3859520693828677e-04
-6.5025687423793044e-01  2.3865939007710458e-04
-6.5001818276609713e-01  2.3872354966390137e-04
-6.4977942714645631e-01  2.3878768569145844e-04
-6.4954060740256958e-01  2.3885179815435757e-04
-6.4930172355800531e-01  2.3891588704537937e-04
-6.4906277563633785e-01  2.3897995235954599e-04
-6.4882376366114813e-01  2.3904399408890257e-04
-6.4858468765602351e-01  2.3910801222827124e-04
-6.4834554764455710e-01  2.3917200677099358e-04
-6.4810634365034914e-01  2.3923597771067668e-04
-6.4786707569700541e-01  2.3929992504146872e-04
-6.4762774380813859e-01  2.3936384875615323e-04
-6.4738834800736722e-01  2.3942774884924987e-04
-6.4714888831831674e-01  2.3949162531373616e-04
-6.4690936476461802e-01  2.3955547814415461e-04
-6.4666977736990905e-01  2.3961930733350627e-04
-6.4643012615783368e-01  2.3968311287590906e-04
-6.4619041115204223e-01  2.3974689476465282e-04
-6.4595063237619110e-01  2.3981065299397952e-04
-6.4571078985394326e-01  2.3987438755701304e-04
-6.4547088360896776e-01  2.3993809844824682e-04
-6.4523091366494034e-01  2.4000178566046097e-04
-6.4499088004554239e-01  2.4006544918792318e-04
-6.4475078277446207e-01  2.4012908902408691e-04
-6.4451062187539354e-01  2.4019270516268548e-04
-6.4427039737203740e-01  2.4025629759824634e-04
-6.4403010928810045e-01  2.4031986632364202e-04
-6.4378975764729596e-01  2.4038341133254874e-04
-6.4354934247334317e-01  2.4044693261904268e-04
-6.4330886378996777e-01  2.4051043017676374e-04
-6.4306832162090177e-01  2.4057390399904099e-04
-6.4282771598988320e-01  2.4063735408051679e-04
-6.4258704692065649e-01  2.4070078041449507e-04
-6.4234631443697254e-01  2.4076418299466518e-04
-6.4210551856258813e-01  2.4082756181426348e-04
-6.4186465932126680e-01  2.4089091686734703e-04
-6.4162373673677764e-01  2.4095424814838512e-04
-6.4138275083289642e-01  2.4101755565058847e-04
-6.4114170163340556e-01  2.4108083936714042e-04
-6.4090058916209269e-01  2.4114409929289871e-04
-6.4065941344275257e-01  2.4120733542088080e-04
-6.4041817449918592e-01  2.4127054774506445e-04
-6.4017687235519982e-01  2.4133373625876306e-04
-6.3993550703460711e-01  2.4139690095677314e-04
-6.3969407856122751e-01  2.4146004183207533e-04
-6.3945258695888652e-01  2.4152315887826325e-04
-6.3921103225141596e-01  2.4158625208940460e-04
-6.3896941446265410e-01  2.4164932146001828e-04
-6.3872773361644519e-01  2.4171236698278674e-04
-6.3848598973663973e-01  2.4177538865198127e-04
-6.3824418284709461e-01  2.4183838646130149e-04
-6.3800231297167276e-01  2.4190136040448971e-04
-6.3776038013424363e-01  2.4196431047495274e-04
-6.3751838435868224e-01  2.4202723666755759e-04
-6.3727632566887060e-01  2.4209013897498721e-04
-6.3703420408869627e-01  2.4215301739177446e-04
-6.3679201964205356e-01  2.4221587191071577e-04
-6.3654977235284238e-01  2.4227870252700953e-04
-6.3630746224496937e-01  2.4234150923364503e-04
-6.3606508934234740e-01  2.4240429202446550e-04
-6.3582265366889490e-01  2.4246705089322432e-04
-6.3558015524853739e-01  2.4252978583377889e-04
-6.3533759410520585e-01  2.4259249684009397e-04
-6.3509497026283768e-01  2.4265518390573500e-04
-6.3485228374537650e-01  2.4271784702494591e-04
-6.3460953457677216e-01  2.4278048619128160e-04
-6.3436672278098072e-01  2.4284310139823835e-04
-6.3412384838196434e-01  2.4290569263992655e-04
-6.3388091140369118e-01  2.4296825991065589e-04
-6.3363791187013607e-01  2.4303080320331344e-04
-6.3339484980527927e-01  2.4309332251242451e-04
-6.3315172523310825e-01  2.4315581783123660e-04
-6.3290853817761539e-01  2.4321828915431609e-04
-6.3266528866280025e-01  2.4328073647521945e-04
-6.3242197671266820e-01  2.4334315978696456e-04
-6.3217860235123058e-01  2.4340555908498052e-04
-6.3193516560250540e-01  2.4346793436171637e-04
-6.3169166649051611e-01  2.4353028561187136e-04
-6.3144810503929305e-01  2.4359261282856182e-04
-6.3120448127287210e-01  2.4365491600631729e-04
-6.3096079521529569e-01  2.4371719513850611e-04
-6.3071704689061225e-01  2.4377945021971737e-04
-6.3047323632287644e-01  2.4384168124209785e-04
-6.3022936353614878e-01  2.4390388820202038e-04
-6.2998542855449635e-01  2.4396607109124680e-04
-6.2974143140199212e-01  2.4402822990459029e-04
-6.2949737210271506e-01  2.4409036463568797e-04
-6.2925325068075089e-01  2.4415247527781225e-04
-6.2900906716019045e-01  2.4421456182685715e-04
-6.2876482156513169e-01  2.4427662427395136e-04
-6.2852051391967811e-01  2.4433866261523512e-04
-6.2827614424793943e-01  2.4440067684322576e-04
-6.2803171257403179e-01  2.4446266695213472e-04
-6.2778721892207701e-01  2.4452463293614022e-04
-6.2754266331620312e-01  2.4458657478922791e-04
-6.2729804578054482e-01  2.4464849250462994e-04
-6.2705336633924214e-01  2.4471038607667641e-04
-6.2680862501644175e-01  2.4477225549900990e-04
-6.2656382183629589e-01  2.4483410076599736e-04
-6.2631895682296346e-01  2.4489592187129042e-04
-6.2607403000060946e-01  2.4495771880838827e-04
-6.2582904139340445e-01  2.4501949157176183e-04
-6.2558399102552564e-01  2.4508124015558549e-04
-6.2533887892115603e-01  2.4514296455246091e-04
-6.2509370510448470e-01  2.4520466475761799e-04
-6.2484846959970708e-01  2.4526634076416326e-04
-6.2460317243102448e-01  2.4532799256637755e-04
-6.2435781362264420e-01  2.4538962015842352e-04
-6.2411239319877998e-01  2.4545122353376007e-04
-6.2386691118365123e-01  2.4551280268641964e-04
-6.2362136760148390e-01  2.4557435761018894e-04
-6.2337576247650950e-01  2.4563588829919626e-04
-6.2313009583296575e-01  2.4569739474764957e-04
-6.2288436769509703e-01  2.4575887694867123e-04
-6.2263857808715284e-01  2.4582033489726438e-04
-6.2239272703338933e-01  2.4588176858637742e-04
-6.2214681455806864e-01  2.4594317801052747e-04
-6.2190084068545914e-01  2.4600456316327017e-04
-6.2165480543983476e-01  2.4606592403889353e-04
-6.2140870884547583e-01  2.4612726063129027e-04
-6.2116255092666872e-01  2.4618857293435913e-04
-6.2091633170770588e-01  2.4624986094173265e-04
-6.2067005121288554e-01  2.4631112464813863e-04
-6.2042370946651237e-01  2.4637236404691384e-04
-6.2017730649289704e-01  2.4643357913181640e-04
-6.1993084231635587e-01  2.4649476989711279e-04
-6.1968431696121140e-01  2.4655593633707236e-04
-6.1943773045179240e-01  2.4661707844537034e-04
-6.1919108281243362e-01  2.4667819621576077e-04
-6.1894437406747560e-01  2.4673928964268375e-04
-6.1869760424126530e-01  2.4680035871954168e-04
-6.1845077335815524e-01  2.4686140344064040e-04
-6.1820388144250438e-01  2.4692242380026783e-04
-6.1795692851867756e-01  2.4698341979203495e-04
-6.1770991461104541e-01  2.4704439140980087e-04
-6.1746283974398519e-01  2.4710533864746658e-04
-6.1721570394187930e-01  2.4716626149954261e-04
-6.1696850722911700e-01  2.4722715995975517e-04
-6.1672124963009300e-01  2.4728803402160256e-04
-6.1647393116920812e-01  2.4734888368026318e-04
-6.1622655187086939e-01  2.4740970892876208e-04
-6.1597911175948994e-01  2.4747050976108411e-04
-6.1573161085948835e-01  2.4753128617139534e-04
-6.1548404919528976e-01  2.4759203815385235e-04
-6.1523642679132484e-01  2.4765276570303511e-04
-6.1498874367203071e-01  2.4771346881174902e-04
-6.1474099986185027e-01  2.4777414747469590e-04
-6.1449319538523217e-01  2.4783480168591541e-04
-6.1424533026663175e-01  2.4789543143883332e-04
-6.1399740453050944e-01  2.4795603672812274e-04
-6.1374941820133211e-01  2.4801661754772015e-04
-6.1350137130357285e-01  2.4807717389138429e-04
-6.1325326386171031e-01  2.4813770575288555e-04
-6.1300509590022911e-01  2.4819821312776791e-04
-6.1275686744362035e-01  2.4825869600791895e-04
-6.1250857851638041e-01  2.4831915438839941e-04
-6.1226022914301215e-01  2.4837958826339455e-04
-6.1201181934802407e-01  2.4843999762715334e-04
-6.1176334915593100e-01  2.4850038247264207e-04
-6.1151481859125345e-01  2.4856074279474980e-04
-6.1126622767851790e-01  2.4862107858760683e-04
-6.1101757644225674e-01  2.4868138984513420e-04
-6.1076886490700855e-01  2.4874167656088075e-04
-6.1052009309731758e-01  2.4880193872947473e-04
-6.1027126103773444e-01  2.4886217634436855e-04
-6.1002236875281513e-01  2.4892238940040379e-04
-6.0977341626712200e-01  2.4898257789131485e-04
-6.0952440360522331e-01  2.4904274181061336e-04
-6.0927533079169294e-01  2.4910288115339679e-04
-6.0902619785111112e-01  2.4916299591287722e-04
-6.0877700480806385e-01  2.4922308608333991e-04
-6.0852775168714279e-01  2.4928315165904436e-04
-6.0827843851294594e-01  2.4934319263423025e-04
-6.0802906531007717e-01  2.4940320900230508e-04
-6.0777963210314601e-01  2.4946320075756943e-04
-6.0753013891676821e-01  2.4952316789456585e-04
-6.0728058577556498e-01  2.4958311040723934e-04
-6.0703097270416428e-01  2.4964302828909136e-04
-6.0678129972719896e-01  2.4970292153501207e-04
-6.0653156686930854e-01  2.4976279013826829e-04
-6.0628177415513829e-01  2.4982263409374422e-04
-6.0603192160933905e-01  2.4988245339522446e-04
-6.0578200925656800e-01  2.4994224803663259e-04
-6.0553203712148795e-01  2.5000201801237006e-04
-6.0528200522876774e-01  2.5006176331608372e-04
-6.0503191360308206e-01  2.5012148394235170e-04
-6.0478176226911140e-01  2.5018117988486843e-04
-6.0453155125154245e-01  2.5024085113817366e-04
-6.0428128057506736e-01  2.5030049769584305e-04
-6.0403095026438436e-01  2.5036011955282498e-04
-6.0378056034419791e-01  2.5041971670208173e-04
-6.0353011083921770e-01  2.5047928913907001e-04
-6.0327960177415973e-01  2.5053883685687017e-04
-6.0302903317374601e-01  2.5059835984988648e-04
-6.0277840506270386e-01  2.5065785811235016e-04
-6.0252771746576683e-01  2.5071733163847197e-04
-6.0227697040767458e-01  2.5077678042217781e-04
-6.0202616391317210e-01  2.5083620445774636e-04
-6.0177529800701079e-01  2.5089560373902720e-04
-6.0152437271394743e-01  2.5095497826060605e-04
-6.0127338805874486e-01  2.5101432801647041e-04
-6.0102234406617217e-01  2.5107365300058225e-04
-6.0077124076100341e-01  2.5113295320696187e-04
-6.0052007816801933e-01  2.5119222863032942e-04
-6.0026885631200622e-01  2.5125147926429191e-04
-6.0001757521775589e-01  2.5131070510343189e-04
-5.9976623491006675e-01  2.5136990614129989e-04
-5.9951483541374229e-01  2.5142908237268691e-04
-5.9926337675359220e-01  2.5148823379188805e-04
-5.9901185895443210e-01  2.5154736039216638e-04
-5.9876028204108334e-01  2.5160646216800073e-04
-5.9850864603837284e-01  2.5166553911412507e-04
-5.9825695097113385e-01  2.5172459122425173e-04
-5.9800519686420517e-01  2.5178361849274129e-04
-5.9775338374243125e-01  2.5184262091369443e-04
-5.9750151163066278e-01  2.5190159848068245e-04
-5.9724958055375588e-01  2.5196055118934261e-04
-5.9699759053657275e-01  2.5201947903255942e-04
-5.9674554160398152e-01  2.5207838200474764e-04
-5.9649343378085562e-01  2.5213726010056564e-04
-5.9624126709207459e-01  2.5219611331384154e-04
-5.9598904156252419e-01  2.5225494163875638e-04
-5.9573675721709507e-01  2.5231374506957575e-04
-5.9548441408068453e-01  2.5237252360100023e-04
-5.9523201217819532e-01  2.5243127722628697e-04
-5.9497955153453608e-01  2.5249000594003570e-04
-5.9472703217462097e-01  2.5254870973689123e-04
-5.9447445412337041e-01  2.5260738861026866e-04
-5.9422181740571012e-01  2.5266604255505819e-04
-5.9396912204657215e-01  2.5272467156487821e-04
-5.9371636807089345e-01  2.5278327563482033e-04
-5.9346355550361807e-01  2.5284185475819517e-04
-5.9321068436969471e-01  2.5290040892961643e-04
-5.9295775469407830e-01  2.5295893814308916e-04
-5.9270476650172976e-01  2.5301744239313311e-04
-5.9245171981761513e-01  2.5307592167388035e-04
-5.9219861466670665e-01  2.5313437597974242e-04
-5.9194545107398255e-01  2.5319280530458968e-04
-5.9169222906442664e-01  2.5325120964256347e-04
-5.9143894866302782e-01  2.5330958898878099e-04
-5.9118560989478219e-01  2.5336794333644200e-04
-5.9093221278469032e-01  2.5342627267999551e-04
-5.9067875735775899e-01  2.5348457701410192e-04
-5.9042524363900095e-01  2.5354285633275725e-04
-5.9017167165343443e-01  2.5360111063002749e-04
-5.8991804142608328e-01  2.5365933990056315e-04
-5.8966435298197739e-01  2.5371754413872207e-04
-5.8941060634615261e-01  2.5377572333801668e-04
-5.8915680154364991e-01  2.5383387749344197e-04
-5.8890293859951626e-01  2.5389200659862597e-04
-5.8864901753880461e-01  2.5395011064877261e-04
-5.8839503838657348e-01  2.5400818963648654e-04
-5.8814100116788692e-01  2.5406624355805236e-04
-5.8788690590781489e-01  2.5412427240664102e-04
-5.8763275263143333e-01  2.5418227617658468e-04
-5.8737854136382350e-01  2.5424025486185859e-04
-5.8712427213007246e-01  2.5429820845783891e-04
-5.8686994495527300e-01  2.5435613695801293e-04
-5.8661555986452418e-01  2.5441404035625724e-04
-5.8636111688292980e-01  2.5447191864770005e-04
-5.8610661603559999e-01  2.5452977182619890e-04
-5.8585205734765045e-01  2.5458759988612062e-04
-5.8559744084420262e-01  2.5464540282179199e-04
-5.8534276655038386e-01  2.5470318062739846e-04
-5.8508803449132663e-01  2.5476093329746555e-04
-5.8483324469216957e-01  2.5481866082586503e-04
-5.8457839717805715e-01  2.5487636320754782e-04
-5.8432349197413891e-01  2.5493404043617015e-04
-5.8406852910557083e-01  2.5499169250670751e-04
-5.8381350859751402e-01  2.5504931941271132e-04
-5.8355843047513556e-01  2.5510692114901455e-04
-5.8330329476360809e-01  2.5516449770967870e-04
-5.8304810148810993e-01  2.5522204908927354e-04
-5.8279285067382514e-01  2.5527957528193918e-04
-5.8253754234594346e-01  2.5533707628208326e-04
-5.8228217652966041e-01  2.5539455208404530e-04
-5.8202675325017694e-01  2.5545200268217933e-04
-5.8177127253270000e-01  2.5550942807022267e-04
-5.8151573440244153e-01  2.5556682824358237e-04
-5.8126013888462014e-01  2.5562420319565825e-04
-5.8100448600445931e-01  2.5568155292111905e-04
-5.8074877578718831e-01  2.5573887741485733e-04
-5.8049300825804262e-01  2.5579617667028677e-04
-5.8023718344226261e-01  2.5585345068229742e-04
-5.7998130136509496e-01  2.5591069944477010e-04
-5.7972536205179115e-01  2.5596792295303969e-04
-5.7946936552760930e-01  2.5602512120019349e-04
-5.7921331181781288e-01  2.5608229418139255e-04
-5.7895720094767023e-01  2.5613944189112998e-04
-5.7870103294245645e-01  2.5619656432324388e-04
-5.7844480782745156e-01  2.5625366147237900e-04
-5.7818852562794176e-01  2.5631073333252653e-04
-5.7793218636921817e-01  2.5636777989857537e-04
-5.7767579007657810e-01  2.5642480116462753e-04
-5.7741933677532420e-01  2.5648179712519980e-04
-5.7716282649076511e-01  2.5653876777447963e-04
-5.7690625924821481e-01  2.5659571310669992e-04
-5.7664963507299261e-01  2.5665263311675418e-04
-5.7639295399042401e-01  2.5670952779904046e-04
-5.7613621602584009e-01  2.5676639714679566e-04
-5.7587942120457680e-01  2.5682324115593549e-04
-5.7562256955197677e-01  2.5688005981983151e-04
-5.7536566109338749e-01  2.5693685313333414e-04
-5.7510869585416202e-01  2.5699362109091168e-04
-5.7485167385965985e-01  2.5705036368643669e-04
-5.7459459513524502e-01  2.5710708091498117e-04
-5.7433745970628780e-01  2.5716377277038829e-04
-5.7408026759816400e-01  2.5722043924732250e-04
-5.7382301883625464e-01  2.5727708034018392e-04
-5.7356571344594698e-01  2.5733369604322447e-04
-5.7330835145263315e-01  2.5739028635139466e-04
-5.7305093288171149e-01  2.5744685125847722e-04
-5.7279345775858581e-01  2.5750339075848299e-04
-5.7253592610866488e-01  2.5755990484729207e-04
-5.7227833795736371e-01  2.5761639351832319e-04
-5.7202069333010275e-01  2.5767285676597628e-04
-5.7176299225230776e-01  2.5772929458535454e-04
-5.7150523474941073e-01  2.5778570696989209e-04
-5.7124742084684832e-01  2.5784209391475405e-04
-5.7098955057006351e-01  2.5789845541393931e-04
-5.7073162394450416e-01  2.5795479146207108e-04
-5.7047364099562436e-01  2.5801110205416703e-04
-5.7021560174888331e-01  2.5806738718381480e-04
-5.6995750622974595e-01  2.5812364684592727e-04
-5.6969935446368292e-01  2.5817988103460018e-04
-5.6944114647616995e-01  2.5823608974475878e-04
-5.6918288229268876e-01  2.5829227297014001e-04
-5.6892456193872643e-01  2.5834843070589531e-04
-5.6866618543977554e-01  2.5840456294644342e-04
-5.6840775282133427e-01  2.5846066968583236e-04
-5.6814926410890665e-01  2.5851675091843803e-04
-5.6789071932800161e-01  2.5857280663933832e-04
-5.6763211850413398e-01  2.5862883684270641e-04
-5.6737346166282421e-01  2.5868484152270083e-04
-5.6711474882959800e-01  2.5874082067451021e-04
-5.6685598002998683e-01  2.5879677429193059e-04
-5.6659715528952770e-01  2.5885270236969160e-04
-5.6633827463376285e-01  2.5890860490229727e-04
-5.6607933808824029e-01  2.5896448188423378e-04
-5.6582034567851358e-01  2.5902033330973690e-04
-5.6556129743014161e-01  2.5907615917361419e-04
-5.6530219336868859e-01  2.5913195947055548e-04
-5.6504303351972496e-01  2.5918773419445515e-04
-5.6478381790882604e-01  2.5924348334018123e-04
-5.6452454656157269e-01  2.5929920690214082e-04
-5.6426521950355157e-01  2.5935490487489723e-04
-5.6400583676035465e-01  2.5941057725286336e-04
-5.6374639835757934e-01  2.5946622403058957e-04
-5.6348690432082871e-01  2.5952184520287901e-04
-5.6322735467571117e-01  2.5957744076354327e-04
-5.6296774944784078e-01  2.5963301070784119e-04
-5.6270808866283695e-01  2.5968855502967315e-04
-5.6244837234632450e-01  2.5974407372411022e-04
-5.6218860052393405e-01  2.5979956678478372e-04
-5.6192877322130119e-01  2.5985503420740890e-04
-5.6166889046406743e-01  2.5991047598588897e-04
-5.6140895227787990e-01  2.5996589211455868e-04
-5.6114895868839043e-01  2.6002128258826917e-04
-5.6088890972125705e-01  2.6007664740147670e-04
-5.6062880540214288e-01  2.6013198654859914e-04
-5.6036864575671674e-01  2.6018730002488433e-04
-5.6010843081065276e-01  2.6024258782364826e-04
-5.5984816058963038e-01  2.6029784994059115e-04
-5.5958783511933496e-01  2.6035308636899329e-04
-5.5932745442545673e-01  2.6040829710484513e-04
-5.5906701853369212e-01  2.6046348214147139e-04
-5.5880652746974202e-01  2.6051864147432375e-04
-5.5854598125931365e-01  2.6057377509733929e-04
-5.5828537992811911e-01  2.6062888300552297e-04
-5.5802472350187626e-01  2.6068396519317462e-04
-5.5776401200630832e-01  2.6073902165505574e-04
-5.5750324546714380e-01  2.6079405238498910e-04
-5.5724242391011680e-01  2.6084905737888719e-04
-5.5698154736096694e-01  2.6090403663018679e-04
-5.5672061584543875e-01  2.6095899013416220e-04
-5.5645962938928295e-01  2.6101391788513302e-04
-5.5619858801825495e-01  2.6106881987749081e-04
-5.5593749175811646e-01  2.6112369610559541e-04
-5.5567634063463356e-01  2.6117854656504185e-04
-5.5541513467357850e-01  2.6123337124926347e-04
-5.5515387390072846e-01  2.6128817015374589e-04
-5.5489255834186668e-01  2.6134294327239993e-04
-5.5463118802278100e-01  2.6139769060022232e-04
-5.5436976296926532e-01  2.6145241213155871e-04
-5.5410828320711847e-01  2.6150710786149986e-04
-5.5384674876214501e-01  2.6156177778411207e-04
-5.5358515966015476e-01  2.6161642189407328e-04
-5.5332351592696294e-01  2.6167104018654197e-04
-5.5306181758839013e-01  2.6172563265520007e-04
-5.5280006467026244e-01  2.6178019929523112e-04
-5.5253825719841110e-01  2.6183474010127222e-04
-5.5227639519867311e-01  2.6188925506791288e-04
-5.5201447869689035e-01  2.6194374418967602e-04
-5.5175250771891060e-01  2.6199820746126897e-04
-5.5149048229058661e-01  2.6205264487740520e-04
-5.5122840243777671e-01  2.6210705643219131e-04
-5.5096626818634475e-01  2.6216144212050027e-04
-5.5070407956215950e-01  2.6221580193755141e-04
-5.5044183659109547e-01  2.6227013587747387e-04
-5.5017953929903229e-01  2.6232444393492542e-04
-5.4991718771185538e-01  2.6237872610464593e-04
-5.4965478185545491e-01  2.6243298238085152e-04
-5.4939232175572683e-01  2.6248721275874286e-04
-5.4912980743857220e-01  2.6254141723287225e-04
-5.4886723892989786e-01  2.6259559579762572e-04
-5.4860461625561541e-01  2.6264974844776091e-04
-5.4834193944164211e-01  2.6270387517842337e-04
-5.4807920851390057e-01  2.6275797598354075e-04
-5.4781642349831872e-01  2.6281205085818655e-04
-5.4755358442082969e-01  2.6286609979699695e-04
-5.4729069130737240e-01  2.6292012279419271e-04
-5.4702774418389044e-01  2.6297411984513048e-04
-5.4676474307633316e-01  2.6302809094402700e-04
-5.4650168801065513e-01  2.6308203608555825e-04
-5.4623857901281625e-01  2.6313595526486207e-04
-5.4597541610878164e-01  2.6318984847624363e-04
-5.4571219932452197e-01  2.6324371571400366e-04
-5.4544892868601313e-01  2.6329755697345234e-04
-5.4518560421923623e-01  2.6335137224929789e-04
-5.4492222595017770e-01  2.6340516153575274e-04
-5.4465879390482930e-01  2.6345892482814858e-04
-5.4439530810918835e-01  2.6351266212039923e-04
-5.4413176858925705e-01  2.6356637340771622e-04
-5.4386817537104304e-01  2.6362005868484366e-04
-5.4360452848055973e-01  2.6367371794620885e-04
-5.4334082794382499e-01  2.6372735118618604e-04
-5.4307707378686265e-01  2.6378095840044031e-04
-5.4281326603570146e-01  2.6383453958308102e-04
-5.4254940471637569e-01  2.6388809472884005e-04
-5.4228548985492497e-01  2.6394162383223632e-04
-5.4202152147739358e-01  2.6399512688858758e-04
-5.4175749960983188e-01  2.6404860389237064e-04
-5.4149342427829517e-01  2.6410205483791904e-04
-5.4122929550884402e-01  2.6415547972026993e-04
-5.4096511332754416e-01  2.6420887853435213e-04
-5.4070087776046694e-01  2.6426225127418139e-04
-5.4043658883368861e-01  2.6431559793547017e-04
-5.4017224657329077e-01  2.6436891851243165e-04
-5.3990785100536054e-01  2.6442221299984242e-04
-5.3964340215598994e-01  2.6447548139211423e-04
-5.3937890005127642e-01  2.6452872368474113e-04
-5.3911434471732289e-01  2.6458193987164336e-04
-5.3884973618023713e-01  2.6463512994800813e-04
-5.3858507446613224e-01  2.6468829390866624e-04
-5.3832035960112679e-01  2.6474143174839813e-04
-5.3805559161134464e-01  2.6479454346135366e-04
-5.3779077052291435e-01  2.6484762904333025e-04
-5.3752589636197046e-01  2.6490068848824920e-04
-5.3726096915465238e-01  2.6495372179096121e-04
-5.3699598892710443e-01  2.6500672894683625e-04
-5.3673095570547669e-01  2.6505970994987970e-04
-5.3646586951592434e-01  2.6511266479529755e-04
-5.3620073038460792e-01  2.6516559347738766e-04
-5.3593553833769247e-01  2.6521849599171602e-04
-5.3567029340134908e-01  2.6527137233259290e-04
-5.3540499560175370e-01  2.6532422249481825e-04
-5.3513964496508770e-01  2.6537704647328563e-04
-5.3487424151753737e-01  2.6542984426244627e-04
-5.3460878528529432e-01  2.6548261585762612e-04
-5.3434327629455558e-01  2.6553536125325573e-04
-5.3407771457152320e-01  2.6558808044394841e-04
-5.3381210014240410e-01  2.6564077342496994e-04
-5.3354643303341109e-01  2.6569344019122603e-04
-5.3328071327076199e-01  2.6574608073692238e-04
-5.3301494088067924e-01  2.6579869505719792e-04
-5.3274911588939111e-01  2.6585128314696502e-04
-5.3248323832313094e-01  2.6590384500059711e-04
-5.3221730820813706e-01  2.6595638061354396e-04
-5.3195132557065317e-01  2.6600888997987477e-04
-5.3168529043692803e-01  2.6606137309500460e-04
-5.3141920283321564e-01  2.6611382995340738e-04
-5.3115306278577501e-01  2.6616626055024433e-04
-5.3088687032087067e-01  2.6621866488017070e-04
-5.3062062546477207e-01  2.6627104293805280e-04
-5.3035432824375406e-01  2.6632339471848436e-04
-5.3008797868409618e-01  2.6637572021659687e-04
-5.2982157681208375e-01  2.6642801942676925e-04
-5.2955512265400684e-01  2.6648029234468745e-04
-5.2928861623616075e-01  2.6653253896429137e-04
-5.2902205758484588e-01  2.6658475928116577e-04
-5.2875544672636821e-01  2.6663695328943404e-04
-5.2848878368703822e-01  2.6668912098455074e-04
-5.2822206849317199e-01  2.6674126236113285e-04
-5.2795530117109057e-01  2.6679337741403484e-04
-5.2768848174712035e-01  2.6684546613816120e-04
-5.2742161024759260e-01  2.6689752852828233e-04
-5.2715468669884391e-01  2.6694956457921134e-04
-5.2688771112721589e-01  2.6700157428595847e-04
-5.2662068355905534e-01  2.6705355764325596e-04
-5.2635360402071418e-01  2.6710551464630768e-04
-5.2608647253854968e-01  2.6715744528939419e-04
-5.2581928913892351e-01  2.6720934956836961e-04
-5.2555205384820347e-01  2.6726122747680310e-04
-5.2528476669276181e-01  2.6731307901051746e-04
-5.2501742769897608e-01  2.6736490416411654e-04
-5.2475003689322897e-01  2.6741670293247891e-04
-5.2448259430190824e-01  2.6746847531069253e-04
-5.2421509995140680e-01  2.6752022129300414e-04
-5.2394755386812242e-01  2.6757194087526792e-04
-5.2367995607845874e-01  2.6762363405151489e-04
-5.2341230660882343e-01  2.6767530081728182e-04
-5.2314460548562991e-01  2.6772694116700753e-04
-5.2287685273529683e-01  2.6777855509576865e-04
-5.2260904838424738e-01  2.6783014259851426e-04
-5.2234119245891031e-01  2.6788170367015093e-04
-5.2207328498571925e-01  2.6793323830557946e-04
-5.2180532599111296e-01  2.6798474649985648e-04
-5.2153731550153526e-01  2.6803622824779570e-04
-5.2126925354343523e-01  2.6808768354364218e-04
-5.2100114014326682e-01  2.6813911238337488e-04
-5.2073297532748875e-01  2.6819051476176351e-04
-5.2046475912256573e-01  2.6824189067310375e-04
-5.2019649155496661e-01  2.6829324011286575e-04
-5.1992817265116609e-01  2.6834456307563089e-04
-5.1965980243764309e-01  2.6839585955631945e-04
-5.1939138094088233e-01  2.6844712955039732e-04
-5.1912290818737317e-01  2.6849837305231673e-04
-5.1885438420361019e-01  2.6854959005714695e-04
-5.1858580901609297e-01  2.6860078055978778e-04
-5.1831718265132620e-01  2.6865194455544250e-04
-5.1804850513581957e-01  2.6870308203867774e-04
-5.1777977649608786e-01  2.6875419300482827e-04
-5.1751099675865087e-01  2.6880527744854341e-04
-5.1724216595003347e-01  2.6885633536458863e-04
-5.1697328409676546e-01  2.6890736674885452e-04
-5.1670435122538172e-01  2.6895837159543972e-04
-5.1643536736242246e-01  2.6900934989934085e-04
-5.1616633253443245e-01  2.6906030165572812e-04
-5.1589724676796167e-01  2.6911122685996988e-04
-5.1562811008956522e-01  2.6916212550651716e-04
-5.1535892252580351e-01  2.6921299759032302e-04
-5.1508968410324107e-01  2.6926384310648155e-04
-5.1482039484844833e-01  2.6931466205003094e-04
-5.1455105478800034e-01  2.6936545441616234e-04
-5.1428166394847730e-01  2.6941622019946356e-04
-5.1401222235646427e-01  2.6946695939497389e-04
-5.1374273003855153e-01  2.6951767199808542e-04
-5.1347318702133404e-01  2.6956835800378068e-04
-5.1320359333141230e-01  2.6961901740612908e-04
-5.1293394899539102e-01  2.6966965020129065e-04
-5.1266425403988070e-01  2.6972025638364585e-04
-5.1239450849149659e-01  2.6977083594834225e-04
-5.1212471237685864e-01  2.6982138889029156e-04
-5.1185486572259187e-01  2.6987191520480466e-04
-5.1158496855532665e-01  2.6992241488667360e-04
-5.1131502090169811e-01  2.6997288793099842e-04
-5.1104502278834629e-01  2.7002333433209444e-04
-5.1077497424191609e-01  2.7007375408645285e-04
-5.1050487528905797e-01  2.7012414718783836e-04
-5.1023472595642660e-01  2.7017451363181740e-04
-5.0996452627068223e-01  2.7022485341320768e-04
-5.0969427625848951e-01  2.7027516652731852e-04
-5.0942397594651878e-01  2.7032545296884014e-04
-5.0915362536144460e-01  2.7037571273307026e-04
-5.0888322452994705e-01  2.7042594581490743e-04
-5.0861277347871092e-01  2.7047615220939994e-04
-5.0834227223442596e-01  2.7052633191161846e-04
-5.0807172082378682e-01  2.7057648491700344e-04
-5.0780111927349325e-01  2.7062661121972500e-04
-5.0753046761025000e-01  2.7067671081546082e-04
-5.0725976586076649e-01  2.7072678369956628e-04
-5.0698901405175723e-01  2.7077682986617765e-04
-5.0671821220994195e-01  2.7082684931097365e-04
-5.0644736036204474e-01  2.7087684202889916e-04
-5.0617645853479498e-01  2.7092680801501471e-04
-5.0590550675492696e-01  2.7097674726457284e-04
-5.0563450504917995e-01  2.7102665977237221e-04
-5.0536345344429801e-01  2.7107654553351808e-04
-5.0509235196703028e-01  2.7112640454319322e-04
-5.0482120064413061e-01  2.7117623679664846e-04
-5.0454999950235790e-01  2.7122604228836401e-04
-5.0427874856847588e-01  2.7127582101423709e-04
-5.0400744786925356e-01  2.7132557296856083e-04
-5.0373609743146419e-01  2.7137529814713054e-04
-5.0346469728188659e-01  2.7142499654454766e-04
-5.0319324744730398e-01  2.7147466815617493e-04
-5.0292174795450506e-01  2.7152431297668953e-04
-5.0265019883028272e-01  2.7157393100162925e-04
-5.0237860010143531e-01  2.7162352222603740e-04
-5.0210695179476561e-01  2.7167308664529012e-04
-5.0183525393708184e-01  2.7172262425385695e-04
-5.0156350655519677e-01  2.7177213504695608e-04
-5.0129170967592795e-01  2.7182161902027536e-04
-5.0101986332609827e-01  2.7187107616822502e-04
-5.0074796753253470e-01  2.7192050648671762e-04
-5.0047602232207011e-01  2.7196990996973828e-04
-5.0020402772154138e-01  2.7201928661378693e-04
-4.9993198375779091e-01  2.7206863641301797e-04
-4.9965989045766557e-01  2.7211795936277628e-04
-4.9938774784801709e-01  2.7216725545819173e-04
-4.9911555595570217e-01  2.7221652469474391e-04
-4.9884331480758259e-01  2.7226576706709257e-04
-4.9857102443052465e-01  2.7231498257064156e-04
-4.9829868485139983e-01  2.7236417120036485e-04
-4.9802629609708399e-01  2.7241333295136352e-04
-4.9775385819445828e-01  2.7246246781911982e-04
-4.9748137117040847e-01  2.7251157579891074e-04
-4.9720883505182539e-01  2.7256065688498925e-04
-4.9693624986560458e-01  2.7260971107352086e-04
-4.9666361563864636e-01  2.7265873835919128e-04
-4.9639093239785592e-01  2.7270773873701320e-04
-4.9611820017014352e-01  2.7275671220221200e-04
-4.9584541898242385e-01  2.7280565875053984e-04
-4.9557258886161670e-01  2.7285457837643919e-04
-4.9529970983464666e-01  2.7290347107535712e-04
-4.9502678192844296e-01  2.7295233684274356e-04
-4.9475380516994016e-01  2.7300117567333827e-04
-4.9448077958607711e-01  2.7304998756245584e-04
-4.9420770520379753e-01  2.7309877250551690e-04
-4.9393458205005025e-01  2.7314753049720699e-04
-4.9366141015178872e-01  2.7319626153308422e-04
-4.9338818953597119e-01  2.7324496560817324e-04
-4.9311492022956066e-01  2.7329364271826595e-04
-4.9284160225952534e-01  2.7334229285751654e-04
-4.9256823565283758e-01  2.7339091602183378e-04
-4.9229482043647516e-01  2.7343951220615829e-04
-4.9202135663742008e-01  2.7348808140609194e-04
-4.9174784428265972e-01  2.7353662361637946e-04
-4.9147428339918597e-01  2.7358513883209341e-04
-4.9120067401399536e-01  2.7363362704902855e-04
-4.9092701615408940e-01  2.7368208826200841e-04
-4.9065330984647426e-01  2.7373052246648725e-04
-4.9037955511816111e-01  2.7377892965743607e-04
-4.9010575199616568e-01  2.7382730983030912e-04
-4.8983190050750858e-01  2.7387566298000014e-04
-4.8955800067921518e-01  2.7392398910219048e-04
-4.8928405253831553e-01  2.7397228819155595e-04
-4.8901005611184445e-01  2.7402056024405377e-04
-4.8873601142684198e-01  2.7406880525406686e-04
-4.8846191851035226e-01  2.7411702321731337e-04
-4.8818777738942432e-01  2.7416521412930098e-04
-4.8791358809111218e-01  2.7421337798512523e-04
-4.8763935064247488e-01  2.7426151477935264e-04
-4.8736506507057553e-01  2.7430962450788169e-04
-4.8709073140248238e-01  2.7435770716618962e-04
-4.8681634966526843e-01  2.7440576274892660e-04
-4.8654191988601125e-01  2.7445379125174264e-04
-4.8626744209179340e-01  2.7450179266947478e-04
-4.8599291630970193e-01  2.7454976699825740e-04
-4.8571834256682889e-01  2.7459771423222215e-04
-4.8544372089027077e-01  2.7464563436745446e-04
-4.8516905130712895e-01  2.7469352739882633e-04
-4.8489433384450964e-01  2.7474139332178948e-04
-4.8461956852952348e-01  2.7478923213161265e-04
-4.8434475538928617e-01  2.7483704382322288e-04
-4.8406989445091780e-01  2.7488482839256541e-04
-4.8379498574154356e-01  2.7493258583447281e-04
-4.8352002928829285e-01  2.7498031614449836e-04
-4.8324502511830025e-01  2.7502801931775510e-04
-4.8296997325870505e-01  2.7507569534940041e-04
-4.8269487373665071e-01  2.7512334423468861e-04
-4.8241972657928589e-01  2.7517096596959786e-04
-4.8214453181376393e-01  2.7521856054849231e-04
-4.8186928946724267e-01  2.7526612796718500e-04
-4.8159399956688459e-01  2.7531366822119594e-04
-4.8131866213985708e-01  2.7536118130541275e-04
-4.8104327721333229e-01  2.7540866721527672e-04
-4.8076784481448676e-01  2.7545612594595206e-04
-4.8049236497050196e-01  2.7550355749287540e-04
-4.8021683770856366e-01  2.7555096185166500e-04
-4.7994126305586293e-01  2.7559833901733569e-04
-4.7966564103959503e-01  2.7564568898531025e-04
-4.7938997168695996e-01  2.7569301175080826e-04
-4.7911425502516258e-01  2.7574030730929933e-04
-4.7883849108141252e-01  2.7578757565568257e-04
-4.7856267988292339e-01  2.7583481678598317e-04
-4.7828682145691431e-01  2.7588203069521121e-04
-4.7801091583060862e-01  2.7592921737863924e-04
-4.7773496303123442e-01  2.7597637683137208e-04
-4.7745896308602409e-01  2.7602350904942243e-04
-4.7718291602221558e-01  2.7607061402758302e-04
-4.7690682186705047e-01  2.7611769176165174e-04
-4.7663068064777570e-01  2.7616474224635836e-04
-4.7635449239164251e-01  2.7621176547755228e-04
-4.7607825712590668e-01  2.7625876145075183e-04
-4.7580197487782910e-01  2.7630573016070828e-04
-4.7552564567467481e-01  2.7635267160314061e-04
-4.7524926954371371e-01  2.7639958577343999e-04
-4.7497284651222049e-01  2.7644647266687858e-04
-4.7469637660747399e-01  2.7649333227900997e-04
-4.7441985985675822e-01  2.7654016460489821e-04
-4.7414329628736140e-01  2.7658696964017073e-04
-4.7386668592657666e-01  2.7663374738011258e-04
-4.7359002880170142e-01  2.7668049782031824e-04
-4.7331332494003808e-01  2.7672722095563573e-04
-4.7303657436889351e-01  2.7677391678185834e-04
-4.7275977711557893e-01  2.7682058529462217e-04
-4.7248293320741069e-01  2.7686722648870277e-04
-4.7220604267170935e-01  2.7691384036008322e-04
-4.7192910553580009e-01  2.7696042690363514e-04
-4.7165212182701288e-01  2.7700698611541670e-04
-4.7137509157268215e-01  2.7705351798990122e-04
-4.7109801480014696e-01  2.7710002252348103e-04
-4.7082089153675089e-01  2.7714649971086403e-04
-4.7054372180984239e-01  2.7719294954782210e-04
-4.7026650564677402e-01  2.7723937202947177e-04
-4.6998924307490331e-01  2.7728576715168929e-04
-4.6971193412159218e-01  2.7733213490969711e-04
-4.6943457881420736e-01  2.7737847529845619e-04
-4.6915717718011973e-01  2.7742478831409848e-04
-4.6887972924670507e-01  2.7747107395176176e-04
-4.6860223504134380e-01  2.7751733220688431e-04
-4.6832469459142068e-01  2.7756356307476459e-04
-4.6804710792432508e-01  2.7760976655091070e-04
-4.6776947506745103e-01  2.7765594263092392e-04
-4.6749179604819691e-01  2.7770209131023932e-04
-4.6721407089396599e-01  2.7774821258393594e-04
-4.6693629963216582e-01  2.7779430644801610e-04
-4.6665848229020856e-01  2.7784037289738415e-04
-4.6638061889551097e-01  2.7788641192793819e-04
-4.6610270947549437e-01  2.7793242353466063e-04
-4.6582475405758439e-01  2.7797840771361207e-04
-4.6554675266921164e-01  2.7802436445974231e-04
-4.6526870533781090e-01  2.7807029376879412e-04
-4.6499061209082154e-01  2.7811619563604547e-04
-4.6471247295568752e-01  2.7816207005727046e-04
-4.6443428795985747e-01  2.7820791702748356e-04
-4.6415605713078428e-01  2.7825373654256393e-04
-4.6387778049592548e-01  2.7829952859801424e-04
-4.6359945808274328e-01  2.7834529318905880e-04
-4.6332108991870402e-01  2.7839103031107392e-04
-4.6304267603127891e-01  2.7843673995993313e-04
-4.6276421644794363e-01  2.7848242213098146e-04
-4.6248571119617810e-01  2.7852807681948854e-04
-4.6220716030346709e-01  2.7857370402113718e-04
-4.6192856379729963e-01  2.7861930373167883e-04
-4.6164992170516961e-01  2.7866487594589435e-04
-4.6137123405457470e-01  2.7871042066022957e-04
-4.6109250087301779e-01  2.7875593786944703e-04
-4.6081372218800620e-01  2.7880142756899054e-04
-4.6053489802705094e-01  2.7884688975525100e-04
-4.6025602841766866e-01  2.7889232442293322e-04
-4.5997711338737962e-01  2.7893773156778187e-04
-4.5969815296370908e-01  2.7898311118524808e-04
-4.5941914717418636e-01  2.7902846327104524e-04
-4.5914009604634565e-01  2.7907378782067270e-04
-4.5886099960772531e-01  2.7911908482959326e-04
-4.5858185788586847e-01  2.7916435429313827e-04
-4.5830267090832233e-01  2.7920959620715297e-04
-4.5802343870263895e-01  2.7925481056714096e-04
-4.5774416129637469e-01  2.7929999736849530e-04
-4.5746483871709043e-01  2.7934515660643655e-04
-4.5718547099235118e-01  2.7939028827713509e-04
-4.5690605814972690e-01  2.7943539237604926e-04
-4.5662660021679180e-01  2.7948046889814728e-04
-4.5634709722112426e-01  2.7952551783973288e-04
-4.5606754919030762e-01  2.7957053919596124e-04
-4.5578795615192924e-01  2.7961553296236775e-04
-4.5550831813358117e-01  2.7966049913449837e-04
-4.5522863516285988e-01  2.7970543770822030e-04
-4.5494890726736614e-01  2.7975034867870705e-04
-4.5466913447470514e-01  2.7979523204185399e-04
-4.5438931681248673e-01  2.7984008779287665e-04
-4.5410945430832494e-01  2.7988491592780256e-04
-4.5382954698983846e-01  2.7992971644165649e-04
-4.5354959488465008e-01  2.7997448933075425e-04
-4.5326959802038741e-01  2.8001923458988707e-04
-4.5298955642468219e-01  2.8006395221496697e-04
-4.5270947012517049e-01  2.8010864220192900e-04
-4.5242933914949313e-01  2.8015330454572669e-04
-4.5214916352529522e-01  2.8019793924229607e-04
-4.5186894328022609e-01  2.8024254628726525e-04
-4.5158867844193962e-01  2.8028712567622393e-04
-4.5130836903809424e-01  2.8033167740440306e-04
-4.5102801509635226e-01  2.8037620146823021e-04
-4.5074761664438112e-01  2.8042069786246175e-04
-4.5046717370985201e-01  2.8046516658319763e-04
-4.5018668632044095e-01  2.8050960762583769e-04
-4.4990615450382793e-01  2.8055402098621718e-04
-4.4962557828769778e-01  2.8059840665941053e-04
-4.4934495769973953e-01  2.8064276464179557e-04
-4.4906429276764637e-01  2.8068709492839284e-04
-4.4878358351911607e-01  2.8073139751521957e-04
-4.4850282998185087e-01  2.8077567239765159e-04
-4.4822203218355716e-01  2.8081991957154296e-04
-4.4794119015194594e-01  2.8086413903214823e-04
-4.4766030391473222e-01  2.8090833077547620e-04
-4.4737937349963569e-01  2.8095249479710867e-04
-4.4709839893438041e-01  2.8099663109247200e-04
-4.4681738024669460e-01  2.8104073965735227e-04
-4.4653631746431077e-01  2.8108482048758247e-04
-4.4625521061496620e-01  2.8112887357843605e-04
-4.4597405972640214e-01  2.8117289892572650e-04
-4.4569286482636417e-01  2.8121689652521207e-04
-4.4541162594260253e-01  2.8126086637249672e-04
-4.4513034310287147e-01  2.8130480846322325e-04
-4.4484901633492979e-01  2.8134872279302211e-04
-4.4456764566654050e-01  2.8139260935756369e-04
-4.4428623112547100e-01  2.8143646815275412e-04
-4.4400477273949307e-01  2.8148029917383460e-04
-4.4372327053638272e-01  2.8152410241689285e-04
-4.4344172454392028e-01  2.8156787787750109e-04
-4.4316013478989058e-01  2.8161162555096554e-04
-4.4287850130208262e-01  2.8165534543342602e-04
-4.4259682410828960e-01  2.8169903752015452e-04
-4.4231510323630929e-01  2.8174270180699731e-04
-4.4203333871394357e-01  2.8178633829011328e-04
-4.4175153056899863e-01  2.8182994696470504e-04
-4.4146967882928523e-01  2.8187352782659182e-04
-4.4118778352261812e-01  2.8191708087140643e-04
-4.4090584467681648e-01  2.8196060609499574e-04
-4.4062386231970380e-01  2.8200410349271096e-04
-4.4034183647910780e-01  2.8204757306072545e-04
-4.4005976718286066e-01  2.8209101479454807e-04
-4.3977765445879846e-01  2.8213442868971103e-04
-4.3949549833476209e-01  2.8217781474237577e-04
-4.3921329883859639e-01  2.8222117294776042e-04
-4.3893105599815035e-01  2.8226450330213983e-04
-4.3864876984127771e-01  2.8230780580049857e-04
-4.3836644039583611e-01  2.8235108043929435e-04
-4.3808406768968744e-01  2.8239432721377387e-04
-4.3780165175069824e-01  2.8243754611995164e-04
-4.3751919260673877e-01  2.8248073715340439e-04
-4.3723669028568413e-01  2.8252390030977928e-04
-4.3695414481541311e-01  2.8256703558515283e-04
-4.3667155622380927e-01  2.8261014297494442e-04
-4.3638892453876010e-01  2.8265322247501232e-04
-4.3610624978815737e-01  2.8269627408123018e-04
-4.3582353199989726e-01  2.8273929778930434e-04
-4.3554077120188012e-01  2.8278229359462109e-04
-4.3525796742201051e-01  2.8282526149348431e-04
-4.3497512068819733e-01  2.8286820148119450e-04
-4.3469223102835342e-01  2.8291111355391383e-04
-4.3440929847039628e-01  2.8295399770722252e-04
-4.3412632304224746e-01  2.8299685393648705e-04
-4.3384330477183253e-01  2.8303968223831788e-04
-4.3356024368708157e-01  2.8308248260798091e-04
-4.3327713981592886e-01  2.8312525504117179e-04
-4.3299399318631271e-01  2.8316799953411408e-04
-4.3271080382617599e-01  2.8321071608191023e-04
-4.3242757176346536e-01  2.8325340468105095e-04
-4.3214429702613216e-01  2.8329606532664280e-04
-4.3186097964213133e-01  2.8333869801514081e-04
-4.3157761963942265e-01  2.8338130274198868e-04
-4.3129421704596971e-01  2.8342387950292707e-04
-4.3101077188974057e-01  2.8346642829378717e-04
-4.3072728419870721e-01  2.8350894911051134e-04
-4.3044375400084600e-01  2.8355144194870538e-04
-4.3016018132413741e-01  2.8359390680459480e-04
-4.2987656619656622e-01  2.8363634367337695e-04
-4.2959290864612121e-01  2.8367875255135179e-04
-4.2930920870079570e-01  2.8372113343389768e-04
-4.2902546638858657e-01  2.8376348631729950e-04
-4.2874168173749549e-01  2.8380581119739120e-04
-4.2845785477552822e-01  2.8384810806929224e-04
-4.2817398553069419e-01  2.8389037692979464e-04
-4.2789007403100776e-01  2.8393261777387717e-04
-4.2760612030448675e-01  2.8397483059786836e-04
-4.2732212437915368e-01  2.8401701539735599e-04
-4.2703808628303497e-01  2.8405917216841096e-04
-4.2675400604416114e-01  2.8410130090680754e-04
-4.2646988369056704e-01  2.8414340160837811e-04
-4.2618571925029181e-01  2.8418547426870233e-04
-4.2590151275137833e-01  2.8422751888391686e-04
-4.2561726422187385e-01  2.8426953544990867e-04
-4.2533297368982986e-01  2.8431152396228668e-04
-4.2504864118330188e-01  2.8435348441723933e-04
-4.2476426673034962e-01  2.8439541681038601e-04
-4.2447985035903701e-01  2.8443732113727374e-04
-4.2419539209743173e-01  2.8447919739445318e-04
-4.2391089197360593e-01  2.8452104557762564e-04
-4.2362635001563609e-01  2.8456286568227828e-04
-4.2334176625160236e-01  2.8460465770460306e-04
-4.2305714070958939e-01  2.8464642164030562e-04
-4.2277247341768553e-01  2.8468815748521905e-04
-4.2248776440398372e-01  2.8472986523566854e-04
-4.2220301369658075e-01  2.8477154488695306e-04
-4.2191822132357770e-01  2.8481319643519707e-04
-4.2163338731307920e-01  2.8485481987651815e-04
-4.2134851169319493e-01  2.8489641520664622e-04
-4.2106359449203801e-01  2.8493798242122486e-04
-4.2077863573772567e-01  2.8497952151655058e-04
-4.2049363545837959e-01  2.8502103248832539e-04
-4.2020859368212526e-01  2.8506251533226464e-04
-4.1992351043709242e-01  2.8510397004470313e-04
-4.1963838575141488e-01  2.8514539662106520e-04
-4.1935321965323041e-01  2.8518679505772510e-04
-4.1906801217068090e-01  2.8522816535045783e-04
-4.1878276333191267e-01  2.8526950749485370e-04
-4.1849747316507557e-01  2.8531082148718144e-04
-4.1821214169832377e-01  2.8535210732337545e-04
-4.1792676895981573e-01  2.8539336499920642e-04
-4.1764135497771371e-01  2.8543459451066194e-04
-4.1735589978018417e-01  2.8547579585375387e-04
-4.1707040339539753e-01  2.8551696902419794e-04
-4.1678486585152835e-01  2.8555811401805660e-04
-4.1649928717675522e-01  2.8559923083123953e-04
-4.1621366739926069e-01  2.8564031945998536e-04
-4.1592800654723183e-01  2.8568137989976169e-04
-4.1564230464885910e-01  2.8572241214673826e-04
-4.1535656173233743e-01  2.8576341619702462e-04
-4.1507077782586577e-01  2.8580439204613185e-04
-4.1478495295764684e-01  2.8584533969056952e-04
-4.1449908715588779e-01  2.8588625912593160e-04
-4.1421318044879962e-01  2.8592715034819971e-04
-4.1392723286459726e-01  2.8596801335341407e-04
-4.1364124443149974e-01  2.8600884813789670e-04
-4.1335521517773044e-01  2.8604965469677669e-04
-4.1306914513151632e-01  2.8609043302665118e-04
-4.1278303432108837e-01  2.8613118312351647e-04
-4.1249688277468199e-01  2.8617190498302075e-04
-4.1221069052053638e-01  2.8621259860139251e-04
-4.1192445758689467e-01  2.8625326397452462e-04
-4.1163818400200403e-01  2.8629390109845499e-04
-4.1135186979411598e-01  2.8633450996888148e-04
-4.1106551499148558e-01  2.8637509058229894e-04
-4.1077911962237201e-01  2.8641564293436139e-04
-4.1049268371503866e-01  2.8645616702119411e-04
-4.1020620729775270e-01  2.8649666283892970e-04
-4.0991969039878551e-01  2.8653713038317470e-04
-4.0963313304641225e-01  2.8657756965029811e-04
-4.0934653526891218e-01  2.8661798063620768e-04
-4.0905989709456869e-01  2.8665836333671203e-04
-4.0877321855166882e-01  2.8669871774809831e-04
-4.0848649966850381e-01  2.8673904386631942e-04
-4.0819974047336893e-01  2.8677934168713087e-04
-4.0791294099456332e-01  2.8681961120716095e-04
-4.0762610126039006e-01  2.8685985242187645e-04
-4.0733922129915634e-01  2.8690006532728729e-04
-4.0705230113917312e-01  2.8694024991999449e-04
-4.0676534080875565e-01  2.8698040619536868e-04
-4.0647834033622277e-01  2.8702053415008519e-04
-4.0619129974989754e-01  2.8706063377958676e-04
-4.0590421907810698e-01  2.8710070508005428e-04
-4.0561709834918180e-01  2.8714074804791844e-04
-4.0532993759145702e-01  2.8718076267886624e-04
-4.0504273683327130e-01  2.8722074896904334e-04
-4.0475549610296746e-01  2.8726070691432093e-04
-4.0446821542889205e-01  2.8730063651124464e-04
-4.0418089483939590e-01  2.8734053775554145e-04
-4.0389353436283354e-01  2.8738041064308838e-04
-4.0360613402756340e-01  2.8742025517036491e-04
-4.0331869386194807e-01  2.8746007133314898e-04
-4.0303121389435359e-01  2.8749985912760058e-04
-4.0274369415315070e-01  2.8753961854961893e-04
-4.0245613466671315e-01  2.8757934959572004e-04
-4.0216853546341952e-01  2.8761905226169044e-04
-4.0188089657165171e-01  2.8765872654336154e-04
-4.0159321801979553e-01  2.8769837243739166e-04
-4.0130549983624114e-01  2.8773798993947212e-04
-4.0101774204938218e-01  2.8777757904580340e-04
-4.0072994468761647e-01  2.8781713975230445e-04
-4.0044210777934552e-01  2.8785667205530319e-04
-4.0015423135297484e-01  2.8789617595101358e-04
-3.9986631543691403e-01  2.8793565143520543e-04
-3.9957836005957620e-01  2.8797509850442949e-04
-3.9929036524937889e-01  2.8801451715395997e-04
-3.9900233103474270e-01  2.8805390738090308e-04
-3.9871425744409311e-01  2.8809326918062642e-04
-3.9842614450585884e-01  2.8813260254940374e-04
-3.9813799224847252e-01  2.8817190748383530e-04
-3.9784980070037079e-01  2.8821118397957449e-04
-3.9756156988999442e-01  2.8825043203282161e-04
-3.9727329984578752e-01  2.8828965163975225e-04
-3.9698499059619863e-01  2.8832884279637861e-04
-3.9669664216967970e-01  2.8836800549905938e-04
-3.9640825459468670e-01  2.8840713974369672e-04
-3.9611982789967970e-01  2.8844624552677164e-04
-3.9583136211312225e-01  2.8848532284394716e-04
-3.9554285726348198e-01  2.8852437169162877e-04
-3.9525431337923045e-01  2.8856339206595493e-04
-3.9496573048884276e-01  2.8860238396301665e-04
-3.9467710862079802e-01  2.8864134737916370e-04
-3.9438844780357946e-01  2.8868028231039103e-04
-3.9409974806567372e-01  2.8871918875286983e-04
-3.9381100943557157e-01  2.8875806670270718e-04
-3.9352223194176761e-01  2.8879691615602888e-04
-3.9323341561275987e-01  2.8883573710912995e-04
-3.9294456047705084e-01  2.8887452955819965e-04
-3.9265566656314632e-01  2.8891329349924272e-04
-3.9236673389955634e-01  2.8895202892877103e-04
-3.9207776251479443e-01  2.8899073584247938e-04
-3.9178875243737799e-01  2.8902941423693094e-04
-3.9149970369582854e-01  2.8906806410815402e-04
-3.9121061631867105e-01  2.8910668545234096e-04
-3.9092149033443457e-01  2.8914527826555148e-04
-3.9063232577165152e-01  2.8918384254435350e-04
-3.9034312265885884e-01  2.8922237828455055e-04
-3.9005388102459659e-01  2.8926088548272800e-04
-3.8976460089740922e-01  2.8929936413454762e-04
-3.8947528230584438e-01  2.8933781423665854e-04
-3.8918592527845386e-01  2.8937623578516677e-04
-3.8889652984379341e-01  2.8941462877618833e-04
-3.8860709603042221e-01  2.8945299320593941e-04
-3.8831762386690316e-01  2.8949132907080767e-04
-3.8802811338180365e-01  2.8952963636683532e-04
-3.8773856460369399e-01  2.8956791509035751e-04
-3.8744897756114877e-01  2.8960616523736018e-04
-3.8715935228274623e-01  2.8964438680434662e-04
-3.8686968879706818e-01  2.8968257978751621e-04
-3.8657998713270070e-01  2.8972074418292989e-04
-3.8629024731823325e-01  2.8975887998686814e-04
-3.8600046938225907e-01  2.8979698719566429e-04
-3.8571065335337540e-01  2.8983506580533824e-04
-3.8542079926018280e-01  2.8987311581249995e-04
-3.8513090713128606e-01  2.8991113721312965e-04
-3.8484097699529346e-01  2.8994913000362729e-04
-3.8455100888081706e-01  2.8998709418008399e-04
-3.8426100281647291e-01  2.9002502973884899e-04
-3.8397095883088028e-01  2.9006293667613732e-04
-3.8368087695266284e-01  2.9010081498800612e-04
-3.8339075721044735e-01  2.9013866467118274e-04
-3.8310059963286480e-01  2.9017648572163111e-04
-3.8281040424854962e-01  2.9021427813576091e-04
-3.8252017108614023e-01  2.9025204190964872e-04
-3.8222990017427860e-01  2.9028977703959391e-04
-3.8193959154161028e-01  2.9032748352220719e-04
-3.8164924521678489e-01  2.9036516135321329e-04
-3.8135886122845558e-01  2.9040281052932127e-04
-3.8106843960527914e-01  2.9044043104675340e-04
-3.8077798037591626e-01  2.9047802290178625e-04
-3.8048748356903128e-01  2.9051558609050434e-04
-3.8019694921329217e-01  2.9055312060935663e-04
-3.7990637733737054e-01  2.9059062645489829e-04
-3.7961576796994206e-01  2.9062810362263339e-04
-3.7932512113968564e-01  2.9066555210986229e-04
-3.7903443687528410e-01  2.9070297191231256e-04
-3.7874371520542427e-01  2.9074036302617748e-04
-3.7845295615879593e-01  2.9077772544825272e-04
-3.7816215976409329e-01  2.9081505917452188e-04
-3.7787132605001372e-01  2.9085236420133866e-04
-3.7758045504525872e-01  2.9088964052482785e-04
-3.7728954677853299e-01  2.9092688814188604e-04
-3.7699860127854534e-01  2.9096410704833352e-04
-3.7670761857400803e-01  2.9100129724061113e-04
-3.7641659869363703e-01  2.9103845871511632e-04
-3.7612554166615181e-01  2.9107559146824077e-04
-3.7583444752027595e-01  2.9111269549605934e-04
-3.7554331628473614e-01  2.9114977079527221e-04
-3.7525214798826334e-01  2.9118681736183883e-04
-3.7496094265959146e-01  2.9122383519240288e-04
-3.7466970032745878e-01  2.9126082428305869e-04
-3.7437842102060659e-01  2.9129778463048535e-04
-3.7408710476778040e-01  2.9133471623062659e-04
-3.7379575159772882e-01  2.9137161908038267e-04
-3.7350436153920463e-01  2.9140849317559850e-04
-3.7321293462096389e-01  2.9144533851284762e-04
-3.7292147087176641e-01  2.9148215508846895e-04
-3.7262997032037570e-01  2.9151894289876682e-04
-3.7233843299555869e-01  2.9155570194028734e-04
-3.7204685892608624e-01  2.9159243220919614e-04
-3.7175524814073257e-01  2.9162913370201670e-04
-3.7146360066827566e-01  2.9166580641508877e-04
-3.7117191653749715e-01  2.9170245034471705e-04
-3.7088019577718212e-01  2.9173906548740668e-04
-3.7058843841611949e-01  2.9177565183934230e-04
-3.7029664448310162e-01  2.9181220939712449e-04
-3.7000481400692442e-01  2.9184873815736427e-04
-3.6971294701638779e-01  2.9188523811576731e-04
-3.6942104354029465e-01  2.9192170926936172e-04
-3.6912910360745221e-01  2.9195815161424854e-04
-3.6883712724667062e-01  2.9199456514680832e-04
-3.6854511448676386e-01  2.9203094986389401e-04
-3.6825306535654989e-01  2.9206730576103094e-04
-3.6796097988484955e-01  2.9210363283550838e-04
-3.6766885810048788e-01  2.9213993108328601e-04
-3.6737670003229317e-01  2.9217620050093080e-04
-3.6708450570909734e-01  2.9221244108486885e-04
-3.6679227515973600e-01  2.9224865283146418e-04
-3.6650000841304836e-01  2.9228483573709153e-04
-3.6620770549787690e-01  2.9232098979822704e-04
-3.6591536644306788e-01  2.9235711501150697e-04
-3.6562299127747133e-01  2.9239321137303768e-04
-3.6533058002994057e-01  2.9242927887934602e-04
-3.6503813272933239e-01  2.9246531752706221e-04
-3.6474564940450749e-01  2.9250132731231248e-04
-3.6445313008432978e-01  2.9253730823194588e-04
-3.6416057479766695e-01  2.9257326028204843e-04
-3.6386798357339012e-01  2.9260918345931267e-04
-3.6357535644037409e-01  2.9264507776008945e-04
-3.6328269342749703e-01  2.9268094318071937e-04
-3.6298999456364078e-01  2.9271677971790688e-04
-3.6269725987769064e-01  2.9275258736793063e-04
-3.6240448939853542e-01  2.9278836612738534e-04
-3.6211168315506764e-01  2.9282411599253791e-04
-3.6181884117618324e-01  2.9285983696005418e-04
-3.6152596349078153e-01  2.9289552902643647e-04
-3.6123305012776546e-01  2.9293119218806333e-04
-3.6094010111604169e-01  2.9296682644136659e-04
-3.6064711648452025e-01  2.9300243178293807e-04
-3.6035409626211456e-01  2.9303800820918596e-04
-3.6006104047774168e-01  2.9307355571668733e-04
-3.5976794916032218e-01  2.9310907430187612e-04
-3.5947482233878025e-01  2.9314456396110119e-04
-3.5918166004204316e-01  2.9318002469122859e-04
-3.5888846229904225e-01  2.9321545648841130e-04
-3.5859522913871189e-01  2.9325085934940311e-04
-3.5830196058999036e-01  2.9328623327043088e-04
-3.5800865668181892e-01  2.9332157824822933e-04
-3.5771531744314289e-01  2.9335689427936252e-04
-3.5742194290291074e-01  2.9339218136002667e-04
-3.5712853309007436e-01  2.9342743948694149e-04
-3.5683508803358932e-01  2.9346266865674345e-04
-3.5654160776241445e-01  2.9349786886592310e-04
-3.5624809230551235e-01  2.9353304011079517e-04
-3.5595454169184904e-01  2.9356818238801199e-04
-3.5566095595039376e-01  2.9360329569403764e-04
-3.5536733511011925e-01  2.9363838002557170e-04
-3.5507367920000205e-01  2.9367343537914988e-04
-3.5477998824902174e-01  2.9370846175119956e-04
-3.5448626228616176e-01  2.9374345913810157e-04
-3.5419250134040869e-01  2.9377842753671861e-04
-3.5389870544075275e-01  2.9381336694327722e-04
-3.5360487461618728e-01  2.9384827735478973e-04
-3.5331100889570971e-01  2.9388315876738183e-04
-3.5301710830832012e-01  2.9391801117787471e-04
-3.5272317288302291e-01  2.9395283458245381e-04
-3.5242920264882482e-01  2.9398762897842897e-04
-3.5213519763473727e-01  2.9402239436144531e-04
-3.5184115786977410e-01  2.9405713072878784e-04
-3.5154708338295315e-01  2.9409183807667762e-04
-3.5125297420329538e-01  2.9412651640158634e-04
-3.5095883035982534e-01  2.9416116570048890e-04
-3.5066465188157103e-01  2.9419578596975610e-04
-3.5037043879756369e-01  2.9423037720591774e-04
-3.5007619113683824e-01  2.9426493940568353e-04
-3.4978190892843275e-01  2.9429947256545940e-04
-3.4948759220138870e-01  2.9433397668202164e-04
-3.4919324098475135e-01  2.9436845175176033e-04
-3.4889885530756881e-01  2.9440289777144196e-04
-3.4860443519889317e-01  2.9443731473769894e-04
-3.4830998068777941e-01  2.9447170264699455e-04
-3.4801549180328611e-01  2.9450606149613825e-04
-3.4772096857447532e-01  2.9454039128147747e-04
-3.4742641103041250e-01  2.9457469199971212e-04
-3.4713181920016617e-01  2.9460896364764575e-04
-3.4683719311280869e-01  2.9464320622166684e-04
-3.4654253279741543e-01  2.9467741971857345e-04
-3.4624783828306549e-01  2.9471160413479467e-04
-3.4595310959884090e-01  2.9474575946706900e-04
-3.4565834677382756e-01  2.9477988571198851e-04
-3.4536354983711426e-01  2.9481398286624716e-04
-3.4506871881779344e-01  2.9484805092641077e-04
-3.4477385374496095e-01  2.9488208988913173e-04
-3.4447895464771583e-01  2.9491609975105376e-04
-3.4418402155516048e-01  2.9495008050890763e-04
-3.4388905449640084e-01  2.9498403215906039e-04
-3.4359405350054589e-01  2.9501795469882131e-04
-3.4329901859670842e-01  2.9505184812386547e-04
-3.4300394981400412e-01  2.9508571243164433e-04
-3.4270884718155226e-01  2.9511954761851915e-04
-3.4241371072847515e-01  2.9515335368134407e-04
-3.4211854048389906e-01  2.9518713061634899e-04
-3.4182333647695307e-01  2.9522087842057381e-04
-3.4152809873676976e-01  2.9525459709051153e-04
-3.4123282729248483e-01  2.9528828662284617e-04
-3.4093752217323764e-01  2.9532194701454629e-04
-3.4064218340817065e-01  2.9535557826192383e-04
-3.4034681102642983e-01  2.9538918036176802e-04
-3.4005140505716425e-01  2.9542275331083135e-04
-3.3975596552952636e-01  2.9545629710581747e-04
-3.3946049247267229e-01  2.9548981174304996e-04
-3.3916498591576061e-01  2.9552329721984369e-04
-3.3886944588795409e-01  2.9555675353239586e-04
-3.3857387241841841e-01  2.9559018067765484e-04
-3.3827826553632234e-01  2.9562357865240742e-04
-3.3798262527083867e-01  2.9565694745287819e-04
-3.3768695165114249e-01  2.9569028707634581e-04
-3.3739124470641296e-01  2.9572359751929870e-04
-3.3709550446583236e-01  2.9575687877815240e-04
-3.3679973095858606e-01  2.9579013084993509e-04
-3.3650392421386255e-01  2.9582335373160137e-04
-3.3620808426085436e-01  2.9585654741930985e-04
-3.3591221112875636e-01  2.9588971191034852e-04
-3.3561630484676741e-01  2.9592284720088215e-04
-3.3532036544408939e-01  2.9595595328800564e-04
-3.3502439294992725e-01  2.9598903016837781e-04
-3.3472838739348942e-01  2.9602207783878062e-04
-3.3443234880398753e-01  2.9605509629596885e-04
-3.3413627721063677e-01  2.9608808553638956e-04
-3.3384017264265492e-01  2.9612104555714675e-04
-3.3354403512926373e-01  2.9615397635482409e-04
-3.3324786469968770e-01  2.9618687792618231e-04
-3.3295166138315480e-01  2.9621975026799033e-04
-3.3265542520889613e-01  2.9625259337713957e-04
-3.3235915620614631e-01  2.9628540724997563e-04
-3.3206285440414263e-01  2.9631819188379613e-04
-3.3176651983212646e-01  2.9635094727495452e-04
-3.3147015251934153e-01  2.9638367342046940e-04
-3.3117375249503533e-01  2.9641637031702799e-04
-3.3087731978845852e-01  2.9644903796137629e-04
-3.3058085442886487e-01  2.9648167635016372e-04
-3.3028435644551135e-01  2.9651428548039670e-04
-3.2998782586765818e-01  2.9654686534886192e-04
-3.2969126272456906e-01  2.9657941595206879e-04
-3.2939466704551046e-01  2.9661193728697650e-04
-3.2909803885975225e-01  2.9664442935052848e-04
-3.2880137819656763e-01  2.9667689213941150e-04
-3.2850468508523278e-01  2.9670932565042691e-04
-3.2820795955502746e-01  2.9674172988011603e-04
-3.2791120163523413e-01  2.9677410482572566e-04
-3.2761441135513886e-01  2.9680645048363557e-04
-3.2731758874403066e-01  2.9683876685092288e-04
-3.2702073383120189e-01  2.9687105392432977e-04
-3.2672384664594784e-01  2.9690331170070198e-04
-3.2642692721756739e-01  2.9693554017676802e-04
-3.2612997557536227e-01  2.9696773934954278e-04
-3.2583299174863745e-01  2.9699990921557034e-04
-3.2553597576670135e-01  2.9703204977182156e-04
-3.2523892765886508e-01  2.9706416101523211e-04
-3.2494184745444343e-01  2.9709624294225350e-04
-3.2464473518275383e-01  2.9712829555026831e-04
-3.2434759087311738e-01  2.9716031883561398e-04
-3.2405041455485795e-01  2.9719231279560647e-04
-3.2375320625730275e-01  2.9722427742665962e-04
-3.2345596600978244e-01  2.9725621272564952e-04
-3.2315869384163010e-01  2.9728811868968779e-04
-3.2286138978218265e-01  2.9731999531558266e-04
-3.2256405386077980e-01  2.9735184259992343e-04
-3.2226668610676434e-01  2.9738366054003892e-04
-3.2196928654948276e-01  2.9741544913212140e-04
-3.2167185521828379e-01  2.9744720837367590e-04
-3.2137439214252017e-01  2.9747893826121070e-04
-3.2107689735154732e-01  2.9751063879174602e-04
-3.2077937087472369e-01  2.9754230996197843e-04
-3.2048181274141108e-01  2.9757395176914693e-04
-3.2018422298097460e-01  2.9760556420962633e-04
-3.1988660162278199e-01  2.9763714728070690e-04
-3.1958894869620447e-01  2.9766870097885169e-04
-3.1929126423061616e-01  2.9770022530146897e-04
-3.1899354825539461e-01  2.9773172024523983e-04
-3.1869580079992010e-01  2.9776318580682049e-04
-3.1839802189357613e-01  2.9779462198344694e-04
-3.1810021156574964e-01  2.9782602877169955e-04
-3.1780236984583005e-01  2.9785740616885371e-04
-3.1750449676321046e-01  2.9788875417128923e-04
-3.1720659234728682e-01  2.9792007277638840e-04
-3.1690865662745810e-01  2.9795136198084332e-04
-3.1661068963312633e-01  2.9798262178179551e-04
-3.1631269139369689e-01  2.9801385217587947e-04
-3.1601466193857808e-01  2.9804505316013285e-04
-3.1571660129718115e-01  2.9807622473138756e-04
-3.1541850949892075e-01  2.9810736688673240e-04
-3.1512038657321428e-01  2.9813847962293169e-04
-3.1482223254948249e-01  2.9816956293702191e-04
-3.1452404745714890e-01  2.9820061682591178e-04
-3.1422583132564030e-01  2.9823164128655423e-04
-3.1392758418438660e-01  2.9826263631578954e-04
-3.1362930606282063e-01  2.9829360191058234e-04
-3.1333099699037825e-01  2.9832453806790749e-04
-3.1303265699649852e-01  2.9835544478480305e-04
-3.1273428611062332e-01  2.9838632205818680e-04
-3.1243588436219782e-01  2.9841716988492214e-04
-3.1213745178067032e-01  2.9844798826197543e-04
-3.1183898839549179e-01  2.9847877718639274e-04
-3.1154049423611641e-01  2.9850953665503754e-04
-3.1124196933200154e-01  2.9854026666498786e-04
-3.1094341371260747e-01  2.9857096721287187e-04
-3.1064482740739741e-01  2.9860163829628433e-04
-3.1034621044583777e-01  2.9863227991176435e-04
-3.1004756285739793e-01  2.9866289205616244e-04
-3.0974888467155026e-01  2.9869347472687770e-04
-3.0945017591777002e-01  2.9872402792053778e-04
-3.0915143662553601e-01  2.9875455163430874e-04
-3.0885266682432921e-01  2.9878504586523618e-04
-3.0855386654363437e-01  2.9881551061013790e-04
-3.0825503581293884e-01  2.9884594586610701e-04
-3.0795617466173320e-01  2.9887635163001021e-04
-3.0765728311951068e-01  2.9890672789902934e-04
-3.0735836121576798e-01  2.9893707467010781e-04
-3.0705940898000450e-01  2.9896739194014405e-04
-3.0676042644172252e-01  2.9899767970635344e-04
-3.0646141363042773e-01  2.9902793796547183e-04
-3.0616237057562834e-01  2.9905816671486934e-04
-3.0586329730683604e-01  2.9908836595114751e-04
-3.0556419385356492e-01  2.9911853567166449e-04
-3.0526506024533256e-01  2.9914867587326122e-04
-3.0496589651165917e-01  2.9917878655310199e-04
-3.0466670268206830e-01  2.9920886770803403e-04
-3.0436747878608600e-01  2.9923891933523241e-04
-3.0406822485324148e-01  2.9926894143176896e-04
-3.0376894091306739e-01  2.9929893399443716e-04
-3.0346962699509850e-01  2.9932889702046932e-04
-3.0317028312887306e-01  2.9935883050700789e-04
-3.0287090934393224e-01  2.9938873445095479e-04
-3.0257150566981994e-01  2.9941860884931409e-04
-3.0227207213608343e-01  2.9944845369917047e-04
-3.0197260877227250e-01  2.9947826899760690e-04
-3.0167311560794002e-01  2.9950805474170870e-04
-3.0137359267264191e-01  2.9953781092841866e-04
-3.0107403999593690e-01  2.9956753755504116e-04
-3.0077445760738669e-01  2.9959723461832132e-04
-3.0047484553655590e-01  2.9962690211568358e-04
-3.0017520381301216e-01  2.9965654004381997e-04
-2.9987553246632587e-01  2.9968614840010082e-04
-2.9957583152607042e-01  2.9971572718152277e-04
-2.9927610102182234e-01  2.9974527638510629e-04
-2.9897634098316084e-01  2.9977479600791284e-04
-2.9867655143966793e-01  2.9980428604713789e-04
-2.9837673242092883e-01  2.9983374649994698e-04
-2.9807688395653142e-01  2.9986317736316467e-04
-2.9777700607606672e-01  2.9989257863416875e-04
-2.9747709880912865e-01  2.9992195030970092e-04
-2.9717716218531359e-01  2.9995129238722843e-04
-2.9687719623422137e-01  2.9998060486363778e-04
-2.9657720098545426e-01  3.0000988773637053e-04
-2.9627717646861784e-01  3.0003914100199555e-04
-2.9597712271332033e-01  3.0006836465802281e-04
-2.9567703974917303e-01  3.0009755870130585e-04
-2.9537692760578960e-01  3.0012672312935463e-04
-2.9507678631278739e-01  3.0015585793890528e-04
-2.9477661589978599e-01  3.0018496312712709e-04
-2.9447641639640793e-01  3.0021403869139312e-04
-2.9417618783227900e-01  3.0024308462874634e-04
-2.9387593023702757e-01  3.0027210093609702e-04
-2.9357564364028477e-01  3.0030108761078516e-04
-2.9327532807168488e-01  3.0033004464989052e-04
-2.9297498356086482e-01  3.0035897205059261e-04
-2.9267461013746454e-01  3.0038786981004175e-04
-2.9237420783112655e-01  3.0041673792530421e-04
-2.9207377667149659e-01  3.0044557639358666e-04
-2.9177331668822287e-01  3.0047438521213997e-04
-2.9147282791095686e-01  3.0050316437787609e-04
-2.9117231036935254e-01  3.0053191388825970e-04
-2.9087176409306670e-01  3.0056063374021965e-04
-2.9057118911175933e-01  3.0058932393096786e-04
-2.9027058545509304e-01  3.0061798445770506e-04
-2.8996995315273300e-01  3.0064661531765420e-04
-2.8966929223434756e-01  3.0067521650808249e-04
-2.8936860272960802e-01  3.0070378802576111e-04
-2.8906788466818811e-01  3.0073232986816838e-04
-2.8876713807976440e-01  3.0076084203265070e-04
-2.8846636299401662e-01  3.0078932451596795e-04
-2.8816555944062699e-01  3.0081777731580741e-04
-2.8786472744928082e-01  3.0084620042890867e-04
-2.8756386704966591e-01  3.0087459385275350e-04
-2.8726297827147329e-01  3.0090295758413197e-04
-2.8696206114439599e-01  3.0093129162097362e-04
-2.8666111569813080e-01  3.0095959595983850e-04
-2.8636014196237691e-01  3.0098787059807801e-04
-2.8605913996683607e-01  3.0101611553303131e-04
-2.8575810974121296e-01  3.0104433076196636e-04
-2.8545705131521537e-01  3.0107251628193798e-04
-2.8515596471855331e-01  3.0110067209004031e-04
-2.8485484998094002e-01  3.0112879818396923e-04
-2.8455370713209144e-01  3.0115689456050229e-04
-2.8425253620172597e-01  3.0118496121694027e-04
-2.8395133721956534e-01  3.0121299815072232e-04
-2.8365011021533337e-01  3.0124100535883859e-04
-2.8334885521875725e-01  3.0126898283868467e-04
-2.8304757225956667e-01  3.0129693058743285e-04
-2.8274626136749398e-01  3.0132484860237582e-04
-2.8244492257227438e-01  3.0135273688063638e-04
-2.8214355590364598e-01  3.0138059541959022e-04
-2.8184216139134943e-01  3.0140842421649063e-04
-2.8154073906512822e-01  3.0143622326844380e-04
-2.8123928895472849e-01  3.0146399257301512e-04
-2.8093781108989935e-01  3.0149173212702402e-04
-2.8063630550039231e-01  3.0151944192810710e-04
-2.8033477221596192e-01  3.0154712197337036e-04
-2.8003321126636543e-01  3.0157477226000999e-04
-2.7973162268136248e-01  3.0160239278553418e-04
-2.7943000649071603e-01  3.0162998354689479e-04
-2.7912836272419111e-01  3.0165754454167460e-04
-2.7882669141155592e-01  3.0168507576698231e-04
-2.7852499258258134e-01  3.0171257722010764e-04
-2.7822326626704064e-01  3.0174004889851408e-04
-2.7792151249471031e-01  3.0176749079928000e-04
-2.7761973129536910e-01  3.0179490291975099e-04
-2.7731792269879868e-01  3.0182228525719448e-04
-2.7701608673478328e-01  3.0184963780915909e-04
-2.7671422343311036e-01  3.0187696057241124e-04
-2.7641233282356920e-01  3.0190425354471357e-04
-2.7611041493595234e-01  3.0193151672326223e-04
-2.7580846980005480e-01  3.0195875010552529e-04
-2.7550649744567479e-01  3.0198595368829398e-04
-2.7520449790261231e-01  3.0201312746948685e-04
-2.7490247120067096e-01  3.0204027144603855e-04
-2.7460041736965635e-01  3.0206738561534591e-04
-2.7429833643937701e-01  3.0209446997489075e-04
-2.7399622843964427e-01  3.0212152452178422e-04
-2.7369409340027195e-01  3.0214854925358518e-04
-2.7339193135107670e-01  3.0217554416732498e-04
-2.7308974232187744e-01  3.0220250926080627e-04
-2.7278752634249648e-01  3.0222944453087191e-04
-2.7248528344275802e-01  3.0225634997507934e-04
-2.7218301365248943e-01  3.0228322559077071e-04
-2.7188071700152050e-01  3.0231007137527892e-04
-2.7157839351968371e-01  3.0233688732603589e-04
-2.7127604323681431e-01  3.0236367344010863e-04
-2.7097366618274987e-01  3.0239042971538945e-04
-2.7067126238733108e-01  3.0241715614872674e-04
-2.7036883188040084e-01  3.0244385273771980e-04
-2.7006637469180494e-01  3.0247051947956955e-04
-2.6976389085139163e-01  3.0249715637193264e-04
-2.6946138038901213e-01  3.0252376341199645e-04
-2.6915884333451984e-01  3.0255034059698297e-04
-2.6885627971777082e-01  3.0257688792455223e-04
-2.6855368956862424e-01  3.0260340539199599e-04
-2.6825107291694145e-01  3.0262989299665493e-04
-2.6794842979258660e-01  3.0265635073585003e-04
-2.6764576022542619e-01  3.0268277860708628e-04
-2.6734306424532955e-01  3.0270917660774109e-04
-2.6704034188216874e-01  3.0273554473512170e-04
-2.6673759316581824e-01  3.0276188298669268e-04
-2.6643481812615499e-01  3.0278819135996527e-04
-2.6613201679305892e-01  3.0281446985210009e-04
-2.6582918919641224e-01  3.0284071846079077e-04
-2.6552633536609993e-01  3.0286693718297288e-04
-2.6522345533200931e-01  3.0289312601675171e-04
-2.6492054912403062e-01  3.0291928495889265e-04
-2.6461761677205631e-01  3.0294541400715304e-04
-2.6431465830598178e-01  3.0297151315904458e-04
-2.6401167375570483e-01  3.0299758241175641e-04
-2.6370866315112584e-01  3.0302362176269079e-04
-2.6340562652214772e-01  3.0304963120949483e-04
-2.6310256389867587e-01  3.0307561074948742e-04
-2.6279947531061876e-01  3.0310156038013570e-04
-2.6249636078788674e-01  3.0312748009868399e-04
-2.6219322036039305e-01  3.0315336990291382e-04
-2.6189005405805355e-01  3.0317922978998478e-04
-2.6158686191078651e-01  3.0320505975749704e-04
-2.6128364394851278e-01  3.0323085980293527e-04
-2.6098040020115576e-01  3.0325662992363020e-04
-2.6067713069864162e-01  3.0328237011696137e-04
-2.6037383547089865e-01  3.0330808038066503e-04
-2.6007051454785796e-01  3.0333376071205740e-04
-2.5976716795945304e-01  3.0335941110853297e-04
-2.5946379573562028e-01  3.0338503156761634e-04
-2.5916039790629797e-01  3.0341062208689198e-04
-2.5885697450142753e-01  3.0343618266366455e-04
-2.5855352555095257e-01  3.0346171329548663e-04
-2.5825005108481930e-01  3.0348721397979847e-04
-2.5794655113297649e-01  3.0351268471419461e-04
-2.5764302572537534e-01  3.0353812549596145e-04
-2.5733947489196962e-01  3.0356353632286293e-04
-2.5703589866271570e-01  3.0358891719217890e-04
-2.5673229706757222e-01  3.0361426810141451e-04
-2.5642867013650056e-01  3.0363958904817761e-04
-2.5612501789946435e-01  3.0366488003000502e-04
-2.5582134038642995e-01  3.0369014104416356e-04
-2.5551763762736629e-01  3.0371537208839365e-04
-2.5521390965224444e-01  3.0374057316001597e-04
-2.5491015649103832e-01  3.0376574425660009e-04
-2.5460637817372389e-01  3.0379088537589707e-04
-2.5430257473028012e-01  3.0381599651511346e-04
-2.5399874619068807e-01  3.0384107767188824e-04
-2.5369489258493150e-01  3.0386612884373421e-04
-2.5339101394299657e-01  3.0389115002825190e-04
-2.5308711029487174e-01  3.0391614122297287e-04
-2.5278318167054836e-01  3.0394110242524402e-04
-2.5247922810001971e-01  3.0396603363290258e-04
-2.5217524961328219e-01  3.0399093484297210e-04
-2.5187124624033386e-01  3.0401580605361072e-04
-2.5156721801117565e-01  3.0404064726217170e-04
-2.5126316495581136e-01  3.0406545846587915e-04
-2.5095908710424641e-01  3.0409023966274486e-04
-2.5065498448648937e-01  3.0411499084996384e-04
-2.5035085713255079e-01  3.0413971202527358e-04
-2.5004670507244381e-01  3.0416440318624513e-04
-2.4974252833618410e-01  3.0418906433040289e-04
-2.4943832695378976e-01  3.0421369545520862e-04
-2.4913410095528132e-01  3.0423829655836220e-04
-2.4882985037068137e-01  3.0426286763741224e-04
-2.4852557523001551e-01  3.0428740868993886e-04
-2.4822127556331136e-01  3.0431191971355974e-04
-2.4791695140059916e-01  3.0433640070564677e-04
-2.4761260277191149e-01  3.0436085166411135e-04
-2.4730822970728331e-01  3.0438527258628352e-04
-2.4700383223675201e-01  3.0440966346984060e-04
-2.4669941039035759e-01  3.0443402431238622e-04
-2.4639496419814205e-01  3.0445835511151047e-04
-2.4609049369015007e-01  3.0448265586484888e-04
-2.4578599889642883e-01  3.0450692656983070e-04
-2.4548147984702773e-01  3.0453116722417242e-04
-2.4517693657199835e-01  3.0455537782562227e-04
-2.4487236910139509e-01  3.0457955837169412e-04
-2.4456777746527453e-01  3.0460370885984314e-04
-2.4426316169369572e-01  3.0462782928793213e-04
-2.4395852181671990e-01  3.0465191965332536e-04
-2.4365385786441091e-01  3.0467597995393480e-04
-2.4334916986683469e-01  3.0470001018720561e-04
-2.4304445785405998e-01  3.0472401035070909e-04
-2.4273972185615753e-01  3.0474798044223940e-04
-2.4243496190320057e-01  3.0477192045939318e-04
-2.4213017802526471e-01  3.0479583039966018e-04
-2.4182537025242776e-01  3.0481971026091541e-04
-2.4152053861477030e-01  3.0484356004061513e-04
-2.4121568314237482e-01  3.0486737973644645e-04
-2.4091080386532643e-01  3.0489116934610003e-04
-2.4060590081371239e-01  3.0491492886716508e-04
-2.4030097401762252e-01  3.0493865829744703e-04
-2.3999602350714883e-01  3.0496235763446922e-04
-2.3969104931238566e-01  3.0498602687593332e-04
-2.3938605146342984e-01  3.0500966601947765e-04
-2.3908102999038044e-01  3.0503327506270820e-04
-2.3877598492333879e-01  3.0505685400345953e-04
-2.3847091629240869e-01  3.0508040283934012e-04
-2.3816582412769610e-01  3.0510392156796835e-04
-2.3786070845930957e-01  3.0512741018706865e-04
-2.3755556931735980e-01  3.0515086869412522e-04
-2.3725040673195946e-01  3.0517429708727868e-04
-2.3694522073322422e-01  3.0519769536385314e-04
-2.3664001135127163e-01  3.0522106352159960e-04
-2.3633477861622165e-01  3.0524440155823695e-04
-2.3602952255819648e-01  3.0526770947155178e-04
-2.3572424320732063e-01  3.0529098725919443e-04
-2.3541894059372120e-01  3.0531423491865771e-04
-2.3511361474752701e-01  3.0533745244796487e-04
-2.3480826569886964e-01  3.0536063984463731e-04
-2.3450289347788289e-01  3.0538379710652721e-04
-2.3419749811470267e-01  3.0540692423117828e-04
-2.3389207963946734e-01  3.0543002121633813e-04
-2.3358663808231744e-01  3.0545308805984849e-04
-2.3328117347339589e-01  3.0547612475934841e-04
-2.3297568584284783e-01  3.0549913131261409e-04
-2.3267017522082059e-01  3.0552210771717548e-04
-2.3236464163746381e-01  3.0554505397112900e-04
-2.3205908512292950e-01  3.0556797007199368e-04
-2.3175350570737199e-01  3.0559085601737239e-04
-2.3144790342094748e-01  3.0561371180528674e-04
-2.3114227829381490e-01  3.0563653743335918e-04
-2.3083663035613511e-01  3.0565933289924941e-04
-2.3053095963807127e-01  3.0568209820092796e-04
-2.3022526616978911e-01  3.0570483333590198e-04
-2.2991954998145611e-01  3.0572753830201944e-04
-2.2961381110324247e-01  3.0575021309705831e-04
-2.2930804956532008e-01  3.0577285771875133e-04
-2.2900226539786350e-01  3.0579547216499860e-04
-2.2869645863104957e-01  3.0581805643343574e-04
-2.2839062929505699e-01  3.0584061052180665e-04
-2.2808477742006703e-01  3.0586313442793235e-04
-2.2777890303626286e-01  3.0588562814962443e-04
-2.2747300617383009e-01  3.0590809168465105e-04
-2.2716708686295678e-01  3.0593052503068499e-04
-2.2686114513383260e-01  3.0595292818569742e-04
-2.2655518101664990e-01  3.0597530114738524e-04
-2.2624919454160314e-01  3.0599764391356333e-04
-2.2594318573888894e-01  3.0601995648198724e-04
-2.2563715463870604e-01  3.0604223885041565e-04
-2.2533110127125566e-01  3.0606449101675014e-04
-2.2502502566674090e-01  3.0608671297872305e-04
-2.2471892785536718e-01  3.0610890473425104e-04
-2.2441280786734219e-01  3.0613106628101552e-04
-2.2410666573287580e-01  3.0615319761677812e-04
-2.2380050148217989e-01  3.0617529873956336e-04
-2.2349431514546864e-01  3.0619736964706748e-04
-2.2318810675295844e-01  3.0621941033713758e-04
-2.2288187633486778e-01  3.0624142080754290e-04
-2.2257562392141755e-01  3.0626340105611668e-04
-2.2226934954283045e-01  3.0628535108076179e-04
-2.2196305322933155e-01  3.0630727087935938e-04
-2.2165673501114802e-01  3.0632916044961696e-04
-2.2135039491850941e-01  3.0635101978938748e-04
-2.2104403298164707e-01  3.0637284889657490e-04
-2.2073764923079478e-01  3.0639464776894296e-04
-2.2043124369618830e-01  3.0641641640451086e-04
-2.2012481640806575e-01  3.0643815480090730e-04
-2.1981836739666716e-01  3.0645986295613453e-04
-2.1951189669223486e-01  3.0648154086799427e-04
-2.1920540432501320e-01  3.0650318853445797e-04
-2.1889889032524884e-01  3.0652480595311731e-04
-2.1859235472319041e-01  3.0654639312213238e-04
-2.1828579754908883e-01  3.0656795003921390e-04
-2.1797921883319687e-01  3.0658947670236510e-04
-2.1767261860576975e-01  3.0661097310924121e-04
-2.1736599689706471e-01  3.0663243925792782e-04
-2.1705935373734095e-01  3.0665387514620371e-04
-2.1675268915685994e-01  3.0667528077202332e-04
-2.1644600318588531e-01  3.0669665613326086e-04
-2.1613929585468261e-01  3.0671800122770878e-04
-2.1583256719351973e-01  3.0673931605334690e-04
-2.1552581723266651e-01  3.0676060060804593e-04
-2.1521904600239489e-01  3.0678185488973290e-04
-2.1491225353297902e-01  3.0680307889623739e-04
-2.1460543985469493e-01  3.0682427262559444e-04
-2.1429860499782102e-01  3.0684543607565587e-04
-2.1399174899263768e-01  3.0686656924427242e-04
-2.1368487186942731e-01  3.0688767212937000e-04
-2.1337797365847433e-01  3.0690874472895667e-04
-2.1307105439006552e-01  3.0692978704084493e-04
-2.1276411409448942e-01  3.0695079906305092e-04
-2.1245715280203684e-01  3.0697178079350050e-04
-2.1215017054300073e-01  3.0699273222996890e-04
-2.1184316734767591e-01  3.0701365337049505e-04
-2.1153614324635933e-01  3.0703454421303334e-04
-2.1122909826935007e-01  3.0705540475552259e-04
-2.1092203244694913e-01  3.0707623499593632e-04
-2.1061494580945966e-01  3.0709703493219190e-04
-2.1030783838718703e-01  3.0711780456215256e-04
-2.1000071021043834e-01  3.0713854388388523e-04
-2.0969356130952299e-01  3.0715925289522553e-04
-2.0938639171475232e-01  3.0717993159416247e-04
-2.0907920145643971e-01  3.0720057997875170e-04
-2.0877199056490042e-01  3.0722119804698516e-04
-2.0846475907045220e-01  3.0724178579654890e-04
-2.0815750700341445e-01  3.0726234322563610e-04
-2.0785023439410857e-01  3.0728287033224353e-04
-2.0754294127285827e-01  3.0730336711431397e-04
-2.0723562766998915e-01  3.0732383356970157e-04
-2.0692829361582871e-01  3.0734426969649927e-04
-2.0662093914070662e-01  3.0736467549266470e-04
-2.0631356427495451e-01  3.0738505095617594e-04
-2.0600616904890595e-01  3.0740539608512370e-04
-2.0569875349289671e-01  3.0742571087734083e-04
-2.0539131763726448e-01  3.0744599533080616e-04
-2.0508386151234881e-01  3.0746624944373954e-04
-2.0477638514849147e-01  3.0748647321395705e-04
-2.0446888857603607e-01  3.0750666663952167e-04
-2.0416137182532823e-01  3.0752682971837080e-04
-2.0385383492671574e-01  3.0754696244861675e-04
-2.0354627791054819e-01  3.0756706482823937e-04
-2.0323870080717707e-01  3.0758713685528438e-04
-2.0293110364695610e-01  3.0760717852764546e-04
-2.0262348646024092e-01  3.0762718984344759e-04
-2.0231584927738905e-01  3.0764717080065582e-04
-2.0200819212875987e-01  3.0766712139749679e-04
-2.0170051504471509e-01  3.0768704163176581e-04
-2.0139281805561818e-01  3.0770693150155865e-04
-2.0108510119183451e-01  3.0772679100491654e-04
-2.0077736448373151e-01  3.0774662013986287e-04
-2.0046960796167845e-01  3.0776641890453439e-04
-2.0016183165604667e-01  3.0778618729698033e-04
-1.9985403559720952e-01  3.0780592531506526e-04
-1.9954621981554221e-01  3.0782563295700025e-04
-1.9923838434142177e-01  3.0784531022082077e-04
-1.9893052920522752e-01  3.0786495710458448e-04
-1.9862265443734040e-01  3.0788457360622710e-04
-1.9831476006814325e-01  3.0790415972406032e-04
-1.9800684612802114e-01  3.0792371545594279e-04
-1.9769891264736097e-01  3.0794324079997385e-04
-1.9739095965655129e-01  3.0796273575435545e-04
-1.9708298718598308e-01  3.0798220031702744e-04
-1.9677499526604883e-01  3.0800163448609243e-04
-1.9646698392714312e-01  3.0802103825962362e-04
-1.9615895319966226e-01  3.0804041163587554e-04
-1.9585090311400494e-01  3.0805975461259752e-04
-1.9554283370057110e-01  3.0807906718819295e-04
-1.9523474498976318e-01  3.0809834936065697e-04
-1.9492663701198509e-01  3.0811760112803331e-04
-1.9461850979764295e-01  3.0813682248848615e-04
-1.9431036337714458e-01  3.0815601344012246e-04
-1.9400219778089986e-01  3.0817517398097058e-04
-1.9369401303932043e-01  3.0819430410919006e-04
-1.9338580918281992e-01  3.0821340382289840e-04
-1.9307758624181359e-01  3.0823247312027947e-04
-1.9276934424671904e-01  3.0825151199929219e-04
-1.9246108322795524e-01  3.0827052045822673e-04
-1.9215280321594363e-01  3.0828949849499935e-04
-1.9184450424110694e-01  3.0830844610785913e-04
-1.9153618633386998e-01  3.0832736329501446e-04
-1.9122784952465954e-01  3.0834625005455668e-04
-1.9091949384390422e-01  3.0836510638451508e-04
-1.9061111932203448e-01  3.0838393228309785e-04
-1.9030272598948250e-01  3.0840272774856843e-04
-1.8999431387668259e-01  3.0842149277882948e-04
-1.8968588301407080e-01  3.0844022737216319e-04
-1.8937743343208469e-01  3.0845893152678931e-04
-1.8906896516116425e-01  3.0847760524072514e-04
-1.8876047823175099e-01  3.0849624851224882e-04
-1.8845197267428820e-01  3.0851486133937371e-04
-1.8814344851922130e-01  3.0853344372035283e-04
-1.8783490579699708e-01  3.0855199565340598e-04
-1.8752634453806474e-01  3.0857051713655069e-04
-1.8721776477287483e-01  3.0858900816814868e-04
-1.8690916653187994e-01  3.0860746874616587e-04
-1.8660054984553448e-01  3.0862589886894930e-04
-1.8629191474429457e-01  3.0864429853467724e-04
-1.8598326125861825e-01  3.0866266774145633e-04
-1.8567458941896547e-01  3.0868100648745580e-04
-1.8536589925579786e-01  3.0869931477093383e-04
-1.8505719079957864e-01  3.0871759259010391e-04
-1.8474846408077331e-01  3.0873583994305438e-04
-1.8443971912984886e-01  3.0875405682806326e-04
-1.8413095597727402e-01  3.0877224324335066e-04
-1.8382217465351974e-01  3.0879039918695961e-04
-1.8351337518905808e-01  3.0880852465738252e-04
-1.8320455761436363e-01  3.0882661965255811e-04
-1.8289572195991233e-01  3.0884468417081951e-04
-1.8258686825618176e-01  3.0886271821047484e-04
-1.8227799653365173e-01  3.0888072176962750e-04
-1.8196910682280359e-01  3.0889869484648026e-04
-1.8166019915412035e-01  3.0891663743933559e-04
-1.8135127355808714e-01  3.0893454954637105e-04
-1.8104233006519049e-01  3.0895243116582140e-04
-1.8073336870591902e-01  3.0897028229591244e-04
-1.8042438951076256e-01  3.0898810293497874e-04
-1.8011539251021361e-01  3.0900589308111107e-04
-1.7980637773476543e-01  3.0902365273274422e-04
-1.7949734521491381e-01  3.0904138188795835e-04
-1.7918829498115590e-01  3.0905908054505341e-04
-1.7887922706399056e-01  3.0907674870231101e-04
-1.7857014149391870e-01  3.0909438635795940e-04
-1.7826103830144285e-01  3.0911199351019755e-04
-1.7795191751706690e-01  3.0912957015742724e-04
-1.7764277917129717e-01  3.0914711629784344e-04
-1.7733362329464100e-01  3.0916463192972563e-04
-1.7702444991760802e-01  3.0918211705130753e-04
-1.7671525907070940e-01  3.0919957166082059e-04
-1.7640605078445784e-01  3.0921699575673164e-04
-1.7609682508936803e-01  3.0923438933712366e-04
-1.7578758201595618e-01  3.0925175240039879e-04
-1.7547832159474036e-01  3.0926908494478226e-04
-1.7516904385624033e-01  3.0928638696862656e-04
-1.7485974883097760e-01  3.0930365847005721e-04
-1.7455043654947511e-01  3.0932089944761765e-04
-1.7424110704225781e-01  3.0933810989944619e-04
-1.7393176033985233e-01  3.0935528982382313e-04
-1.7362239647278666e-01  3.0937243921922911e-04
-1.7331301547159100e-01  3.0938955808380337e-04
-1.7300361736679692e-01  3.0940664641586471e-04
-1.7269420218893772e-01  3.0942370421376529e-04
-1.7238476996854821e-01  3.0944073147589127e-04
-1.7207532073616538e-01  3.0945772820041264e-04
-1.7176585452232737e-01  3.0947469438581530e-04
-1.7145637135757436e-01  3.0949163003030213e-04
-1.7114687127244799e-01  3.0950853513220591e-04
-1.7083735429749164e-01  3.0952540968992906e-04
-1.7052782046325038e-01  3.0954225370178853e-04
-1.7021826980027083e-01  3.0955906716609348e-04
-1.6990870233910144e-01  3.0957585008124452e-04
-1.6959911811029235e-01  3.0959260244540690e-04
-1.6928951714439500e-01  3.0960932425722136e-04
-1.6897989947196290e-01  3.0962601551475633e-04
-1.6867026512355093e-01  3.0964267621655449e-04
-1.6836061412971576e-01  3.0965930636087617e-04
-1.6805094652101571e-01  3.0967590594611352e-04
-1.6774126232801073e-01  3.0969247497060270e-04
-1.6743156158126221e-01  3.0970901343272176e-04
-1.6712184431133337e-01  3.0972552133092592e-04
-1.6681211054878914e-01  3.0974199866342863e-04
-1.6650236032419591e-01  3.0975844542866871e-04
-1.6619259366812167e-01  3.0977486162506109e-04
-1.6588281061113619e-01  3.0979124725091019e-04
-1.6557301118381076e-01  3.0980760230471337e-04
-1.6526319541671819e-01  3.0982392678478106e-04
-1.6495336334043312e-01  3.0984022068950029e-04
-1.6464351498553176e-01  3.0985648401723375e-04
-1.6433365038259179e-01  3.0987271676641813e-04
-1.6402376956219245e-01  3.0988891893553734e-04
-1.6371387255491485e-01  3.0990509052282336e-04
-1.6340395939134147e-01  3.0992123152681416e-04
-1.6309403010205642e-01  3.0993734194587535e-04
-1.6278408471764555e-01  3.0995342177829428e-04
-1.6247412326869612e-01  3.0996947102267030e-04
-1.6216414578579696e-01  3.0998548967737952e-04
-1.6185415229953876e-01  3.1000147774077209e-04
-1.6154414284051333e-01  3.1001743521130650e-04
-1.6123411743931459e-01  3.1003336208736186e-04
-1.6092407612653759e-01  3.1004925836744529e-04
-1.6061401893277913e-01  3.1006512404997319e-04
-1.6030394588863750e-01  3.1008095913337809e-04
-1.5999385702471292e-01  3.1009676361600283e-04
-1.5968375237160659e-01  3.1011253749642283e-04
-1.5937363195992155e-01  3.1012828077301894e-04
-1.5906349582026252e-01  3.1014399344421272e-04
-1.5875334398323565e-01  3.1015967550852592e-04
-1.5844317647944861e-01  3.1017532696430566e-04
-1.5813299333951067e-01  3.1019094781011973e-04
-1.5782279459403242e-01  3.1020653804436724e-04
-1.5751258027362652e-01  3.1022209766548537e-04
-1.5720235040890657e-01  3.1023762667201527e-04
-1.5689210503048812e-01  3.1025312506237877e-04
-1.5658184416898802e-01  3.1026859283499474e-04
-1.5627156785502477e-01  3.1028402998843825e-04
-1.5596127611921823e-01  3.1029943652116290e-04
-1.5565096899219016e-01  3.1031481243157369e-04
-1.5534064650456328e-01  3.1033015771823956e-04
-1.5503030868696233e-01  3.1034547237958403e-04
-1.5471995557001339e-01  3.1036075641408629e-04
-1.5440958718434383e-01  3.1037600982033070e-04
-1.5409920356058293e-01  3.1039123259667931e-04
-1.5378880472936096e-01  3.1040642474185963e-04
-1.5347839072131045e-01  3.1042158625408208e-04
-1.5316796156706453e-01  3.1043671713204643e-04
-1.5285751729725863e-01  3.1045181737413290e-04
-1.5254705794252899e-01  3.1046688697897081e-04
-1.5223658353351388e-01  3.1048192594497649e-04
-1.5192609410085267e-01  3.1049693427075869e-04
-1.5161558967518646e-01  3.1051191195475615e-04
-1.5130507028715773e-01  3.1052685899557187e-04
-1.5099453596741053e-01  3.1054177539161437e-04
-1.5068398674659017e-01  3.1055666114151309e-04
-1.5037342265534359e-01  3.1057151624380220e-04
-1.5006284372431938e-01  3.1058634069680894e-04
-1.4975224998416703e-01  3.1060113449941457e-04
-1.4944164146553807e-01  3.1061589764993115e-04
-1.4913101819908528e-01  3.1063063014694363e-04
-1.4882038021546273e-01  3.1064533198902413e-04
-1.4850972754532632e-01  3.1066000317469004e-04
-1.4819906021933291e-01  3.1067464370253831e-04
-1.4788837826814136e-01  3.1068925357102389e-04
-1.4757768172241151e-01  3.1070383277879418e-04
-1.4726697061280475e-01  3.1071838132438556e-04
-1.4695624496998405e-01  3.1073289920643813e-04
-1.4664550482461378e-01  3.1074738642339231e-04
-1.4633475020735964e-01  3.1076184297388270e-04
-1.4602398114888887e-01  3.1077626885651921e-04
-1.4571319767987001e-01  3.1079066406977657e-04
-1.4540239983097308e-01  3.1080502861235558e-04
-1.4509158763286961e-01  3.1081936248268416e-04
-1.4478076111623245e-01  3.1083366567948018e-04
-1.4446992031173583e-01  3.1084793820133731e-04
-1.4415906525005545e-01  3.1086218004675086e-04
-1.4384819596186849e-01  3.1087639121438410e-04
-1.4353731247785328e-01  3.1089057170285652e-04
-1.4322641482868986e-01  3.1090472151069595e-04
-1.4291550304505957e-01  3.1091884063651106e-04
-1.4260457715764496e-01  3.1093292907893118e-04
-1.4229363719713023e-01  3.1094698683660705e-04
-1.4198268319420076e-01  3.1096101390806145e-04
-1.4167171517954352e-01  3.1097501029201470e-04
-1.4136073318384673e-01  3.1098897598701625e-04
-1.4104973723779993e-01  3.1100291099169463e-04
-1.4073872737209420e-01  3.1101681530469898e-04
-1.4042770361742180e-01  3.1103068892465973e-04
-1.4011666600447664e-01  3.1104453185016071e-04
-1.3980561456395374e-01  3.1105834407987751e-04
-1.3949454932654951e-01  3.1107212561240315e-04
-1.3918347032296197e-01  3.1108587644646326e-04
-1.3887237758389026e-01  3.1109959658059196e-04
-1.3856127114003475e-01  3.1111328601355265e-04
-1.3825015102209751e-01  3.1112694474393125e-04
-1.3793901726078173e-01  3.1114057277037204e-04
-1.3762786988679221e-01  3.1115417009147645e-04
-1.3731670893083459e-01  3.1116773670601412e-04
-1.3700553442361624e-01  3.1118127261263857e-04
-1.3669434639584593e-01  3.1119477780994968e-04
-1.3638314487823355e-01  3.1120825229661122e-04
-1.3607192990149036e-01  3.1122169607134361e-04
-1.3576070149632885e-01  3.1123510913280412e-04
-1.3544945969346325e-01  3.1124849147961755e-04
-1.3513820452360856e-01  3.1126184311054466e-04
-1.3482693601748147e-01  3.1127516402421572e-04
-1.3451565420579981e-01  3.1128845421939133e-04
-1.3420435911928291e-01  3.1130171369462054e-04
-1.3389305078865121e-01  3.1131494244869350e-04
-1.3358172924462658e-01  3.1132814048034024e-04
-1.3327039451793210e-01  3.1134130778814244e-04
-1.3295904663929231e-01  3.1135444437083366e-04
-1.3264768563943274e-01  3.1136755022724392e-04
-1.3233631154908065e-01  3.1138062535588913e-04
-1.3202492439896418e-01  3.1139366975564627e-04
-1.3171352421981303e-01  3.1140668342510185e-04
-1.3140211104235811e-01  3.1141966636306874e-04
-1.3109068489733150e-01  3.1143261856816901e-04
-1.3077924581546668e-01  3.1144554003924285e-04
-1.3046779382749846e-01  3.1145843077485407e-04
-1.3015632896416282e-01  3.1147129077386377e-04
-1.2984485125619694e-01  3.1148412003500190e-04
-1.2953336073433941e-01  3.1149691855695183e-04
-1.2922185742933012e-01  3.1150968633844188e-04
-1.2891034137191015e-01  3.1152242337820392e-04
-1.2859881259282172e-01  3.1153512967503307e-04
-1.2828727112280836e-01  3.1154780522767785e-04
-1.2797571699261509e-01  3.1156045003481432e-04
-1.2766415023298780e-01  3.1157306409531992e-04
-1.2735257087467394e-01  3.1158564740785385e-04
-1.2704097894842215e-01  3.1159819997112799e-04
-1.2672937448498209e-01  3.1161072178400483e-04
-1.2641775751510492e-01  3.1162321284524340e-04
-1.2610612806954294e-01  3.1163567315349366e-04
-1.2579448617904954e-01  3.1164810270769243e-04
-1.2548283187437959e-01  3.1166050150647768e-04
-1.2517116518628899e-01  3.1167286954872483e-04
-1.2485948614553499e-01  3.1168520683315121e-04
-1.2454779478287598e-01  3.1169751335857304e-04
-1.2423609112907158e-01  3.1170978912371073e-04
-1.2392437521488261e-01  3.1172203412742583e-04
-1.2361264707107117e-01  3.1173424836850098e-04
-1.2330090672840036e-01  3.1174643184574271e-04
-1.2298915421763494e-01  3.1175858455789149e-04
-1.2267738956954032e-01  3.1177070650376392e-04
-1.2236561281488346e-01  3.1178279768217664e-04
-1.2205382398443244e-01  3.1179485809196522e-04
-1.2174202310895649e-01  3.1180688773184927e-04
-1.2143021021922598e-01  3.1181888660078460e-04
-1.2111838534601255e-01  3.1183085469747667e-04
-1.2080654852008899e-01  3.1184279202081607e-04
-1.2049469977222937e-01  3.1185469856951319e-04
-1.2018283913320890e-01  3.1186657434247234e-04
-1.1987096663380369e-01  3.1187841933855327e-04
-1.1955908230479140e-01  3.1189023355650503e-04
-1.1924718617695064e-01  3.1190201699524237e-04
-1.1893527828106137e-01  3.1191376965353408e-04
-1.1862335864790444e-01  3.1192549153024614e-04
-1.1831142730826202e-01  3.1193718262424399e-04
-1.1799948429291754e-01  3.1194884293432921e-04
-1.1768752963265527e-01  3.1196047245938023e-04
-1.1737556335826101e-01  3.1197207119828781e-04
-1.1706358550052148e-01  3.1198363914980589e-04
-1.1675159609022449e-01  3.1199517631288153e-04
-1.1643959515815915e-01  3.1200668268634320e-04
-1.1612758273511559e-01  3.1201815826909526e-04
-1.1581555885188510e-01  3.1202960305996510e-04
-1.1550352353926027e-01  3.1204101705776074e-04
-1.1519147682803454e-01  3.1205240026147772e-04
-1.1487941874900273e-01  3.1206375266988514e-04
-1.1456734933296048e-01  3.1207507428197536e-04
-1.1425526861070484e-01  3.1208636509654690e-04
-1.1394317661303389e-01  3.1209762511249937e-04
-1.1363107337074674e-01  3.1210885432870935e-04
-1.1331895891464362e-01  3.1212005274417279e-04
-1.1300683327552594e-01  3.1213122035764885e-04
-1.1269469648419631e-01  3.1214235716805740e-04
-1.1238254857145813e-01  3.1215346317439951e-04
-1.1207038956811627e-01  3.1216453837541535e-04
-1.1175821950497630e-01  3.1217558277020930e-04
-1.1144603841284534e-01  3.1218659635752374e-04
-1.1113384632253104e-01  3.1219757913633872e-04
-1.1082164326484265e-01  3.1220853110563155e-04
-1.1050942927059035e-01  3.1221945226416777e-04
-1.1019720437058511e-01  3.1223034261104201e-04
-1.0988496859563943e-01  3.1224120214507183e-04
-1.0957272197656659e-01  3.1225203086518910e-04
-1.0926046454418095e-01  3.1226282877035996e-04
-1.0894819632929816e-01  3.1227359585948503e-04
-1.0863591736273451e-01  3.1228433213158994e-04
-1.0832362767530795e-01  3.1229503758550630e-04
-1.0801132729783681e-01  3.1230571222024103e-04
-1.0769901626114110e-01  3.1231635603469438e-04
-1.0738669459604161e-01  3.1232696902783039e-04
-1.0707436233335987e-01  3.1233755119862736e-04
-1.0676201950391902e-01  3.1234810254603725e-04
-1.0644966613854287e-01  3.1235862306900264e-04
-1.0613730226805645e-01  3.1236911276647292e-04
-1.0582492792328568e-01  3.1237957163744398e-04
-1.0551254313505767e-01  3.1238999968087117e-04
-1.0520014793420035e-01  3.1240039689573351e-04
-1.0488774235154287e-01  3.1241076328101928e-04
-1.0457532641791556e-01  3.1242109883561548e-04
-1.0426290016414916e-01  3.1243140355861752e-04
-1.0395046362107607e-01  3.1244167744896026e-04
-1.0363801681952939e-01  3.1245192050558966e-04
-1.0332555979034336e-01  3.1246213272757178e-04
-1.0301309256435320e-01  3.1247231411380067e-04
-1.0270061517239493e-01  3.1248246466338361e-04
-1.0238812764530586e-01  3.1249258437529164e-04
-1.0207563001392417e-01  3.1250267324844325e-04
-1.0176312230908899e-01  3.1251273128198080e-04
-1.0145060456164069e-01  3.1252275847474934e-04
-1.0113807680242026e-01  3.1253275482588585e-04
-1.0082553906227004e-01  3.1254272033435669e-04
-1.0051299137203307e-01  3.1255265499917454e-04
-1.0020043376255344e-01  3.1256255881938427e-04
-9.9887866264676439e-02  3.1257243179395509e-04
-9.9575288909247897e-02  3.1258227392200785e-04
-9.9262701727115266e-02  3.1259208520243180e-04
-9.8950104749126133e-02  3.1260186563440164e-04
-9.8637498006129837e-02  3.1261161521686635e-04
-9.8324881528976116e-02  3.1262133394887904e-04
-9.8012255348516111e-02  3.1263102182949970e-04
-9.7699619495601547e-02  3.1264067885774290e-04
-9.7386974001085258e-02  3.1265030503270562e-04
-9.7074318895821160e-02  3.1265990035336675e-04
-9.6761654210663767e-02  3.1266946481886716e-04
-9.6448979976469035e-02  3.1267899842820257e-04
-9.6136296224093337e-02  3.1268850118043378e-04
-9.5823602984394463e-02  3.1269797307458685e-04
-9.5510900288230713e-02  3.1270741410985016e-04
-9.5198188166461570e-02  3.1271682428520166e-04
-9.4885466649947486e-02  3.1272620359970078e-04
-9.4572735769549721e-02  3.1273555205244333e-04
-9.4259995556130557e-02  3.1274486964249853e-04
-9.3947246040552948e-02  3.1275415636895174e-04
-9.3634487253680981e-02  3.1276341223095643e-04
-9.3321719226379676e-02  3.1277263722749327e-04
-9.3008941989514954e-02  3.1278183135769762e-04
-9.2696155573953637e-02  3.1279099462067653e-04
-9.2383360010563367e-02  3.1280012701546359e-04
-9.2070555330212550e-02  3.1280922854126896e-04
-9.1757741563771061e-02  3.1281829919706922e-04
-9.1444918742108930e-02  3.1282733898206768e-04
-9.1132086896097642e-02  3.1283634789534370e-04
-9.0819246056609390e-02  3.1284532593598249e-04
-9.0506396254517160e-02  3.1285427310308788e-04
-9.0193537520694950e-02  3.1286318939581194e-04
-8.9880669886017617e-02  3.1287207481324513e-04
-8.9567793381360714e-02  3.1288092935460296e-04
-8.9254908037601000e-02  3.1288975301886043e-04
-8.8942013885615900e-02  3.1289854580527997e-04
-8.8629110956283647e-02  3.1290730771291582e-04
-8.8316199280483565e-02  3.1291603874092138e-04
-8.8003278889095565e-02  3.1292473888843515e-04
-8.7690349813000737e-02  3.1293340815462543e-04
-8.7377412083080697e-02  3.1294204653860573e-04
-8.7064465730218171e-02  3.1295065403949855e-04
-8.6751510785296582e-02  3.1295923065653930e-04
-8.6438547279200209e-02  3.1296777638882193e-04
-8.6125575242814389e-02  3.1297629123548665e-04
-8.5812594707024958e-02  3.1298477519574390e-04
-8.5499605702718931e-02  3.1299322826872507e-04
-8.5186608260783864e-02  3.1300165045357461e-04
-8.4873602412108368e-02  3.1301004174950008e-04
-8.4560588187581609e-02  3.1301840215571962e-04
-8.4247565618094017e-02  3.1302673167127884e-04
-8.3934534734536548e-02  3.1303503029543855e-04
-8.3621495567800824e-02  3.1304329802738640e-04
-8.3308448148779593e-02  3.1305153486631016e-04
-8.2995392508366322e-02  3.1305974081136632e-04
-8.2682328677455397e-02  3.1306791586171285e-04
-8.2369256686941728e-02  3.1307606001662993e-04
-8.2056176567721156e-02  3.1308417327525052e-04
-8.1743088350690579e-02  3.1309225563675325e-04
-8.1429992066747253e-02  3.1310030710041809e-04
-8.1116887746789448e-02  3.1310832766543974e-04
-8.0803775421716489e-02  3.1311631733093670e-04
-8.0490655122427937e-02  3.1312427609621454e-04
-8.0177526879824601e-02  3.1313220396047040e-04
-7.9864390724807860e-02  3.1314010092289878e-04
-7.9551246688279995e-02  3.1314796698270284e-04
-7.9238094801143855e-02  3.1315580213916961e-04
-7.8924935094303206e-02  3.1316360639147467e-04
-7.8611767598662799e-02  3.1317137973884188e-04
-7.8298592345127691e-02  3.1317912218055746e-04
-7.7985409364604130e-02  3.1318683371577065e-04
-7.7672218687998867e-02  3.1319451434380158e-04
-7.7359020346219359e-02  3.1320216406389474e-04
-7.7045814370174256e-02  3.1320978287523209e-04
-7.6732600790772404e-02  3.1321737077708354e-04
-7.6419379638923784e-02  3.1322492776871301e-04
-7.6106150945538853e-02  3.1323245384939073e-04
-7.5792914741529063e-02  3.1323994901837169e-04
-7.5479671057806494e-02  3.1324741327489126e-04
-7.5166419925283889e-02  3.1325484661822025e-04
-7.4853161374874952e-02  3.1326224904761735e-04
-7.4539895437493897e-02  3.1326962056235581e-04
-7.4226622144055676e-02  3.1327696116170993e-04
-7.3913341525476045e-02  3.1328427084498283e-04
-7.3600053612671551e-02  3.1329154961141773e-04
-7.3286758436559296e-02  3.1329879746030747e-04
-7.2973456028057312e-02  3.1330601439091843e-04
-7.2660146418084035e-02  3.1331320040259102e-04
-7.2346829637558951e-02  3.1332035549456750e-04
-7.2033505717401955e-02  3.1332747966615485e-04
-7.1720174688533866e-02  3.1333457291666411e-04
-7.1406836581876118e-02  3.1334163524536940e-04
-7.1093491428350863e-02  3.1334866665161149e-04
-7.0780139258880992e-02  3.1335566713462052e-04
-7.0466780104389851e-02  3.1336263669379125e-04
-7.0153413995801772e-02  3.1336957532841493e-04
-6.9840040964041755e-02  3.1337648303775674e-04
-6.9526661040035104e-02  3.1338335982121799e-04
-6.9213274254708357e-02  3.1339020567807053e-04
-6.8899880638988484e-02  3.1339702060759542e-04
-6.8586480223802843e-02  3.1340380460920535e-04
-6.8273073040079790e-02  3.1341055768217927e-04
-6.7959659118748461e-02  3.1341727982585555e-04
-6.7646238490738309e-02  3.1342397103959678e-04
-6.7332811186979757e-02  3.1343063132272062e-04
-6.7019377238403538e-02  3.1343726067457900e-04
-6.6705936675941449e-02  3.1344385909450300e-04
-6.6392489530525664e-02  3.1345042658185502e-04
-6.6079035833089078e-02  3.1345696313597829e-04
-6.5765575614565294e-02  3.1346346875625315e-04
-6.5452108905888318e-02  3.1346994344201259e-04
-6.5138635737993264e-02  3.1347638719258846e-04
-6.4825156141815291e-02  3.1348280000744529e-04
-6.4511670148290789e-02  3.1348918188581182e-04
-6.4198177788356250e-02  3.1349553282717784e-04
-6.3884679092949231e-02  3.1350185283083974e-04
-6.3571174093007526e-02  3.1350814189624410e-04
-6.3257662819469998e-02  3.1351440002268802e-04
-6.2944145303275661e-02  3.1352062720961147e-04
-6.2630621575364392e-02  3.1352682345636587e-04
-6.2317091666676760e-02  3.1353298876236814e-04
-6.2003555608153731e-02  3.1353912312700484e-04
-6.1690013430736948e-02  3.1354522654966963e-04
-6.1376465165368779e-02  3.1355129902975053e-04
-6.1062910842992112e-02  3.1355734056666358e-04
-6.0749350494550269e-02  3.1356335115980246e-04
-6.0435784150987534e-02  3.1356933080856715e-04
-6.0122211843248508e-02  3.1357527951235507e-04
-5.9808633602278262e-02  3.1358119727061093e-04
-5.9495049459022925e-02  3.1358708408272840e-04
-5.9181459444428632e-02  3.1359293994815920e-04
-5.8867863589442571e-02  3.1359876486629422e-04
-5.8554261925012244e-02  3.1360455883655710e-04
-5.8240654482085860e-02  3.1361032185838876e-04
-5.7927041291612080e-02  3.1361605393121801e-04
-5.7613422384540175e-02  3.1362175505449385e-04
-5.7299797791820047e-02  3.1362742522761806e-04
-5.6986167544402028e-02  3.1363306445008097e-04
-5.6672531673237242e-02  3.1363867272126816e-04
-5.6358890209277021e-02  3.1364425004066750e-04
-5.6045243183473641e-02  3.1364979640769732e-04
-5.5731590626779570e-02  3.1365531182183450e-04
-5.5417932570148036e-02  3.1366079628254061e-04
-5.5104269044532653e-02  3.1366624978927112e-04
-5.4790600080887882e-02  3.1367167234145043e-04
-5.4476925710168322e-02  3.1367706393861043e-04
-5.4163245963329457e-02  3.1368242458016299e-04
-5.3849560871327071e-02  3.1368775426557149e-04
-5.3535870465117361e-02  3.1369305299437438e-04
-5.3222174775657528e-02  3.1369832076599211e-04
-5.2908473833904943e-02  3.1370355757991760e-04
-5.2594767670817444e-02  3.1370876343564776e-04
-5.2281056317353428e-02  3.1371393833265444e-04
-5.1967339804472032e-02  3.1371908227044573e-04
-5.1653618163132783e-02  3.1372419524848251e-04
-5.1339891424295431e-02  3.1372927726629218e-04
-5.1026159618920694e-02  3.1373432832335166e-04
-5.0712422777969418e-02  3.1373934841916917e-04
-5.0398680932403100e-02  3.1374433755327930e-04
-5.0084934113183904e-02  3.1374929572511643e-04
-4.9771182351274049e-02  3.1375422293426330e-04
-4.9457425677636654e-02  3.1375911918020839e-04
-4.9143664123235162e-02  3.1376398446245882e-04
-4.8829897719033503e-02  3.1376881878052089e-04
-4.8516126495995945e-02  3.1377362213396624e-04
-4.8202350485087510e-02  3.1377839452229013e-04
-4.7888569717273601e-02  3.1378313594499760e-04
-4.7574784223519739e-02  3.1378784640168371e-04
-4.7260994034792614e-02  3.1379252589183498e-04
-4.6947199182058752e-02  3.1379717441499389e-04
-4.6633399696285383e-02  3.1380179197071969e-04
-4.6319595608440137e-02  3.1380637855855437e-04
-4.6005786949491242e-02  3.1381093417803054e-04
-4.5691973750407275e-02  3.1381545882870322e-04
-4.5378156042157253e-02  3.1381995251011409e-04
-4.5064333855710514e-02  3.1382441522186919e-04
-4.4750507222037120e-02  3.1382884696346843e-04
-4.4436676172107357e-02  3.1383324773450605e-04
-4.4122840736892086e-02  3.1383761753453043e-04
-4.3809000947362342e-02  3.1384195636313211e-04
-4.3495156834490040e-02  3.1384626421986751e-04
-4.3181308429246931e-02  3.1385054110433399e-04
-4.2867455762605887e-02  3.1385478701606676e-04
-4.2553598865539451e-02  3.1385900195468960e-04
-4.2239737769021235e-02  3.1386318591976125e-04
-4.1925872504024880e-02  3.1386733891086943e-04
-4.1612003101524596e-02  3.1387146092760838e-04
-4.1298129592494945e-02  3.1387555196957039e-04
-4.0984252007910768e-02  3.1387961203635983e-04
-4.0670370378747628e-02  3.1388364112758807e-04
-4.0356484735981163e-02  3.1388763924282284e-04
-4.0042595110587595e-02  3.1389160638170706e-04
-3.9728701533543569e-02  3.1389554254381273e-04
-3.9414804035825993e-02  3.1389944772876522e-04
-3.9100902648412234e-02  3.1390332193618608e-04
-3.8786997402279824e-02  3.1390716516569280e-04
-3.8473088328407151e-02  3.1391097741689810e-04
-3.8159175457772504e-02  3.1391475868943749e-04
-3.7845258821354852e-02  3.1391850898293376e-04
-3.7531338450133386e-02  3.1392222829699422e-04
-3.7217414375087687e-02  3.1392591663129089e-04
-3.6903486627197814e-02  3.1392957398542794e-04
-3.6589555237443963e-02  3.1393320035905039e-04
-3.6275620236806888e-02  3.1393679575182003e-04
-3.5961681656267730e-02  3.1394036016335565e-04
-3.5647739526807630e-02  3.1394389359333590e-04
-3.5333793879408618e-02  3.1394739604136742e-04
-3.5019844745052625e-02  3.1395086750714383e-04
-3.4705892154722043e-02  3.1395430799032511e-04
-3.4391936139399788e-02  3.1395771749054480e-04
-3.4077976730069001e-02  3.1396109600748655e-04
-3.3764013957712988e-02  3.1396444354080566e-04
-3.3450047853315588e-02  3.1396776009016931e-04
-3.3136078447861039e-02  3.1397104565524463e-04
-3.2822105772333632e-02  3.1397430023574058e-04
-3.2508129857718088e-02  3.1397752383129833e-04
-3.2194150734999635e-02  3.1398071644163101e-04
-3.1880168435163711e-02  3.1398387806638630e-04
-3.1566182989195765e-02  3.1398700870528806e-04
-3.1252194428082011e-02  3.1399010835802155e-04
-3.0938202782808840e-02  3.1399317702425207e-04
-3.0624208084362753e-02  3.1399621470370906e-04
-3.0310210363730720e-02  3.1399922139608254e-04
-2.9996209651899926e-02  3.1400219710107029e-04
-2.9682205979857965e-02  3.1400514181839710e-04
-2.9368199378592745e-02  3.1400805554772886e-04
-2.9054189879092210e-02  3.1401093828882054e-04
-2.8740177512344880e-02  3.1401379004137382e-04
-2.8426162309339354e-02  3.1401661080510921e-04
-2.8112144301064578e-02  3.1401940057975135e-04
-2.7798123518509875e-02  3.1402215936501989e-04
-2.7484099992664688e-02  3.1402488716062815e-04
-2.7170073754518815e-02  3.1402758396633436e-04
-2.6856044835062348e-02  3.1403024978186357e-04
-2.6542013265285533e-02  3.1403288460693892e-04
-2.6227979076178971e-02  3.1403548844130622e-04
-2.5913942298733488e-02  3.1403806128472593e-04
-2.5599902963940185e-02  3.1404060313692243e-04
-2.5285861102790321e-02  3.1404311399766869e-04
-2.4971816746275584e-02  3.1404559386668618e-04
-2.4657769925387936e-02  3.1404804274373508e-04
-2.4343720671119135e-02  3.1405046062860754e-04
-2.4029669014461755e-02  3.1405284752103094e-04
-2.3715614986408229e-02  3.1405520342078211e-04
-2.3401558617951387e-02  3.1405752832761659e-04
-2.3087499940084265e-02  3.1405982224132261e-04
-2.2773438983800111e-02  3.1406208516167290e-04
-2.2459375780092456e-02  3.1406431708843268e-04
-2.2145310359954803e-02  3.1406651802138127e-04
-2.1831242754381305e-02  3.1406868796031342e-04
-2.1517172994365882e-02  3.1407082690500503e-04
-2.1203101110903014e-02  3.1407293485523460e-04
-2.0889027134987213e-02  3.1407501181083148e-04
-2.0574951097613217e-02  3.1407705777156418e-04
-2.0260873029775944e-02  3.1407907273722590e-04
-1.9946792962470837e-02  3.1408105670762136e-04
-1.9632710926692866e-02  3.1408300968255645e-04
-1.9318626953437737e-02  3.1408493166185596e-04
-1.9004541073701284e-02  3.1408682264531340e-04
-1.8690453318479398e-02  3.1408868263273329e-04
-1.8376363718768128e-02  3.1409051162394801e-04
-1.8062272305563981e-02  3.1409230961877748e-04
-1.7748179109863066e-02  3.1409407661702545e-04
-1.7434084162662428e-02  3.1409581261853070e-04
-1.7119987494958591e-02  3.1409751762313213e-04
-1.6805889137748761e-02  3.1409919163065397e-04
-1.6491789122029935e-02  3.1410083464091811e-04
-1.6177687478799649e-02  3.1410244665377302e-04
-1.5863584239055178e-02  3.1410402766906680e-04
-1.5549479433794356e-02  3.1410557768662614e-04
-1.5235373094014789e-02  3.1410709670632052e-04
-1.4921265250714643e-02  3.1410858472797579e-04
-1.4607155934891843e-02  3.1411004175146062e-04
-1.4293045177544792e-02  3.1411146777662234e-04
-1.3978933009671657e-02  3.1411286280333536e-04
-1.3664819462271129e-02  3.1411422683144923e-04
-1.3350704566341975e-02  3.1411555986082465e-04
-1.3036588352882818e-02  3.1411686189133545e-04
-1.2722470852892477e-02  3.1411813292286169e-04
-1.2408352097370390e-02  3.1411937295527205e-04
-1.2094232117315296e-02  3.1412058198844331e-04
-1.1780110943726808e-02  3.1412176002225081e-04
-1.1465988607604267e-02  3.1412290705658101e-04
-1.1151865139947134e-02  3.1412402309133569e-04
-1.0837740571755100e-02  3.1412510812638171e-04
-1.0523614934027876e-02  3.1412616216162578e-04
-1.0209488257765392e-02  3.1412718519695649e-04
-9.8953605739675390e-03  3.1412817723228912e-04
-9.5812319136344953e-03  3.1412913826750060e-04
-9.2671023077662545e-03  3.1413006830251336e-04
-8.9529717873630971e-03  3.1413096733723747e-04
-8.6388403834254911e-03  3.1413183537157274e-04
-8.3247081269536352e-03  3.1413267240543792e-04
-8.0105750489483599e-03  3.1413347843875489e-04
-7.6964411804100281e-03  3.1413425347143539e-04
-7.3823065523393686e-03  3.1413499750340636e-04
-7.0681711957369733e-03  3.1413571053460408e-04
-6.7540351416039562e-03  3.1413639256494807e-04
-6.4398984209410835e-03  3.1413704359437310e-04
-6.1257610647490936e-03  3.1413766362281667e-04
-5.8116231040293478e-03  3.1413825265021145e-04
-5.4974845697826581e-03  3.1413881067651506e-04
-5.1833454930102930e-03  3.1413933770164547e-04
-4.8692059047133699e-03  3.1413983372557166e-04
-4.5550658358931625e-03  3.1414029874824215e-04
-4.2409253175509556e-03  3.1414073276961124e-04
-3.9267843806880427e-03  3.1414113578962633e-04
-3.6126430563056433e-03  3.1414150780825843e-04
-3.2985013754055648e-03  3.1414184882546606e-04
-2.9843593689888445e-03  3.1414215884121720e-04
-2.6702170680571822e-03  3.1414243785548099e-04
-2.3560745036120129e-03  3.1414268586822913e-04
-2.0419317066548933e-03  3.1414290287943566e-04
-1.7277887081871691e-03  3.1414308888907678e-04
-1.4136455392108191e-03  3.1414324389715119e-04
-1.0995022307270967e-03  3.1414336790361905e-04
-7.8535881373769192e-04  3.1414346090848230e-04
-4.7121531924421904e-04  3.1414352291173016e-04
-1.5707177824837913e-04  3.1414355391335606e-04
+1.5707177824837913e-04  3.1414355391335606e-04
+4.7121531924421904e-04  3.1414352291173016e-04
+7.8535881373769192e-04  3.1414346090848230e-04
+1.0995022307270967e-03  3.1414336790361905e-04
+1.4136455392108191e-03  3.1414324389715119e-04
+1.7277887081871691e-03  3.1414308888907678e-04
+2.0419317066548933e-03  3.1414290287943566e-04
+2.3560745036120129e-03  3.1414268586822913e-04
+2.6702170680571822e-03  3.1414243785548099e-04
+2.9843593689888445e-03  3.1414215884121720e-04
+3.2985013754055648e-03  3.1414184882546606e-04
+3.6126430563056433e-03  3.1414150780825843e-04
+3.9267843806880427e-03  3.1414113578962633e-04
+4.2409253175509556e-03  3.1414073276961124e-04
+4.5550658358931625e-03  3.1414029874824215e-04
+4.8692059047133699e-03  3.1413983372557166e-04
+5.1833454930102930e-03  3.1413933770164547e-04
+5.4974845697826581e-03  3.1413881067651506e-04
+5.8116231040293478e-03  3.1413825265021145e-04
+6.1257610647490936e-03  3.1413766362281667e-04
+6.4398984209410835e-03  3.1413704359437310e-04
+6.7540351416039562e-03  3.1413639256494807e-04
+7.0681711957369733e-03  3.1413571053460408e-04
+7.3823065523393686e-03  3.1413499750340636e-04
+7.6964411804100281e-03  3.1413425347143539e-04
+8.0105750489483599e-03  3.1413347843875489e-04
+8.3247081269536352e-03  3.1413267240543792e-04
+8.6388403834254911e-03  3.1413183537157274e-04
+8.9529717873630971e-03  3.1413096733723747e-04
+9.2671023077662545e-03  3.1413006830251336e-04
+9.5812319136344953e-03  3.1412913826750060e-04
+9.8953605739675390e-03  3.1412817723228912e-04
+1.0209488257765392e-02  3.1412718519695649e-04
+1.0523614934027876e-02  3.1412616216162578e-04
+1.0837740571755100e-02  3.1412510812638171e-04
+1.1151865139947134e-02  3.1412402309133569e-04
+1.1465988607604267e-02  3.1412290705658101e-04
+1.1780110943726808e-02  3.1412176002225081e-04
+1.2094232117315296e-02  3.1412058198844331e-04
+1.2408352097370390e-02  3.1411937295527205e-04
+1.2722470852892477e-02  3.1411813292286169e-04
+1.3036588352882818e-02  3.1411686189133545e-04
+1.3350704566341975e-02  3.1411555986082465e-04
+1.3664819462271129e-02  3.1411422683144923e-04
+1.3978933009671657e-02  3.1411286280333536e-04
+1.4293045177544792e-02  3.1411146777662234e-04
+1.4607155934891843e-02  3.1411004175146062e-04
+1.4921265250714643e-02  3.1410858472797579e-04
+1.5235373094014789e-02  3.1410709670632052e-04
+1.5549479433794356e-02  3.1410557768662614e-04
+1.5863584239055178e-02  3.1410402766906680e-04
+1.6177687478799649e-02  3.1410244665377302e-04
+1.6491789122029935e-02  3.1410083464091811e-04
+1.6805889137748761e-02  3.1409919163065397e-04
+1.7119987494958591e-02  3.1409751762313213e-04
+1.7434084162662428e-02  3.1409581261853070e-04
+1.7748179109863066e-02  3.1409407661702545e-04
+1.8062272305563981e-02  3.1409230961877748e-04
+1.8376363718768128e-02  3.1409051162394801e-04
+1.8690453318479398e-02  3.1408868263273329e-04
+1.9004541073701284e-02  3.1408682264531340e-04
+1.9318626953437737e-02  3.1408493166185596e-04
+1.9632710926692866e-02  3.1408300968255645e-04
+1.9946792962470837e-02  3.1408105670762136e-04
+2.0260873029775944e-02  3.1407907273722590e-04
+2.0574951097613217e-02  3.1407705777156418e-04
+2.0889027134987213e-02  3.1407501181083148e-04
+2.1203101110903014e-02  3.1407293485523460e-04
+2.1517172994365882e-02  3.1407082690500503e-04
+2.1831242754381305e-02  3.1406868796031342e-04
+2.2145310359954803e-02  3.1406651802138127e-04
+2.2459375780092456e-02  3.1406431708843268e-04
+2.2773438983800111e-02  3.1406208516167290e-04
+2.3087499940084265e-02  3.1405982224132261e-04
+2.3401558617951387e-02  3.1405752832761659e-04
+2.3715614986408229e-02  3.1405520342078211e-04
+2.4029669014461755e-02  3.1405284752103094e-04
+2.4343720671119135e-02  3.1405046062860754e-04
+2.4657769925387936e-02  3.1404804274373508e-04
+2.4971816746275584e-02  3.1404559386668618e-04
+2.5285861102790321e-02  3.1404311399766869e-04
+2.5599902963940185e-02  3.1404060313692243e-04
+2.5913942298733488e-02  3.1403806128472593e-04
+2.6227979076178971e-02  3.1403548844130622e-04
+2.6542013265285533e-02  3.1403288460693892e-04
+2.6856044835062348e-02  3.1403024978186357e-04
+2.7170073754518815e-02  3.1402758396633436e-04
+2.7484099992664688e-02  3.1402488716062815e-04
+2.7798123518509875e-02  3.1402215936501989e-04
+2.8112144301064578e-02  3.1401940057975135e-04
+2.8426162309339354e-02  3.1401661080510921e-04
+2.8740177512344880e-02  3.1401379004137382e-04
+2.9054189879092210e-02  3.1401093828882054e-04
+2.9368199378592745e-02  3.1400805554772886e-04
+2.9682205979857965e-02  3.1400514181839710e-04
+2.9996209651899926e-02  3.1400219710107029e-04
+3.0310210363730720e-02  3.1399922139608254e-04
+3.0624208084362753e-02  3.1399621470370906e-04
+3.0938202782808840e-02  3.1399317702425207e-04
+3.1252194428082011e-02  3.1399010835802155e-04
+3.1566182989195765e-02  3.1398700870528806e-04
+3.1880168435163711e-02  3.1398387806638630e-04
+3.2194150734999635e-02  3.1398071644163101e-04
+3.2508129857718088e-02  3.1397752383129833e-04
+3.2822105772333632e-02  3.1397430023574058e-04
+3.3136078447861039e-02  3.1397104565524463e-04
+3.3450047853315588e-02  3.1396776009016931e-04
+3.3764013957712988e-02  3.1396444354080566e-04
+3.4077976730069001e-02  3.1396109600748655e-04
+3.4391936139399788e-02  3.1395771749054480e-04
+3.4705892154722043e-02  3.1395430799032511e-04
+3.5019844745052625e-02  3.1395086750714383e-04
+3.5333793879408618e-02  3.1394739604136742e-04
+3.5647739526807630e-02  3.1394389359333590e-04
+3.5961681656267730e-02  3.1394036016335565e-04
+3.6275620236806888e-02  3.1393679575182003e-04
+3.6589555237443963e-02  3.1393320035905039e-04
+3.6903486627197814e-02  3.1392957398542794e-04
+3.7217414375087687e-02  3.1392591663129089e-04
+3.7531338450133386e-02  3.1392222829699422e-04
+3.7845258821354852e-02  3.1391850898293376e-04
+3.8159175457772504e-02  3.1391475868943749e-04
+3.8473088328407151e-02  3.1391097741689810e-04
+3.8786997402279824e-02  3.1390716516569280e-04
+3.9100902648412234e-02  3.1390332193618608e-04
+3.9414804035825993e-02  3.1389944772876522e-04
+3.9728701533543569e-02  3.1389554254381273e-04
+4.0042595110587595e-02  3.1389160638170706e-04
+4.0356484735981163e-02  3.1388763924282284e-04
+4.0670370378747628e-02  3.1388364112758807e-04
+4.0984252007910768e-02  3.1387961203635983e-04
+4.1298129592494945e-02  3.1387555196957039e-04
+4.1612003101524596e-02  3.1387146092760838e-04
+4.1925872504024880e-02  3.1386733891086943e-04
+4.2239737769021235e-02  3.1386318591976125e-04
+4.2553598865539451e-02  3.1385900195468960e-04
+4.2867455762605887e-02  3.1385478701606676e-04
+4.3181308429246931e-02  3.1385054110433399e-04
+4.3495156834490040e-02  3.1384626421986751e-04
+4.3809000947362342e-02  3.1384195636313211e-04
+4.4122840736892086e-02  3.1383761753453043e-04
+4.4436676172107357e-02  3.1383324773450605e-04
+4.4750507222037120e-02  3.1382884696346843e-04
+4.5064333855710514e-02  3.1382441522186919e-04
+4.5378156042157253e-02  3.1381995251011409e-04
+4.5691973750407275e-02  3.1381545882870322e-04
+4.6005786949491242e-02  3.1381093417803054e-04
+4.6319595608440137e-02  3.1380637855855437e-04
+4.6633399696285383e-02  3.1380179197071969e-04
+4.6947199182058752e-02  3.1379717441499389e-04
+4.7260994034792614e-02  3.1379252589183498e-04
+4.7574784223519739e-02  3.1378784640168371e-04
+4.7888569717273601e-02  3.1378313594499760e-04
+4.8202350485087510e-02  3.1377839452229013e-04
+4.8516126495995945e-02  3.1377362213396624e-04
+4.8829897719033503e-02  3.1376881878052089e-04
+4.9143664123235162e-02  3.1376398446245882e-04
+4.9457425677636654e-02  3.1375911918020839e-04
+4.9771182351274049e-02  3.1375422293426330e-04
+5.0084934113183904e-02  3.1374929572511643e-04
+5.0398680932403100e-02  3.1374433755327930e-04
+5.0712422777969418e-02  3.1373934841916917e-04
+5.1026159618920694e-02  3.1373432832335166e-04
+5.1339891424295431e-02  3.1372927726629218e-04
+5.1653618163132783e-02  3.1372419524848251e-04
+5.1967339804472032e-02  3.1371908227044573e-04
+5.2281056317353428e-02  3.1371393833265444e-04
+5.2594767670817444e-02  3.1370876343564776e-04
+5.2908473833904943e-02  3.1370355757991760e-04
+5.3222174775657528e-02  3.1369832076599211e-04
+5.3535870465117361e-02  3.1369305299437438e-04
+5.3849560871327071e-02  3.1368775426557149e-04
+5.4163245963329457e-02  3.1368242458016299e-04
+5.4476925710168322e-02  3.1367706393861043e-04
+5.4790600080887882e-02  3.1367167234145043e-04
+5.5104269044532653e-02  3.1366624978927112e-04
+5.5417932570148036e-02  3.1366079628254061e-04
+5.5731590626779570e-02  3.1365531182183450e-04
+5.6045243183473641e-02  3.1364979640769732e-04
+5.6358890209277021e-02  3.1364425004066750e-04
+5.6672531673237242e-02  3.1363867272126816e-04
+5.6986167544402028e-02  3.1363306445008097e-04
+5.7299797791820047e-02  3.1362742522761806e-04
+5.7613422384540175e-02  3.1362175505449385e-04
+5.7927041291612080e-02  3.1361605393121801e-04
+5.8240654482085860e-02  3.1361032185838876e-04
+5.8554261925012244e-02  3.1360455883655710e-04
+5.8867863589442571e-02  3.1359876486629422e-04
+5.9181459444428632e-02  3.1359293994815920e-04
+5.9495049459022925e-02  3.1358708408272840e-04
+5.9808633602278262e-02  3.1358119727061093e-04
+6.0122211843248508e-02  3.1357527951235507e-04
+6.0435784150987534e-02  3.1356933080856715e-04
+6.0749350494550269e-02  3.1356335115980246e-04
+6.1062910842992112e-02  3.1355734056666358e-04
+6.1376465165368779e-02  3.1355129902975053e-04
+6.1690013430736948e-02  3.1354522654966963e-04
+6.2003555608153731e-02  3.1353912312700484e-04
+6.2317091666676760e-02  3.1353298876236814e-04
+6.2630621575364392e-02  3.1352682345636587e-04
+6.2944145303275661e-02  3.1352062720961147e-04
+6.3257662819469998e-02  3.1351440002268802e-04
+6.3571174093007526e-02  3.1350814189624410e-04
+6.3884679092949231e-02  3.1350185283083974e-04
+6.4198177788356250e-02  3.1349553282717784e-04
+6.4511670148290789e-02  3.1348918188581182e-04
+6.4825156141815291e-02  3.1348280000744529e-04
+6.5138635737993264e-02  3.1347638719258846e-04
+6.5452108905888318e-02  3.1346994344201259e-04
+6.5765575614565294e-02  3.1346346875625315e-04
+6.6079035833089078e-02  3.1345696313597829e-04
+6.6392489530525664e-02  3.1345042658185502e-04
+6.6705936675941449e-02  3.1344385909450300e-04
+6.7019377238403538e-02  3.1343726067457900e-04
+6.7332811186979757e-02  3.1343063132272062e-04
+6.7646238490738309e-02  3.1342397103959678e-04
+6.7959659118748461e-02  3.1341727982585555e-04
+6.8273073040079790e-02  3.1341055768217927e-04
+6.8586480223802843e-02  3.1340380460920535e-04
+6.8899880638988484e-02  3.1339702060759542e-04
+6.9213274254708357e-02  3.1339020567807053e-04
+6.9526661040035104e-02  3.1338335982121799e-04
+6.9840040964041755e-02  3.1337648303775674e-04
+7.0153413995801772e-02  3.1336957532841493e-04
+7.0466780104389851e-02  3.1336263669379125e-04
+7.0780139258880992e-02  3.1335566713462052e-04
+7.1093491428350863e-02  3.1334866665161149e-04
+7.1406836581876118e-02  3.1334163524536940e-04
+7.1720174688533866e-02  3.1333457291666411e-04
+7.2033505717401955e-02  3.1332747966615485e-04
+7.2346829637558951e-02  3.1332035549456750e-04
+7.2660146418084035e-02  3.1331320040259102e-04
+7.2973456028057312e-02  3.1330601439091843e-04
+7.3286758436559296e-02  3.1329879746030747e-04
+7.3600053612671551e-02  3.1329154961141773e-04
+7.3913341525476045e-02  3.1328427084498283e-04
+7.4226622144055676e-02  3.1327696116170993e-04
+7.4539895437493897e-02  3.1326962056235581e-04
+7.4853161374874952e-02  3.1326224904761735e-04
+7.5166419925283889e-02  3.1325484661822025e-04
+7.5479671057806494e-02  3.1324741327489126e-04
+7.5792914741529063e-02  3.1323994901837169e-04
+7.6106150945538853e-02  3.1323245384939073e-04
+7.6419379638923784e-02  3.1322492776871301e-04
+7.6732600790772404e-02  3.1321737077708354e-04
+7.7045814370174256e-02  3.1320978287523209e-04
+7.7359020346219359e-02  3.1320216406389474e-04
+7.7672218687998867e-02  3.1319451434380158e-04
+7.7985409364604130e-02  3.1318683371577065e-04
+7.8298592345127691e-02  3.1317912218055746e-04
+7.8611767598662799e-02  3.1317137973884188e-04
+7.8924935094303206e-02  3.1316360639147467e-04
+7.9238094801143855e-02  3.1315580213916961e-04
+7.9551246688279995e-02  3.1314796698270284e-04
+7.9864390724807860e-02  3.1314010092289878e-04
+8.0177526879824601e-02  3.1313220396047040e-04
+8.0490655122427937e-02  3.1312427609621454e-04
+8.0803775421716489e-02  3.1311631733093670e-04
+8.1116887746789448e-02  3.1310832766543974e-04
+8.1429992066747253e-02  3.1310030710041809e-04
+8.1743088350690579e-02  3.1309225563675325e-04
+8.2056176567721156e-02  3.1308417327525052e-04
+8.2369256686941728e-02  3.1307606001662993e-04
+8.2682328677455397e-02  3.1306791586171285e-04
+8.2995392508366322e-02  3.1305974081136632e-04
+8.3308448148779593e-02  3.1305153486631016e-04
+8.3621495567800824e-02  3.1304329802738640e-04
+8.3934534734536548e-02  3.1303503029543855e-04
+8.4247565618094017e-02  3.1302673167127884e-04
+8.4560588187581609e-02  3.1301840215571962e-04
+8.4873602412108368e-02  3.1301004174950008e-04
+8.5186608260783864e-02  3.1300165045357461e-04
+8.5499605702718931e-02  3.1299322826872507e-04
+8.5812594707024958e-02  3.1298477519574390e-04
+8.6125575242814389e-02  3.1297629123548665e-04
+8.6438547279200209e-02  3.1296777638882193e-04
+8.6751510785296582e-02  3.1295923065653930e-04
+8.7064465730218171e-02  3.1295065403949855e-04
+8.7377412083080697e-02  3.1294204653860573e-04
+8.7690349813000737e-02  3.1293340815462543e-04
+8.8003278889095565e-02  3.1292473888843515e-04
+8.8316199280483565e-02  3.1291603874092138e-04
+8.8629110956283647e-02  3.1290730771291582e-04
+8.8942013885615900e-02  3.1289854580527997e-04
+8.9254908037601000e-02  3.1288975301886043e-04
+8.9567793381360714e-02  3.1288092935460296e-04
+8.9880669886017617e-02  3.1287207481324513e-04
+9.0193537520694950e-02  3.1286318939581194e-04
+9.0506396254517160e-02  3.1285427310308788e-04
+9.0819246056609390e-02  3.1284532593598249e-04
+9.1132086896097642e-02  3.1283634789534370e-04
+9.1444918742108930e-02  3.1282733898206768e-04
+9.1757741563771061e-02  3.1281829919706922e-04
+9.2070555330212550e-02  3.1280922854126896e-04
+9.2383360010563367e-02  3.1280012701546359e-04
+9.2696155573953637e-02  3.1279099462067653e-04
+9.3008941989514954e-02  3.1278183135769762e-04
+9.3321719226379676e-02  3.1277263722749327e-04
+9.3634487253680981e-02  3.1276341223095643e-04
+9.3947246040552948e-02  3.1275415636895174e-04
+9.4259995556130557e-02  3.1274486964249853e-04
+9.4572735769549721e-02  3.1273555205244333e-04
+9.4885466649947486e-02  3.1272620359970078e-04
+9.5198188166461570e-02  3.1271682428520166e-04
+9.5510900288230713e-02  3.1270741410985016e-04
+9.5823602984394463e-02  3.1269797307458685e-04
+9.6136296224093337e-02  3.1268850118043378e-04
+9.6448979976469035e-02  3.1267899842820257e-04
+9.6761654210663767e-02  3.1266946481886716e-04
+9.7074318895821160e-02  3.1265990035336675e-04
+9.7386974001085258e-02  3.1265030503270562e-04
+9.7699619495601547e-02  3.1264067885774290e-04
+9.8012255348516111e-02  3.1263102182949970e-04
+9.8324881528976116e-02  3.1262133394887904e-04
+9.8637498006129837e-02  3.1261161521686635e-04
+9.8950104749126133e-02  3.1260186563440164e-04
+9.9262701727115266e-02  3.1259208520243180e-04
+9.9575288909247897e-02  3.1258227392200785e-04
+9.9887866264676439e-02  3.1257243179395509e-04
+1.0020043376255344e-01  3.1256255881938427e-04
+1.0051299137203307e-01  3.1255265499917454e-04
+1.0082553906227004e-01  3.1254272033435669e-04
+1.0113807680242026e-01  3.1253275482588585e-04
+1.0145060456164069e-01  3.1252275847474934e-04
+1.0176312230908899e-01  3.1251273128198080e-04
+1.0207563001392417e-01  3.1250267324844325e-04
+1.0238812764530586e-01  3.1249258437529164e-04
+1.0270061517239493e-01  3.1248246466338361e-04
+1.0301309256435320e-01  3.1247231411380067e-04
+1.0332555979034336e-01  3.1246213272757178e-04
+1.0363801681952939e-01  3.1245192050558966e-04
+1.0395046362107607e-01  3.1244167744896026e-04
+1.0426290016414916e-01  3.1243140355861752e-04
+1.0457532641791556e-01  3.1242109883561548e-04
+1.0488774235154287e-01  3.1241076328101928e-04
+1.0520014793420035e-01  3.1240039689573351e-04
+1.0551254313505767e-01  3.1238999968087117e-04
+1.0582492792328568e-01  3.1237957163744398e-04
+1.0613730226805645e-01  3.1236911276647292e-04
+1.0644966613854287e-01  3.1235862306900264e-04
+1.0676201950391902e-01  3.1234810254603725e-04
+1.0707436233335987e-01  3.1233755119862736e-04
+1.0738669459604161e-01  3.1232696902783039e-04
+1.0769901626114110e-01  3.1231635603469438e-04
+1.0801132729783681e-01  3.1230571222024103e-04
+1.0832362767530795e-01  3.1229503758550630e-04
+1.0863591736273451e-01  3.1228433213158994e-04
+1.0894819632929816e-01  3.1227359585948503e-04
+1.0926046454418095e-01  3.1226282877035996e-04
+1.0957272197656659e-01  3.1225203086518910e-04
+1.0988496859563943e-01  3.1224120214507183e-04
+1.1019720437058511e-01  3.1223034261104201e-04
+1.1050942927059035e-01  3.1221945226416777e-04
+1.1082164326484265e-01  3.1220853110563155e-04
+1.1113384632253104e-01  3.1219757913633872e-04
+1.1144603841284534e-01  3.1218659635752374e-04
+1.1175821950497630e-01  3.1217558277020930e-04
+1.1207038956811627e-01  3.1216453837541535e-04
+1.1238254857145813e-01  3.1215346317439951e-04
+1.1269469648419631e-01  3.1214235716805740e-04
+1.1300683327552594e-01  3.1213122035764885e-04
+1.1331895891464362e-01  3.1212005274417279e-04
+1.1363107337074674e-01  3.1210885432870935e-04
+1.1394317661303389e-01  3.1209762511249937e-04
+1.1425526861070484e-01  3.1208636509654690e-04
+1.1456734933296048e-01  3.1207507428197536e-04
+1.1487941874900273e-01  3.1206375266988514e-04
+1.1519147682803454e-01  3.1205240026147772e-04
+1.1550352353926027e-01  3.1204101705776074e-04
+1.1581555885188510e-01  3.1202960305996510e-04
+1.1612758273511559e-01  3.1201815826909526e-04
+1.1643959515815915e-01  3.1200668268634320e-04
+1.1675159609022449e-01  3.1199517631288153e-04
+1.1706358550052148e-01  3.1198363914980589e-04
+1.1737556335826101e-01  3.1197207119828781e-04
+1.1768752963265527e-01  3.1196047245938023e-04
+1.1799948429291754e-01  3.1194884293432921e-04
+1.1831142730826202e-01  3.1193718262424399e-04
+1.1862335864790444e-01  3.1192549153024614e-04
+1.1893527828106137e-01  3.1191376965353408e-04
+1.1924718617695064e-01  3.1190201699524237e-04
+1.1955908230479140e-01  3.1189023355650503e-04
+1.1987096663380369e-01  3.1187841933855327e-04
+1.2018283913320890e-01  3.1186657434247234e-04
+1.2049469977222937e-01  3.1185469856951319e-04
+1.2080654852008899e-01  3.1184279202081607e-04
+1.2111838534601255e-01  3.1183085469747667e-04
+1.2143021021922598e-01  3.1181888660078460e-04
+1.2174202310895649e-01  3.1180688773184927e-04
+1.2205382398443244e-01  3.1179485809196522e-04
+1.2236561281488346e-01  3.1178279768217664e-04
+1.2267738956954032e-01  3.1177070650376392e-04
+1.2298915421763494e-01  3.1175858455789149e-04
+1.2330090672840036e-01  3.1174643184574271e-04
+1.2361264707107117e-01  3.1173424836850098e-04
+1.2392437521488261e-01  3.1172203412742583e-04
+1.2423609112907158e-01  3.1170978912371073e-04
+1.2454779478287598e-01  3.1169751335857304e-04
+1.2485948614553499e-01  3.1168520683315121e-04
+1.2517116518628899e-01  3.1167286954872483e-04
+1.2548283187437959e-01  3.1166050150647768e-04
+1.2579448617904954e-01  3.1164810270769243e-04
+1.2610612806954294e-01  3.1163567315349366e-04
+1.2641775751510492e-01  3.1162321284524340e-04
+1.2672937448498209e-01  3.1161072178400483e-04
+1.2704097894842215e-01  3.1159819997112799e-04
+1.2735257087467394e-01  3.1158564740785385e-04
+1.2766415023298780e-01  3.1157306409531992e-04
+1.2797571699261509e-01  3.1156045003481432e-04
+1.2828727112280836e-01  3.1154780522767785e-04
+1.2859881259282172e-01  3.1153512967503307e-04
+1.2891034137191015e-01  3.1152242337820392e-04
+1.2922185742933012e-01  3.1150968633844188e-04
+1.2953336073433941e-01  3.1149691855695183e-04
+1.2984485125619694e-01  3.1148412003500190e-04
+1.3015632896416282e-01  3.1147129077386377e-04
+1.3046779382749846e-01  3.1145843077485407e-04
+1.3077924581546668e-01  3.1144554003924285e-04
+1.3109068489733150e-01  3.1143261856816901e-04
+1.3140211104235811e-01  3.1141966636306874e-04
+1.3171352421981303e-01  3.1140668342510185e-04
+1.3202492439896418e-01  3.1139366975564627e-04
+1.3233631154908065e-01  3.1138062535588913e-04
+1.3264768563943274e-01  3.1136755022724392e-04
+1.3295904663929231e-01  3.1135444437083366e-04
+1.3327039451793210e-01  3.1134130778814244e-04
+1.3358172924462658e-01  3.1132814048034024e-04
+1.3389305078865121e-01  3.1131494244869350e-04
+1.3420435911928291e-01  3.1130171369462054e-04
+1.3451565420579981e-01  3.1128845421939133e-04
+1.3482693601748147e-01  3.1127516402421572e-04
+1.3513820452360856e-01  3.1126184311054466e-04
+1.3544945969346325e-01  3.1124849147961755e-04
+1.3576070149632885e-01  3.1123510913280412e-04
+1.3607192990149036e-01  3.1122169607134361e-04
+1.3638314487823355e-01  3.1120825229661122e-04
+1.3669434639584593e-01  3.1119477780994968e-04
+1.3700553442361624e-01  3.1118127261263857e-04
+1.3731670893083459e-01  3.1116773670601412e-04
+1.3762786988679221e-01  3.1115417009147645e-04
+1.3793901726078173e-01  3.1114057277037204e-04
+1.3825015102209751e-01  3.1112694474393125e-04
+1.3856127114003475e-01  3.1111328601355265e-04
+1.3887237758389026e-01  3.1109959658059196e-04
+1.3918347032296197e-01  3.1108587644646326e-04
+1.3949454932654951e-01  3.1107212561240315e-04
+1.3980561456395374e-01  3.1105834407987751e-04
+1.4011666600447664e-01  3.1104453185016071e-04
+1.4042770361742180e-01  3.1103068892465973e-04
+1.4073872737209420e-01  3.1101681530469898e-04
+1.4104973723779993e-01  3.1100291099169463e-04
+1.4136073318384673e-01  3.1098897598701625e-04
+1.4167171517954352e-01  3.1097501029201470e-04
+1.4198268319420076e-01  3.1096101390806145e-04
+1.4229363719713023e-01  3.1094698683660705e-04
+1.4260457715764496e-01  3.1093292907893118e-04
+1.4291550304505957e-01  3.1091884063651106e-04
+1.4322641482868986e-01  3.1090472151069595e-04
+1.4353731247785328e-01  3.1089057170285652e-04
+1.4384819596186849e-01  3.1087639121438410e-04
+1.4415906525005545e-01  3.1086218004675086e-04
+1.4446992031173583e-01  3.1084793820133731e-04
+1.4478076111623245e-01  3.1083366567948018e-04
+1.4509158763286961e-01  3.1081936248268416e-04
+1.4540239983097308e-01  3.1080502861235558e-04
+1.4571319767987001e-01  3.1079066406977657e-04
+1.4602398114888887e-01  3.1077626885651921e-04
+1.4633475020735964e-01  3.1076184297388270e-04
+1.4664550482461378e-01  3.1074738642339231e-04
+1.4695624496998405e-01  3.1073289920643813e-04
+1.4726697061280475e-01  3.1071838132438556e-04
+1.4757768172241151e-01  3.1070383277879418e-04
+1.4788837826814136e-01  3.1068925357102389e-04
+1.4819906021933291e-01  3.1067464370253831e-04
+1.4850972754532632e-01  3.1066000317469004e-04
+1.4882038021546273e-01  3.1064533198902413e-04
+1.4913101819908528e-01  3.1063063014694363e-04
+1.4944164146553807e-01  3.1061589764993115e-04
+1.4975224998416703e-01  3.1060113449941457e-04
+1.5006284372431938e-01  3.1058634069680894e-04
+1.5037342265534359e-01  3.1057151624380220e-04
+1.5068398674659017e-01  3.1055666114151309e-04
+1.5099453596741053e-01  3.1054177539161437e-04
+1.5130507028715773e-01  3.1052685899557187e-04
+1.5161558967518646e-01  3.1051191195475615e-04
+1.5192609410085267e-01  3.1049693427075869e-04
+1.5223658353351388e-01  3.1048192594497649e-04
+1.5254705794252899e-01  3.1046688697897081e-04
+1.5285751729725863e-01  3.1045181737413290e-04
+1.5316796156706453e-01  3.1043671713204643e-04
+1.5347839072131045e-01  3.1042158625408208e-04
+1.5378880472936096e-01  3.1040642474185963e-04
+1.5409920356058293e-01  3.1039123259667931e-04
+1.5440958718434383e-01  3.1037600982033070e-04
+1.5471995557001339e-01  3.1036075641408629e-04
+1.5503030868696233e-01  3.1034547237958403e-04
+1.5534064650456328e-01  3.1033015771823956e-04
+1.5565096899219016e-01  3.1031481243157369e-04
+1.5596127611921823e-01  3.1029943652116290e-04
+1.5627156785502477e-01  3.1028402998843825e-04
+1.5658184416898802e-01  3.1026859283499474e-04
+1.5689210503048812e-01  3.1025312506237877e-04
+1.5720235040890657e-01  3.1023762667201527e-04
+1.5751258027362652e-01  3.1022209766548537e-04
+1.5782279459403242e-01  3.1020653804436724e-04
+1.5813299333951067e-01  3.1019094781011973e-04
+1.5844317647944861e-01  3.1017532696430566e-04
+1.5875334398323565e-01  3.1015967550852592e-04
+1.5906349582026252e-01  3.1014399344421272e-04
+1.5937363195992155e-01  3.1012828077301894e-04
+1.5968375237160659e-01  3.1011253749642283e-04
+1.5999385702471292e-01  3.1009676361600283e-04
+1.6030394588863750e-01  3.1008095913337809e-04
+1.6061401893277913e-01  3.1006512404997319e-04
+1.6092407612653759e-01  3.1004925836744529e-04
+1.6123411743931459e-01  3.1003336208736186e-04
+1.6154414284051333e-01  3.1001743521130650e-04
+1.6185415229953876e-01  3.1000147774077209e-04
+1.6216414578579696e-01  3.0998548967737952e-04
+1.6247412326869612e-01  3.0996947102267030e-04
+1.6278408471764555e-01  3.0995342177829428e-04
+1.6309403010205642e-01  3.0993734194587535e-04
+1.6340395939134147e-01  3.0992123152681416e-04
+1.6371387255491485e-01  3.0990509052282336e-04
+1.6402376956219245e-01  3.0988891893553734e-04
+1.6433365038259179e-01  3.0987271676641813e-04
+1.6464351498553176e-01  3.0985648401723375e-04
+1.6495336334043312e-01  3.0984022068950029e-04
+1.6526319541671819e-01  3.0982392678478106e-04
+1.6557301118381076e-01  3.0980760230471337e-04
+1.6588281061113619e-01  3.0979124725091019e-04
+1.6619259366812167e-01  3.0977486162506109e-04
+1.6650236032419591e-01  3.0975844542866871e-04
+1.6681211054878914e-01  3.0974199866342863e-04
+1.6712184431133337e-01  3.0972552133092592e-04
+1.6743156158126221e-01  3.0970901343272176e-04
+1.6774126232801073e-01  3.0969247497060270e-04
+1.6805094652101571e-01  3.0967590594611352e-04
+1.6836061412971576e-01  3.0965930636087617e-04
+1.6867026512355093e-01  3.0964267621655449e-04
+1.6897989947196290e-01  3.0962601551475633e-04
+1.6928951714439500e-01  3.0960932425722136e-04
+1.6959911811029235e-01  3.0959260244540690e-04
+1.6990870233910144e-01  3.0957585008124452e-04
+1.7021826980027083e-01  3.0955906716609348e-04
+1.7052782046325038e-01  3.0954225370178853e-04
+1.7083735429749164e-01  3.0952540968992906e-04
+1.7114687127244799e-01  3.0950853513220591e-04
+1.7145637135757436e-01  3.0949163003030213e-04
+1.7176585452232737e-01  3.0947469438581530e-04
+1.7207532073616538e-01  3.0945772820041264e-04
+1.7238476996854821e-01  3.0944073147589127e-04
+1.7269420218893772e-01  3.0942370421376529e-04
+1.7300361736679692e-01  3.0940664641586471e-04
+1.7331301547159100e-01  3.0938955808380337e-04
+1.7362239647278666e-01  3.0937243921922911e-04
+1.7393176033985233e-01  3.0935528982382313e-04
+1.7424110704225781e-01  3.0933810989944619e-04
+1.7455043654947511e-01  3.0932089944761765e-04
+1.7485974883097760e-01  3.0930365847005721e-04
+1.7516904385624033e-01  3.0928638696862656e-04
+1.7547832159474036e-01  3.0926908494478226e-04
+1.7578758201595618e-01  3.0925175240039879e-04
+1.7609682508936803e-01  3.0923438933712366e-04
+1.7640605078445784e-01  3.0921699575673164e-04
+1.7671525907070940e-01  3.0919957166082059e-04
+1.7702444991760802e-01  3.0918211705130753e-04
+1.7733362329464100e-01  3.0916463192972563e-04
+1.7764277917129717e-01  3.0914711629784344e-04
+1.7795191751706690e-01  3.0912957015742724e-04
+1.7826103830144285e-01  3.0911199351019755e-04
+1.7857014149391870e-01  3.0909438635795940e-04
+1.7887922706399056e-01  3.0907674870231101e-04
+1.7918829498115590e-01  3.0905908054505341e-04
+1.7949734521491381e-01  3.0904138188795835e-04
+1.7980637773476543e-01  3.0902365273274422e-04
+1.8011539251021361e-01  3.0900589308111107e-04
+1.8042438951076256e-01  3.0898810293497874e-04
+1.8073336870591902e-01  3.0897028229591244e-04
+1.8104233006519049e-01  3.0895243116582140e-04
+1.8135127355808714e-01  3.0893454954637105e-04
+1.8166019915412035e-01  3.0891663743933559e-04
+1.8196910682280359e-01  3.0889869484648026e-04
+1.8227799653365173e-01  3.0888072176962750e-04
+1.8258686825618176e-01  3.0886271821047484e-04
+1.8289572195991233e-01  3.0884468417081951e-04
+1.8320455761436363e-01  3.0882661965255811e-04
+1.8351337518905808e-01  3.0880852465738252e-04
+1.8382217465351974e-01  3.0879039918695961e-04
+1.8413095597727402e-01  3.0877224324335066e-04
+1.8443971912984886e-01  3.0875405682806326e-04
+1.8474846408077331e-01  3.0873583994305438e-04
+1.8505719079957864e-01  3.0871759259010391e-04
+1.8536589925579786e-01  3.0869931477093383e-04
+1.8567458941896547e-01  3.0868100648745580e-04
+1.8598326125861825e-01  3.0866266774145633e-04
+1.8629191474429457e-01  3.0864429853467724e-04
+1.8660054984553448e-01  3.0862589886894930e-04
+1.8690916653187994e-01  3.0860746874616587e-04
+1.8721776477287483e-01  3.0858900816814868e-04
+1.8752634453806474e-01  3.0857051713655069e-04
+1.8783490579699708e-01  3.0855199565340598e-04
+1.8814344851922130e-01  3.0853344372035283e-04
+1.8845197267428820e-01  3.0851486133937371e-04
+1.8876047823175099e-01  3.0849624851224882e-04
+1.8906896516116425e-01  3.0847760524072514e-04
+1.8937743343208469e-01  3.0845893152678931e-04
+1.8968588301407080e-01  3.0844022737216319e-04
+1.8999431387668259e-01  3.0842149277882948e-04
+1.9030272598948250e-01  3.0840272774856843e-04
+1.9061111932203448e-01  3.0838393228309785e-04
+1.9091949384390422e-01  3.0836510638451508e-04
+1.9122784952465954e-01  3.0834625005455668e-04
+1.9153618633386998e-01  3.0832736329501446e-04
+1.9184450424110694e-01  3.0830844610785913e-04
+1.9215280321594363e-01  3.0828949849499935e-04
+1.9246108322795524e-01  3.0827052045822673e-04
+1.9276934424671904e-01  3.0825151199929219e-04
+1.9307758624181359e-01  3.0823247312027947e-04
+1.9338580918281992e-01  3.0821340382289840e-04
+1.9369401303932043e-01  3.0819430410919006e-04
+1.9400219778089986e-01  3.0817517398097058e-04
+1.9431036337714458e-01  3.0815601344012246e-04
+1.9461850979764295e-01  3.0813682248848615e-04
+1.9492663701198509e-01  3.0811760112803331e-04
+1.9523474498976318e-01  3.0809834936065697e-04
+1.9554283370057110e-01  3.0807906718819295e-04
+1.9585090311400494e-01  3.0805975461259752e-04
+1.9615895319966226e-01  3.0804041163587554e-04
+1.9646698392714312e-01  3.0802103825962362e-04
+1.9677499526604883e-01  3.0800163448609243e-04
+1.9708298718598308e-01  3.0798220031702744e-04
+1.9739095965655129e-01  3.0796273575435545e-04
+1.9769891264736097e-01  3.0794324079997385e-04
+1.9800684612802114e-01  3.0792371545594279e-04
+1.9831476006814325e-01  3.0790415972406032e-04
+1.9862265443734040e-01  3.0788457360622710e-04
+1.9893052920522752e-01  3.0786495710458448e-04
+1.9923838434142177e-01  3.0784531022082077e-04
+1.9954621981554221e-01  3.0782563295700025e-04
+1.9985403559720952e-01  3.0780592531506526e-04
+2.0016183165604667e-01  3.0778618729698033e-04
+2.0046960796167845e-01  3.0776641890453439e-04
+2.0077736448373151e-01  3.0774662013986287e-04
+2.0108510119183451e-01  3.0772679100491654e-04
+2.0139281805561818e-01  3.0770693150155865e-04
+2.0170051504471509e-01  3.0768704163176581e-04
+2.0200819212875987e-01  3.0766712139749679e-04
+2.0231584927738905e-01  3.0764717080065582e-04
+2.0262348646024092e-01  3.0762718984344759e-04
+2.0293110364695610e-01  3.0760717852764546e-04
+2.0323870080717707e-01  3.0758713685528438e-04
+2.0354627791054819e-01  3.0756706482823937e-04
+2.0385383492671574e-01  3.0754696244861675e-04
+2.0416137182532823e-01  3.0752682971837080e-04
+2.0446888857603607e-01  3.0750666663952167e-04
+2.0477638514849147e-01  3.0748647321395705e-04
+2.0508386151234881e-01  3.0746624944373954e-04
+2.0539131763726448e-01  3.0744599533080616e-04
+2.0569875349289671e-01  3.0742571087734083e-04
+2.0600616904890595e-01  3.0740539608512370e-04
+2.0631356427495451e-01  3.0738505095617594e-04
+2.0662093914070662e-01  3.0736467549266470e-04
+2.0692829361582871e-01  3.0734426969649927e-04
+2.0723562766998915e-01  3.0732383356970157e-04
+2.0754294127285827e-01  3.0730336711431397e-04
+2.0785023439410857e-01  3.0728287033224353e-04
+2.0815750700341445e-01  3.0726234322563610e-04
+2.0846475907045220e-01  3.0724178579654890e-04
+2.0877199056490042e-01  3.0722119804698516e-04
+2.0907920145643971e-01  3.0720057997875170e-04
+2.0938639171475232e-01  3.0717993159416247e-04
+2.0969356130952299e-01  3.0715925289522553e-04
+2.1000071021043834e-01  3.0713854388388523e-04
+2.1030783838718703e-01  3.0711780456215256e-04
+2.1061494580945966e-01  3.0709703493219190e-04
+2.1092203244694913e-01  3.0707623499593632e-04
+2.1122909826935007e-01  3.0705540475552259e-04
+2.1153614324635933e-01  3.0703454421303334e-04
+2.1184316734767591e-01  3.0701365337049505e-04
+2.1215017054300073e-01  3.0699273222996890e-04
+2.1245715280203684e-01  3.0697178079350050e-04
+2.1276411409448942e-01  3.0695079906305092e-04
+2.1307105439006552e-01  3.0692978704084493e-04
+2.1337797365847433e-01  3.0690874472895667e-04
+2.1368487186942731e-01  3.0688767212937000e-04
+2.1399174899263768e-01  3.0686656924427242e-04
+2.1429860499782102e-01  3.0684543607565587e-04
+2.1460543985469493e-01  3.0682427262559444e-04
+2.1491225353297902e-01  3.0680307889623739e-04
+2.1521904600239489e-01  3.0678185488973290e-04
+2.1552581723266651e-01  3.0676060060804593e-04
+2.1583256719351973e-01  3.0673931605334690e-04
+2.1613929585468261e-01  3.0671800122770878e-04
+2.1644600318588531e-01  3.0669665613326086e-04
+2.1675268915685994e-01  3.0667528077202332e-04
+2.1705935373734095e-01  3.0665387514620371e-04
+2.1736599689706471e-01  3.0663243925792782e-04
+2.1767261860576975e-01  3.0661097310924121e-04
+2.1797921883319687e-01  3.0658947670236510e-04
+2.1828579754908883e-01  3.0656795003921390e-04
+2.1859235472319041e-01  3.0654639312213238e-04
+2.1889889032524884e-01  3.0652480595311731e-04
+2.1920540432501320e-01  3.0650318853445797e-04
+2.1951189669223486e-01  3.0648154086799427e-04
+2.1981836739666716e-01  3.0645986295613453e-04
+2.2012481640806575e-01  3.0643815480090730e-04
+2.2043124369618830e-01  3.0641641640451086e-04
+2.2073764923079478e-01  3.0639464776894296e-04
+2.2104403298164707e-01  3.0637284889657490e-04
+2.2135039491850941e-01  3.0635101978938748e-04
+2.2165673501114802e-01  3.0632916044961696e-04
+2.2196305322933155e-01  3.0630727087935938e-04
+2.2226934954283045e-01  3.0628535108076179e-04
+2.2257562392141755e-01  3.0626340105611668e-04
+2.2288187633486778e-01  3.0624142080754290e-04
+2.2318810675295844e-01  3.0621941033713758e-04
+2.2349431514546864e-01  3.0619736964706748e-04
+2.2380050148217989e-01  3.0617529873956336e-04
+2.2410666573287580e-01  3.0615319761677812e-04
+2.2441280786734219e-01  3.0613106628101552e-04
+2.2471892785536718e-01  3.0610890473425104e-04
+2.2502502566674090e-01  3.0608671297872305e-04
+2.2533110127125566e-01  3.0606449101675014e-04
+2.2563715463870604e-01  3.0604223885041565e-04
+2.2594318573888894e-01  3.0601995648198724e-04
+2.2624919454160314e-01  3.0599764391356333e-04
+2.2655518101664990e-01  3.0597530114738524e-04
+2.2686114513383260e-01  3.0595292818569742e-04
+2.2716708686295678e-01  3.0593052503068499e-04
+2.2747300617383009e-01  3.0590809168465105e-04
+2.2777890303626286e-01  3.0588562814962443e-04
+2.2808477742006703e-01  3.0586313442793235e-04
+2.2839062929505699e-01  3.0584061052180665e-04
+2.2869645863104957e-01  3.0581805643343574e-04
+2.2900226539786350e-01  3.0579547216499860e-04
+2.2930804956532008e-01  3.0577285771875133e-04
+2.2961381110324247e-01  3.0575021309705831e-04
+2.2991954998145611e-01  3.0572753830201944e-04
+2.3022526616978911e-01  3.0570483333590198e-04
+2.3053095963807127e-01  3.0568209820092796e-04
+2.3083663035613511e-01  3.0565933289924941e-04
+2.3114227829381490e-01  3.0563653743335918e-04
+2.3144790342094748e-01  3.0561371180528674e-04
+2.3175350570737199e-01  3.0559085601737239e-04
+2.3205908512292950e-01  3.0556797007199368e-04
+2.3236464163746381e-01  3.0554505397112900e-04
+2.3267017522082059e-01  3.0552210771717548e-04
+2.3297568584284783e-01  3.0549913131261409e-04
+2.3328117347339589e-01  3.0547612475934841e-04
+2.3358663808231744e-01  3.0545308805984849e-04
+2.3389207963946734e-01  3.0543002121633813e-04
+2.3419749811470267e-01  3.0540692423117828e-04
+2.3450289347788289e-01  3.0538379710652721e-04
+2.3480826569886964e-01  3.0536063984463731e-04
+2.3511361474752701e-01  3.0533745244796487e-04
+2.3541894059372120e-01  3.0531423491865771e-04
+2.3572424320732063e-01  3.0529098725919443e-04
+2.3602952255819648e-01  3.0526770947155178e-04
+2.3633477861622165e-01  3.0524440155823695e-04
+2.3664001135127163e-01  3.0522106352159960e-04
+2.3694522073322422e-01  3.0519769536385314e-04
+2.3725040673195946e-01  3.0517429708727868e-04
+2.3755556931735980e-01  3.0515086869412522e-04
+2.3786070845930957e-01  3.0512741018706865e-04
+2.3816582412769610e-01  3.0510392156796835e-04
+2.3847091629240869e-01  3.0508040283934012e-04
+2.3877598492333879e-01  3.0505685400345953e-04
+2.3908102999038044e-01  3.0503327506270820e-04
+2.3938605146342984e-01  3.0500966601947765e-04
+2.3969104931238566e-01  3.0498602687593332e-04
+2.3999602350714883e-01  3.0496235763446922e-04
+2.4030097401762252e-01  3.0493865829744703e-04
+2.4060590081371239e-01  3.0491492886716508e-04
+2.4091080386532643e-01  3.0489116934610003e-04
+2.4121568314237482e-01  3.0486737973644645e-04
+2.4152053861477030e-01  3.0484356004061513e-04
+2.4182537025242776e-01  3.0481971026091541e-04
+2.4213017802526471e-01  3.0479583039966018e-04
+2.4243496190320057e-01  3.0477192045939318e-04
+2.4273972185615753e-01  3.0474798044223940e-04
+2.4304445785405998e-01  3.0472401035070909e-04
+2.4334916986683469e-01  3.0470001018720561e-04
+2.4365385786441091e-01  3.0467597995393480e-04
+2.4395852181671990e-01  3.0465191965332536e-04
+2.4426316169369572e-01  3.0462782928793213e-04
+2.4456777746527453e-01  3.0460370885984314e-04
+2.4487236910139509e-01  3.0457955837169412e-04
+2.4517693657199835e-01  3.0455537782562227e-04
+2.4548147984702773e-01  3.0453116722417242e-04
+2.4578599889642883e-01  3.0450692656983070e-04
+2.4609049369015007e-01  3.0448265586484888e-04
+2.4639496419814205e-01  3.0445835511151047e-04
+2.4669941039035759e-01  3.0443402431238622e-04
+2.4700383223675201e-01  3.0440966346984060e-04
+2.4730822970728331e-01  3.0438527258628352e-04
+2.4761260277191149e-01  3.0436085166411135e-04
+2.4791695140059916e-01  3.0433640070564677e-04
+2.4822127556331136e-01  3.0431191971355974e-04
+2.4852557523001551e-01  3.0428740868993886e-04
+2.4882985037068137e-01  3.0426286763741224e-04
+2.4913410095528132e-01  3.0423829655836220e-04
+2.4943832695378976e-01  3.0421369545520862e-04
+2.4974252833618410e-01  3.0418906433040289e-04
+2.5004670507244381e-01  3.0416440318624513e-04
+2.5035085713255079e-01  3.0413971202527358e-04
+2.5065498448648937e-01  3.0411499084996384e-04
+2.5095908710424641e-01  3.0409023966274486e-04
+2.5126316495581136e-01  3.0406545846587915e-04
+2.5156721801117565e-01  3.0404064726217170e-04
+2.5187124624033386e-01  3.0401580605361072e-04
+2.5217524961328219e-01  3.0399093484297210e-04
+2.5247922810001971e-01  3.0396603363290258e-04
+2.5278318167054836e-01  3.0394110242524402e-04
+2.5308711029487174e-01  3.0391614122297287e-04
+2.5339101394299657e-01  3.0389115002825190e-04
+2.5369489258493150e-01  3.0386612884373421e-04
+2.5399874619068807e-01  3.0384107767188824e-04
+2.5430257473028012e-01  3.0381599651511346e-04
+2.5460637817372389e-01  3.0379088537589707e-04
+2.5491015649103832e-01  3.0376574425660009e-04
+2.5521390965224444e-01  3.0374057316001597e-04
+2.5551763762736629e-01  3.0371537208839365e-04
+2.5582134038642995e-01  3.0369014104416356e-04
+2.5612501789946435e-01  3.0366488003000502e-04
+2.5642867013650056e-01  3.0363958904817761e-04
+2.5673229706757222e-01  3.0361426810141451e-04
+2.5703589866271570e-01  3.0358891719217890e-04
+2.5733947489196962e-01  3.0356353632286293e-04
+2.5764302572537534e-01  3.0353812549596145e-04
+2.5794655113297649e-01  3.0351268471419461e-04
+2.5825005108481930e-01  3.0348721397979847e-04
+2.5855352555095257e-01  3.0346171329548663e-04
+2.5885697450142753e-01  3.0343618266366455e-04
+2.5916039790629797e-01  3.0341062208689198e-04
+2.5946379573562028e-01  3.0338503156761634e-04
+2.5976716795945304e-01  3.0335941110853297e-04
+2.6007051454785796e-01  3.0333376071205740e-04
+2.6037383547089865e-01  3.0330808038066503e-04
+2.6067713069864162e-01  3.0328237011696137e-04
+2.6098040020115576e-01  3.0325662992363020e-04
+2.6128364394851278e-01  3.0323085980293527e-04
+2.6158686191078651e-01  3.0320505975749704e-04
+2.6189005405805355e-01  3.0317922978998478e-04
+2.6219322036039305e-01  3.0315336990291382e-04
+2.6249636078788674e-01  3.0312748009868399e-04
+2.6279947531061876e-01  3.0310156038013570e-04
+2.6310256389867587e-01  3.0307561074948742e-04
+2.6340562652214772e-01  3.0304963120949483e-04
+2.6370866315112584e-01  3.0302362176269079e-04
+2.6401167375570483e-01  3.0299758241175641e-04
+2.6431465830598178e-01  3.0297151315904458e-04
+2.6461761677205631e-01  3.0294541400715304e-04
+2.6492054912403062e-01  3.0291928495889265e-04
+2.6522345533200931e-01  3.0289312601675171e-04
+2.6552633536609993e-01  3.0286693718297288e-04
+2.6582918919641224e-01  3.0284071846079077e-04
+2.6613201679305892e-01  3.0281446985210009e-04
+2.6643481812615499e-01  3.0278819135996527e-04
+2.6673759316581824e-01  3.0276188298669268e-04
+2.6704034188216874e-01  3.0273554473512170e-04
+2.6734306424532955e-01  3.0270917660774109e-04
+2.6764576022542619e-01  3.0268277860708628e-04
+2.6794842979258660e-01  3.0265635073585003e-04
+2.6825107291694145e-01  3.0262989299665493e-04
+2.6855368956862424e-01  3.0260340539199599e-04
+2.6885627971777082e-01  3.0257688792455223e-04
+2.6915884333451984e-01  3.0255034059698297e-04
+2.6946138038901213e-01  3.0252376341199645e-04
+2.6976389085139163e-01  3.0249715637193264e-04
+2.7006637469180494e-01  3.0247051947956955e-04
+2.7036883188040084e-01  3.0244385273771980e-04
+2.7067126238733108e-01  3.0241715614872674e-04
+2.7097366618274987e-01  3.0239042971538945e-04
+2.7127604323681431e-01  3.0236367344010863e-04
+2.7157839351968371e-01  3.0233688732603589e-04
+2.7188071700152050e-01  3.0231007137527892e-04
+2.7218301365248943e-01  3.0228322559077071e-04
+2.7248528344275802e-01  3.0225634997507934e-04
+2.7278752634249648e-01  3.0222944453087191e-04
+2.7308974232187744e-01  3.0220250926080627e-04
+2.7339193135107670e-01  3.0217554416732498e-04
+2.7369409340027195e-01  3.0214854925358518e-04
+2.7399622843964427e-01  3.0212152452178422e-04
+2.7429833643937701e-01  3.0209446997489075e-04
+2.7460041736965635e-01  3.0206738561534591e-04
+2.7490247120067096e-01  3.0204027144603855e-04
+2.7520449790261231e-01  3.0201312746948685e-04
+2.7550649744567479e-01  3.0198595368829398e-04
+2.7580846980005480e-01  3.0195875010552529e-04
+2.7611041493595234e-01  3.0193151672326223e-04
+2.7641233282356920e-01  3.0190425354471357e-04
+2.7671422343311036e-01  3.0187696057241124e-04
+2.7701608673478328e-01  3.0184963780915909e-04
+2.7731792269879868e-01  3.0182228525719448e-04
+2.7761973129536910e-01  3.0179490291975099e-04
+2.7792151249471031e-01  3.0176749079928000e-04
+2.7822326626704064e-01  3.0174004889851408e-04
+2.7852499258258134e-01  3.0171257722010764e-04
+2.7882669141155592e-01  3.0168507576698231e-04
+2.7912836272419111e-01  3.0165754454167460e-04
+2.7943000649071603e-01  3.0162998354689479e-04
+2.7973162268136248e-01  3.0160239278553418e-04
+2.8003321126636543e-01  3.0157477226000999e-04
+2.8033477221596192e-01  3.0154712197337036e-04
+2.8063630550039231e-01  3.0151944192810710e-04
+2.8093781108989935e-01  3.0149173212702402e-04
+2.8123928895472849e-01  3.0146399257301512e-04
+2.8154073906512822e-01  3.0143622326844380e-04
+2.8184216139134943e-01  3.0140842421649063e-04
+2.8214355590364598e-01  3.0138059541959022e-04
+2.8244492257227438e-01  3.0135273688063638e-04
+2.8274626136749398e-01  3.0132484860237582e-04
+2.8304757225956667e-01  3.0129693058743285e-04
+2.8334885521875725e-01  3.0126898283868467e-04
+2.8365011021533337e-01  3.0124100535883859e-04
+2.8395133721956534e-01  3.0121299815072232e-04
+2.8425253620172597e-01  3.0118496121694027e-04
+2.8455370713209144e-01  3.0115689456050229e-04
+2.8485484998094002e-01  3.0112879818396923e-04
+2.8515596471855331e-01  3.0110067209004031e-04
+2.8545705131521537e-01  3.0107251628193798e-04
+2.8575810974121296e-01  3.0104433076196636e-04
+2.8605913996683607e-01  3.0101611553303131e-04
+2.8636014196237691e-01  3.0098787059807801e-04
+2.8666111569813080e-01  3.0095959595983850e-04
+2.8696206114439599e-01  3.0093129162097362e-04
+2.8726297827147329e-01  3.0090295758413197e-04
+2.8756386704966591e-01  3.0087459385275350e-04
+2.8786472744928082e-01  3.0084620042890867e-04
+2.8816555944062699e-01  3.0081777731580741e-04
+2.8846636299401662e-01  3.0078932451596795e-04
+2.8876713807976440e-01  3.0076084203265070e-04
+2.8906788466818811e-01  3.0073232986816838e-04
+2.8936860272960802e-01  3.0070378802576111e-04
+2.8966929223434756e-01  3.0067521650808249e-04
+2.8996995315273300e-01  3.0064661531765420e-04
+2.9027058545509304e-01  3.0061798445770506e-04
+2.9057118911175933e-01  3.0058932393096786e-04
+2.9087176409306670e-01  3.0056063374021965e-04
+2.9117231036935254e-01  3.0053191388825970e-04
+2.9147282791095686e-01  3.0050316437787609e-04
+2.9177331668822287e-01  3.0047438521213997e-04
+2.9207377667149659e-01  3.0044557639358666e-04
+2.9237420783112655e-01  3.0041673792530421e-04
+2.9267461013746454e-01  3.0038786981004175e-04
+2.9297498356086482e-01  3.0035897205059261e-04
+2.9327532807168488e-01  3.0033004464989052e-04
+2.9357564364028477e-01  3.0030108761078516e-04
+2.9387593023702757e-01  3.0027210093609702e-04
+2.9417618783227900e-01  3.0024308462874634e-04
+2.9447641639640793e-01  3.0021403869139312e-04
+2.9477661589978599e-01  3.0018496312712709e-04
+2.9507678631278739e-01  3.0015585793890528e-04
+2.9537692760578960e-01  3.0012672312935463e-04
+2.9567703974917303e-01  3.0009755870130585e-04
+2.9597712271332033e-01  3.0006836465802281e-04
+2.9627717646861784e-01  3.0003914100199555e-04
+2.9657720098545426e-01  3.0000988773637053e-04
+2.9687719623422137e-01  2.9998060486363778e-04
+2.9717716218531359e-01  2.9995129238722843e-04
+2.9747709880912865e-01  2.9992195030970092e-04
+2.9777700607606672e-01  2.9989257863416875e-04
+2.9807688395653142e-01  2.9986317736316467e-04
+2.9837673242092883e-01  2.9983374649994698e-04
+2.9867655143966793e-01  2.9980428604713789e-04
+2.9897634098316084e-01  2.9977479600791284e-04
+2.9927610102182234e-01  2.9974527638510629e-04
+2.9957583152607042e-01  2.9971572718152277e-04
+2.9987553246632587e-01  2.9968614840010082e-04
+3.0017520381301216e-01  2.9965654004381997e-04
+3.0047484553655590e-01  2.9962690211568358e-04
+3.0077445760738669e-01  2.9959723461832132e-04
+3.0107403999593690e-01  2.9956753755504116e-04
+3.0137359267264191e-01  2.9953781092841866e-04
+3.0167311560794002e-01  2.9950805474170870e-04
+3.0197260877227250e-01  2.9947826899760690e-04
+3.0227207213608343e-01  2.9944845369917047e-04
+3.0257150566981994e-01  2.9941860884931409e-04
+3.0287090934393224e-01  2.9938873445095479e-04
+3.0317028312887306e-01  2.9935883050700789e-04
+3.0346962699509850e-01  2.9932889702046932e-04
+3.0376894091306739e-01  2.9929893399443716e-04
+3.0406822485324148e-01  2.9926894143176896e-04
+3.0436747878608600e-01  2.9923891933523241e-04
+3.0466670268206830e-01  2.9920886770803403e-04
+3.0496589651165917e-01  2.9917878655310199e-04
+3.0526506024533256e-01  2.9914867587326122e-04
+3.0556419385356492e-01  2.9911853567166449e-04
+3.0586329730683604e-01  2.9908836595114751e-04
+3.0616237057562834e-01  2.9905816671486934e-04
+3.0646141363042773e-01  2.9902793796547183e-04
+3.0676042644172252e-01  2.9899767970635344e-04
+3.0705940898000450e-01  2.9896739194014405e-04
+3.0735836121576798e-01  2.9893707467010781e-04
+3.0765728311951068e-01  2.9890672789902934e-04
+3.0795617466173320e-01  2.9887635163001021e-04
+3.0825503581293884e-01  2.9884594586610701e-04
+3.0855386654363437e-01  2.9881551061013790e-04
+3.0885266682432921e-01  2.9878504586523618e-04
+3.0915143662553601e-01  2.9875455163430874e-04
+3.0945017591777002e-01  2.9872402792053778e-04
+3.0974888467155026e-01  2.9869347472687770e-04
+3.1004756285739793e-01  2.9866289205616244e-04
+3.1034621044583777e-01  2.9863227991176435e-04
+3.1064482740739741e-01  2.9860163829628433e-04
+3.1094341371260747e-01  2.9857096721287187e-04
+3.1124196933200154e-01  2.9854026666498786e-04
+3.1154049423611641e-01  2.9850953665503754e-04
+3.1183898839549179e-01  2.9847877718639274e-04
+3.1213745178067032e-01  2.9844798826197543e-04
+3.1243588436219782e-01  2.9841716988492214e-04
+3.1273428611062332e-01  2.9838632205818680e-04
+3.1303265699649852e-01  2.9835544478480305e-04
+3.1333099699037825e-01  2.9832453806790749e-04
+3.1362930606282063e-01  2.9829360191058234e-04
+3.1392758418438660e-01  2.9826263631578954e-04
+3.1422583132564030e-01  2.9823164128655423e-04
+3.1452404745714890e-01  2.9820061682591178e-04
+3.1482223254948249e-01  2.9816956293702191e-04
+3.1512038657321428e-01  2.9813847962293169e-04
+3.1541850949892075e-01  2.9810736688673240e-04
+3.1571660129718115e-01  2.9807622473138756e-04
+3.1601466193857808e-01  2.9804505316013285e-04
+3.1631269139369689e-01  2.9801385217587947e-04
+3.1661068963312633e-01  2.9798262178179551e-04
+3.1690865662745810e-01  2.9795136198084332e-04
+3.1720659234728682e-01  2.9792007277638840e-04
+3.1750449676321046e-01  2.9788875417128923e-04
+3.1780236984583005e-01  2.9785740616885371e-04
+3.1810021156574964e-01  2.9782602877169955e-04
+3.1839802189357613e-01  2.9779462198344694e-04
+3.1869580079992010e-01  2.9776318580682049e-04
+3.1899354825539461e-01  2.9773172024523983e-04
+3.1929126423061616e-01  2.9770022530146897e-04
+3.1958894869620447e-01  2.9766870097885169e-04
+3.1988660162278199e-01  2.9763714728070690e-04
+3.2018422298097460e-01  2.9760556420962633e-04
+3.2048181274141108e-01  2.9757395176914693e-04
+3.2077937087472369e-01  2.9754230996197843e-04
+3.2107689735154732e-01  2.9751063879174602e-04
+3.2137439214252017e-01  2.9747893826121070e-04
+3.2167185521828379e-01  2.9744720837367590e-04
+3.2196928654948276e-01  2.9741544913212140e-04
+3.2226668610676434e-01  2.9738366054003892e-04
+3.2256405386077980e-01  2.9735184259992343e-04
+3.2286138978218265e-01  2.9731999531558266e-04
+3.2315869384163010e-01  2.9728811868968779e-04
+3.2345596600978244e-01  2.9725621272564952e-04
+3.2375320625730275e-01  2.9722427742665962e-04
+3.2405041455485795e-01  2.9719231279560647e-04
+3.2434759087311738e-01  2.9716031883561398e-04
+3.2464473518275383e-01  2.9712829555026831e-04
+3.2494184745444343e-01  2.9709624294225350e-04
+3.2523892765886508e-01  2.9706416101523211e-04
+3.2553597576670135e-01  2.9703204977182156e-04
+3.2583299174863745e-01  2.9699990921557034e-04
+3.2612997557536227e-01  2.9696773934954278e-04
+3.2642692721756739e-01  2.9693554017676802e-04
+3.2672384664594784e-01  2.9690331170070198e-04
+3.2702073383120189e-01  2.9687105392432977e-04
+3.2731758874403066e-01  2.9683876685092288e-04
+3.2761441135513886e-01  2.9680645048363557e-04
+3.2791120163523413e-01  2.9677410482572566e-04
+3.2820795955502746e-01  2.9674172988011603e-04
+3.2850468508523278e-01  2.9670932565042691e-04
+3.2880137819656763e-01  2.9667689213941150e-04
+3.2909803885975225e-01  2.9664442935052848e-04
+3.2939466704551046e-01  2.9661193728697650e-04
+3.2969126272456906e-01  2.9657941595206879e-04
+3.2998782586765818e-01  2.9654686534886192e-04
+3.3028435644551135e-01  2.9651428548039670e-04
+3.3058085442886487e-01  2.9648167635016372e-04
+3.3087731978845852e-01  2.9644903796137629e-04
+3.3117375249503533e-01  2.9641637031702799e-04
+3.3147015251934153e-01  2.9638367342046940e-04
+3.3176651983212646e-01  2.9635094727495452e-04
+3.3206285440414263e-01  2.9631819188379613e-04
+3.3235915620614631e-01  2.9628540724997563e-04
+3.3265542520889613e-01  2.9625259337713957e-04
+3.3295166138315480e-01  2.9621975026799033e-04
+3.3324786469968770e-01  2.9618687792618231e-04
+3.3354403512926373e-01  2.9615397635482409e-04
+3.3384017264265492e-01  2.9612104555714675e-04
+3.3413627721063677e-01  2.9608808553638956e-04
+3.3443234880398753e-01  2.9605509629596885e-04
+3.3472838739348942e-01  2.9602207783878062e-04
+3.3502439294992725e-01  2.9598903016837781e-04
+3.3532036544408939e-01  2.9595595328800564e-04
+3.3561630484676741e-01  2.9592284720088215e-04
+3.3591221112875636e-01  2.9588971191034852e-04
+3.3620808426085436e-01  2.9585654741930985e-04
+3.3650392421386255e-01  2.9582335373160137e-04
+3.3679973095858606e-01  2.9579013084993509e-04
+3.3709550446583236e-01  2.9575687877815240e-04
+3.3739124470641296e-01  2.9572359751929870e-04
+3.3768695165114249e-01  2.9569028707634581e-04
+3.3798262527083867e-01  2.9565694745287819e-04
+3.3827826553632234e-01  2.9562357865240742e-04
+3.3857387241841841e-01  2.9559018067765484e-04
+3.3886944588795409e-01  2.9555675353239586e-04
+3.3916498591576061e-01  2.9552329721984369e-04
+3.3946049247267229e-01  2.9548981174304996e-04
+3.3975596552952636e-01  2.9545629710581747e-04
+3.4005140505716425e-01  2.9542275331083135e-04
+3.4034681102642983e-01  2.9538918036176802e-04
+3.4064218340817065e-01  2.9535557826192383e-04
+3.4093752217323764e-01  2.9532194701454629e-04
+3.4123282729248483e-01  2.9528828662284617e-04
+3.4152809873676976e-01  2.9525459709051153e-04
+3.4182333647695307e-01  2.9522087842057381e-04
+3.4211854048389906e-01  2.9518713061634899e-04
+3.4241371072847515e-01  2.9515335368134407e-04
+3.4270884718155226e-01  2.9511954761851915e-04
+3.4300394981400412e-01  2.9508571243164433e-04
+3.4329901859670842e-01  2.9505184812386547e-04
+3.4359405350054589e-01  2.9501795469882131e-04
+3.4388905449640084e-01  2.9498403215906039e-04
+3.4418402155516048e-01  2.9495008050890763e-04
+3.4447895464771583e-01  2.9491609975105376e-04
+3.4477385374496095e-01  2.9488208988913173e-04
+3.4506871881779344e-01  2.9484805092641077e-04
+3.4536354983711426e-01  2.9481398286624716e-04
+3.4565834677382756e-01  2.9477988571198851e-04
+3.4595310959884090e-01  2.9474575946706900e-04
+3.4624783828306549e-01  2.9471160413479467e-04
+3.4654253279741543e-01  2.9467741971857345e-04
+3.4683719311280869e-01  2.9464320622166684e-04
+3.4713181920016617e-01  2.9460896364764575e-04
+3.4742641103041250e-01  2.9457469199971212e-04
+3.4772096857447532e-01  2.9454039128147747e-04
+3.4801549180328611e-01  2.9450606149613825e-04
+3.4830998068777941e-01  2.9447170264699455e-04
+3.4860443519889317e-01  2.9443731473769894e-04
+3.4889885530756881e-01  2.9440289777144196e-04
+3.4919324098475135e-01  2.9436845175176033e-04
+3.4948759220138870e-01  2.9433397668202164e-04
+3.4978190892843275e-01  2.9429947256545940e-04
+3.5007619113683824e-01  2.9426493940568353e-04
+3.5037043879756369e-01  2.9423037720591774e-04
+3.5066465188157103e-01  2.9419578596975610e-04
+3.5095883035982534e-01  2.9416116570048890e-04
+3.5125297420329538e-01  2.9412651640158634e-04
+3.5154708338295315e-01  2.9409183807667762e-04
+3.5184115786977410e-01  2.9405713072878784e-04
+3.5213519763473727e-01  2.9402239436144531e-04
+3.5242920264882482e-01  2.9398762897842897e-04
+3.5272317288302291e-01  2.9395283458245381e-04
+3.5301710830832012e-01  2.9391801117787471e-04
+3.5331100889570971e-01  2.9388315876738183e-04
+3.5360487461618728e-01  2.9384827735478973e-04
+3.5389870544075275e-01  2.9381336694327722e-04
+3.5419250134040869e-01  2.9377842753671861e-04
+3.5448626228616176e-01  2.9374345913810157e-04
+3.5477998824902174e-01  2.9370846175119956e-04
+3.5507367920000205e-01  2.9367343537914988e-04
+3.5536733511011925e-01  2.9363838002557170e-04
+3.5566095595039376e-01  2.9360329569403764e-04
+3.5595454169184904e-01  2.9356818238801199e-04
+3.5624809230551235e-01  2.9353304011079517e-04
+3.5654160776241445e-01  2.9349786886592310e-04
+3.5683508803358932e-01  2.9346266865674345e-04
+3.5712853309007436e-01  2.9342743948694149e-04
+3.5742194290291074e-01  2.9339218136002667e-04
+3.5771531744314289e-01  2.9335689427936252e-04
+3.5800865668181892e-01  2.9332157824822933e-04
+3.5830196058999036e-01  2.9328623327043088e-04
+3.5859522913871189e-01  2.9325085934940311e-04
+3.5888846229904225e-01  2.9321545648841130e-04
+3.5918166004204316e-01  2.9318002469122859e-04
+3.5947482233878025e-01  2.9314456396110119e-04
+3.5976794916032218e-01  2.9310907430187612e-04
+3.6006104047774168e-01  2.9307355571668733e-04
+3.6035409626211456e-01  2.9303800820918596e-04
+3.6064711648452025e-01  2.9300243178293807e-04
+3.6094010111604169e-01  2.9296682644136659e-04
+3.6123305012776546e-01  2.9293119218806333e-04
+3.6152596349078153e-01  2.9289552902643647e-04
+3.6181884117618324e-01  2.9285983696005418e-04
+3.6211168315506764e-01  2.9282411599253791e-04
+3.6240448939853542e-01  2.9278836612738534e-04
+3.6269725987769064e-01  2.9275258736793063e-04
+3.6298999456364078e-01  2.9271677971790688e-04
+3.6328269342749703e-01  2.9268094318071937e-04
+3.6357535644037409e-01  2.9264507776008945e-04
+3.6386798357339012e-01  2.9260918345931267e-04
+3.6416057479766695e-01  2.9257326028204843e-04
+3.6445313008432978e-01  2.9253730823194588e-04
+3.6474564940450749e-01  2.9250132731231248e-04
+3.6503813272933239e-01  2.9246531752706221e-04
+3.6533058002994057e-01  2.9242927887934602e-04
+3.6562299127747133e-01  2.9239321137303768e-04
+3.6591536644306788e-01  2.9235711501150697e-04
+3.6620770549787690e-01  2.9232098979822704e-04
+3.6650000841304836e-01  2.9228483573709153e-04
+3.6679227515973600e-01  2.9224865283146418e-04
+3.6708450570909734e-01  2.9221244108486885e-04
+3.6737670003229317e-01  2.9217620050093080e-04
+3.6766885810048788e-01  2.9213993108328601e-04
+3.6796097988484955e-01  2.9210363283550838e-04
+3.6825306535654989e-01  2.9206730576103094e-04
+3.6854511448676386e-01  2.9203094986389401e-04
+3.6883712724667062e-01  2.9199456514680832e-04
+3.6912910360745221e-01  2.9195815161424854e-04
+3.6942104354029465e-01  2.9192170926936172e-04
+3.6971294701638779e-01  2.9188523811576731e-04
+3.7000481400692442e-01  2.9184873815736427e-04
+3.7029664448310162e-01  2.9181220939712449e-04
+3.7058843841611949e-01  2.9177565183934230e-04
+3.7088019577718212e-01  2.9173906548740668e-04
+3.7117191653749715e-01  2.9170245034471705e-04
+3.7146360066827566e-01  2.9166580641508877e-04
+3.7175524814073257e-01  2.9162913370201670e-04
+3.7204685892608624e-01  2.9159243220919614e-04
+3.7233843299555869e-01  2.9155570194028734e-04
+3.7262997032037570e-01  2.9151894289876682e-04
+3.7292147087176641e-01  2.9148215508846895e-04
+3.7321293462096389e-01  2.9144533851284762e-04
+3.7350436153920463e-01  2.9140849317559850e-04
+3.7379575159772882e-01  2.9137161908038267e-04
+3.7408710476778040e-01  2.9133471623062659e-04
+3.7437842102060659e-01  2.9129778463048535e-04
+3.7466970032745878e-01  2.9126082428305869e-04
+3.7496094265959146e-01  2.9122383519240288e-04
+3.7525214798826334e-01  2.9118681736183883e-04
+3.7554331628473614e-01  2.9114977079527221e-04
+3.7583444752027595e-01  2.9111269549605934e-04
+3.7612554166615181e-01  2.9107559146824077e-04
+3.7641659869363703e-01  2.9103845871511632e-04
+3.7670761857400803e-01  2.9100129724061113e-04
+3.7699860127854534e-01  2.9096410704833352e-04
+3.7728954677853299e-01  2.9092688814188604e-04
+3.7758045504525872e-01  2.9088964052482785e-04
+3.7787132605001372e-01  2.9085236420133866e-04
+3.7816215976409329e-01  2.9081505917452188e-04
+3.7845295615879593e-01  2.9077772544825272e-04
+3.7874371520542427e-01  2.9074036302617748e-04
+3.7903443687528410e-01  2.9070297191231256e-04
+3.7932512113968564e-01  2.9066555210986229e-04
+3.7961576796994206e-01  2.9062810362263339e-04
+3.7990637733737054e-01  2.9059062645489829e-04
+3.8019694921329217e-01  2.9055312060935663e-04
+3.8048748356903128e-01  2.9051558609050434e-04
+3.8077798037591626e-01  2.9047802290178625e-04
+3.8106843960527914e-01  2.9044043104675340e-04
+3.8135886122845558e-01  2.9040281052932127e-04
+3.8164924521678489e-01  2.9036516135321329e-04
+3.8193959154161028e-01  2.9032748352220719e-04
+3.8222990017427860e-01  2.9028977703959391e-04
+3.8252017108614023e-01  2.9025204190964872e-04
+3.8281040424854962e-01  2.9021427813576091e-04
+3.8310059963286480e-01  2.9017648572163111e-04
+3.8339075721044735e-01  2.9013866467118274e-04
+3.8368087695266284e-01  2.9010081498800612e-04
+3.8397095883088028e-01  2.9006293667613732e-04
+3.8426100281647291e-01  2.9002502973884899e-04
+3.8455100888081706e-01  2.8998709418008399e-04
+3.8484097699529346e-01  2.8994913000362729e-04
+3.8513090713128606e-01  2.8991113721312965e-04
+3.8542079926018280e-01  2.8987311581249995e-04
+3.8571065335337540e-01  2.8983506580533824e-04
+3.8600046938225907e-01  2.8979698719566429e-04
+3.8629024731823325e-01  2.8975887998686814e-04
+3.8657998713270070e-01  2.8972074418292989e-04
+3.8686968879706818e-01  2.8968257978751621e-04
+3.8715935228274623e-01  2.8964438680434662e-04
+3.8744897756114877e-01  2.8960616523736018e-04
+3.8773856460369399e-01  2.8956791509035751e-04
+3.8802811338180365e-01  2.8952963636683532e-04
+3.8831762386690316e-01  2.8949132907080767e-04
+3.8860709603042221e-01  2.8945299320593941e-04
+3.8889652984379341e-01  2.8941462877618833e-04
+3.8918592527845386e-01  2.8937623578516677e-04
+3.8947528230584438e-01  2.8933781423665854e-04
+3.8976460089740922e-01  2.8929936413454762e-04
+3.9005388102459659e-01  2.8926088548272800e-04
+3.9034312265885884e-01  2.8922237828455055e-04
+3.9063232577165152e-01  2.8918384254435350e-04
+3.9092149033443457e-01  2.8914527826555148e-04
+3.9121061631867105e-01  2.8910668545234096e-04
+3.9149970369582854e-01  2.8906806410815402e-04
+3.9178875243737799e-01  2.8902941423693094e-04
+3.9207776251479443e-01  2.8899073584247938e-04
+3.9236673389955634e-01  2.8895202892877103e-04
+3.9265566656314632e-01  2.8891329349924272e-04
+3.9294456047705084e-01  2.8887452955819965e-04
+3.9323341561275987e-01  2.8883573710912995e-04
+3.9352223194176761e-01  2.8879691615602888e-04
+3.9381100943557157e-01  2.8875806670270718e-04
+3.9409974806567372e-01  2.8871918875286983e-04
+3.9438844780357946e-01  2.8868028231039103e-04
+3.9467710862079802e-01  2.8864134737916370e-04
+3.9496573048884276e-01  2.8860238396301665e-04
+3.9525431337923045e-01  2.8856339206595493e-04
+3.9554285726348198e-01  2.8852437169162877e-04
+3.9583136211312225e-01  2.8848532284394716e-04
+3.9611982789967970e-01  2.8844624552677164e-04
+3.9640825459468670e-01  2.8840713974369672e-04
+3.9669664216967970e-01  2.8836800549905938e-04
+3.9698499059619863e-01  2.8832884279637861e-04
+3.9727329984578752e-01  2.8828965163975225e-04
+3.9756156988999442e-01  2.8825043203282161e-04
+3.9784980070037079e-01  2.8821118397957449e-04
+3.9813799224847252e-01  2.8817190748383530e-04
+3.9842614450585884e-01  2.8813260254940374e-04
+3.9871425744409311e-01  2.8809326918062642e-04
+3.9900233103474270e-01  2.8805390738090308e-04
+3.9929036524937889e-01  2.8801451715395997e-04
+3.9957836005957620e-01  2.8797509850442949e-04
+3.9986631543691403e-01  2.8793565143520543e-04
+4.0015423135297484e-01  2.8789617595101358e-04
+4.0044210777934552e-01  2.8785667205530319e-04
+4.0072994468761647e-01  2.8781713975230445e-04
+4.0101774204938218e-01  2.8777757904580340e-04
+4.0130549983624114e-01  2.8773798993947212e-04
+4.0159321801979553e-01  2.8769837243739166e-04
+4.0188089657165171e-01  2.8765872654336154e-04
+4.0216853546341952e-01  2.8761905226169044e-04
+4.0245613466671315e-01  2.8757934959572004e-04
+4.0274369415315070e-01  2.8753961854961893e-04
+4.0303121389435359e-01  2.8749985912760058e-04
+4.0331869386194807e-01  2.8746007133314898e-04
+4.0360613402756340e-01  2.8742025517036491e-04
+4.0389353436283354e-01  2.8738041064308838e-04
+4.0418089483939590e-01  2.8734053775554145e-04
+4.0446821542889205e-01  2.8730063651124464e-04
+4.0475549610296746e-01  2.8726070691432093e-04
+4.0504273683327130e-01  2.8722074896904334e-04
+4.0532993759145702e-01  2.8718076267886624e-04
+4.0561709834918180e-01  2.8714074804791844e-04
+4.0590421907810698e-01  2.8710070508005428e-04
+4.0619129974989754e-01  2.8706063377958676e-04
+4.0647834033622277e-01  2.8702053415008519e-04
+4.0676534080875565e-01  2.8698040619536868e-04
+4.0705230113917312e-01  2.8694024991999449e-04
+4.0733922129915634e-01  2.8690006532728729e-04
+4.0762610126039006e-01  2.8685985242187645e-04
+4.0791294099456332e-01  2.8681961120716095e-04
+4.0819974047336893e-01  2.8677934168713087e-04
+4.0848649966850381e-01  2.8673904386631942e-04
+4.0877321855166882e-01  2.8669871774809831e-04
+4.0905989709456869e-01  2.8665836333671203e-04
+4.0934653526891218e-01  2.8661798063620768e-04
+4.0963313304641225e-01  2.8657756965029811e-04
+4.0991969039878551e-01  2.8653713038317470e-04
+4.1020620729775270e-01  2.8649666283892970e-04
+4.1049268371503866e-01  2.8645616702119411e-04
+4.1077911962237201e-01  2.8641564293436139e-04
+4.1106551499148558e-01  2.8637509058229894e-04
+4.1135186979411598e-01  2.8633450996888148e-04
+4.1163818400200403e-01  2.8629390109845499e-04
+4.1192445758689467e-01  2.8625326397452462e-04
+4.1221069052053638e-01  2.8621259860139251e-04
+4.1249688277468199e-01  2.8617190498302075e-04
+4.1278303432108837e-01  2.8613118312351647e-04
+4.1306914513151632e-01  2.8609043302665118e-04
+4.1335521517773044e-01  2.8604965469677669e-04
+4.1364124443149974e-01  2.8600884813789670e-04
+4.1392723286459726e-01  2.8596801335341407e-04
+4.1421318044879962e-01  2.8592715034819971e-04
+4.1449908715588779e-01  2.8588625912593160e-04
+4.1478495295764684e-01  2.8584533969056952e-04
+4.1507077782586577e-01  2.8580439204613185e-04
+4.1535656173233743e-01  2.8576341619702462e-04
+4.1564230464885910e-01  2.8572241214673826e-04
+4.1592800654723183e-01  2.8568137989976169e-04
+4.1621366739926069e-01  2.8564031945998536e-04
+4.1649928717675522e-01  2.8559923083123953e-04
+4.1678486585152835e-01  2.8555811401805660e-04
+4.1707040339539753e-01  2.8551696902419794e-04
+4.1735589978018417e-01  2.8547579585375387e-04
+4.1764135497771371e-01  2.8543459451066194e-04
+4.1792676895981573e-01  2.8539336499920642e-04
+4.1821214169832377e-01  2.8535210732337545e-04
+4.1849747316507557e-01  2.8531082148718144e-04
+4.1878276333191267e-01  2.8526950749485370e-04
+4.1906801217068090e-01  2.8522816535045783e-04
+4.1935321965323041e-01  2.8518679505772510e-04
+4.1963838575141488e-01  2.8514539662106520e-04
+4.1992351043709242e-01  2.8510397004470313e-04
+4.2020859368212526e-01  2.8506251533226464e-04
+4.2049363545837959e-01  2.8502103248832539e-04
+4.2077863573772567e-01  2.8497952151655058e-04
+4.2106359449203801e-01  2.8493798242122486e-04
+4.2134851169319493e-01  2.8489641520664622e-04
+4.2163338731307920e-01  2.8485481987651815e-04
+4.2191822132357770e-01  2.8481319643519707e-04
+4.2220301369658075e-01  2.8477154488695306e-04
+4.2248776440398372e-01  2.8472986523566854e-04
+4.2277247341768553e-01  2.8468815748521905e-04
+4.2305714070958939e-01  2.8464642164030562e-04
+4.2334176625160236e-01  2.8460465770460306e-04
+4.2362635001563609e-01  2.8456286568227828e-04
+4.2391089197360593e-01  2.8452104557762564e-04
+4.2419539209743173e-01  2.8447919739445318e-04
+4.2447985035903701e-01  2.8443732113727374e-04
+4.2476426673034962e-01  2.8439541681038601e-04
+4.2504864118330188e-01  2.8435348441723933e-04
+4.2533297368982986e-01  2.8431152396228668e-04
+4.2561726422187385e-01  2.8426953544990867e-04
+4.2590151275137833e-01  2.8422751888391686e-04
+4.2618571925029181e-01  2.8418547426870233e-04
+4.2646988369056704e-01  2.8414340160837811e-04
+4.2675400604416114e-01  2.8410130090680754e-04
+4.2703808628303497e-01  2.8405917216841096e-04
+4.2732212437915368e-01  2.8401701539735599e-04
+4.2760612030448675e-01  2.8397483059786836e-04
+4.2789007403100776e-01  2.8393261777387717e-04
+4.2817398553069419e-01  2.8389037692979464e-04
+4.2845785477552822e-01  2.8384810806929224e-04
+4.2874168173749549e-01  2.8380581119739120e-04
+4.2902546638858657e-01  2.8376348631729950e-04
+4.2930920870079570e-01  2.8372113343389768e-04
+4.2959290864612121e-01  2.8367875255135179e-04
+4.2987656619656622e-01  2.8363634367337695e-04
+4.3016018132413741e-01  2.8359390680459480e-04
+4.3044375400084600e-01  2.8355144194870538e-04
+4.3072728419870721e-01  2.8350894911051134e-04
+4.3101077188974057e-01  2.8346642829378717e-04
+4.3129421704596971e-01  2.8342387950292707e-04
+4.3157761963942265e-01  2.8338130274198868e-04
+4.3186097964213133e-01  2.8333869801514081e-04
+4.3214429702613216e-01  2.8329606532664280e-04
+4.3242757176346536e-01  2.8325340468105095e-04
+4.3271080382617599e-01  2.8321071608191023e-04
+4.3299399318631271e-01  2.8316799953411408e-04
+4.3327713981592886e-01  2.8312525504117179e-04
+4.3356024368708157e-01  2.8308248260798091e-04
+4.3384330477183253e-01  2.8303968223831788e-04
+4.3412632304224746e-01  2.8299685393648705e-04
+4.3440929847039628e-01  2.8295399770722252e-04
+4.3469223102835342e-01  2.8291111355391383e-04
+4.3497512068819733e-01  2.8286820148119450e-04
+4.3525796742201051e-01  2.8282526149348431e-04
+4.3554077120188012e-01  2.8278229359462109e-04
+4.3582353199989726e-01  2.8273929778930434e-04
+4.3610624978815737e-01  2.8269627408123018e-04
+4.3638892453876010e-01  2.8265322247501232e-04
+4.3667155622380927e-01  2.8261014297494442e-04
+4.3695414481541311e-01  2.8256703558515283e-04
+4.3723669028568413e-01  2.8252390030977928e-04
+4.3751919260673877e-01  2.8248073715340439e-04
+4.3780165175069824e-01  2.8243754611995164e-04
+4.3808406768968744e-01  2.8239432721377387e-04
+4.3836644039583611e-01  2.8235108043929435e-04
+4.3864876984127771e-01  2.8230780580049857e-04
+4.3893105599815035e-01  2.8226450330213983e-04
+4.3921329883859639e-01  2.8222117294776042e-04
+4.3949549833476209e-01  2.8217781474237577e-04
+4.3977765445879846e-01  2.8213442868971103e-04
+4.4005976718286066e-01  2.8209101479454807e-04
+4.4034183647910780e-01  2.8204757306072545e-04
+4.4062386231970380e-01  2.8200410349271096e-04
+4.4090584467681648e-01  2.8196060609499574e-04
+4.4118778352261812e-01  2.8191708087140643e-04
+4.4146967882928523e-01  2.8187352782659182e-04
+4.4175153056899863e-01  2.8182994696470504e-04
+4.4203333871394357e-01  2.8178633829011328e-04
+4.4231510323630929e-01  2.8174270180699731e-04
+4.4259682410828960e-01  2.8169903752015452e-04
+4.4287850130208262e-01  2.8165534543342602e-04
+4.4316013478989058e-01  2.8161162555096554e-04
+4.4344172454392028e-01  2.8156787787750109e-04
+4.4372327053638272e-01  2.8152410241689285e-04
+4.4400477273949307e-01  2.8148029917383460e-04
+4.4428623112547100e-01  2.8143646815275412e-04
+4.4456764566654050e-01  2.8139260935756369e-04
+4.4484901633492979e-01  2.8134872279302211e-04
+4.4513034310287147e-01  2.8130480846322325e-04
+4.4541162594260253e-01  2.8126086637249672e-04
+4.4569286482636417e-01  2.8121689652521207e-04
+4.4597405972640214e-01  2.8117289892572650e-04
+4.4625521061496620e-01  2.8112887357843605e-04
+4.4653631746431077e-01  2.8108482048758247e-04
+4.4681738024669460e-01  2.8104073965735227e-04
+4.4709839893438041e-01  2.8099663109247200e-04
+4.4737937349963569e-01  2.8095249479710867e-04
+4.4766030391473222e-01  2.8090833077547620e-04
+4.4794119015194594e-01  2.8086413903214823e-04
+4.4822203218355716e-01  2.8081991957154296e-04
+4.4850282998185087e-01  2.8077567239765159e-04
+4.4878358351911607e-01  2.8073139751521957e-04
+4.4906429276764637e-01  2.8068709492839284e-04
+4.4934495769973953e-01  2.8064276464179557e-04
+4.4962557828769778e-01  2.8059840665941053e-04
+4.4990615450382793e-01  2.8055402098621718e-04
+4.5018668632044095e-01  2.8050960762583769e-04
+4.5046717370985201e-01  2.8046516658319763e-04
+4.5074761664438112e-01  2.8042069786246175e-04
+4.5102801509635226e-01  2.8037620146823021e-04
+4.5130836903809424e-01  2.8033167740440306e-04
+4.5158867844193962e-01  2.8028712567622393e-04
+4.5186894328022609e-01  2.8024254628726525e-04
+4.5214916352529522e-01  2.8019793924229607e-04
+4.5242933914949313e-01  2.8015330454572669e-04
+4.5270947012517049e-01  2.8010864220192900e-04
+4.5298955642468219e-01  2.8006395221496697e-04
+4.5326959802038741e-01  2.8001923458988707e-04
+4.5354959488465008e-01  2.7997448933075425e-04
+4.5382954698983846e-01  2.7992971644165649e-04
+4.5410945430832494e-01  2.7988491592780256e-04
+4.5438931681248673e-01  2.7984008779287665e-04
+4.5466913447470514e-01  2.7979523204185399e-04
+4.5494890726736614e-01  2.7975034867870705e-04
+4.5522863516285988e-01  2.7970543770822030e-04
+4.5550831813358117e-01  2.7966049913449837e-04
+4.5578795615192924e-01  2.7961553296236775e-04
+4.5606754919030762e-01  2.7957053919596124e-04
+4.5634709722112426e-01  2.7952551783973288e-04
+4.5662660021679180e-01  2.7948046889814728e-04
+4.5690605814972690e-01  2.7943539237604926e-04
+4.5718547099235118e-01  2.7939028827713509e-04
+4.5746483871709043e-01  2.7934515660643655e-04
+4.5774416129637469e-01  2.7929999736849530e-04
+4.5802343870263895e-01  2.7925481056714096e-04
+4.5830267090832233e-01  2.7920959620715297e-04
+4.5858185788586847e-01  2.7916435429313827e-04
+4.5886099960772531e-01  2.7911908482959326e-04
+4.5914009604634565e-01  2.7907378782067270e-04
+4.5941914717418636e-01  2.7902846327104524e-04
+4.5969815296370908e-01  2.7898311118524808e-04
+4.5997711338737962e-01  2.7893773156778187e-04
+4.6025602841766866e-01  2.7889232442293322e-04
+4.6053489802705094e-01  2.7884688975525100e-04
+4.6081372218800620e-01  2.7880142756899054e-04
+4.6109250087301779e-01  2.7875593786944703e-04
+4.6137123405457470e-01  2.7871042066022957e-04
+4.6164992170516961e-01  2.7866487594589435e-04
+4.6192856379729963e-01  2.7861930373167883e-04
+4.6220716030346709e-01  2.7857370402113718e-04
+4.6248571119617810e-01  2.7852807681948854e-04
+4.6276421644794363e-01  2.7848242213098146e-04
+4.6304267603127891e-01  2.7843673995993313e-04
+4.6332108991870402e-01  2.7839103031107392e-04
+4.6359945808274328e-01  2.7834529318905880e-04
+4.6387778049592548e-01  2.7829952859801424e-04
+4.6415605713078428e-01  2.7825373654256393e-04
+4.6443428795985747e-01  2.7820791702748356e-04
+4.6471247295568752e-01  2.7816207005727046e-04
+4.6499061209082154e-01  2.7811619563604547e-04
+4.6526870533781090e-01  2.7807029376879412e-04
+4.6554675266921164e-01  2.7802436445974231e-04
+4.6582475405758439e-01  2.7797840771361207e-04
+4.6610270947549437e-01  2.7793242353466063e-04
+4.6638061889551097e-01  2.7788641192793819e-04
+4.6665848229020856e-01  2.7784037289738415e-04
+4.6693629963216582e-01  2.7779430644801610e-04
+4.6721407089396599e-01  2.7774821258393594e-04
+4.6749179604819691e-01  2.7770209131023932e-04
+4.6776947506745103e-01  2.7765594263092392e-04
+4.6804710792432508e-01  2.7760976655091070e-04
+4.6832469459142068e-01  2.7756356307476459e-04
+4.6860223504134380e-01  2.7751733220688431e-04
+4.6887972924670507e-01  2.7747107395176176e-04
+4.6915717718011973e-01  2.7742478831409848e-04
+4.6943457881420736e-01  2.7737847529845619e-04
+4.6971193412159218e-01  2.7733213490969711e-04
+4.6998924307490331e-01  2.7728576715168929e-04
+4.7026650564677402e-01  2.7723937202947177e-04
+4.7054372180984239e-01  2.7719294954782210e-04
+4.7082089153675089e-01  2.7714649971086403e-04
+4.7109801480014696e-01  2.7710002252348103e-04
+4.7137509157268215e-01  2.7705351798990122e-04
+4.7165212182701288e-01  2.7700698611541670e-04
+4.7192910553580009e-01  2.7696042690363514e-04
+4.7220604267170935e-01  2.7691384036008322e-04
+4.7248293320741069e-01  2.7686722648870277e-04
+4.7275977711557893e-01  2.7682058529462217e-04
+4.7303657436889351e-01  2.7677391678185834e-04
+4.7331332494003808e-01  2.7672722095563573e-04
+4.7359002880170142e-01  2.7668049782031824e-04
+4.7386668592657666e-01  2.7663374738011258e-04
+4.7414329628736140e-01  2.7658696964017073e-04
+4.7441985985675822e-01  2.7654016460489821e-04
+4.7469637660747399e-01  2.7649333227900997e-04
+4.7497284651222049e-01  2.7644647266687858e-04
+4.7524926954371371e-01  2.7639958577343999e-04
+4.7552564567467481e-01  2.7635267160314061e-04
+4.7580197487782910e-01  2.7630573016070828e-04
+4.7607825712590668e-01  2.7625876145075183e-04
+4.7635449239164251e-01  2.7621176547755228e-04
+4.7663068064777570e-01  2.7616474224635836e-04
+4.7690682186705047e-01  2.7611769176165174e-04
+4.7718291602221558e-01  2.7607061402758302e-04
+4.7745896308602409e-01  2.7602350904942243e-04
+4.7773496303123442e-01  2.7597637683137208e-04
+4.7801091583060862e-01  2.7592921737863924e-04
+4.7828682145691431e-01  2.7588203069521121e-04
+4.7856267988292339e-01  2.7583481678598317e-04
+4.7883849108141252e-01  2.7578757565568257e-04
+4.7911425502516258e-01  2.7574030730929933e-04
+4.7938997168695996e-01  2.7569301175080826e-04
+4.7966564103959503e-01  2.7564568898531025e-04
+4.7994126305586293e-01  2.7559833901733569e-04
+4.8021683770856366e-01  2.7555096185166500e-04
+4.8049236497050196e-01  2.7550355749287540e-04
+4.8076784481448676e-01  2.7545612594595206e-04
+4.8104327721333229e-01  2.7540866721527672e-04
+4.8131866213985708e-01  2.7536118130541275e-04
+4.8159399956688459e-01  2.7531366822119594e-04
+4.8186928946724267e-01  2.7526612796718500e-04
+4.8214453181376393e-01  2.7521856054849231e-04
+4.8241972657928589e-01  2.7517096596959786e-04
+4.8269487373665071e-01  2.7512334423468861e-04
+4.8296997325870505e-01  2.7507569534940041e-04
+4.8324502511830025e-01  2.7502801931775510e-04
+4.8352002928829285e-01  2.7498031614449836e-04
+4.8379498574154356e-01  2.7493258583447281e-04
+4.8406989445091780e-01  2.7488482839256541e-04
+4.8434475538928617e-01  2.7483704382322288e-04
+4.8461956852952348e-01  2.7478923213161265e-04
+4.8489433384450964e-01  2.7474139332178948e-04
+4.8516905130712895e-01  2.7469352739882633e-04
+4.8544372089027077e-01  2.7464563436745446e-04
+4.8571834256682889e-01  2.7459771423222215e-04
+4.8599291630970193e-01  2.7454976699825740e-04
+4.8626744209179340e-01  2.7450179266947478e-04
+4.8654191988601125e-01  2.7445379125174264e-04
+4.8681634966526843e-01  2.7440576274892660e-04
+4.8709073140248238e-01  2.7435770716618962e-04
+4.8736506507057553e-01  2.7430962450788169e-04
+4.8763935064247488e-01  2.7426151477935264e-04
+4.8791358809111218e-01  2.7421337798512523e-04
+4.8818777738942432e-01  2.7416521412930098e-04
+4.8846191851035226e-01  2.7411702321731337e-04
+4.8873601142684198e-01  2.7406880525406686e-04
+4.8901005611184445e-01  2.7402056024405377e-04
+4.8928405253831553e-01  2.7397228819155595e-04
+4.8955800067921518e-01  2.7392398910219048e-04
+4.8983190050750858e-01  2.7387566298000014e-04
+4.9010575199616568e-01  2.7382730983030912e-04
+4.9037955511816111e-01  2.7377892965743607e-04
+4.9065330984647426e-01  2.7373052246648725e-04
+4.9092701615408940e-01  2.7368208826200841e-04
+4.9120067401399536e-01  2.7363362704902855e-04
+4.9147428339918597e-01  2.7358513883209341e-04
+4.9174784428265972e-01  2.7353662361637946e-04
+4.9202135663742008e-01  2.7348808140609194e-04
+4.9229482043647516e-01  2.7343951220615829e-04
+4.9256823565283758e-01  2.7339091602183378e-04
+4.9284160225952534e-01  2.7334229285751654e-04
+4.9311492022956066e-01  2.7329364271826595e-04
+4.9338818953597119e-01  2.7324496560817324e-04
+4.9366141015178872e-01  2.7319626153308422e-04
+4.9393458205005025e-01  2.7314753049720699e-04
+4.9420770520379753e-01  2.7309877250551690e-04
+4.9448077958607711e-01  2.7304998756245584e-04
+4.9475380516994016e-01  2.7300117567333827e-04
+4.9502678192844296e-01  2.7295233684274356e-04
+4.9529970983464666e-01  2.7290347107535712e-04
+4.9557258886161670e-01  2.7285457837643919e-04
+4.9584541898242385e-01  2.7280565875053984e-04
+4.9611820017014352e-01  2.7275671220221200e-04
+4.9639093239785592e-01  2.7270773873701320e-04
+4.9666361563864636e-01  2.7265873835919128e-04
+4.9693624986560458e-01  2.7260971107352086e-04
+4.9720883505182539e-01  2.7256065688498925e-04
+4.9748137117040847e-01  2.7251157579891074e-04
+4.9775385819445828e-01  2.7246246781911982e-04
+4.9802629609708399e-01  2.7241333295136352e-04
+4.9829868485139983e-01  2.7236417120036485e-04
+4.9857102443052465e-01  2.7231498257064156e-04
+4.9884331480758259e-01  2.7226576706709257e-04
+4.9911555595570217e-01  2.7221652469474391e-04
+4.9938774784801709e-01  2.7216725545819173e-04
+4.9965989045766557e-01  2.7211795936277628e-04
+4.9993198375779091e-01  2.7206863641301797e-04
+5.0020402772154138e-01  2.7201928661378693e-04
+5.0047602232207011e-01  2.7196990996973828e-04
+5.0074796753253470e-01  2.7192050648671762e-04
+5.0101986332609827e-01  2.7187107616822502e-04
+5.0129170967592795e-01  2.7182161902027536e-04
+5.0156350655519677e-01  2.7177213504695608e-04
+5.0183525393708184e-01  2.7172262425385695e-04
+5.0210695179476561e-01  2.7167308664529012e-04
+5.0237860010143531e-01  2.7162352222603740e-04
+5.0265019883028272e-01  2.7157393100162925e-04
+5.0292174795450506e-01  2.7152431297668953e-04
+5.0319324744730398e-01  2.7147466815617493e-04
+5.0346469728188659e-01  2.7142499654454766e-04
+5.0373609743146419e-01  2.7137529814713054e-04
+5.0400744786925356e-01  2.7132557296856083e-04
+5.0427874856847588e-01  2.7127582101423709e-04
+5.0454999950235790e-01  2.7122604228836401e-04
+5.0482120064413061e-01  2.7117623679664846e-04
+5.0509235196703028e-01  2.7112640454319322e-04
+5.0536345344429801e-01  2.7107654553351808e-04
+5.0563450504917995e-01  2.7102665977237221e-04
+5.0590550675492696e-01  2.7097674726457284e-04
+5.0617645853479498e-01  2.7092680801501471e-04
+5.0644736036204474e-01  2.7087684202889916e-04
+5.0671821220994195e-01  2.7082684931097365e-04
+5.0698901405175723e-01  2.7077682986617765e-04
+5.0725976586076649e-01  2.7072678369956628e-04
+5.0753046761025000e-01  2.7067671081546082e-04
+5.0780111927349325e-01  2.7062661121972500e-04
+5.0807172082378682e-01  2.7057648491700344e-04
+5.0834227223442596e-01  2.7052633191161846e-04
+5.0861277347871092e-01  2.7047615220939994e-04
+5.0888322452994705e-01  2.7042594581490743e-04
+5.0915362536144460e-01  2.7037571273307026e-04
+5.0942397594651878e-01  2.7032545296884014e-04
+5.0969427625848951e-01  2.7027516652731852e-04
+5.0996452627068223e-01  2.7022485341320768e-04
+5.1023472595642660e-01  2.7017451363181740e-04
+5.1050487528905797e-01  2.7012414718783836e-04
+5.1077497424191609e-01  2.7007375408645285e-04
+5.1104502278834629e-01  2.7002333433209444e-04
+5.1131502090169811e-01  2.6997288793099842e-04
+5.1158496855532665e-01  2.6992241488667360e-04
+5.1185486572259187e-01  2.6987191520480466e-04
+5.1212471237685864e-01  2.6982138889029156e-04
+5.1239450849149659e-01  2.6977083594834225e-04
+5.1266425403988070e-01  2.6972025638364585e-04
+5.1293394899539102e-01  2.6966965020129065e-04
+5.1320359333141230e-01  2.6961901740612908e-04
+5.1347318702133404e-01  2.6956835800378068e-04
+5.1374273003855153e-01  2.6951767199808542e-04
+5.1401222235646427e-01  2.6946695939497389e-04
+5.1428166394847730e-01  2.6941622019946356e-04
+5.1455105478800034e-01  2.6936545441616234e-04
+5.1482039484844833e-01  2.6931466205003094e-04
+5.1508968410324107e-01  2.6926384310648155e-04
+5.1535892252580351e-01  2.6921299759032302e-04
+5.1562811008956522e-01  2.6916212550651716e-04
+5.1589724676796167e-01  2.6911122685996988e-04
+5.1616633253443245e-01  2.6906030165572812e-04
+5.1643536736242246e-01  2.6900934989934085e-04
+5.1670435122538172e-01  2.6895837159543972e-04
+5.1697328409676546e-01  2.6890736674885452e-04
+5.1724216595003347e-01  2.6885633536458863e-04
+5.1751099675865087e-01  2.6880527744854341e-04
+5.1777977649608786e-01  2.6875419300482827e-04
+5.1804850513581957e-01  2.6870308203867774e-04
+5.1831718265132620e-01  2.6865194455544250e-04
+5.1858580901609297e-01  2.6860078055978778e-04
+5.1885438420361019e-01  2.6854959005714695e-04
+5.1912290818737317e-01  2.6849837305231673e-04
+5.1939138094088233e-01  2.6844712955039732e-04
+5.1965980243764309e-01  2.6839585955631945e-04
+5.1992817265116609e-01  2.6834456307563089e-04
+5.2019649155496661e-01  2.6829324011286575e-04
+5.2046475912256573e-01  2.6824189067310375e-04
+5.2073297532748875e-01  2.6819051476176351e-04
+5.2100114014326682e-01  2.6813911238337488e-04
+5.2126925354343523e-01  2.6808768354364218e-04
+5.2153731550153526e-01  2.6803622824779570e-04
+5.2180532599111296e-01  2.6798474649985648e-04
+5.2207328498571925e-01  2.6793323830557946e-04
+5.2234119245891031e-01  2.6788170367015093e-04
+5.2260904838424738e-01  2.6783014259851426e-04
+5.2287685273529683e-01  2.6777855509576865e-04
+5.2314460548562991e-01  2.6772694116700753e-04
+5.2341230660882343e-01  2.6767530081728182e-04
+5.2367995607845874e-01  2.6762363405151489e-04
+5.2394755386812242e-01  2.6757194087526792e-04
+5.2421509995140680e-01  2.6752022129300414e-04
+5.2448259430190824e-01  2.6746847531069253e-04
+5.2475003689322897e-01  2.6741670293247891e-04
+5.2501742769897608e-01  2.6736490416411654e-04
+5.2528476669276181e-01  2.6731307901051746e-04
+5.2555205384820347e-01  2.6726122747680310e-04
+5.2581928913892351e-01  2.6720934956836961e-04
+5.2608647253854968e-01  2.6715744528939419e-04
+5.2635360402071418e-01  2.6710551464630768e-04
+5.2662068355905534e-01  2.6705355764325596e-04
+5.2688771112721589e-01  2.6700157428595847e-04
+5.2715468669884391e-01  2.6694956457921134e-04
+5.2742161024759260e-01  2.6689752852828233e-04
+5.2768848174712035e-01  2.6684546613816120e-04
+5.2795530117109057e-01  2.6679337741403484e-04
+5.2822206849317199e-01  2.6674126236113285e-04
+5.2848878368703822e-01  2.6668912098455074e-04
+5.2875544672636821e-01  2.6663695328943404e-04
+5.2902205758484588e-01  2.6658475928116577e-04
+5.2928861623616075e-01  2.6653253896429137e-04
+5.2955512265400684e-01  2.6648029234468745e-04
+5.2982157681208375e-01  2.6642801942676925e-04
+5.3008797868409618e-01  2.6637572021659687e-04
+5.3035432824375406e-01  2.6632339471848436e-04
+5.3062062546477207e-01  2.6627104293805280e-04
+5.3088687032087067e-01  2.6621866488017070e-04
+5.3115306278577501e-01  2.6616626055024433e-04
+5.3141920283321564e-01  2.6611382995340738e-04
+5.3168529043692803e-01  2.6606137309500460e-04
+5.3195132557065317e-01  2.6600888997987477e-04
+5.3221730820813706e-01  2.6595638061354396e-04
+5.3248323832313094e-01  2.6590384500059711e-04
+5.3274911588939111e-01  2.6585128314696502e-04
+5.3301494088067924e-01  2.6579869505719792e-04
+5.3328071327076199e-01  2.6574608073692238e-04
+5.3354643303341109e-01  2.6569344019122603e-04
+5.3381210014240410e-01  2.6564077342496994e-04
+5.3407771457152320e-01  2.6558808044394841e-04
+5.3434327629455558e-01  2.6553536125325573e-04
+5.3460878528529432e-01  2.6548261585762612e-04
+5.3487424151753737e-01  2.6542984426244627e-04
+5.3513964496508770e-01  2.6537704647328563e-04
+5.3540499560175370e-01  2.6532422249481825e-04
+5.3567029340134908e-01  2.6527137233259290e-04
+5.3593553833769247e-01  2.6521849599171602e-04
+5.3620073038460792e-01  2.6516559347738766e-04
+5.3646586951592434e-01  2.6511266479529755e-04
+5.3673095570547669e-01  2.6505970994987970e-04
+5.3699598892710443e-01  2.6500672894683625e-04
+5.3726096915465238e-01  2.6495372179096121e-04
+5.3752589636197046e-01  2.6490068848824920e-04
+5.3779077052291435e-01  2.6484762904333025e-04
+5.3805559161134464e-01  2.6479454346135366e-04
+5.3832035960112679e-01  2.6474143174839813e-04
+5.3858507446613224e-01  2.6468829390866624e-04
+5.3884973618023713e-01  2.6463512994800813e-04
+5.3911434471732289e-01  2.6458193987164336e-04
+5.3937890005127642e-01  2.6452872368474113e-04
+5.3964340215598994e-01  2.6447548139211423e-04
+5.3990785100536054e-01  2.6442221299984242e-04
+5.4017224657329077e-01  2.6436891851243165e-04
+5.4043658883368861e-01  2.6431559793547017e-04
+5.4070087776046694e-01  2.6426225127418139e-04
+5.4096511332754416e-01  2.6420887853435213e-04
+5.4122929550884402e-01  2.6415547972026993e-04
+5.4149342427829517e-01  2.6410205483791904e-04
+5.4175749960983188e-01  2.6404860389237064e-04
+5.4202152147739358e-01  2.6399512688858758e-04
+5.4228548985492497e-01  2.6394162383223632e-04
+5.4254940471637569e-01  2.6388809472884005e-04
+5.4281326603570146e-01  2.6383453958308102e-04
+5.4307707378686265e-01  2.6378095840044031e-04
+5.4334082794382499e-01  2.6372735118618604e-04
+5.4360452848055973e-01  2.6367371794620885e-04
+5.4386817537104304e-01  2.6362005868484366e-04
+5.4413176858925705e-01  2.6356637340771622e-04
+5.4439530810918835e-01  2.6351266212039923e-04
+5.4465879390482930e-01  2.6345892482814858e-04
+5.4492222595017770e-01  2.6340516153575274e-04
+5.4518560421923623e-01  2.6335137224929789e-04
+5.4544892868601313e-01  2.6329755697345234e-04
+5.4571219932452197e-01  2.6324371571400366e-04
+5.4597541610878164e-01  2.6318984847624363e-04
+5.4623857901281625e-01  2.6313595526486207e-04
+5.4650168801065513e-01  2.6308203608555825e-04
+5.4676474307633316e-01  2.6302809094402700e-04
+5.4702774418389044e-01  2.6297411984513048e-04
+5.4729069130737240e-01  2.6292012279419271e-04
+5.4755358442082969e-01  2.6286609979699695e-04
+5.4781642349831872e-01  2.6281205085818655e-04
+5.4807920851390057e-01  2.6275797598354075e-04
+5.4834193944164211e-01  2.6270387517842337e-04
+5.4860461625561541e-01  2.6264974844776091e-04
+5.4886723892989786e-01  2.6259559579762572e-04
+5.4912980743857220e-01  2.6254141723287225e-04
+5.4939232175572683e-01  2.6248721275874286e-04
+5.4965478185545491e-01  2.6243298238085152e-04
+5.4991718771185538e-01  2.6237872610464593e-04
+5.5017953929903229e-01  2.6232444393492542e-04
+5.5044183659109547e-01  2.6227013587747387e-04
+5.5070407956215950e-01  2.6221580193755141e-04
+5.5096626818634475e-01  2.6216144212050027e-04
+5.5122840243777671e-01  2.6210705643219131e-04
+5.5149048229058661e-01  2.6205264487740520e-04
+5.5175250771891060e-01  2.6199820746126897e-04
+5.5201447869689035e-01  2.6194374418967602e-04
+5.5227639519867311e-01  2.6188925506791288e-04
+5.5253825719841110e-01  2.6183474010127222e-04
+5.5280006467026244e-01  2.6178019929523112e-04
+5.5306181758839013e-01  2.6172563265520007e-04
+5.5332351592696294e-01  2.6167104018654197e-04
+5.5358515966015476e-01  2.6161642189407328e-04
+5.5384674876214501e-01  2.6156177778411207e-04
+5.5410828320711847e-01  2.6150710786149986e-04
+5.5436976296926532e-01  2.6145241213155871e-04
+5.5463118802278100e-01  2.6139769060022232e-04
+5.5489255834186668e-01  2.6134294327239993e-04
+5.5515387390072846e-01  2.6128817015374589e-04
+5.5541513467357850e-01  2.6123337124926347e-04
+5.5567634063463356e-01  2.6117854656504185e-04
+5.5593749175811646e-01  2.6112369610559541e-04
+5.5619858801825495e-01  2.6106881987749081e-04
+5.5645962938928295e-01  2.6101391788513302e-04
+5.5672061584543875e-01  2.6095899013416220e-04
+5.5698154736096694e-01  2.6090403663018679e-04
+5.5724242391011680e-01  2.6084905737888719e-04
+5.5750324546714380e-01  2.6079405238498910e-04
+5.5776401200630832e-01  2.6073902165505574e-04
+5.5802472350187626e-01  2.6068396519317462e-04
+5.5828537992811911e-01  2.6062888300552297e-04
+5.5854598125931365e-01  2.6057377509733929e-04
+5.5880652746974202e-01  2.6051864147432375e-04
+5.5906701853369212e-01  2.6046348214147139e-04
+5.5932745442545673e-01  2.6040829710484513e-04
+5.5958783511933496e-01  2.6035308636899329e-04
+5.5984816058963038e-01  2.6029784994059115e-04
+5.6010843081065276e-01  2.6024258782364826e-04
+5.6036864575671674e-01  2.6018730002488433e-04
+5.6062880540214288e-01  2.6013198654859914e-04
+5.6088890972125705e-01  2.6007664740147670e-04
+5.6114895868839043e-01  2.6002128258826917e-04
+5.6140895227787990e-01  2.5996589211455868e-04
+5.6166889046406743e-01  2.5991047598588897e-04
+5.6192877322130119e-01  2.5985503420740890e-04
+5.6218860052393405e-01  2.5979956678478372e-04
+5.6244837234632450e-01  2.5974407372411022e-04
+5.6270808866283695e-01  2.5968855502967315e-04
+5.6296774944784078e-01  2.5963301070784119e-04
+5.6322735467571117e-01  2.5957744076354327e-04
+5.6348690432082871e-01  2.5952184520287901e-04
+5.6374639835757934e-01  2.5946622403058957e-04
+5.6400583676035465e-01  2.5941057725286336e-04
+5.6426521950355157e-01  2.5935490487489723e-04
+5.6452454656157269e-01  2.5929920690214082e-04
+5.6478381790882604e-01  2.5924348334018123e-04
+5.6504303351972496e-01  2.5918773419445515e-04
+5.6530219336868859e-01  2.5913195947055548e-04
+5.6556129743014161e-01  2.5907615917361419e-04
+5.6582034567851358e-01  2.5902033330973690e-04
+5.6607933808824029e-01  2.5896448188423378e-04
+5.6633827463376285e-01  2.5890860490229727e-04
+5.6659715528952770e-01  2.5885270236969160e-04
+5.6685598002998683e-01  2.5879677429193059e-04
+5.6711474882959800e-01  2.5874082067451021e-04
+5.6737346166282421e-01  2.5868484152270083e-04
+5.6763211850413398e-01  2.5862883684270641e-04
+5.6789071932800161e-01  2.5857280663933832e-04
+5.6814926410890665e-01  2.5851675091843803e-04
+5.6840775282133427e-01  2.5846066968583236e-04
+5.6866618543977554e-01  2.5840456294644342e-04
+5.6892456193872643e-01  2.5834843070589531e-04
+5.6918288229268876e-01  2.5829227297014001e-04
+5.6944114647616995e-01  2.5823608974475878e-04
+5.6969935446368292e-01  2.5817988103460018e-04
+5.6995750622974595e-01  2.5812364684592727e-04
+5.7021560174888331e-01  2.5806738718381480e-04
+5.7047364099562436e-01  2.5801110205416703e-04
+5.7073162394450416e-01  2.5795479146207108e-04
+5.7098955057006351e-01  2.5789845541393931e-04
+5.7124742084684832e-01  2.5784209391475405e-04
+5.7150523474941073e-01  2.5778570696989209e-04
+5.7176299225230776e-01  2.5772929458535454e-04
+5.7202069333010275e-01  2.5767285676597628e-04
+5.7227833795736371e-01  2.5761639351832319e-04
+5.7253592610866488e-01  2.5755990484729207e-04
+5.7279345775858581e-01  2.5750339075848299e-04
+5.7305093288171149e-01  2.5744685125847722e-04
+5.7330835145263315e-01  2.5739028635139466e-04
+5.7356571344594698e-01  2.5733369604322447e-04
+5.7382301883625464e-01  2.5727708034018392e-04
+5.7408026759816400e-01  2.5722043924732250e-04
+5.7433745970628780e-01  2.5716377277038829e-04
+5.7459459513524502e-01  2.5710708091498117e-04
+5.7485167385965985e-01  2.5705036368643669e-04
+5.7510869585416202e-01  2.5699362109091168e-04
+5.7536566109338749e-01  2.5693685313333414e-04
+5.7562256955197677e-01  2.5688005981983151e-04
+5.7587942120457680e-01  2.5682324115593549e-04
+5.7613621602584009e-01  2.5676639714679566e-04
+5.7639295399042401e-01  2.5670952779904046e-04
+5.7664963507299261e-01  2.5665263311675418e-04
+5.7690625924821481e-01  2.5659571310669992e-04
+5.7716282649076511e-01  2.5653876777447963e-04
+5.7741933677532420e-01  2.5648179712519980e-04
+5.7767579007657810e-01  2.5642480116462753e-04
+5.7793218636921817e-01  2.5636777989857537e-04
+5.7818852562794176e-01  2.5631073333252653e-04
+5.7844480782745156e-01  2.5625366147237900e-04
+5.7870103294245645e-01  2.5619656432324388e-04
+5.7895720094767023e-01  2.5613944189112998e-04
+5.7921331181781288e-01  2.5608229418139255e-04
+5.7946936552760930e-01  2.5602512120019349e-04
+5.7972536205179115e-01  2.5596792295303969e-04
+5.7998130136509496e-01  2.5591069944477010e-04
+5.8023718344226261e-01  2.5585345068229742e-04
+5.8049300825804262e-01  2.5579617667028677e-04
+5.8074877578718831e-01  2.5573887741485733e-04
+5.8100448600445931e-01  2.5568155292111905e-04
+5.8126013888462014e-01  2.5562420319565825e-04
+5.8151573440244153e-01  2.5556682824358237e-04
+5.8177127253270000e-01  2.5550942807022267e-04
+5.8202675325017694e-01  2.5545200268217933e-04
+5.8228217652966041e-01  2.5539455208404530e-04
+5.8253754234594346e-01  2.5533707628208326e-04
+5.8279285067382514e-01  2.5527957528193918e-04
+5.8304810148810993e-01  2.5522204908927354e-04
+5.8330329476360809e-01  2.5516449770967870e-04
+5.8355843047513556e-01  2.5510692114901455e-04
+5.8381350859751402e-01  2.5504931941271132e-04
+5.8406852910557083e-01  2.5499169250670751e-04
+5.8432349197413891e-01  2.5493404043617015e-04
+5.8457839717805715e-01  2.5487636320754782e-04
+5.8483324469216957e-01  2.5481866082586503e-04
+5.8508803449132663e-01  2.5476093329746555e-04
+5.8534276655038386e-01  2.5470318062739846e-04
+5.8559744084420262e-01  2.5464540282179199e-04
+5.8585205734765045e-01  2.5458759988612062e-04
+5.8610661603559999e-01  2.5452977182619890e-04
+5.8636111688292980e-01  2.5447191864770005e-04
+5.8661555986452418e-01  2.5441404035625724e-04
+5.8686994495527300e-01  2.5435613695801293e-04
+5.8712427213007246e-01  2.5429820845783891e-04
+5.8737854136382350e-01  2.5424025486185859e-04
+5.8763275263143333e-01  2.5418227617658468e-04
+5.8788690590781489e-01  2.5412427240664102e-04
+5.8814100116788692e-01  2.5406624355805236e-04
+5.8839503838657348e-01  2.5400818963648654e-04
+5.8864901753880461e-01  2.5395011064877261e-04
+5.8890293859951626e-01  2.5389200659862597e-04
+5.8915680154364991e-01  2.5383387749344197e-04
+5.8941060634615261e-01  2.5377572333801668e-04
+5.8966435298197739e-01  2.5371754413872207e-04
+5.8991804142608328e-01  2.5365933990056315e-04
+5.9017167165343443e-01  2.5360111063002749e-04
+5.9042524363900095e-01  2.5354285633275725e-04
+5.9067875735775899e-01  2.5348457701410192e-04
+5.9093221278469032e-01  2.5342627267999551e-04
+5.9118560989478219e-01  2.5336794333644200e-04
+5.9143894866302782e-01  2.5330958898878099e-04
+5.9169222906442664e-01  2.5325120964256347e-04
+5.9194545107398255e-01  2.5319280530458968e-04
+5.9219861466670665e-01  2.5313437597974242e-04
+5.9245171981761513e-01  2.5307592167388035e-04
+5.9270476650172976e-01  2.5301744239313311e-04
+5.9295775469407830e-01  2.5295893814308916e-04
+5.9321068436969471e-01  2.5290040892961643e-04
+5.9346355550361807e-01  2.5284185475819517e-04
+5.9371636807089345e-01  2.5278327563482033e-04
+5.9396912204657215e-01  2.5272467156487821e-04
+5.9422181740571012e-01  2.5266604255505819e-04
+5.9447445412337041e-01  2.5260738861026866e-04
+5.9472703217462097e-01  2.5254870973689123e-04
+5.9497955153453608e-01  2.5249000594003570e-04
+5.9523201217819532e-01  2.5243127722628697e-04
+5.9548441408068453e-01  2.5237252360100023e-04
+5.9573675721709507e-01  2.5231374506957575e-04
+5.9598904156252419e-01  2.5225494163875638e-04
+5.9624126709207459e-01  2.5219611331384154e-04
+5.9649343378085562e-01  2.5213726010056564e-04
+5.9674554160398152e-01  2.5207838200474764e-04
+5.9699759053657275e-01  2.5201947903255942e-04
+5.9724958055375588e-01  2.5196055118934261e-04
+5.9750151163066278e-01  2.5190159848068245e-04
+5.9775338374243125e-01  2.5184262091369443e-04
+5.9800519686420517e-01  2.5178361849274129e-04
+5.9825695097113385e-01  2.5172459122425173e-04
+5.9850864603837284e-01  2.5166553911412507e-04
+5.9876028204108334e-01  2.5160646216800073e-04
+5.9901185895443210e-01  2.5154736039216638e-04
+5.9926337675359220e-01  2.5148823379188805e-04
+5.9951483541374229e-01  2.5142908237268691e-04
+5.9976623491006675e-01  2.5136990614129989e-04
+6.0001757521775589e-01  2.5131070510343189e-04
+6.0026885631200622e-01  2.5125147926429191e-04
+6.0052007816801933e-01  2.5119222863032942e-04
+6.0077124076100341e-01  2.5113295320696187e-04
+6.0102234406617217e-01  2.5107365300058225e-04
+6.0127338805874486e-01  2.5101432801647041e-04
+6.0152437271394743e-01  2.5095497826060605e-04
+6.0177529800701079e-01  2.5089560373902720e-04
+6.0202616391317210e-01  2.5083620445774636e-04
+6.0227697040767458e-01  2.5077678042217781e-04
+6.0252771746576683e-01  2.5071733163847197e-04
+6.0277840506270386e-01  2.5065785811235016e-04
+6.0302903317374601e-01  2.5059835984988648e-04
+6.0327960177415973e-01  2.5053883685687017e-04
+6.0353011083921770e-01  2.5047928913907001e-04
+6.0378056034419791e-01  2.5041971670208173e-04
+6.0403095026438436e-01  2.5036011955282498e-04
+6.0428128057506736e-01  2.5030049769584305e-04
+6.0453155125154245e-01  2.5024085113817366e-04
+6.0478176226911140e-01  2.5018117988486843e-04
+6.0503191360308206e-01  2.5012148394235170e-04
+6.0528200522876774e-01  2.5006176331608372e-04
+6.0553203712148795e-01  2.5000201801237006e-04
+6.0578200925656800e-01  2.4994224803663259e-04
+6.0603192160933905e-01  2.4988245339522446e-04
+6.0628177415513829e-01  2.4982263409374422e-04
+6.0653156686930854e-01  2.4976279013826829e-04
+6.0678129972719896e-01  2.4970292153501207e-04
+6.0703097270416428e-01  2.4964302828909136e-04
+6.0728058577556498e-01  2.4958311040723934e-04
+6.0753013891676821e-01  2.4952316789456585e-04
+6.0777963210314601e-01  2.4946320075756943e-04
+6.0802906531007717e-01  2.4940320900230508e-04
+6.0827843851294594e-01  2.4934319263423025e-04
+6.0852775168714279e-01  2.4928315165904436e-04
+6.0877700480806385e-01  2.4922308608333991e-04
+6.0902619785111112e-01  2.4916299591287722e-04
+6.0927533079169294e-01  2.4910288115339679e-04
+6.0952440360522331e-01  2.4904274181061336e-04
+6.0977341626712200e-01  2.4898257789131485e-04
+6.1002236875281513e-01  2.4892238940040379e-04
+6.1027126103773444e-01  2.4886217634436855e-04
+6.1052009309731758e-01  2.4880193872947473e-04
+6.1076886490700855e-01  2.4874167656088075e-04
+6.1101757644225674e-01  2.4868138984513420e-04
+6.1126622767851790e-01  2.4862107858760683e-04
+6.1151481859125345e-01  2.4856074279474980e-04
+6.1176334915593100e-01  2.4850038247264207e-04
+6.1201181934802407e-01  2.4843999762715334e-04
+6.1226022914301215e-01  2.4837958826339455e-04
+6.1250857851638041e-01  2.4831915438839941e-04
+6.1275686744362035e-01  2.4825869600791895e-04
+6.1300509590022911e-01  2.4819821312776791e-04
+6.1325326386171031e-01  2.4813770575288555e-04
+6.1350137130357285e-01  2.4807717389138429e-04
+6.1374941820133211e-01  2.4801661754772015e-04
+6.1399740453050944e-01  2.4795603672812274e-04
+6.1424533026663175e-01  2.4789543143883332e-04
+6.1449319538523217e-01  2.4783480168591541e-04
+6.1474099986185027e-01  2.4777414747469590e-04
+6.1498874367203071e-01  2.4771346881174902e-04
+6.1523642679132484e-01  2.4765276570303511e-04
+6.1548404919528976e-01  2.4759203815385235e-04
+6.1573161085948835e-01  2.4753128617139534e-04
+6.1597911175948994e-01  2.4747050976108411e-04
+6.1622655187086939e-01  2.4740970892876208e-04
+6.1647393116920812e-01  2.4734888368026318e-04
+6.1672124963009300e-01  2.4728803402160256e-04
+6.1696850722911700e-01  2.4722715995975517e-04
+6.1721570394187930e-01  2.4716626149954261e-04
+6.1746283974398519e-01  2.4710533864746658e-04
+6.1770991461104541e-01  2.4704439140980087e-04
+6.1795692851867756e-01  2.4698341979203495e-04
+6.1820388144250438e-01  2.4692242380026783e-04
+6.1845077335815524e-01  2.4686140344064040e-04
+6.1869760424126530e-01  2.4680035871954168e-04
+6.1894437406747560e-01  2.4673928964268375e-04
+6.1919108281243362e-01  2.4667819621576077e-04
+6.1943773045179240e-01  2.4661707844537034e-04
+6.1968431696121140e-01  2.4655593633707236e-04
+6.1993084231635587e-01  2.4649476989711279e-04
+6.2017730649289704e-01  2.4643357913181640e-04
+6.2042370946651237e-01  2.4637236404691384e-04
+6.2067005121288554e-01  2.4631112464813863e-04
+6.2091633170770588e-01  2.4624986094173265e-04
+6.2116255092666872e-01  2.4618857293435913e-04
+6.2140870884547583e-01  2.4612726063129027e-04
+6.2165480543983476e-01  2.4606592403889353e-04
+6.2190084068545914e-01  2.4600456316327017e-04
+6.2214681455806864e-01  2.4594317801052747e-04
+6.2239272703338933e-01  2.4588176858637742e-04
+6.2263857808715284e-01  2.4582033489726438e-04
+6.2288436769509703e-01  2.4575887694867123e-04
+6.2313009583296575e-01  2.4569739474764957e-04
+6.2337576247650950e-01  2.4563588829919626e-04
+6.2362136760148390e-01  2.4557435761018894e-04
+6.2386691118365123e-01  2.4551280268641964e-04
+6.2411239319877998e-01  2.4545122353376007e-04
+6.2435781362264420e-01  2.4538962015842352e-04
+6.2460317243102448e-01  2.4532799256637755e-04
+6.2484846959970708e-01  2.4526634076416326e-04
+6.2509370510448470e-01  2.4520466475761799e-04
+6.2533887892115603e-01  2.4514296455246091e-04
+6.2558399102552564e-01  2.4508124015558549e-04
+6.2582904139340445e-01  2.4501949157176183e-04
+6.2607403000060946e-01  2.4495771880838827e-04
+6.2631895682296346e-01  2.4489592187129042e-04
+6.2656382183629589e-01  2.4483410076599736e-04
+6.2680862501644175e-01  2.4477225549900990e-04
+6.2705336633924214e-01  2.4471038607667641e-04
+6.2729804578054482e-01  2.4464849250462994e-04
+6.2754266331620312e-01  2.4458657478922791e-04
+6.2778721892207701e-01  2.4452463293614022e-04
+6.2803171257403179e-01  2.4446266695213472e-04
+6.2827614424793943e-01  2.4440067684322576e-04
+6.2852051391967811e-01  2.4433866261523512e-04
+6.2876482156513169e-01  2.4427662427395136e-04
+6.2900906716019045e-01  2.4421456182685715e-04
+6.2925325068075089e-01  2.4415247527781225e-04
+6.2949737210271506e-01  2.4409036463568797e-04
+6.2974143140199212e-01  2.4402822990459029e-04
+6.2998542855449635e-01  2.4396607109124680e-04
+6.3022936353614878e-01  2.4390388820202038e-04
+6.3047323632287644e-01  2.4384168124209785e-04
+6.3071704689061225e-01  2.4377945021971737e-04
+6.3096079521529569e-01  2.4371719513850611e-04
+6.3120448127287210e-01  2.4365491600631729e-04
+6.3144810503929305e-01  2.4359261282856182e-04
+6.3169166649051611e-01  2.4353028561187136e-04
+6.3193516560250540e-01  2.4346793436171637e-04
+6.3217860235123058e-01  2.4340555908498052e-04
+6.3242197671266820e-01  2.4334315978696456e-04
+6.3266528866280025e-01  2.4328073647521945e-04
+6.3290853817761539e-01  2.4321828915431609e-04
+6.3315172523310825e-01  2.4315581783123660e-04
+6.3339484980527927e-01  2.4309332251242451e-04
+6.3363791187013607e-01  2.4303080320331344e-04
+6.3388091140369118e-01  2.4296825991065589e-04
+6.3412384838196434e-01  2.4290569263992655e-04
+6.3436672278098072e-01  2.4284310139823835e-04
+6.3460953457677216e-01  2.4278048619128160e-04
+6.3485228374537650e-01  2.4271784702494591e-04
+6.3509497026283768e-01  2.4265518390573500e-04
+6.3533759410520585e-01  2.4259249684009397e-04
+6.3558015524853739e-01  2.4252978583377889e-04
+6.3582265366889490e-01  2.4246705089322432e-04
+6.3606508934234740e-01  2.4240429202446550e-04
+6.3630746224496937e-01  2.4234150923364503e-04
+6.3654977235284238e-01  2.4227870252700953e-04
+6.3679201964205356e-01  2.4221587191071577e-04
+6.3703420408869627e-01  2.4215301739177446e-04
+6.3727632566887060e-01  2.4209013897498721e-04
+6.3751838435868224e-01  2.4202723666755759e-04
+6.3776038013424363e-01  2.4196431047495274e-04
+6.3800231297167276e-01  2.4190136040448971e-04
+6.3824418284709461e-01  2.4183838646130149e-04
+6.3848598973663973e-01  2.4177538865198127e-04
+6.3872773361644519e-01  2.4171236698278674e-04
+6.3896941446265410e-01  2.4164932146001828e-04
+6.3921103225141596e-01  2.4158625208940460e-04
+6.3945258695888652e-01  2.4152315887826325e-04
+6.3969407856122751e-01  2.4146004183207533e-04
+6.3993550703460711e-01  2.4139690095677314e-04
+6.4017687235519982e-01  2.4133373625876306e-04
+6.4041817449918592e-01  2.4127054774506445e-04
+6.4065941344275257e-01  2.4120733542088080e-04
+6.4090058916209269e-01  2.4114409929289871e-04
+6.4114170163340556e-01  2.4108083936714042e-04
+6.4138275083289642e-01  2.4101755565058847e-04
+6.4162373673677764e-01  2.4095424814838512e-04
+6.4186465932126680e-01  2.4089091686734703e-04
+6.4210551856258813e-01  2.4082756181426348e-04
+6.4234631443697254e-01  2.4076418299466518e-04
+6.4258704692065649e-01  2.4070078041449507e-04
+6.4282771598988320e-01  2.4063735408051679e-04
+6.4306832162090177e-01  2.4057390399904099e-04
+6.4330886378996777e-01  2.4051043017676374e-04
+6.4354934247334317e-01  2.4044693261904268e-04
+6.4378975764729596e-01  2.4038341133254874e-04
+6.4403010928810045e-01  2.4031986632364202e-04
+6.4427039737203740e-01  2.4025629759824634e-04
+6.4451062187539354e-01  2.4019270516268548e-04
+6.4475078277446207e-01  2.4012908902408691e-04
+6.4499088004554239e-01  2.4006544918792318e-04
+6.4523091366494034e-01  2.4000178566046097e-04
+6.4547088360896776e-01  2.3993809844824682e-04
+6.4571078985394326e-01  2.3987438755701304e-04
+6.4595063237619110e-01  2.3981065299397952e-04
+6.4619041115204223e-01  2.3974689476465282e-04
+6.4643012615783368e-01  2.3968311287590906e-04
+6.4666977736990905e-01  2.3961930733350627e-04
+6.4690936476461802e-01  2.3955547814415461e-04
+6.4714888831831674e-01  2.3949162531373616e-04
+6.4738834800736722e-01  2.3942774884924987e-04
+6.4762774380813859e-01  2.3936384875615323e-04
+6.4786707569700541e-01  2.3929992504146872e-04
+6.4810634365034914e-01  2.3923597771067668e-04
+6.4834554764455710e-01  2.3917200677099358e-04
+6.4858468765602351e-01  2.3910801222827124e-04
+6.4882376366114813e-01  2.3904399408890257e-04
+6.4906277563633785e-01  2.3897995235954599e-04
+6.4930172355800531e-01  2.3891588704537937e-04
+6.4954060740256958e-01  2.3885179815435757e-04
+6.4977942714645631e-01  2.3878768569145844e-04
+6.5001818276609713e-01  2.3872354966390137e-04
+6.5025687423793044e-01  2.3865939007710458e-04
+6.5049550153840041e-01  2.3859520693828677e-04
+6.5073406464395789e-01  2.3853100025319804e-04
+6.5097256353106003e-01  2.3846677002880648e-04
+6.5121099817617045e-01  2.3840251627028816e-04
+6.5144936855575852e-01  2.3833823898497324e-04
+6.5168767464630073e-01  2.3827393817917340e-04
+6.5192591642427944e-01  2.3820961385939595e-04
+6.5216409386618346e-01  2.3814526603144814e-04
+6.5240220694850803e-01  2.3808089470166651e-04
+6.5264025564775485e-01  2.3801649987657201e-04
+6.5287823994043137e-01  2.3795208156260269e-04
+6.5311615980305227e-01  2.3788763976588138e-04
+6.5335401521213787e-01  2.3782317449314258e-04
+6.5359180614421530e-01  2.3775868575035775e-04
+6.5382953257581777e-01  2.3769417354447080e-04
+6.5406719448348494e-01  2.3762963788134941e-04
+6.5430479184376300e-01  2.3756507876708448e-04
+6.5454232463320428e-01  2.3750049620899094e-04
+6.5477979282836762e-01  2.3743589021217254e-04
+6.5501719640581813e-01  2.3737126078403602e-04
+6.5525453534212741e-01  2.3730660793104194e-04
+6.5549180961387332e-01  2.3724193165873108e-04
+6.5572901919764037e-01  2.3717723197399658e-04
+6.5596616407001906e-01  2.3711250888299457e-04
+6.5620324420760667e-01  2.3704776239233451e-04
+6.5644025958700625e-01  2.3698299250834442e-04
+6.5667721018482794e-01  2.3691819923795911e-04
+6.5691409597768824e-01  2.3685338258603444e-04
+6.5715091694220940e-01  2.3678854256080727e-04
+6.5738767305502055e-01  2.3672367916765280e-04
+6.5762436429275728e-01  2.3665879241260067e-04
+6.5786099063206127e-01  2.3659388230357409e-04
+6.5809755204958087e-01  2.3652894884534651e-04
+6.5833404852197086e-01  2.3646399204489932e-04
+6.5857048002589202e-01  2.3639901190880531e-04
+6.5880684653801214e-01  2.3633400844328935e-04
+6.5904314803500463e-01  2.3626898165525321e-04
+6.5927938449355028e-01  2.3620393155108355e-04
+6.5951555589033584e-01  2.3613885813573101e-04
+6.5975166220205406e-01  2.3607376141732974e-04
+6.5998770340540469e-01  2.3600864140194185e-04
+6.6022367947709393e-01  2.3594349809532883e-04
+6.6045959039383395e-01  2.3587833150457652e-04
+6.6069543613234372e-01  2.3581314163598812e-04
+6.6093121666934840e-01  2.3574792849585067e-04
+6.6116693198157994e-01  2.3568269209028327e-04
+6.6140258204577629e-01  2.3561743242662671e-04
+6.6163816683868215e-01  2.3555214951053219e-04
+6.6187368633704868e-01  2.3548684334845119e-04
+6.6210914051763292e-01  2.3542151394757746e-04
+6.6234452935719923e-01  2.3535616131363553e-04
+6.6257985283251786e-01  2.3529078545309959e-04
+6.6281511092036560e-01  2.3522538637310401e-04
+6.6305030359752581e-01  2.3515996407885963e-04
+6.6328543084078806e-01  2.3509451857835846e-04
+6.6352049262694868e-01  2.3502904987701684e-04
+6.6375548893281033e-01  2.3496355798142789e-04
+6.6399041973518214e-01  2.3489804289790472e-04
+6.6422528501087952e-01  2.3483250463394594e-04
+6.6446008473672458e-01  2.3476694319478036e-04
+6.6469481888954607e-01  2.3470135858697828e-04
+6.6492948744617864e-01  2.3463575081827565e-04
+6.6516409038346391e-01  2.3457011989356469e-04
+6.6539862767824998e-01  2.3450446582032298e-04
+6.6563309930739090e-01  2.3443878860474369e-04
+6.6586750524774763e-01  2.3437308825345046e-04
+6.6610184547618778e-01  2.3430736477255223e-04
+6.6633611996958508e-01  2.3424161816862246e-04
+6.6657032870481980e-01  2.3417584844865843e-04
+6.6680447165877910e-01  2.3411005561842972e-04
+6.6703854880835578e-01  2.3404423968490702e-04
+6.6727256013045000e-01  2.3397840065461794e-04
+6.6750650560196800e-01  2.3391253853395321e-04
+6.6774038519982293e-01  2.3384665332881846e-04
+6.6797419890093335e-01  2.3378074504685280e-04
+6.6820794668222572e-01  2.3371481369373860e-04
+6.6844162852063227e-01  2.3364885927606909e-04
+6.6867524439309167e-01  2.3358288180051238e-04
+6.6890879427654948e-01  2.3351688127330630e-04
+6.6914227814795701e-01  2.3345085770182255e-04
+6.6937569598427316e-01  2.3338481109194852e-04
+6.6960904776246299e-01  2.3331874144959586e-04
+6.6984233345949729e-01  2.3325264878220917e-04
+6.7007555305235433e-01  2.3318653309615495e-04
+6.7030870651801866e-01  2.3312039439762742e-04
+6.7054179383348100e-01  2.3305423269382339e-04
+6.7077481497573888e-01  2.3298804799029579e-04
+6.7100776992179667e-01  2.3292184029430379e-04
+6.7124065864866456e-01  2.3285560961176346e-04
+6.7147348113335981e-01  2.3278935594968947e-04
+6.7170623735290613e-01  2.3272307931456837e-04
+6.7193892728433346e-01  2.3265677971316307e-04
+6.7217155090467862e-01  2.3259045715176999e-04
+6.7240410819098517e-01  2.3252411163632848e-04
+6.7263659912030271e-01  2.3245774317420890e-04
+6.7286902366968726e-01  2.3239135177212955e-04
+6.7310138181620216e-01  2.3232493743602560e-04
+6.7333367353691687e-01  2.3225850017249264e-04
+6.7356589880890705e-01  2.3219203998827191e-04
+6.7379805760925560e-01  2.3212555689032673e-04
+6.7403014991505161e-01  2.3205905088464869e-04
+6.7426217570339086e-01  2.3199252197761894e-04
+6.7449413495137533e-01  2.3192597017628435e-04
+6.7472602763611400e-01  2.3185939548725742e-04
+6.7495785373472250e-01  2.3179279791642811e-04
+6.7518961322432225e-01  2.3172617747147713e-04
+6.7542130608204232e-01  2.3165953415779170e-04
+6.7565293228501755e-01  2.3159286798304316e-04
+6.7588449181038990e-01  2.3152617895274912e-04
+6.7611598463530720e-01  2.3145946707429278e-04
+6.7634741073692461e-01  2.3139273235417497e-04
+6.7657877009240375e-01  2.3132597479852947e-04
+6.7681006267891219e-01  2.3125919441438684e-04
+6.7704128847362488e-01  2.3119239120793564e-04
+6.7727244745372295e-01  2.3112556518645462e-04
+6.7750353959639420e-01  2.3105871635525281e-04
+6.7773456487883310e-01  2.3099184472234792e-04
+6.7796552327824045e-01  2.3092495029413066e-04
+6.7819641477182402e-01  2.3085803307602002e-04
+6.7842723933679805e-01  2.3079109307550501e-04
+6.7865799695038320e-01  2.3072413029928367e-04
+6.7888868758980703e-01  2.3065714475372902e-04
+6.7911931123230329e-01  2.3059013644603448e-04
+6.7934986785511287e-01  2.3052310538165094e-04
+6.7958035743548306e-01  2.3045605156781242e-04
+6.7981077995066741e-01  2.3038897501160901e-04
+6.8004113537792688e-01  2.3032187571892887e-04
+6.8027142369452820e-01  2.3025475369647569e-04
+6.8050164487774523e-01  2.3018760895084718e-04
+6.8073179890485824e-01  2.3012044148967487e-04
+6.8096188575315431e-01  2.3005325131838302e-04
+6.8119190539992702e-01  2.2998603844377635e-04
+6.8142185782247644e-01  2.2991880287339330e-04
+6.8165174299810982e-01  2.2985154461286332e-04
+6.8188156090414043e-01  2.2978426366910439e-04
+6.8211131151788851e-01  2.2971696004827591e-04
+6.8234099481668053e-01  2.2964963375829105e-04
+6.8257061077785020e-01  2.2958228480506084e-04
+6.8280015937873784e-01  2.2951491319441898e-04
+6.8302964059668980e-01  2.2944751893465650e-04
+6.8325905440905954e-01  2.2938010203138036e-04
+6.8348840079320694e-01  2.2931266249182064e-04
+6.8371767972649922e-01  2.2924520032156811e-04
+6.8394689118630914e-01  2.2917771552845247e-04
+6.8417603515001701e-01  2.2911020811839327e-04
+6.8440511159500927e-01  2.2904267809887734e-04
+6.8463412049867955e-01  2.2897512547532972e-04
+6.8486306183842749e-01  2.2890755025513202e-04
+6.8509193559166004e-01  2.2883995244534034e-04
+6.8532074173579050e-01  2.2877233205176770e-04
+6.8554948024823847e-01  2.2870468908203756e-04
+6.8577815110643103e-01  2.2863702354233734e-04
+6.8600675428780145e-01  2.2856933543891173e-04
+6.8623528976978976e-01  2.2850162477869887e-04
+6.8646375752984257e-01  2.2843389156889827e-04
+6.8669215754541324e-01  2.2836613581607795e-04
+6.8692048979396214e-01  2.2829835752640585e-04
+6.8714875425295574e-01  2.2823055670662129e-04
+6.8737695089986772e-01  2.2816273336354913e-04
+6.8760507971217777e-01  2.2809488750460938e-04
+6.8783314066737322e-01  2.2802701913550240e-04
+6.8806113374294742e-01  2.2795912826334633e-04
+6.8828905891640069e-01  2.2789121489440693e-04
+6.8851691616523980e-01  2.2782327903635331e-04
+6.8874470546697864e-01  2.2775532069437218e-04
+6.8897242679913728e-01  2.2768733987709833e-04
+6.8920008013924283e-01  2.2761933658995193e-04
+6.8942766546482925e-01  2.2755131083985488e-04
+6.8965518275343696e-01  2.2748326263339041e-04
+6.8988263198261279e-01  2.2741519197778994e-04
+6.9011001312991116e-01  2.2734709887928476e-04
+6.9033732617289245e-01  2.2727898334428754e-04
+6.9056457108912395e-01  2.2721084538090898e-04
+6.9079174785617981e-01  2.2714268499456541e-04
+6.9101885645164085e-01  2.2707450219224486e-04
+6.9124589685309457e-01  2.2700629698113082e-04
+6.9147286903813510e-01  2.2693806936759331e-04
+6.9169977298436369e-01  2.2686981935774207e-04
+6.9192660866938771e-01  2.2680154695938729e-04
+6.9215337607082184e-01  2.2673325217924609e-04
+6.9238007516628730e-01  2.2666493502308965e-04
+6.9260670593341200e-01  2.2659659549862467e-04
+6.9283326834983050e-01  2.2652823361178119e-04
+6.9305976239318423e-01  2.2645984937074296e-04
+6.9328618804112163e-01  2.2639144277996256e-04
+6.9351254527129713e-01  2.2632301384832907e-04
+6.9373883406137282e-01  2.2625456258115926e-04
+6.9396505438901701e-01  2.2618608898641388e-04
+6.9419120623190489e-01  2.2611759306980016e-04
+6.9441728956771831e-01  2.2604907483867904e-04
+6.9464330437414601e-01  2.2598053429970965e-04
+6.9486925062888361e-01  2.2591197145917593e-04
+6.9509512830963305e-01  2.2584338632486431e-04
+6.9532093739410350e-01  2.2577477890271347e-04
+6.9554667786001079e-01  2.2570614919928319e-04
+6.9577234968507740e-01  2.2563749722202041e-04
+6.9599795284703247e-01  2.2556882297734962e-04
+6.9622348732361228e-01  2.2550012647238718e-04
+6.9644895309255961e-01  2.2543140771375965e-04
+6.9667435013162415e-01  2.2536266670862486e-04
+6.9689967841856237e-01  2.2529390346233427e-04
+6.9712493793113750e-01  2.2522511798294941e-04
+6.9735012864711932e-01  2.2515631027708428e-04
+6.9757525054428493e-01  2.2508748035124365e-04
+6.9780030360041756e-01  2.2501862821247982e-04
+6.9802528779330775e-01  2.2494975386790620e-04
+6.9825020310075292e-01  2.2488085732338533e-04
+6.9847504950055672e-01  2.2481193858636445e-04
+6.9869982697053001e-01  2.2474299766352091e-04
+6.9892453548849043e-01  2.2467403456166891e-04
+6.9914917503226226e-01  2.2460504928732578e-04
+6.9937374557967669e-01  2.2453604184783762e-04
+6.9959824710857155e-01  2.2446701225014616e-04
+6.9982267959679223e-01  2.2439796049961009e-04
+7.0004704302218967e-01  2.2432888660476824e-04
+7.0027133736262270e-01  2.2425979057209296e-04
+7.0049556259595636e-01  2.2419067240734932e-04
+7.0071971870006289e-01  2.2412153211865196e-04
+7.0094380565282099e-01  2.2405236971225785e-04
+7.0116782343211659e-01  2.2398318519470340e-04
+7.0139177201584213e-01  2.2391397857324998e-04
+7.0161565138189697e-01  2.2384474985462520e-04
+7.0183946150818732e-01  2.2377549904525180e-04
+7.0206320237262609e-01  2.2370622615273326e-04
+7.0228687395313338e-01  2.2363693118336497e-04
+7.0251047622763596e-01  2.2356761414378757e-04
+7.0273400917406681e-01  2.2349827504188809e-04
+7.0295747277036713e-01  2.2342891388321958e-04
+7.0318086699448346e-01  2.2335953067558847e-04
+7.0340419182437031e-01  2.2329012542479491e-04
+7.0362744723798842e-01  2.2322069813913786e-04
+7.0385063321330543e-01  2.2315124882475308e-04
+7.0407374972829651e-01  2.2308177748763214e-04
+7.0429679676094259e-01  2.2301228413581679e-04
+7.0451977428923218e-01  2.2294276877584497e-04
+7.0474268229116044e-01  2.2287323141471650e-04
+7.0496552074472962e-01  2.2280367205865432e-04
+7.0518828962794844e-01  2.2273409071523666e-04
+7.0541098891883280e-01  2.2266448739108452e-04
+7.0563361859540530e-01  2.2259486209281709e-04
+7.0585617863569561e-01  2.2252521482731634e-04
+7.0607866901773986e-01  2.2245554560250240e-04
+7.0630108971958161e-01  2.2238585442330841e-04
+7.0652344071927087e-01  2.2231614129845681e-04
+7.0674572199486463e-01  2.2224640623373708e-04
+7.0696793352442688e-01  2.2217664923646278e-04
+7.0719007528602851e-01  2.2210687031308919e-04
+7.0741214725774682e-01  2.2203706947147259e-04
+7.0763414941766689e-01  2.2196724671740686e-04
+7.0785608174387982e-01  2.2189740205842446e-04
+7.0807794421448400e-01  2.2182753550123983e-04
+7.0829973680758496e-01  2.2175764705240970e-04
+7.0852145950129430e-01  2.2168773672010805e-04
+7.0874311227373155e-01  2.2161780450889764e-04
+7.0896469510302240e-01  2.2154785042826540e-04
+7.0918620796729970e-01  2.2147787448360424e-04
+7.0940765084470336e-01  2.2140787668191675e-04
+7.0962902371337999e-01  2.2133785703064044e-04
+7.0985032655148306e-01  2.2126781553571872e-04
+7.1007155933717281e-01  2.2119775220565881e-04
+7.1029272204861704e-01  2.2112766704534734e-04
+7.1051381466399000e-01  2.2105756006346764e-04
+7.1073483716147245e-01  2.2098743126638574e-04
+7.1095578951925309e-01  2.2091728066106776e-04
+7.1117667171552656e-01  2.2084710825376233e-04
+7.1139748372849521e-01  2.2077691405186973e-04
+7.1161822553636789e-01  2.2070669806225222e-04
+7.1183889711735993e-01  2.2063646029261071e-04
+7.1205949844969463e-01  2.2056620074885726e-04
+7.1228002951160163e-01  2.2049591943795030e-04
+7.1250049028131734e-01  2.2042561636770276e-04
+7.1272088073708550e-01  2.2035529154399886e-04
+7.1294120085715651e-01  2.2028494497466846e-04
+7.1316145061978797e-01  2.2021457666576493e-04
+7.1338163000324406e-01  2.2014418662532722e-04
+7.1360173898579649e-01  2.2007377485910550e-04
+7.1382177754572296e-01  2.2000334137535065e-04
+7.1404174566130951e-01  2.1993288617934049e-04
+7.1426164331084740e-01  2.1986240928015805e-04
+7.1448147047263644e-01  2.1979191068261254e-04
+7.1470122712498241e-01  2.1972139039533976e-04
+7.1492091324619866e-01  2.1965084842456026e-04
+7.1514052881460510e-01  2.1958028477635320e-04
+7.1536007380852840e-01  2.1950969945941468e-04
+7.1557954820630276e-01  2.1943909247978274e-04
+7.1579895198626919e-01  2.1936846384438833e-04
+7.1601828512677546e-01  2.1929781356036778e-04
+7.1623754760617642e-01  2.1922714163500825e-04
+7.1645673940283372e-01  2.1915644807514472e-04
+7.1667586049511667e-01  2.1908573288649758e-04
+7.1689491086140023e-01  2.1901499607830435e-04
+7.1711389048006802e-01  2.1894423765529545e-04
+7.1733279932950933e-01  2.1887345762643985e-04
+7.1755163738812078e-01  2.1880265599746380e-04
+7.1777040463430652e-01  2.1873183277550153e-04
+7.1798910104647673e-01  2.1866098796802385e-04
+7.1820772660304955e-01  2.1859012158142348e-04
+7.1842628128244923e-01  2.1851923362315362e-04
+7.1864476506310770e-01  2.1844832410031635e-04
+7.1886317792346377e-01  2.1837739301930901e-04
+7.1908151984196289e-01  2.1830644038761505e-04
+7.1929979079705775e-01  2.1823546621203268e-04
+7.1951799076720790e-01  2.1816447049973750e-04
+7.1973611973088036e-01  2.1809345325740921e-04
+7.1995417766654857e-01  2.1802241449268622e-04
+7.2017216455269351e-01  2.1795135421142191e-04
+7.2039008036780228e-01  2.1788027242227283e-04
+7.2060792509037019e-01  2.1780916913067446e-04
+7.2082569869889879e-01  2.1773804434469413e-04
+7.2104340117189669e-01  2.1766689807100798e-04
+7.2126103248788009e-01  2.1759573031620850e-04
+7.2147859262537128e-01  2.1752454108789920e-04
+7.2169608156290033e-01  2.1745333039265504e-04
+7.2191349927900417e-01  2.1738209823829596e-04
+7.2213084575222619e-01  2.1731084463163914e-04
+7.2234812096111811e-01  2.1723956957834392e-04
+7.2256532488423719e-01  2.1716827308750051e-04
+7.2278245750014880e-01  2.1709695516428947e-04
+7.2299951878742474e-01  2.1702561581716753e-04
+7.2321650872464405e-01  2.1695425505271815e-04
+7.2343342729039295e-01  2.1688287287787390e-04
+7.2365027446326458e-01  2.1681146929896313e-04
+7.2386705022185904e-01  2.1674004432455015e-04
+7.2408375454478358e-01  2.1666859796040487e-04
+7.2430038741065239e-01  2.1659713021452150e-04
+7.2451694879808692e-01  2.1652564109324922e-04
+7.2473343868571571e-01  2.1645413060349583e-04
+7.2494985705217396e-01  2.1638259875311218e-04
+7.2516620387610409e-01  2.1631104554886520e-04
+7.2538247913615606e-01  2.1623947099740586e-04
+7.2559868281098594e-01  2.1616787510649849e-04
+7.2581481487925781e-01  2.1609625788269085e-04
+7.2603087531964228e-01  2.1602461933312308e-04
+7.2624686411081740e-01  2.1595295946483670e-04
+7.2646278123146779e-01  2.1588127828492035e-04
+7.2667862666028549e-01  2.1580957580019235e-04
+7.2689440037596964e-01  2.1573785201847506e-04
+7.2711010235722606e-01  2.1566610694674502e-04
+7.2732573258276823e-01  2.1559434059136327e-04
+7.2754129103131637e-01  2.1552255295988670e-04
+7.2775677768159786e-01  2.1545074405962615e-04
+7.2797219251234724e-01  2.1537891389634739e-04
+7.2818753550230553e-01  2.1530706247926517e-04
+7.2840280663022217e-01  2.1523518981349639e-04
+7.2861800587485237e-01  2.1516329590722219e-04
+7.2883313321495891e-01  2.1509138076752395e-04
+7.2904818862931187e-01  2.1501944440103618e-04
+7.2926317209668801e-01  2.1494748681551412e-04
+7.2947808359587174e-01  2.1487550801720849e-04
+7.2969292310565415e-01  2.1480350801401872e-04
+7.2990769060483363e-01  2.1473148681237802e-04
+7.3012238607221547e-01  2.1465944441963360e-04
+7.3033700948661195e-01  2.1458738084371615e-04
+7.3055156082684336e-01  2.1451529609016080e-04
+7.3076604007173585e-01  2.1444319016747959e-04
+7.3098044720012356e-01  2.1437106308184594e-04
+7.3119478219084744e-01  2.1429891484072011e-04
+7.3140904502275561e-01  2.1422674545164841e-04
+7.3162323567470322e-01  2.1415455492094081e-04
+7.3183735412555273e-01  2.1408234325622064e-04
+7.3205140035417338e-01  2.1401011046504303e-04
+7.3226537433944183e-01  2.1393785655351592e-04
+7.3247927606024221e-01  2.1386558152877415e-04
+7.3269310549546485e-01  2.1379328539937063e-04
+7.3290686262400784e-01  2.1372096817148337e-04
+7.3312054742477673e-01  2.1364862985179703e-04
+7.3333415987668327e-01  2.1357627044821993e-04
+7.3354769995864699e-01  2.1350388996747857e-04
+7.3376116764959465e-01  2.1343148841716214e-04
+7.3397456292845975e-01  2.1335906580368871e-04
+7.3418788577418326e-01  2.1328662213473639e-04
+7.3440113616571279e-01  2.1321415741774901e-04
+7.3461431408200406e-01  2.1314167165883787e-04
+7.3482741950201902e-01  2.1306916486612593e-04
+7.3504045240472715e-01  2.1299663704624656e-04
+7.3525341276910483e-01  2.1292408820711199e-04
+7.3546630057413631e-01  2.1285151835457076e-04
+7.3567911579881218e-01  2.1277892749711465e-04
+7.3589185842213056e-01  2.1270631564075415e-04
+7.3610452842309670e-01  2.1263368279384425e-04
+7.3631712578072284e-01  2.1256102896260887e-04
+7.3652965047402885e-01  2.1248835415469642e-04
+7.3674210248204153e-01  2.1241565837679346e-04
+7.3695448178379452e-01  2.1234294163640640e-04
+7.3716678835832927e-01  2.1227020394054376e-04
+7.3737902218469342e-01  2.1219744529736101e-04
+7.3759118324194306e-01  2.1212466571266463e-04
+7.3780327150914060e-01  2.1205186519436870e-04
+7.3801528696535579e-01  2.1197904374938310e-04
+7.3822722958966580e-01  2.1190620138503797e-04
+7.3843909936115470e-01  2.1183333810782988e-04
+7.3865089625891378e-01  2.1176045392680710e-04
+7.3886262026204186e-01  2.1168754884734535e-04
+7.3907427134964465e-01  2.1161462287739690e-04
+7.3928584950083498e-01  2.1154167602370957e-04
+7.3949735469473299e-01  2.1146870829408663e-04
+7.3970878691046638e-01  2.1139571969497250e-04
+7.3992014612716939e-01  2.1132271023428429e-04
+7.4013143232398371e-01  2.1124967991930429e-04
+7.4034264548005846e-01  2.1117662875693048e-04
+7.4055378557455009e-01  2.1110355675343161e-04
+7.4076485258662139e-01  2.1103046391814285e-04
+7.4097584649544357e-01  2.1095735025577740e-04
+7.4118676728019395e-01  2.1088421577601622e-04
+7.4139761492005807e-01  2.1081106048415681e-04
+7.4160838939422780e-01  2.1073788438835683e-04
+7.4181909068190266e-01  2.1066468749624906e-04
+7.4202971876228940e-01  2.1059146981389798e-04
+7.4224027361460210e-01  2.1051823134898913e-04
+7.4245075521806170e-01  2.1044497210864923e-04
+7.4266116355189660e-01  2.1037169210061398e-04
+7.4287149859534241e-01  2.1029839133172309e-04
+7.4308176032764206e-01  2.1022506980925668e-04
+7.4329194872804560e-01  2.1015172754054975e-04
+7.4350206377581018e-01  2.1007836453264584e-04
+7.4371210545020050e-01  2.1000498079343138e-04
+7.4392207373048846e-01  2.0993157632912969e-04
+7.4413196859595288e-01  2.0985815114781060e-04
+7.4434179002587997e-01  2.0978470525609202e-04
+7.4455153799956364e-01  2.0971123866167624e-04
+7.4476121249630434e-01  2.0963775137102338e-04
+7.4497081349541006e-01  2.0956424339322905e-04
+7.4518034097619645e-01  2.0949071473325091e-04
+7.4538979491798552e-01  2.0941716540047673e-04
+7.4559917530010766e-01  2.0934359540014733e-04
+7.4580848210189943e-01  2.0927000474075838e-04
+7.4601771530270544e-01  2.0919639342942314e-04
+7.4622687488187689e-01  2.0912276147381343e-04
+7.4643596081877306e-01  2.0904910888000500e-04
+7.4664497309275979e-01  2.0897543565641678e-04
+7.4685391168321047e-01  2.0890174180929991e-04
+7.4706277656950604e-01  2.0882802734629058e-04
+7.4727156773103409e-01  2.0875429227521858e-04
+7.4748028514719000e-01  2.0868053660312810e-04
+7.4768892879737603e-01  2.0860676033712672e-04
+7.4789749866100208e-01  2.0853296348431435e-04
+7.4810599471748529e-01  2.0845914605301550e-04
+7.4831441694624989e-01  2.0838530804886599e-04
+7.4852276532672746e-01  2.0831144947968929e-04
+7.4873103983835687e-01  2.0823757035358370e-04
+7.4893924046058435e-01  2.0816367067730127e-04
+7.4914736717286345e-01  2.0808975045791365e-04
+7.4935541995465482e-01  2.0801580970352136e-04
+7.4956339878542666e-01  2.0794184841976313e-04
+7.4977130364465416e-01  2.0786786661553347e-04
+7.4997913451182008e-01  2.0779386429802023e-04
+7.5018689136641448e-01  2.0771984147397934e-04
+7.5039457418793454e-01  2.0764579815024266e-04
+7.5060218295588466e-01  2.0757173433575270e-04
+7.5080971764977700e-01  2.0749765003581661e-04
+7.5101717824913061e-01  2.0742354525927600e-04
+7.5122456473347210e-01  2.0734942001269735e-04
+7.5143187708233516e-01  2.0727527430343103e-04
+7.5163911527526106e-01  2.0720110813955890e-04
+7.5184627929179815e-01  2.0712692152755730e-04
+7.5205336911150233e-01  2.0705271447466064e-04
+7.5226038471393653e-01  2.0697848698909057e-04
+7.5246732607867117e-01  2.0690423907727574e-04
+7.5267419318528428e-01  2.0682997074680440e-04
+7.5288098601336073e-01  2.0675568200531437e-04
+7.5308770454249285e-01  2.0668137285942236e-04
+7.5329434875228052e-01  2.0660704331678032e-04
+7.5350091862233071e-01  2.0653269338586407e-04
+7.5370741413225795e-01  2.0645832307236847e-04
+7.5391383526168387e-01  2.0638393238485761e-04
+7.5412018199023767e-01  2.0630952132912999e-04
+7.5432645429755563e-01  2.0623508991423237e-04
+7.5453265216328169e-01  2.0616063814627298e-04
+7.5473877556706681e-01  2.0608616603405187e-04
+7.5494482448856970e-01  2.0601167358282383e-04
+7.5515079890745584e-01  2.0593716080214791e-04
+7.5535669880339873e-01  2.0586262769764277e-04
+7.5556252415607883e-01  2.0578807427706216e-04
+7.5576827494518373e-01  2.0571350054865453e-04
+7.5597395115040888e-01  2.0563890651916912e-04
+7.5617955275145698e-01  2.0556429219588290e-04
+7.5638507972803803e-01  2.0548965758640939e-04
+7.5659053205986915e-01  2.0541500269728318e-04
+7.5679590972667521e-01  2.0534032753679441e-04
+7.5700121270818799e-01  2.0526563211278295e-04
+7.5720644098414724e-01  2.0519091643121399e-04
+7.5741159453429963e-01  2.0511618050026928e-04
+7.5761667333839933e-01  2.0504142432684758e-04
+7.5782167737620798e-01  2.0496664791908996e-04
+7.5802660662749455e-01  2.0489185128344073e-04
+7.5823146107203510e-01  2.0481703442820580e-04
+7.5843624068961346e-01  2.0474219736107613e-04
+7.5864094546002092e-01  2.0466734008730666e-04
+7.5884557536305564e-01  2.0459246261663130e-04
+7.5905013037852376e-01  2.0451756495516206e-04
+7.5925461048623821e-01  2.0444264711066274e-04
+7.5945901566601992e-01  2.0436770909070423e-04
+7.5966334589769691e-01  2.0429275090212118e-04
+7.5986760116110430e-01  2.0421777255300150e-04
+7.6007178143608511e-01  2.0414277405069264e-04
+7.6027588670248991e-01  2.0406775540136692e-04
+7.6047991694017569e-01  2.0399271661433356e-04
+7.6068387212900790e-01  2.0391765769552981e-04
+7.6088775224885885e-01  2.0384257865319896e-04
+7.6109155727960853e-01  2.0376747949386206e-04
+7.6129528720114403e-01  2.0369236022617154e-04
+7.6149894199336021e-01  2.0361722085645431e-04
+7.6170252163615892e-01  2.0354206139277340e-04
+7.6190602610944980e-01  2.0346688184189629e-04
+7.6210945539314978e-01  2.0339168221172191e-04
+7.6231280946718316e-01  2.0331646251032511e-04
+7.6251608831148177e-01  2.0324122274365696e-04
+7.6271929190598486e-01  2.0316596292006134e-04
+7.6292242023063872e-01  2.0309068304683235e-04
+7.6312547326539759e-01  2.0301538313184577e-04
+7.6332845099022339e-01  2.0294006318087436e-04
+7.6353135338508404e-01  2.0286472320379801e-04
+7.6373418042995689e-01  2.0278936320573498e-04
+7.6393693210482505e-01  2.0271398319572732e-04
+7.6413960838968009e-01  2.0263858318033244e-04
+7.6434220926452023e-01  2.0256316316756784e-04
+7.6454473470935203e-01  2.0248772316524153e-04
+7.6474718470418890e-01  2.0241226317913838e-04
+7.6494955922905172e-01  2.0233678321836344e-04
+7.6515185826396892e-01  2.0226128328937909e-04
+7.6535408178897657e-01  2.0218576340054752e-04
+7.6555622978411786e-01  2.0211022355823101e-04
+7.6575830222944352e-01  2.0203466377005744e-04
+7.6596029910501207e-01  2.0195908404416633e-04
+7.6616222039088877e-01  2.0188348438816375e-04
+7.6636406606714691e-01  2.0180786480905236e-04
+7.6656583611386753e-01  2.0173222531398732e-04
+7.6676753051113833e-01  2.0165656591038809e-04
+7.6696914923905490e-01  2.0158088660641549e-04
+7.6717069227772017e-01  2.0150518740951685e-04
+7.6737215960724492e-01  2.0142946832620286e-04
+7.6757355120774684e-01  2.0135372936540066e-04
+7.6777486705935161e-01  2.0127797053326777e-04
+7.6797610714219200e-01  2.0120219183754267e-04
+7.6817727143640824e-01  2.0112639328675493e-04
+7.6837835992214853e-01  2.0105057488665253e-04
+7.6857937257956799e-01  2.0097473664587627e-04
+7.6878030938882946e-01  2.0089887857175216e-04
+7.6898117033010316e-01  2.0082300067224393e-04
+7.6918195538356715e-01  2.0074710295376954e-04
+7.6938266452940662e-01  2.0067118542402220e-04
+7.6958329774781420e-01  2.0059524809133361e-04
+7.6978385501899060e-01  2.0051929096208436e-04
+7.6998433632314289e-01  2.0044331404566476e-04
+7.7018474164048678e-01  2.0036731734722474e-04
+7.7038507095124531e-01  2.0029130087470748e-04
+7.7058532423564818e-01  2.0021526463732882e-04
+7.7078550147393354e-01  2.0013920864095101e-04
+7.7098560264634641e-01  2.0006313289362902e-04
+7.7118562773313970e-01  1.9998703740301002e-04
+7.7138557671457364e-01  1.9991092217703062e-04
+7.7158544957091624e-01  1.9983478722114710e-04
+7.7178524628244249e-01  1.9975863254554342e-04
+7.7198496682943540e-01  1.9968245815603079e-04
+7.7218461119218551e-01  1.9960626406021384e-04
+7.7238417935099013e-01  1.9953005026664066e-04
+7.7258367128615513e-01  1.9945381678224605e-04
+7.7278308697799325e-01  1.9937756361431653e-04
+7.7298242640682480e-01  1.9930129077087123e-04
+7.7318168955297817e-01  1.9922499825878308e-04
+7.7338087639678832e-01  1.9914868608548509e-04
+7.7357998691859864e-01  1.9907235425940261e-04
+7.7377902109875918e-01  1.9899600278824449e-04
+7.7397797891762865e-01  1.9891963167818414e-04
+7.7417686035557221e-01  1.9884324093748907e-04
+7.7437566539296299e-01  1.9876683057476333e-04
+7.7457439401018235e-01  1.9869040059499620e-04
+7.7477304618761766e-01  1.9861395100847354e-04
+7.7497162190566504e-01  1.9853748182095213e-04
+7.7517012114472794e-01  1.9846099304056018e-04
+7.7536854388521714e-01  1.9838448467472496e-04
+7.7556689010755109e-01  1.9830795673073459e-04
+7.7576515979215555e-01  1.9823140921732883e-04
+7.7596335291946450e-01  1.9815484214048826e-04
+7.7616146946991837e-01  1.9807825550902989e-04
+7.7635950942396637e-01  1.9800164932983467e-04
+7.7655747276206444e-01  1.9792502361027717e-04
+7.7675535946467633e-01  1.9784837835885101e-04
+7.7695316951227344e-01  1.9777171358236842e-04
+7.7715090288533450e-01  1.9769502928836119e-04
+7.7734855956434634e-01  1.9761832548419875e-04
+7.7754613952980245e-01  1.9754160217865102e-04
+7.7774364276220487e-01  1.9746485937774174e-04
+7.7794106924206241e-01  1.9738809709017078e-04
+7.7813841894989211e-01  1.9731131532345678e-04
+7.7833569186621798e-01  1.9723451408458763e-04
+7.7853288797157216e-01  1.9715769338127890e-04
+7.7873000724649410e-01  1.9708085322096199e-04
+7.7892704967153070e-01  1.9700399361140009e-04
+7.7912401522723673e-01  1.9692711456072167e-04
+7.7932090389417419e-01  1.9685021607632755e-04
+7.7951771565291317e-01  1.9677329816533261e-04
+7.7971445048403099e-01  1.9669636083544800e-04
+7.7991110836811284e-01  1.9661940409345882e-04
+7.8010768928575080e-01  1.9654242794916725e-04
+7.8030419321754541e-01  1.9646543240840200e-04
+7.8050062014410437e-01  1.9638841747895443e-04
+7.8069697004604310e-01  1.9631138316899264e-04
+7.8089324290398454e-01  1.9623432948560733e-04
+7.8108943869855918e-01  1.9615725643697579e-04
+7.8128555741040540e-01  1.9608016402995637e-04
+7.8148159902016889e-01  1.9600305227251530e-04
+7.8167756350850304e-01  1.9592592117218831e-04
+7.8187345085606885e-01  1.9584877073699477e-04
+7.8206926104353502e-01  1.9577160097409554e-04
+7.8226499405157768e-01  1.9569441189199943e-04
+7.8246064986088082e-01  1.9561720349620766e-04
+7.8265622845213589e-01  1.9553997579622683e-04
+7.8285172980604190e-01  1.9546272880006997e-04
+7.8304715390330559e-01  1.9538546251386186e-04
+7.8324250072464130e-01  1.9530817694555678e-04
+7.8343777025077121e-01  1.9523087210275767e-04
+7.8363296246242475e-01  1.9515354799359982e-04
+7.8382807734033899e-01  1.9507620462542728e-04
+7.8402311486525900e-01  1.9499884200657792e-04
+7.8421807501793728e-01  1.9492146014332587e-04
+7.8441295777913389e-01  1.9484405904422519e-04
+7.8460776312961644e-01  1.9476663871691302e-04
+7.8480249105016053e-01  1.9468919916890102e-04
+7.8499714152154931e-01  1.9461174040720492e-04
+7.8519171452457326e-01  1.9453426244074644e-04
+7.8538621004003084e-01  1.9445676527553800e-04
+7.8558062804872786e-01  1.9437924892017817e-04
+7.8577496853147810e-01  1.9430171338321309e-04
+7.8596923146910280e-01  1.9422415867118020e-04
+7.8616341684243074e-01  1.9414658479189307e-04
+7.8635752463229891e-01  1.9406899175250110e-04
+7.8655155481955141e-01  1.9399137956101082e-04
+7.8674550738503990e-01  1.9391374822542136e-04
+7.8693938230962401e-01  1.9383609775440724e-04
+7.8713317957417117e-01  1.9375842815242639e-04
+7.8732689915955612e-01  1.9368073943062556e-04
+7.8752054104666136e-01  1.9360303159482215e-04
+7.8771410521637730e-01  1.9352530465332370e-04
+7.8790759164960167e-01  1.9344755861315114e-04
+7.8810100032723995e-01  1.9336979348289567e-04
+7.8829433123020576e-01  1.9329200926922337e-04
+7.8848758433941968e-01  1.9321420598043324e-04
+7.8868075963581052e-01  1.9313638362374811e-04
+7.8887385710031421e-01  1.9305854220804229e-04
+7.8906687671387499e-01  1.9298068173938509e-04
+7.8925981845744442e-01  1.9290280222614628e-04
+7.8945268231198162e-01  1.9282490367680442e-04
+7.8964546825845416e-01  1.9274698609727395e-04
+7.8983817627783615e-01  1.9266904949691475e-04
+7.9003080635111012e-01  1.9259109388299357e-04
+7.9022335845926628e-01  1.9251311926246682e-04
+7.9041583258330239e-01  1.9243512564372041e-04
+7.9060822870422376e-01  1.9235711303444410e-04
+7.9080054680304368e-01  1.9227908144200666e-04
+7.9099278686078289e-01  1.9220103087462672e-04
+7.9118494885847013e-01  1.9212296133931526e-04
+7.9137703277714155e-01  1.9204487284395954e-04
+7.9156903859784111e-01  1.9196676539706231e-04
+7.9176096630162074e-01  1.9188863900485327e-04
+7.9195281586953925e-01  1.9181049367690656e-04
+7.9214458728266424e-01  1.9173232941941632e-04
+7.9233628052207039e-01  1.9165414624077839e-04
+7.9252789556884040e-01  1.9157594414807104e-04
+7.9271943240406428e-01  1.9149772314948926e-04
+7.9291089100884005e-01  1.9141948325278405e-04
+7.9310227136427325e-01  1.9134122446620190e-04
+7.9329357345147744e-01  1.9126294679660429e-04
+7.9348479725157395e-01  1.9118465025164545e-04
+7.9367594274569131e-01  1.9110633483984731e-04
+7.9386700991496628e-01  1.9102800056778932e-04
+7.9405799874054295e-01  1.9094964744459790e-04
+7.9424890920357383e-01  1.9087127547673193e-04
+7.9443974128521810e-01  1.9079288467275650e-04
+7.9463049496664362e-01  1.9071447504065767e-04
+7.9482117022902576e-01  1.9063604658690677e-04
+7.9501176705354704e-01  1.9055759932079880e-04
+7.9520228542139859e-01  1.9047913324877626e-04
+7.9539272531377880e-01  1.9040064837920977e-04
+7.9558308671189393e-01  1.9032214471991936e-04
+7.9577336959695777e-01  1.9024362227859439e-04
+7.9596357395019224e-01  1.9016508106194671e-04
+7.9615369975282646e-01  1.9008652108001449e-04
+7.9634374698609789e-01  1.9000794233818013e-04
+7.9653371563125175e-01  1.8992934484495565e-04
+7.9672360566954037e-01  1.8985072860881508e-04
+7.9691341708222407e-01  1.8977209363745760e-04
+7.9710314985057173e-01  1.8969343993715602e-04
+7.9729280395585889e-01  1.8961476751739822e-04
+7.9748237937936928e-01  1.8953607638551743e-04
+7.9767187610239465e-01  1.8945736654861901e-04
+7.9786129410623419e-01  1.8937863801493510e-04
+7.9805063337219495e-01  1.8929989079199223e-04
+7.9823989388159178e-01  1.8922112488825840e-04
+7.9842907561574716e-01  1.8914234031147708e-04
+7.9861817855599171e-01  1.8906353706827324e-04
+7.9880720268366345e-01  1.8898471516690002e-04
+7.9899614798010832e-01  1.8890587461541138e-04
+7.9918501442668011e-01  1.8882701542213571e-04
+7.9937380200474029e-01  1.8874813759309995e-04
+7.9956251069565787e-01  1.8866924113812778e-04
+7.9975114048081020e-01  1.8859032606405738e-04
+7.9993969134158205e-01  1.8851139237896755e-04
+8.0012816325936598e-01  1.8843244009008632e-04
+8.0031655621556275e-01  1.8835346920515747e-04
+8.0050487019158023e-01  1.8827447973252307e-04
+8.0069310516883441e-01  1.8819547168012326e-04
+8.0088126112874936e-01  1.8811644505554165e-04
+8.0106933805275649e-01  1.8803739986603834e-04
+8.0125733592229542e-01  1.8795833611964124e-04
+8.0144525471881312e-01  1.8787925382455944e-04
+8.0163309442376451e-01  1.8780015298863078e-04
+8.0182085501861278e-01  1.8772103361893252e-04
+8.0200853648482828e-01  1.8764189572453412e-04
+8.0219613880388962e-01  1.8756273931211565e-04
+8.0238366195728283e-01  1.8748356439013991e-04
+8.0257110592650216e-01  1.8740437096587969e-04
+8.0275847069304951e-01  1.8732515904721356e-04
+8.0294575623843434e-01  1.8724592864221778e-04
+8.0313296254417432e-01  1.8716667975872623e-04
+8.0332008959179479e-01  1.8708741240450256e-04
+8.0350713736282886e-01  1.8700812658711775e-04
+8.0369410583881740e-01  1.8692882231477213e-04
+8.0388099500130927e-01  1.8684949959544363e-04
+8.0406780483186124e-01  1.8677015843617475e-04
+8.0425453531203761e-01  1.8669079884544196e-04
+8.0444118642341067e-01  1.8661142083102109e-04
+8.0462775814756060e-01  1.8653202440024235e-04
+8.0481425046607535e-01  1.8645260956163883e-04
+8.0500066336055043e-01  1.8637317632333361e-04
+8.0518699681259009e-01  1.8629372469111904e-04
+8.0537325080380517e-01  1.8621425467558284e-04
+8.0555942531581515e-01  1.8613476628310337e-04
+8.0574552033024749e-01  1.8605525952157653e-04
+8.0593153582873689e-01  1.8597573439823543e-04
+8.0611747179292603e-01  1.8589619092231752e-04
+8.0630332820446604e-01  1.8581662910079245e-04
+8.0648910504501514e-01  1.8573704894236934e-04
+8.0667480229623978e-01  1.8565745045350142e-04
+8.0686041993981439e-01  1.8557783364267654e-04
+8.0704595795742073e-01  1.8549819851824951e-04
+8.0723141633074902e-01  1.8541854508825236e-04
+8.0741679504149722e-01  1.8533887335917871e-04
+8.0760209407137062e-01  1.8525918334078004e-04
+8.0778731340208310e-01  1.8517947503819462e-04
+8.0797245301535592e-01  1.8509974846218664e-04
+8.0815751289291826e-01  1.8502000361898910e-04
+8.0834249301650751e-01  1.8494024051708319e-04
+8.0852739336786861e-01  1.8486045916351910e-04
+8.0871221392875436e-01  1.8478065956768939e-04
+8.0889695468092548e-01  1.8470084173629009e-04
+8.0908161560615077e-01  1.8462100567722957e-04
+8.0926619668620681e-01  1.8454115139836624e-04
+8.0945069790287771e-01  1.8446127890875955e-04
+8.0963511923795606e-01  1.8438138821460405e-04
+8.0981946067324184e-01  1.8430147932469817e-04
+8.1000372219054306e-01  1.8422155224741171e-04
+8.1018790377167582e-01  1.8414160698942316e-04
+8.1037200539846388e-01  1.8406164355865102e-04
+8.1055602705273888e-01  1.8398166196474677e-04
+8.1073996871634058e-01  1.8390166221329119e-04
+8.1092383037111626e-01  1.8382164431427126e-04
+8.1110761199892156e-01  1.8374160827362506e-04
+8.1129131358161954e-01  1.8366155410098748e-04
+8.1147493510108171e-01  1.8358148180288615e-04
+8.1165847653918677e-01  1.8350139138818462e-04
+8.1184193787782188e-01  1.8342128286478809e-04
+8.1202531909888220e-01  1.8334115623955033e-04
+8.1220862018427009e-01  1.8326101152132932e-04
+8.1239184111589657e-01  1.8318084871815101e-04
+8.1257498187568022e-01  1.8310066783767183e-04
+8.1275804244554750e-01  1.8302046888670265e-04
+8.1294102280743297e-01  1.8294025187437195e-04
+8.1312392294327895e-01  1.8286001680852478e-04
+8.1330674283503568e-01  1.8277976369784714e-04
+8.1348948246466146e-01  1.8269949254830404e-04
+8.1367214181412229e-01  1.8261920336915620e-04
+8.1385472086539223e-01  1.8253889616769663e-04
+8.1403721960045328e-01  1.8245857095283271e-04
+8.1421963800129549e-01  1.8237822773171724e-04
+8.1440197604991660e-01  1.8229786651171247e-04
+8.1458423372832212e-01  1.8221748730233789e-04
+8.1476641101852609e-01  1.8213709010990770e-04
+8.1494850790254991e-01  1.8205667494292454e-04
+8.1513052436242317e-01  1.8197624181011464e-04
+8.1531246038018357e-01  1.8189579071775219e-04
+8.1549431593787625e-01  1.8181532167653336e-04
+8.1567609101755467e-01  1.8173483469127402e-04
+8.1585778560128008e-01  1.8165432977197387e-04
+8.1603939967112216e-01  1.8157380692445315e-04
+8.1622093320915756e-01  1.8149326616001457e-04
+8.1640238619747163e-01  1.8141270748335572e-04
+8.1658375861815746e-01  1.8133213090558548e-04
+8.1676505045331627e-01  1.8125153643053308e-04
+8.1694626168505680e-01  1.8117092406969929e-04
+8.1712739229549602e-01  1.8109029383024753e-04
+8.1730844226675914e-01  1.8100964571889070e-04
+8.1748941158097888e-01  1.8092897974471194e-04
+8.1767030022029608e-01  1.8084829591459974e-04
+8.1785110816685935e-01  1.8076759423783984e-04
+8.1803183540282554e-01  1.8068687472180107e-04
+8.1821248191035945e-01  1.8060613737426226e-04
+8.1839304767163368e-01  1.8052538220408144e-04
+8.1857353266882904e-01  1.8044460921805928e-04
+8.1875393688413389e-01  1.8036381842487437e-04
+8.1893426029974514e-01  1.8028300983184836e-04
+8.1911450289786714e-01  1.8020218344746937e-04
+8.1929466466071255e-01  1.8012133928013989e-04
+8.1947474557050182e-01  1.8004047733672827e-04
+8.1965474560946350e-01  1.7995959762623969e-04
+8.1983466475983402e-01  1.7987870015589684e-04
+8.2001450300385792e-01  1.7979778493413365e-04
+8.2019426032378751e-01  1.7971685196907961e-04
+8.2037393670188352e-01  1.7963590126782002e-04
+8.2055353212041415e-01  1.7955493283921235e-04
+8.2073304656165580e-01  1.7947394669154569e-04
+8.2091248000789285e-01  1.7939294283212342e-04
+8.2109183244141803e-01  1.7931192126849075e-04
+8.2127110384453139e-01  1.7923088200922670e-04
+8.2145029419954130e-01  1.7914982506364970e-04
+8.2162940348876434e-01  1.7906875043734763e-04
+8.2180843169452489e-01  1.7898765813945418e-04
+8.2198737879915518e-01  1.7890654817837847e-04
+8.2216624478499578e-01  1.7882542056134500e-04
+8.2234502963439504e-01  1.7874427529661316e-04
+8.2252373332970929e-01  1.7866311239251751e-04
+8.2270235585330298e-01  1.7858193185720149e-04
+8.2288089718754853e-01  1.7850073369790772e-04
+8.2305935731482649e-01  1.7841951792318822e-04
+8.2323773621752516e-01  1.7833828454069377e-04
+8.2341603387804119e-01  1.7825703355869293e-04
+8.2359425027877875e-01  1.7817576498554928e-04
+8.2377238540215059e-01  1.7809447882876497e-04
+8.2395043923057731e-01  1.7801317509667759e-04
+8.2412841174648732e-01  1.7793185379653463e-04
+8.2430630293231721e-01  1.7785051493722823e-04
+8.2448411277051159e-01  1.7776915852678739e-04
+8.2466184124352293e-01  1.7768778457313760e-04
+8.2483948833381215e-01  1.7760639308389201e-04
+8.2501705402384773e-01  1.7752498406758786e-04
+8.2519453829610678e-01  1.7744355753139172e-04
+8.2537194113307355e-01  1.7736211348420858e-04
+8.2554926251724103e-01  1.7728065193439369e-04
+8.2572650243111012e-01  1.7719917288896785e-04
+8.2590366085718958e-01  1.7711767635617527e-04
+8.2608073777799640e-01  1.7703616234550885e-04
+8.2625773317605566e-01  1.7695463086211271e-04
+8.2643464703390013e-01  1.7687308191644465e-04
+8.2661147933407064e-01  1.7679151551671082e-04
+8.2678823005911695e-01  1.7670993166977452e-04
+8.2696489919159588e-01  1.7662833038279517e-04
+8.2714148671407250e-01  1.7654671166577411e-04
+8.2731799260912009e-01  1.7646507552614531e-04
+8.2749441685931990e-01  1.7638342197241503e-04
+8.2767075944726176e-01  1.7630175101082085e-04
+8.2784702035554258e-01  1.7622006265227043e-04
+8.2802319956676818e-01  1.7613835690155085e-04
+8.2819929706355166e-01  1.7605663376942503e-04
+8.2837531282851518e-01  1.7597489326211761e-04
+8.2855124684428805e-01  1.7589313538950843e-04
+8.2872709909350817e-01  1.7581136015823402e-04
+8.2890286955882131e-01  1.7572956757732987e-04
+8.2907855822288135e-01  1.7564775765390405e-04
+8.2925416506835026e-01  1.7556593039615598e-04
+8.2942969007789813e-01  1.7548408581244957e-04
+8.2960513323420293e-01  1.7540222391176710e-04
+8.2978049451995095e-01  1.7532034470040699e-04
+8.2995577391783637e-01  1.7523844818736169e-04
+8.3013097141056158e-01  1.7515653438104212e-04
+8.3030608698083708e-01  1.7507460328997611e-04
+8.3048112061138135e-01  1.7499265491978776e-04
+8.3065607228492100e-01  1.7491068928141901e-04
+8.3083094198419061e-01  1.7482870638110742e-04
+8.3100572969193309e-01  1.7474670622890916e-04
+8.3118043539089925e-01  1.7466468883010103e-04
+8.3135505906384788e-01  1.7458265419543310e-04
+8.3152960069354653e-01  1.7450060233061004e-04
+8.3170406026276988e-01  1.7441853324604551e-04
+8.3187843775430126e-01  1.7433644694866423e-04
+8.3205273315093220e-01  1.7425434344727080e-04
+8.3222694643546213e-01  1.7417222274721195e-04
+8.3240107759069848e-01  1.7409008486063348e-04
+8.3257512659945687e-01  1.7400792979343675e-04
+8.3274909344456116e-01  1.7392575755437471e-04
+8.3292297810884341e-01  1.7384356815119891e-04
+8.3309678057514325e-01  1.7376136159141562e-04
+8.3327050082630927e-01  1.7367913788283724e-04
+8.3344413884519708e-01  1.7359689703643651e-04
+8.3361769461467139e-01  1.7351463905778788e-04
+8.3379116811760468e-01  1.7343236395587656e-04
+8.3396455933687719e-01  1.7335007173795050e-04
+8.3413786825537795e-01  1.7326776241315722e-04
+8.3431109485600374e-01  1.7318543598863784e-04
+8.3448423912165892e-01  1.7310309247452999e-04
+8.3465730103525759e-01  1.7302073187575658e-04
+8.3483028057971986e-01  1.7293835420372552e-04
+8.3500317773797583e-01  1.7285595946413374e-04
+8.3517599249296237e-01  1.7277354766649642e-04
+8.3534872482762546e-01  1.7269111881810471e-04
+8.3552137472491861e-01  1.7260867292846427e-04
+8.3569394216780379e-01  1.7252621000383850e-04
+8.3586642713925086e-01  1.7244373005352337e-04
+8.3603882962223808e-01  1.7236123308514854e-04
+8.3621114959975140e-01  1.7227871910780764e-04
+8.3638338705478543e-01  1.7219618812845078e-04
+8.3655554197034299e-01  1.7211364015519670e-04
+8.3672761432943432e-01  1.7203107519749215e-04
+8.3689960411507847e-01  1.7194849326202774e-04
+8.3707151131030233e-01  1.7186589435785939e-04
+8.3724333589814104e-01  1.7178327849345112e-04
+8.3741507786163805e-01  1.7170064567617512e-04
+8.3758673718384458e-01  1.7161799591441040e-04
+8.3775831384782051e-01  1.7153532921577099e-04
+8.3792980783663340e-01  1.7145264558915201e-04
+8.3810121913335900e-01  1.7136994504344237e-04
+8.3827254772108184e-01  1.7128722758515184e-04
+8.3844379358289389e-01  1.7120449322266157e-04
+8.3861495670189545e-01  1.7112174196517625e-04
+8.3878603706119503e-01  1.7103897382059609e-04
+8.3895703464390992e-01  1.7095618879604495e-04
+8.3912794943316427e-01  1.7087338690138261e-04
+8.3929878141209158e-01  1.7079056814382480e-04
+8.3946953056383311e-01  1.7070773253117141e-04
+8.3964019687153812e-01  1.7062488007213154e-04
+8.3981078031836431e-01  1.7054201077495033e-04
+8.3998128088747759e-01  1.7045912464712010e-04
+8.4015169856205152e-01  1.7037622169838848e-04
+8.4032203332526856e-01  1.7029330193431679e-04
+8.4049228516031893e-01  1.7021036536594289e-04
+8.4066245405040108e-01  1.7012741199929718e-04
+8.4083253997872176e-01  1.7004444184434711e-04
+8.4100254292849597e-01  1.6996145490735142e-04
+8.4117246288294623e-01  1.6987845119855613e-04
+8.4134229982530440e-01  1.6979543072453827e-04
+8.4151205373880988e-01  1.6971239349364097e-04
+8.4168172460670976e-01  1.6962933951576714e-04
+8.4185131241226041e-01  1.6954626879717654e-04
+8.4202081713872556e-01  1.6946318134620589e-04
+8.4219023876937771e-01  1.6938007717221256e-04
+8.4235957728749722e-01  1.6929695628174247e-04
+8.4252883267637235e-01  1.6921381868483616e-04
+8.4269800491930025e-01  1.6913066438928439e-04
+8.4286709399958615e-01  1.6904749340201848e-04
+8.4303609990054296e-01  1.6896430573210011e-04
+8.4320502260549224e-01  1.6888110138802827e-04
+8.4337386209776366e-01  1.6879788037825951e-04
+8.4354261836069511e-01  1.6871464270961644e-04
+8.4371129137763257e-01  1.6863138839161106e-04
+8.4387988113193058e-01  1.6854811743189299e-04
+8.4404838760695133e-01  1.6846482983916858e-04
+8.4421681078606603e-01  1.6838152562025882e-04
+8.4438515065265329e-01  1.6829820478474528e-04
+8.4455340719010019e-01  1.6821486734170432e-04
+8.4472158038180245e-01  1.6813151329722823e-04
+8.4488967021116357e-01  1.6804814266018446e-04
+8.4505767666159537e-01  1.6796475543980410e-04
+8.4522559971651789e-01  1.6788135164373099e-04
+8.4539343935935962e-01  1.6779793127963855e-04
+8.4556119557355713e-01  1.6771449435587111e-04
+8.4572886834255478e-01  1.6763104088197078e-04
+8.4589645764980614e-01  1.6754757086395812e-04
+8.4606396347877211e-01  1.6746408431294918e-04
+8.4623138581292223e-01  1.6738058123437407e-04
+8.4639872463573429e-01  1.6729706163791733e-04
+8.4656597993069438e-01  1.6721352553147461e-04
+8.4673315168129648e-01  1.6712997292388901e-04
+8.4690023987104324e-01  1.6704640382194505e-04
+8.4706724448344528e-01  1.6696281823510225e-04
+8.4723416550202146e-01  1.6687921617238060e-04
+8.4740100291029918e-01  1.6679559763938833e-04
+8.4756775669181361e-01  1.6671196264719161e-04
+8.4773442683010902e-01  1.6662831120176132e-04
+8.4790101330873657e-01  1.6654464331371626e-04
+8.4806751611125719e-01  1.6646095898884827e-04
+8.4823393522123891e-01  1.6637725823737376e-04
+8.4840027062225865e-01  1.6629354106665269e-04
+8.4856652229790130e-01  1.6620980748508892e-04
+8.4873269023176046e-01  1.6612605750079742e-04
+8.4889877440743722e-01  1.6604229112211001e-04
+8.4906477480854137e-01  1.6595850835735454e-04
+8.4923069141869145e-01  1.6587470921399457e-04
+8.4939652422151335e-01  1.6579089370200400e-04
+8.4956227320064170e-01  1.6570706182854016e-04
+8.4972793833971960e-01  1.6562321360220924e-04
+8.4989351962239779e-01  1.6553934903130297e-04
+8.5005901703233622e-01  1.6545546812304571e-04
+8.5022443055320207e-01  1.6537157088748658e-04
+8.5038976016867163e-01  1.6528765733220708e-04
+8.5055500586242916e-01  1.6520372746480264e-04
+8.5072016761816682e-01  1.6511978129492432e-04
+8.5088524541958610e-01  1.6503581882861278e-04
+8.5105023925039558e-01  1.6495184007619964e-04
+8.5121514909431251e-01  1.6486784504587845e-04
+8.5137997493506312e-01  1.6478383374504059e-04
+8.5154471675638110e-01  1.6469980618175750e-04
+8.5170937454200857e-01  1.6461576236532848e-04
+8.5187394827569629e-01  1.6453170230349790e-04
+8.5203843794120304e-01  1.6444762600438545e-04
+8.5220284352229592e-01  1.6436353347681106e-04
+8.5236716500275045e-01  1.6427942472947159e-04
+8.5253140236635039e-01  1.6419529976918943e-04
+8.5269555559688759e-01  1.6411115860554080e-04
+8.5285962467816268e-01  1.6402700124652084e-04
+8.5302360959398404e-01  1.6394282769973298e-04
+8.5318751032816875e-01  1.6385863797470073e-04
+8.5335132686454229e-01  1.6377443207768317e-04
+8.5351505918693782e-01  1.6369021002028732e-04
+8.5367870727919748e-01  1.6360597180832727e-04
+8.5384227112517141e-01  1.6352171745010331e-04
+8.5400575070871820e-01  1.6343744695474378e-04
+8.5416914601370442e-01  1.6335316033068778e-04
+8.5433245702400551e-01  1.6326885758524720e-04
+8.5449568372350471e-01  1.6318453872910091e-04
+8.5465882609609400e-01  1.6310020376716125e-04
+8.5482188412567328e-01  1.6301585270977936e-04
+8.5498485779615119e-01  1.6293148556584152e-04
+8.5514774709144414e-01  1.6284710234224138e-04
+8.5531055199547779e-01  1.6276270304727144e-04
+8.5547327249218497e-01  1.6267828769071584e-04
+8.5563590856550764e-01  1.6259385628005518e-04
+8.5579846019939598e-01  1.6250940882307262e-04
+8.5596092737780816e-01  1.6242494532931961e-04
+8.5612331008471110e-01  1.6234046580639253e-04
+8.5628560830407996e-01  1.6225597026162661e-04
+8.5644782201989766e-01  1.6217145870589696e-04
+8.5660995121615646e-01  1.6208693114552362e-04
+8.5677199587685637e-01  1.6200238758918081e-04
+8.5693395598600564e-01  1.6191782804539698e-04
+8.5709583152762114e-01  1.6183325252273092e-04
+8.5725762248572801e-01  1.6174866102960797e-04
+8.5741932884435956e-01  1.6166405357450955e-04
+8.5758095058755790e-01  1.6157943016405739e-04
+8.5774248769937300e-01  1.6149479080931599e-04
+8.5790394016386340e-01  1.6141013551623971e-04
+8.5806530796509617e-01  1.6132546429448451e-04
+8.5822659108714605e-01  1.6124077715290561e-04
+8.5838778951409711e-01  1.6115607409823772e-04
+8.5854890323004118e-01  1.6107135513968086e-04
+8.5870993221907832e-01  1.6098662028663548e-04
+8.5887087646531768e-01  1.6090186954519572e-04
+8.5903173595287585e-01  1.6081710292537948e-04
+8.5919251066587832e-01  1.6073232043573607e-04
+8.5935320058845899e-01  1.6064752208350055e-04
+8.5951380570475977e-01  1.6056270787732417e-04
+8.5967432599893134e-01  1.6047787782577937e-04
+8.5983476145513249e-01  1.6039303193799470e-04
+8.5999511205753054e-01  1.6030817022122821e-04
+8.6015537779030105e-01  1.6022329268393267e-04
+8.6031555863762788e-01  1.6013839933508135e-04
+8.6047565458370356e-01  1.6005349018274976e-04
+8.6063566561272875e-01  1.5996856523558178e-04
+8.6079559170891251e-01  1.5988362450191301e-04
+8.6095543285647280e-01  1.5979866798890950e-04
+8.6111518903963480e-01  1.5971369570667884e-04
+8.6127486024263322e-01  1.5962870766389063e-04
+8.6143444644971057e-01  1.5954370386684743e-04
+8.6159394764511810e-01  1.5945868432516152e-04
+8.6175336381311496e-01  1.5937364904728066e-04
+8.6191269493796940e-01  1.5928859804054362e-04
+8.6207194100395701e-01  1.5920353131555794e-04
+8.6223110199536279e-01  1.5911844887921830e-04
+8.6239017789647998e-01  1.5903335073989421e-04
+8.6254916869160958e-01  1.5894823690520911e-04
+8.6270807436506158e-01  1.5886310738520495e-04
+8.6286689490115420e-01  1.5877796218827860e-04
+8.6302563028421386e-01  1.5869280132111511e-04
+8.6318428049857587e-01  1.5860762479351842e-04
+8.6334284552858342e-01  1.5852243261364553e-04
+8.6350132535858837e-01  1.5843722479002927e-04
+8.6365971997295121e-01  1.5835200132987906e-04
+8.6381802935604002e-01  1.5826676224384400e-04
+8.6397625349223239e-01  1.5818150753765887e-04
+8.6413439236591350e-01  1.5809623722286482e-04
+8.6429244596147736e-01  1.5801095130525035e-04
+8.6445041426332625e-01  1.5792564979463981e-04
+8.6460829725587085e-01  1.5784033269805080e-04
+8.6476609492353018e-01  1.5775500002511618e-04
+8.6492380725073204e-01  1.5766965178388442e-04
+8.6508143422191219e-01  1.5758428798348398e-04
+8.6523897582151510e-01  1.5749890863151682e-04
+8.6539643203399363e-01  1.5741351373666537e-04
+8.6555380284380901e-01  1.5732810330639852e-04
+8.6571108823543108e-01  1.5724267735020724e-04
+8.6586828819333750e-01  1.5715723587694664e-04
+8.6602540270201511e-01  1.5707177889455956e-04
+8.6618243174595899e-01  1.5698630641121939e-04
+8.6633937530967231e-01  1.5690081843511416e-04
+8.6649623337766712e-01  1.5681531497471291e-04
+8.6665300593446326e-01  1.5672979604000449e-04
+8.6680969296459032e-01  1.5664426163643010e-04
+8.6696629445258444e-01  1.5655871177582440e-04
+8.6712281038299177e-01  1.5647314646488399e-04
+8.6727924074036633e-01  1.5638756571215471e-04
+8.6743558550927058e-01  1.5630196952532371e-04
+8.6759184467427541e-01  1.5621635791393345e-04
+8.6774801821996006e-01  1.5613073088730121e-04
+8.6790410613091251e-01  1.5604508845175108e-04
+8.6806010839172931e-01  1.5595943061643493e-04
+8.6821602498701478e-01  1.5587375739026059e-04
+8.6837185590138222e-01  1.5578806878162842e-04
+8.6852760111945326e-01  1.5570236479906774e-04
+8.6868326062585799e-01  1.5561664545054782e-04
+8.6883883440523513e-01  1.5553091074511457e-04
+8.6899432244223163e-01  1.5544516069041989e-04
+8.6914972472150276e-01  1.5535939529601645e-04
+8.6930504122771279e-01  1.5527361457013896e-04
+8.6946027194553399e-01  1.5518781851962075e-04
+8.6961541685964705e-01  1.5510200715449957e-04
+8.6977047595474155e-01  1.5501618048346314e-04
+8.6992544921551529e-01  1.5493033851474801e-04
+8.7008033662667450e-01  1.5484448125527964e-04
+8.7023513817293385e-01  1.5475860871701946e-04
+8.7038985383901668e-01  1.5467272090420681e-04
+8.7054448360965464e-01  1.5458681782771398e-04
+8.7069902746958783e-01  1.5450089949616778e-04
+8.7085348540356511e-01  1.5441496591751919e-04
+8.7100785739634357e-01  1.5432901709992925e-04
+8.7116214343268861e-01  1.5424305305336596e-04
+8.7131634349737475e-01  1.5415707378277252e-04
+8.7147045757518393e-01  1.5407107930111318e-04
+8.7162448565090789e-01  1.5398506961356194e-04
+8.7177842770934577e-01  1.5389904473081666e-04
+8.7193228373530585e-01  1.5381300465924154e-04
+8.7208605371360437e-01  1.5372694940951918e-04
+8.7223973762906681e-01  1.5364087898858431e-04
+8.7239333546652642e-01  1.5355479340496353e-04
+8.7254684721082509e-01  1.5346869266870058e-04
+8.7270027284681362e-01  1.5338257678552820e-04
+8.7285361235935077e-01  1.5329644576651168e-04
+8.7300686573330433e-01  1.5321029961928064e-04
+8.7316003295354994e-01  1.5312413835219928e-04
+8.7331311400497236e-01  1.5303796197454808e-04
+8.7346610887246445e-01  1.5295177049412631e-04
+8.7361901754092819e-01  1.5286556391762440e-04
+8.7377183999527297e-01  1.5277934225793686e-04
+8.7392457622041775e-01  1.5269310551969416e-04
+8.7407722620128947e-01  1.5260685371291580e-04
+8.7422978992282352e-01  1.5252058684614325e-04
+8.7438226736996416e-01  1.5243430492772449e-04
+8.7453465852766388e-01  1.5234800796613525e-04
+8.7468696338088403e-01  1.5226169596932825e-04
+8.7483918191459398e-01  1.5217536894668380e-04
+8.7499131411377173e-01  1.5208902690676984e-04
+8.7514335996340420e-01  1.5200266985766178e-04
+8.7529531944848649e-01  1.5191629780791463e-04
+8.7544719255402237e-01  1.5182991076597560e-04
+8.7559897926502384e-01  1.5174350874073002e-04
+8.7575067956651187e-01  1.5165709174002701e-04
+8.7590229344351567e-01  1.5157065977350814e-04
+8.7605382088107298e-01  1.5148421284875963e-04
+8.7620526186423020e-01  1.5139775097516115e-04
+8.7635661637804230e-01  1.5131127415984909e-04
+8.7650788440757255e-01  1.5122478241200231e-04
+8.7665906593789278e-01  1.5113827574111794e-04
+8.7681016095408371e-01  1.5105175415530486e-04
+8.7696116944123426e-01  1.5096521766198582e-04
+8.7711209138444191e-01  1.5087866627140506e-04
+8.7726292676881279e-01  1.5079209998993280e-04
+8.7741367557946148e-01  1.5070551882836165e-04
+8.7756433780151133e-01  1.5061892279394503e-04
+8.7771491342009389e-01  1.5053231189520605e-04
+8.7786540242034949e-01  1.5044568614161876e-04
+8.7801580478742713e-01  1.5035904553974206e-04
+8.7816612050648368e-01  1.5027239010098815e-04
+8.7831634956268556e-01  1.5018571983099513e-04
+8.7846649194120707e-01  1.5009903474119010e-04
+8.7861654762723096e-01  1.5001233483886748e-04
+8.7876651660594929e-01  1.4992562013137127e-04
+8.7891639886256190e-01  1.4983889062862704e-04
+8.7906619438227751e-01  1.4975214633841744e-04
+8.7921590315031350e-01  1.4966538727049163e-04
+8.7936552515189548e-01  1.4957861343273929e-04
+8.7951506037225802e-01  1.4949182483346224e-04
+8.7966450879664393e-01  1.4940502148106459e-04
+8.7981387041030490e-01  1.4931820338434090e-04
+8.7996314519850072e-01  1.4923137055190358e-04
+8.8011233314650028e-01  1.4914452299309627e-04
+8.8026143423958070e-01  1.4905766071516080e-04
+8.8041044846302774e-01  1.4897078372738768e-04
+8.8055937580213561e-01  1.4888389203922408e-04
+8.8070821624220752e-01  1.4879698565732280e-04
+8.8085696976855488e-01  1.4871006459112146e-04
+8.8100563636649776e-01  1.4862312884959052e-04
+8.8115421602136501e-01  1.4853617844050616e-04
+8.8130270871849326e-01  1.4844921337419745e-04
+8.8145111444322910e-01  1.4836223365754327e-04
+8.8159943318092648e-01  1.4827523929928315e-04
+8.8174766491694867e-01  1.4818823030703174e-04
+8.8189580963666669e-01  1.4810120669257675e-04
+8.8204386732546136e-01  1.4801416846204880e-04
+8.8219183796872125e-01  1.4792711562407787e-04
+8.8233972155184348e-01  1.4784004818756751e-04
+8.8248751806023407e-01  1.4775296616264941e-04
+8.8263522747930767e-01  1.4766586955578353e-04
+8.8278284979448740e-01  1.4757875837599112e-04
+8.8293038499120491e-01  1.4749163263159994e-04
+8.8307783305490040e-01  1.4740449233417637e-04
+8.8322519397102306e-01  1.4731733748738927e-04
+8.8337246772503009e-01  1.4723016810439329e-04
+8.8351965430238777e-01  1.4714298419109045e-04
+8.8366675368857117e-01  1.4705578575572686e-04
+8.8381376586906280e-01  1.4696857280977073e-04
+8.8396069082935536e-01  1.4688134535884991e-04
+8.8410752855494890e-01  1.4679410341319037e-04
+8.8425427903135279e-01  1.4670684698101820e-04
+8.8440094224408472e-01  1.4661957607072244e-04
+8.8454751817867106e-01  1.4653229069160496e-04
+8.8469400682064703e-01  1.4644499085010812e-04
+8.8484040815555576e-01  1.4635767655934553e-04
+8.8498672216894980e-01  1.4627034782322703e-04
+8.8513294884638993e-01  1.4618300465236208e-04
+8.8527908817344558e-01  1.4609564705515707e-04
+8.8542514013569473e-01  1.4600827504073770e-04
+8.8557110471872424e-01  1.4592088861704481e-04
+8.8571698190812920e-01  1.4583348779311699e-04
+8.8586277168951377e-01  1.4574607257743257e-04
+8.8600847404849026e-01  1.4565864297929492e-04
+8.8615408897068026e-01  1.4557119900512409e-04
+8.8629961644171296e-01  1.4548374066685406e-04
+8.8644505644722749e-01  1.4539626797055875e-04
+8.8659040897287067e-01  1.4530878092512429e-04
+8.8673567400429798e-01  1.4522127954065208e-04
+8.8688085152717422e-01  1.4513376382404861e-04
+8.8702594152717196e-01  1.4504623378546567e-04
+8.8717094398997309e-01  1.4495868943218939e-04
+8.8731585890126774e-01  1.4487113077444913e-04
+8.8746068624675489e-01  1.4478355781829316e-04
+8.8760542601214198e-01  1.4469597057506362e-04
+8.8775007818314522e-01  1.4460836905226307e-04
+8.8789464274548946e-01  1.4452075325903856e-04
+8.8803911968490845e-01  1.4443312320272793e-04
+8.8818350898714382e-01  1.4434547889365714e-04
+8.8832781063794664e-01  1.4425782033833601e-04
+8.8847202462307628e-01  1.4417014754866127e-04
+8.8861615092830082e-01  1.4408246053002332e-04
+8.8876018953939695e-01  1.4399475929255241e-04
+8.8890414044215005e-01  1.4390704384560724e-04
+8.8904800362235425e-01  1.4381931419657241e-04
+8.8919177906581204e-01  1.4373157035439774e-04
+8.8933546675833497e-01  1.4364381232815602e-04
+8.8947906668574306e-01  1.4355604012681637e-04
+8.8962257883386486e-01  1.4346825375670922e-04
+8.8976600318853771e-01  1.4338045322991456e-04
+8.8990933973560771e-01  1.4329263855277687e-04
+8.9005258846092949e-01  1.4320480973407232e-04
+8.9019574935036627e-01  1.4311696678432544e-04
+8.9033882238979023e-01  1.4302910971000644e-04
+8.9048180756508188e-01  1.4294123852138084e-04
+8.9062470486213063e-01  1.4285335322543037e-04
+8.9076751426683431e-01  1.4276545383360491e-04
+8.9091023576510009e-01  1.4267754035094453e-04
+8.9105286934284300e-01  1.4258961278915740e-04
+8.9119541498598698e-01  1.4250167115447207e-04
+8.9133787268046494e-01  1.4241371545811824e-04
+8.9148024241221813e-01  1.4232574570691340e-04
+8.9162252416719689e-01  1.4223776190960390e-04
+8.9176471793135947e-01  1.4214976407674138e-04
+8.9190682369067376e-01  1.4206175221490310e-04
+8.9204884143111585e-01  1.4197372633358553e-04
+8.9219077113867040e-01  1.4188568644105237e-04
+8.9233261279933096e-01  1.4179763254718172e-04
+8.9247436639909983e-01  1.4170956465852115e-04
+8.9261603192398753e-01  1.4162148278700916e-04
+8.9275760936001414e-01  1.4153338693855677e-04
+8.9289909869320760e-01  1.4144527712175526e-04
+8.9304049990960510e-01  1.4135715334672041e-04
+8.9318181299525201e-01  1.4126901562176689e-04
+8.9332303793620249e-01  1.4118086395683264e-04
+8.9346417471852035e-01  1.4109269835756221e-04
+8.9360522332827674e-01  1.4100451883508242e-04
+8.9374618375155224e-01  1.4091632539731130e-04
+8.9388705597443607e-01  1.4082811805346196e-04
+8.9402783998302615e-01  1.4073989681095294e-04
+8.9416853576342881e-01  1.4065166168028022e-04
+8.9430914330175959e-01  1.4056341266839063e-04
+8.9444966258414227e-01  1.4047514978534348e-04
+8.9459009359670960e-01  1.4038687303975062e-04
+8.9473043632560301e-01  1.4029858243916462e-04
+8.9487069075697256e-01  1.4021027799356422e-04
+8.9501085687697723e-01  1.4012195971045138e-04
+8.9515093467178430e-01  1.4003362760018172e-04
+8.9529092412757028e-01  1.3994528167025587e-04
+8.9543082523052009e-01  1.3985692192859526e-04
+8.9557063796682723e-01  1.3976854838660874e-04
+8.9571036232269430e-01  1.3968016105015495e-04
+8.9584999828433254e-01  1.3959175992898790e-04
+8.9598954583796153e-01  1.3950334503291527e-04
+8.9612900496981007e-01  1.3941491636969758e-04
+8.9626837566611528e-01  1.3932647394893330e-04
+8.9640765791312327e-01  1.3923801777781527e-04
+8.9654685169708914e-01  1.3914954786504481e-04
+8.9668595700427600e-01  1.3906106422047299e-04
+8.9682497382095605e-01  1.3897256685369832e-04
+8.9696390213341048e-01  1.3888405577056138e-04
+8.9710274192792894e-01  1.3879553098232017e-04
+8.9724149319080970e-01  1.3870699249716027e-04
+8.9738015590836007e-01  1.3861844032344621e-04
+8.9751873006689598e-01  1.3852987446927745e-04
+8.9765721565274204e-01  1.3844129494474885e-04
+8.9779561265223151e-01  1.3835270175830715e-04
+8.9793392105170677e-01  1.3826409491680378e-04
+8.9807214083751852e-01  1.3817547443223998e-04
+8.9821027199602632e-01  1.3808684031149575e-04
+8.9834831451359864e-01  1.3799819256307040e-04
+8.9848626837661272e-01  1.3790953119637063e-04
+8.9862413357145421e-01  1.3782085621923319e-04
+8.9876191008451778e-01  1.3773216764117004e-04
+8.9889959790220675e-01  1.3764346547192038e-04
+8.9903719701093332e-01  1.3755474971898545e-04
+8.9917470739711836e-01  1.3746602039042127e-04
+8.9931212904719149e-01  1.3737727749675447e-04
+8.9944946194759101e-01  1.3728852104481453e-04
+8.9958670608476421e-01  1.3719975104458054e-04
+8.9972386144516681e-01  1.3711096750452733e-04
+8.9986092801526363e-01  1.3702217043449550e-04
+8.9999790578152816e-01  1.3693335984105959e-04
+9.0013479473044211e-01  1.3684453573541003e-04
+9.0027159484849706e-01  1.3675569812404264e-04
+9.0040830612219236e-01  1.3666684701769044e-04
+9.0054492853803658e-01  1.3657798242353687e-04
+9.0068146208254707e-01  1.3648910435161359e-04
+9.0081790674224971e-01  1.3640021280939904e-04
+9.0095426250367927e-01  1.3631130780730649e-04
+9.0109052935337952e-01  1.3622238935176469e-04
+9.0122670727790266e-01  1.3613345745429372e-04
+9.0136279626381000e-01  1.3604451212174840e-04
+9.0149879629767105e-01  1.3595555336393093e-04
+9.0163470736606488e-01  1.3586658118850287e-04
+9.0177052945557878e-01  1.3577759560464439e-04
+9.0190626255280892e-01  1.3568859662342663e-04
+9.0204190664436046e-01  1.3559958424907932e-04
+9.0217746171684710e-01  1.3551055849499801e-04
+9.0231292775689154e-01  1.3542151936634398e-04
+9.0244830475112492e-01  1.3533246687453260e-04
+9.0258359268618782e-01  1.3524340102638241e-04
+9.0271879154872881e-01  1.3515432183172432e-04
+9.0285390132540577e-01  1.3506522929981608e-04
+9.0298892200288527e-01  1.3497612343818706e-04
+9.0312385356784253e-01  1.3488700425676550e-04
+9.0325869600696174e-01  1.3479787176447834e-04
+9.0339344930693577e-01  1.3470872596899134e-04
+9.0352811345446649e-01  1.3461956687848127e-04
+9.0366268843626418e-01  1.3453039450352786e-04
+9.0379717423904826e-01  1.3444120885271402e-04
+9.0393157084954689e-01  1.3435200993440930e-04
+9.0406587825449702e-01  1.3426279775648694e-04
+9.0420009644064403e-01  1.3417357233073680e-04
+9.0433422539474284e-01  1.3408433366174984e-04
+9.0446826510355649e-01  1.3399508176178688e-04
+9.0460221555385734e-01  1.3390581663813903e-04
+9.0473607673242640e-01  1.3381653829912327e-04
+9.0486984862605313e-01  1.3372724675478304e-04
+9.0500353122153632e-01  1.3363794201284846e-04
+9.0513712450568318e-01  1.3354862408389618e-04
+9.0527062846531003e-01  1.3345929297400581e-04
+9.0540404308724165e-01  1.3336994869472810e-04
+9.0553736835831211e-01  1.3328059125350096e-04
+9.0567060426536405e-01  1.3319122065838461e-04
+9.0580375079524877e-01  1.3310183692042492e-04
+9.0593680793482667e-01  1.3301244004649182e-04
+9.0606977567096658e-01  1.3292303004719448e-04
+9.0620265399054700e-01  1.3283360692861929e-04
+9.0633544288045420e-01  1.3274417070094116e-04
+9.0646814232758388e-01  1.3265472137508476e-04
+9.0660075231884041e-01  1.3256525895674563e-04
+9.0673327284113703e-01  1.3247578345651476e-04
+9.0686570388139576e-01  1.3238629488347036e-04
+9.0699804542654761e-01  1.3229679324450129e-04
+9.0713029746353224e-01  1.3220727854990226e-04
+9.0726245997929822e-01  1.3211775080812198e-04
+9.0739453296080286e-01  1.3202821002848193e-04
+9.0752651639501236e-01  1.3193865621989394e-04
+9.0765841026890204e-01  1.3184908938992682e-04
+9.0779021456945541e-01  1.3175950954881288e-04
+9.0792192928366544e-01  1.3166991670464367e-04
+9.0805355439853375e-01  1.3158031086600379e-04
+9.0818508990107061e-01  1.3149069204379017e-04
+9.0831653577829541e-01  1.3140106024418959e-04
+9.0844789201723608e-01  1.3131141547758629e-04
+9.0857915860492999e-01  1.3122175775079971e-04
+9.0871033552842251e-01  1.3113208707604270e-04
+9.0884142277476831e-01  1.3104240346003017e-04
+9.0897242033103121e-01  1.3095270691111541e-04
+9.0910332818428330e-01  1.3086299743939487e-04
+9.0923414632160582e-01  1.3077327505356599e-04
+9.0936487473008887e-01  1.3068353976218456e-04
+9.0949551339683132e-01  1.3059379157399808e-04
+9.0962606230894094e-01  1.3050403049870210e-04
+9.0975652145353458e-01  1.3041425654354544e-04
+9.0988689081773744e-01  1.3032446971829030e-04
+9.1001717038868390e-01  1.3023467003256750e-04
+9.1014736015351749e-01  1.3014485749316581e-04
+9.1027746009938981e-01  1.3005503211098215e-04
+9.1040747021346202e-01  1.2996519389447519e-04
+9.1053739048290394e-01  1.2987534285236995e-04
+9.1066722089489416e-01  1.2978547899369065e-04
+9.1079696143662048e-01  1.2969560232502578e-04
+9.1092661209527881e-01  1.2960571285867842e-04
+9.1105617285807483e-01  1.2951581060184110e-04
+9.1118564371222244e-01  1.2942589556398117e-04
+9.1131502464494485e-01  1.2933596775294279e-04
+9.1144431564347372e-01  1.2924602717957886e-04
+9.1157351669505016e-01  1.2915607384934020e-04
+9.1170262778692346e-01  1.2906610777456586e-04
+9.1183164890635249e-01  1.2897612896140155e-04
+9.1196058004060432e-01  1.2888613742097931e-04
+9.1208942117695524e-01  1.2879613316250490e-04
+9.1221817230269064e-01  1.2870611619208248e-04
+9.1234683340510447e-01  1.2861608652049025e-04
+9.1247540447149955e-01  1.2852604415614674e-04
+9.1260388548918803e-01  1.2843598910756054e-04
+9.1273227644549015e-01  1.2834592138516541e-04
+9.1286057732773584e-01  1.2825584099676075e-04
+9.1298878812326334e-01  1.2816574795013801e-04
+9.1311690881942020e-01  1.2807564225634710e-04
+9.1324493940356266e-01  1.2798552392253592e-04
+9.1337287986305560e-01  1.2789539295949420e-04
+9.1350073018527356e-01  1.2780524937376322e-04
+9.1362849035759908e-01  1.2771509317591623e-04
+9.1375616036742424e-01  1.2762492437388718e-04
+9.1388374020214957e-01  1.2753474297727134e-04
+9.1401122984918470e-01  1.2744454899545079e-04
+9.1413862929594825e-01  1.2735434243668118e-04
+9.1426593852986771e-01  1.2726412330825662e-04
+9.1439315753837946e-01  1.2717389162189265e-04
+9.1452028630892856e-01  1.2708364738514419e-04
+9.1464732482896927e-01  1.2699339060696254e-04
+9.1477427308596471e-01  1.2690312129562639e-04
+9.1490113106738669e-01  1.2681283946121158e-04
+9.1502789876071611e-01  1.2672254511236384e-04
+9.1515457615344287e-01  1.2663223825684115e-04
+9.1528116323306552e-01  1.2654191890568386e-04
+9.1540765998709173e-01  1.2645158706622823e-04
+9.1553406640303803e-01  1.2636124274685695e-04
+9.1566038246842985e-01  1.2627088595933505e-04
+9.1578660817080160e-01  1.2618051670891013e-04
+9.1591274349769636e-01  1.2609013500672418e-04
+9.1603878843666653e-01  1.2599974086092579e-04
+9.1616474297527306e-01  1.2590933428116425e-04
+9.1629060710108612e-01  1.2581891527537587e-04
+9.1641638080168453e-01  1.2572848385421757e-04
+9.1654206406465621e-01  1.2563804002339954e-04
+9.1666765687759810e-01  1.2554758379496034e-04
+9.1679315922811555e-01  1.2545711517689825e-04
+9.1691857110382369e-01  1.2536663417750366e-04
+9.1704389249234586e-01  1.2527614080580149e-04
+9.1716912338131440e-01  1.2518563507198230e-04
+9.1729426375837109e-01  1.2509511698339561e-04
+9.1741931361116613e-01  1.2500458655013150e-04
+9.1754427292735885e-01  1.2491404378027883e-04
+9.1766914169461744e-01  1.2482348868350982e-04
+9.1779391990061920e-01  1.2473292126744304e-04
+9.1791860753305010e-01  1.2464234154418934e-04
+9.1804320457960531e-01  1.2455174951856338e-04
+9.1816771102798866e-01  1.2446114520186746e-04
+9.1829212686591344e-01  1.2437052860218427e-04
+9.1841645208110134e-01  1.2427989972846830e-04
+9.1854068666128286e-01  1.2418925859052188e-04
+9.1866483059419823e-01  1.2409860519738030e-04
+9.1878888386759583e-01  1.2400793955814164e-04
+9.1891284646923355e-01  1.2391726167955709e-04
+9.1903671838687795e-01  1.2382657157289381e-04
+9.1916049960830448e-01  1.2373586924505414e-04
+9.1928419012129781e-01  1.2364515470669786e-04
+9.1940778991365113e-01  1.2355442796698754e-04
+9.1953129897316699e-01  1.2346368903311331e-04
+9.1965471728765702e-01  1.2337293791569374e-04
+9.1977804484494097e-01  1.2328217462341913e-04
+9.1990128163284857e-01  1.2319139916554909e-04
+9.2002442763921799e-01  1.2310061154860531e-04
+9.2014748285189629e-01  1.2300981178420443e-04
+9.2027044725873974e-01  1.2291899988003520e-04
+9.2039332084761316e-01  1.2282817584681962e-04
+9.2051610360639136e-01  1.2273733968972463e-04
+9.2063879552295647e-01  1.2264649142193211e-04
+9.2076139658520095e-01  1.2255563105104545e-04
+9.2088390678102594e-01  1.2246475858370277e-04
+9.2100632609834077e-01  1.2237387403288557e-04
+9.2112865452506498e-01  1.2228297740441590e-04
+9.2125089204912625e-01  1.2219206870805807e-04
+9.2137303865846132e-01  1.2210114795342339e-04
+9.2149509434101629e-01  1.2201021514831605e-04
+9.2161705908474545e-01  1.2191927030329759e-04
+9.2173893287761288e-01  1.2182831342668654e-04
+9.2186071570759132e-01  1.2173734452632456e-04
+9.2198240756266259e-01  1.2164636361317992e-04
+9.2210400843081697e-01  1.2155537069569681e-04
+9.2222551830005450e-01  1.2146436578173299e-04
+9.2234693715838389e-01  1.2137334888077809e-04
+9.2246826499382251e-01  1.2128232000216907e-04
+9.2258950179439736e-01  1.2119127915313699e-04
+9.2271064754814369e-01  1.2110022634585169e-04
+9.2283170224310607e-01  1.2100916158821922e-04
+9.2295266586733837e-01  1.2091808488646293e-04
+9.2307353840890272e-01  1.2082699625342424e-04
+9.2319431985587108e-01  1.2073589569609350e-04
+9.2331501019632389e-01  1.2064478322389174e-04
+9.2343560941835057e-01  1.2055365884629909e-04
+9.2355611751004973e-01  1.2046252257064665e-04
+9.2367653445952880e-01  1.2037137440763062e-04
+9.2379686025490471e-01  1.2028021436420467e-04
+9.2391709488430218e-01  1.2018904245321869e-04
+9.2403723833585638e-01  1.2009785867998210e-04
+9.2415729059771046e-01  1.2000666305447123e-04
+9.2427725165801711e-01  1.1991545558627035e-04
+9.2439712150493780e-01  1.1982423628382422e-04
+9.2451690012664300e-01  1.1973300515597967e-04
+9.2463658751131217e-01  1.1964176221385348e-04
+9.2475618364713386e-01  1.1955050746350728e-04
+9.2487568852230573e-01  1.1945924091452652e-04
+9.2499510212503400e-01  1.1936796257783805e-04
+9.2511442444353442e-01  1.1927667246111987e-04
+9.2523365546603142e-01  1.1918537057258040e-04
+9.2535279518075875e-01  1.1909405692225235e-04
+9.2547184357595869e-01  1.1900273151904233e-04
+9.2559080063988297e-01  1.1891139437241653e-04
+9.2570966636079210e-01  1.1882004549030158e-04
+9.2582844072695569e-01  1.1872868488337010e-04
+9.2594712372665244e-01  1.1863731255902846e-04
+9.2606571534816995e-01  1.1854592852572974e-04
+9.2618421557980468e-01  1.1845453279466115e-04
+9.2630262440986255e-01  1.1836312537342005e-04
+9.2642094182665813e-01  1.1827170627148370e-04
+9.2653916781851520e-01  1.1818027549812332e-04
+9.2665730237376631e-01  1.1808883306070397e-04
+9.2677534548075335e-01  1.1799737897112351e-04
+9.2689329712782720e-01  1.1790591323509072e-04
+9.2701115730334727e-01  1.1781443586628484e-04
+9.2712892599568297e-01  1.1772294686834417e-04
+9.2724660319321173e-01  1.1763144625379647e-04
+9.2736418888432048e-01  1.1753993403028095e-04
+9.2748168305740530e-01  1.1744841020613976e-04
+9.2759908570087113e-01  1.1735687479308428e-04
+9.2771639680313167e-01  1.1726532779920374e-04
+9.2783361635261019e-01  1.1717376923205773e-04
+9.2795074433773883e-01  1.1708219909866755e-04
+9.2806778074695839e-01  1.1699061741464646e-04
+9.2818472556871923e-01  1.1689902418379270e-04
+9.2830157879148045e-01  1.1680741941679935e-04
+9.2841834040371018e-01  1.1671580312161944e-04
+9.2853501039388564e-01  1.1662417531101978e-04
+9.2865158875049336e-01  1.1653253598765110e-04
+9.2876807546202833e-01  1.1644088516589704e-04
+9.2888447051699519e-01  1.1634922285313083e-04
+9.2900077390390723e-01  1.1625754905801587e-04
+9.2911698561128686e-01  1.1616586379006503e-04
+9.2923310562766581e-01  1.1607416705837122e-04
+9.2934913394158447e-01  1.1598245887072194e-04
+9.2946507054159255e-01  1.1589073923748559e-04
+9.2958091541624843e-01  1.1579900816824640e-04
+9.2969666855412014e-01  1.1570726566993654e-04
+9.2981232994378427e-01  1.1561551175485263e-04
+9.2992789957382693e-01  1.1552374642869179e-04
+9.3004337743284249e-01  1.1543196970206071e-04
+9.3015876350943527e-01  1.1534018158521581e-04
+9.3027405779221817e-01  1.1524838208581728e-04
+9.3038926026981328e-01  1.1515657121119208e-04
+9.3050437093085159e-01  1.1506474897270092e-04
+9.3061938976397340e-01  1.1497291537963975e-04
+9.3073431675782781e-01  1.1488107043959994e-04
+9.3084915190107309e-01  1.1478921416210063e-04
+9.3096389518237688e-01  1.1469734655723539e-04
+9.3107854659041522e-01  1.1460546763476783e-04
+9.3119310611387385e-01  1.1451357739972849e-04
+9.3130757374144735e-01  1.1442167586398637e-04
+9.3142194946183920e-01  1.1432976303824081e-04
+9.3153623326376223e-01  1.1423783892844543e-04
+9.3165042513593810e-01  1.1414590354610554e-04
+9.3176452506709773e-01  1.1405395689758146e-04
+9.3187853304598089e-01  1.1396199899429208e-04
+9.3199244906133671e-01  1.1387002984436668e-04
+9.3210627310192340e-01  1.1377804945653265e-04
+9.3222000515650771e-01  1.1368605784158410e-04
+9.3233364521386619e-01  1.1359405500650939e-04
+9.3244719326278402e-01  1.1350204096210134e-04
+9.3256064929205551e-01  1.1341001571453422e-04
+9.3267401329048405e-01  1.1331797927830271e-04
+9.3278728524688259e-01  1.1322593165599276e-04
+9.3290046515007252e-01  1.1313387286135637e-04
+9.3301355298888422e-01  1.1304180290206773e-04
+9.3312654875215795e-01  1.1294972178659896e-04
+9.3323945242874240e-01  1.1285762952507910e-04
+9.3335226400749549e-01  1.1276552612563641e-04
+9.3346498347728446e-01  1.1267341159821812e-04
+9.3357761082698520e-01  1.1258128595162368e-04
+9.3369014604548317e-01  1.1248914919372240e-04
+9.3380258912167258e-01  1.1239700133540163e-04
+9.3391494004445685e-01  1.1230484238528428e-04
+9.3402719880274843e-01  1.1221267235270673e-04
+9.3413936538546927e-01  1.1212049124521851e-04
+9.3425143978154979e-01  1.1202829907297559e-04
+9.3436342197992994e-01  1.1193609584475536e-04
+9.3447531196955824e-01  1.1184388157203623e-04
+9.3458710973939318e-01  1.1175165625984414e-04
+9.3469881527840171e-01  1.1165941991955854e-04
+9.3481042857555985e-01  1.1156717256124226e-04
+9.3492194961985309e-01  1.1147491419214730e-04
+9.3503337840027601e-01  1.1138264482230952e-04
+9.3514471490583184e-01  1.1129036445897893e-04
+9.3525595912553339e-01  1.1119807311362009e-04
+9.3536711104840209e-01  1.1110577079630260e-04
+9.3547817066346917e-01  1.1101345751073717e-04
+9.3558913795977428e-01  1.1092113327352601e-04
+9.3570001292636673e-01  1.1082879808754927e-04
+9.3581079555230451e-01  1.1073645196584332e-04
+9.3592148582665502e-01  1.1064409491559984e-04
+9.3603208373849467e-01  1.1055172694449891e-04
+9.3614258927690885e-01  1.1045934806540088e-04
+9.3625300243099230e-01  1.1036695828478726e-04
+9.3636332318984861e-01  1.1027455761299978e-04
+9.3647355154259104e-01  1.1018214605765978e-04
+9.3658368747834086e-01  1.1008972363077512e-04
+9.3669373098622999e-01  1.0999729033788470e-04
+9.3680368205539821e-01  1.0990484618987297e-04
+9.3691354067499488e-01  1.0981239119541719e-04
+9.3702330683417856e-01  1.0971992536614646e-04
+9.3713298052211680e-01  1.0962744870693344e-04
+9.3724256172798626e-01  1.0953496123069546e-04
+9.3735205044097314e-01  1.0944246294214753e-04
+9.3746144665027198e-01  1.0934995385560016e-04
+9.3757075034508719e-01  1.0925743397666567e-04
+9.3767996151463162e-01  1.0916490331676025e-04
+9.3778908014812834e-01  1.0907236188148059e-04
+9.3789810623480796e-01  1.0897980968464774e-04
+9.3800703976391175e-01  1.0888724673182862e-04
+9.3811588072468921e-01  1.0879467303358123e-04
+9.3822462910639937e-01  1.0870208859884074e-04
+9.3833328489831036e-01  1.0860949343589062e-04
+9.3844184808969899e-01  1.0851688755612501e-04
+9.3855031866985184e-01  1.0842427096646279e-04
+9.3865869662806456e-01  1.0833164367611561e-04
+9.3876698195364106e-01  1.0823900569688561e-04
+9.3887517463589587e-01  1.0814635703429490e-04
+9.3898327466415143e-01  1.0805369769991536e-04
+9.3909128202773984e-01  1.0796102770181985e-04
+9.3919919671600227e-01  1.0786834704797748e-04
+9.3930701871828903e-01  1.0777565575151617e-04
+9.3941474802395963e-01  1.0768295381678273e-04
+9.3952238462238258e-01  1.0759024125768280e-04
+9.3962992850293570e-01  1.0749751808078649e-04
+9.3973737965500592e-01  1.0740478429307066e-04
+9.3984473806798918e-01  1.0731203990724283e-04
+9.3995200373129084e-01  1.0721928493205343e-04
+9.4005917663432514e-01  1.0712651937478093e-04
+9.4016625676651566e-01  1.0703374324556805e-04
+9.4027324411729518e-01  1.0694095655351239e-04
+9.4038013867610526e-01  1.0684815930964216e-04
+9.4048694043239722e-01  1.0675535151821828e-04
+9.4059364937563061e-01  1.0666253319459862e-04
+9.4070026549527563e-01  1.0656970434203262e-04
+9.4080678878081003e-01  1.0647686497495420e-04
+9.4091321922172166e-01  1.0638401509760634e-04
+9.4101955680750726e-01  1.0629115472398725e-04
+9.4112580152767289e-01  1.0619828385981830e-04
+9.4123195337173371e-01  1.0610540251485925e-04
+9.4133801232921366e-01  1.0601251069982024e-04
+9.4144397838964644e-01  1.0591960842402938e-04
+9.4154985154257476e-01  1.0582669569202942e-04
+9.4165563177755029e-01  1.0573377251867846e-04
+9.4176131908413385e-01  1.0564083891064225e-04
+9.4186691345189577e-01  1.0554789487808418e-04
+9.4197241487041528e-01  1.0545494042787998e-04
+9.4207782332928081e-01  1.0536197557041693e-04
+9.4218313881809013e-01  1.0526900031480249e-04
+9.4228836132644989e-01  1.0517601467364495e-04
+9.4239349084397595e-01  1.0508301865140500e-04
+9.4249852736029394e-01  1.0499001225808487e-04
+9.4260347086503793e-01  1.0489699550335111e-04
+9.4270832134785132e-01  1.0480396839903064e-04
+9.4281307879838716e-01  1.0471093095073645e-04
+9.4291774320630706e-01  1.0461788316770079e-04
+9.4302231456128216e-01  1.0452482506186046e-04
+9.4312679285299272e-01  1.0443175664037907e-04
+9.4323117807112800e-01  1.0433867791414576e-04
+9.4333547020538711e-01  1.0424558888831730e-04
+9.4343966924547740e-01  1.0415248957770062e-04
+9.4354377518111598e-01  1.0405937998746689e-04
+9.4364778800202920e-01  1.0396626012745767e-04
+9.4375170769795225e-01  1.0387313000933414e-04
+9.4385553425862967e-01  1.0377998963852537e-04
+9.4395926767381533e-01  1.0368683902772250e-04
+9.4406290793327219e-01  1.0359367818145591e-04
+9.4416645502677221e-01  1.0350050711451667e-04
+9.4426990894409690e-01  1.0340732583255861e-04
+9.4437326967503676e-01  1.0331413434751198e-04
+9.4447653720939151e-01  1.0322093266467977e-04
+9.4457971153697007e-01  1.0312772079568424e-04
+9.4468279264759047e-01  1.0303449875001513e-04
+9.4478578053108020e-01  1.0294126653548651e-04
+9.4488867517727559e-01  1.0284802416284051e-04
+9.4499147657602234e-01  1.0275477164113048e-04
+9.4509418471717577e-01  1.0266150897687676e-04
+9.4519679959059966e-01  1.0256823618240400e-04
+9.4529932118616733e-01  1.0247495326600501e-04
+9.4540174949376132e-01  1.0238166023788901e-04
+9.4550408450327361e-01  1.0228835710413743e-04
+9.4560632620460483e-01  1.0219504387683110e-04
+9.4570847458766538e-01  1.0210172056393407e-04
+9.4581052964237444e-01  1.0200838717590076e-04
+9.4591249135866085e-01  1.0191504372009616e-04
+9.4601435972646208e-01  1.0182169020694158e-04
+9.4611613473572531e-01  1.0172832664624945e-04
+9.4621781637640678e-01  1.0163495304480426e-04
+9.4631940463847186e-01  1.0154156941349992e-04
+9.4642089951189523e-01  1.0144817576264547e-04
+9.4652230098666057e-01  1.0135477209907625e-04
+9.4662360905276133e-01  1.0126135843415881e-04
+9.4672482370019928e-01  1.0116793477679186e-04
+9.4682594491898642e-01  1.0107450113539416e-04
+9.4692697269914328e-01  1.0098105751690453e-04
+9.4702790703069983e-01  1.0088760393547242e-04
+9.4712874790369517e-01  1.0079414039710788e-04
+9.4722949530817790e-01  1.0070066691100069e-04
+9.4733014923420544e-01  1.0060718348797324e-04
+9.4743070967184473e-01  1.0051369013684370e-04
+9.4753117661117181e-01  1.0042018686658493e-04
+9.4763155004227206e-01  1.0032667368416682e-04
+9.4773182995523997e-01  1.0023315060086831e-04
+9.4783201634017922e-01  1.0013961762858719e-04
+9.4793210918720294e-01  1.0004607477160786e-04
+9.4803210848643316e-01  9.9952522043666699e-05
+9.4813201422800153e-01  9.9858959449898360e-05
+9.4823182640204862e-01  9.9765387001767469e-05
+9.4833154499872441e-01  9.9671804709421943e-05
+9.4843117000818800e-01  9.9578212579004680e-05
+9.4853070142060791e-01  9.9484610622576874e-05
+9.4863013922616135e-01  9.9390998849812319e-05
+9.4872948341503593e-01  9.9297377265908761e-05
+9.4882873397742706e-01  9.9203745883572631e-05
+9.4892789090354035e-01  9.9110104711615211e-05
+9.4902695418359040e-01  9.9016453759035380e-05
+9.4912592380780092e-01  9.8922793034605607e-05
+9.4922479976640517e-01  9.8829122547330721e-05
+9.4932358204964529e-01  9.8735442307547775e-05
+9.4942227064777285e-01  9.8641752324288404e-05
+9.4952086555104875e-01  9.8548052605868913e-05
+9.4961936674974290e-01  9.8454343162940368e-05
+9.4971777423413484e-01  9.8360624002829782e-05
+9.4981608799451278e-01  9.8266895136325195e-05
+9.4991430802117471e-01  9.8173156573494469e-05
+9.5001243430442761e-01  9.8079408319973869e-05
+9.5011046683458789e-01  9.7985650388625515e-05
+9.5020840560198094e-01  9.7891882787942439e-05
+9.5030625059694163e-01  9.7798105525103942e-05
+9.5040400180981410e-01  9.7704318611486842e-05
+9.5050165923095142e-01  9.7610522055591135e-05
+9.5059922285071630e-01  9.7516715869008460e-05
+9.5069669265948065e-01  9.7422900056801405e-05
+9.5079406864762539e-01  9.7329074630271692e-05
+9.5089135080554088e-01  9.7235239599621149e-05
+9.5098853912362680e-01  9.7141394973282864e-05
+9.5108563359229192e-01  9.7047540760180891e-05
+9.5118263420195448e-01  9.6953676969085788e-05
+9.5127954094304168e-01  9.6859803610917599e-05
+9.5137635380599028e-01  9.6765920692741026e-05
+9.5147307278124615e-01  9.6672028227448291e-05
+9.5156969785926460e-01  9.6578126219342835e-05
+9.5166622903050979e-01  9.6484214682865621e-05
+9.5176266628545569e-01  9.6390293623246353e-05
+9.5185900961458514e-01  9.6296363050632323e-05
+9.5195525900839051e-01  9.6202422975656343e-05
+9.5205141445737329e-01  9.6108473406745942e-05
+9.5214747595204396e-01  9.6014514353485780e-05
+9.5224344348292278e-01  9.5920545826536966e-05
+9.5233931704053942e-01  9.5826567831148421e-05
+9.5243509661543224e-01  9.5732580378602569e-05
+9.5253078219814880e-01  9.5638583480192163e-05
+9.5262637377924664e-01  9.5544577142937857e-05
+9.5272187134929209e-01  9.5450561376093888e-05
+9.5281727489886081e-01  9.5356536191173221e-05
+9.5291258441853788e-01  9.5262501594298645e-05
+9.5300779989891748e-01  9.5168457596624595e-05
+9.5310292133060326e-01  9.5074404208815065e-05
+9.5319794870420782e-01  9.4980341437312792e-05
+9.5329288201035356e-01  9.4886269293578633e-05
+9.5338772123967175e-01  9.4792187784269996e-05
+9.5348246638280321e-01  9.4698096920011290e-05
+9.5357711743039753e-01  9.4603996711625644e-05
+9.5367167437311418e-01  9.4509887167283145e-05
+9.5376613720162196e-01  9.4415768294793992e-05
+9.5386050590659832e-01  9.4321640105433550e-05
+9.5395478047873050e-01  9.4227502607923004e-05
+9.5404896090871494e-01  9.4133355810600440e-05
+9.5414304718725718e-01  9.4039199725919612e-05
+9.5423703930507253e-01  9.3945034358727678e-05
+9.5433093725288487e-01  9.3850859721902587e-05
+9.5442474102142805e-01  9.3756675821330269e-05
+9.5451845060144480e-01  9.3662482670326191e-05
+9.5461206598368742e-01  9.3568280274743663e-05
+9.5470558715891718e-01  9.3474068646162261e-05
+9.5479901411790502e-01  9.3379847792601978e-05
+9.5489234685143076e-01  9.3285617724015235e-05
+9.5498558535028399e-01  9.3191378448952185e-05
+9.5507872960526319e-01  9.3097129977913476e-05
+9.5517177960717647e-01  9.3002872317872695e-05
+9.5526473534684098e-01  9.2908605481634962e-05
+9.5535759681508314e-01  9.2814329477324109e-05
+9.5545036400273897e-01  9.2720044311126105e-05
+9.5554303690065379e-01  9.2625749995769904e-05
+9.5563561549968179e-01  9.2531446538166536e-05
+9.5572809979068674e-01  9.2437133951169123e-05
+9.5582048976454204e-01  9.2342812240740966e-05
+9.5591278541212987e-01  9.2248481415989865e-05
+9.5600498672434164e-01  9.2154141488707495e-05
+9.5609709369207874e-01  9.2059792468818615e-05
+9.5618910630625131e-01  9.1965434363246968e-05
+9.5628102455777908e-01  9.1871067181057784e-05
+9.5637284843759107e-01  9.1776690932291493e-05
+9.5646457793662532e-01  9.1682305627452783e-05
+9.5655621304582950e-01  9.1587911274053479e-05
+9.5664775375616040e-01  9.1493507882362888e-05
+9.5673920005858437e-01  9.1399095461384169e-05
+9.5683055194407685e-01  9.1304674021213414e-05
+9.5692180940362248e-01  9.1210243570697658e-05
+9.5701297242821592e-01  9.1115804117424229e-05
+9.5710404100886004e-01  9.1021355674148264e-05
+9.5719501513656824e-01  9.0926898246029196e-05
+9.5728589480236204e-01  9.0832431846293019e-05
+9.5737667999727327e-01  9.0737956482900596e-05
+9.5746737071234245e-01  9.0643472164399829e-05
+9.5755796693861983e-01  9.0548978900403676e-05
+9.5764846866716469e-01  9.0454476700043288e-05
+9.5773887588904594e-01  9.0359965575248182e-05
+9.5782918859534139e-01  9.0265445531018779e-05
+9.5791940677713860e-01  9.0170916579387095e-05
+9.5800953042553427e-01  9.0076378728852990e-05
+9.5809955953163428e-01  8.9981831990933780e-05
+9.5818949408655429e-01  8.9887276370142526e-05
+9.5827933408141863e-01  8.9792711880969602e-05
+9.5836907950736172e-01  8.9698138529251798e-05
+9.5845873035552676e-01  8.9603556324945030e-05
+9.5854828661706648e-01  8.9508965279831609e-05
+9.5863774828314274e-01  8.9414365400574173e-05
+9.5872711534492705e-01  8.9319756697977637e-05
+9.5881638779360023e-01  8.9225139180087648e-05
+9.5890556562035212e-01  8.9130512857321778e-05
+9.5899464881638230e-01  8.9035877737385545e-05
+9.5908363737289914e-01  8.8941233833365784e-05
+9.5917253128112123e-01  8.8846581149062463e-05
+9.5926133053227547e-01  8.8751919698483377e-05
+9.5935003511759875e-01  8.8657249489910422e-05
+9.5943864502833742e-01  8.8562570531173652e-05
+9.5952716025574669e-01  8.8467882830855327e-05
+9.5961558079109133e-01  8.8373186403769999e-05
+9.5970390662564542e-01  8.8278481252348191e-05
+9.5979213775069250e-01  8.8183767390545469e-05
+9.5988027415752530e-01  8.8089044826096099e-05
+9.5996831583744591e-01  8.7994313568639585e-05
+9.6005626278176626e-01  8.7899573625117966e-05
+9.6014411498180663e-01  8.7804825010476481e-05
+9.6023187242889763e-01  8.7710067728598404e-05
+9.6031953511437851e-01  8.7615301791949619e-05
+9.6040710302959842e-01  8.7520527208540064e-05
+9.6049457616591560e-01  8.7425743987833509e-05
+9.6058195451469752e-01  8.7330952140238254e-05
+9.6066923806732130e-01  8.7236151672785906e-05
+9.6075642681517293e-01  8.7141342597720861e-05
+9.6084352074964863e-01  8.7046524922724245e-05
+9.6093051986215294e-01  8.6951698656483701e-05
+9.6101742414410052e-01  8.6856863808593647e-05
+9.6110423358691499e-01  8.6762020392621667e-05
+9.6119094818202955e-01  8.6667168411652342e-05
+9.6127756792088670e-01  8.6572307877605352e-05
+9.6136409279493806e-01  8.6477438801543961e-05
+9.6145052279564513e-01  8.6382561190103611e-05
+9.6153685791447807e-01  8.6287675055227492e-05
+9.6162309814291702e-01  8.6192780404882729e-05
+9.6170924347245146e-01  8.6097877247583778e-05
+9.6179529389457974e-01  8.6002965594043668e-05
+9.6188124940080999e-01  8.5908045451786775e-05
+9.6196710998265955e-01  8.5813116834876843e-05
+9.6205287563165520e-01  8.5718179747471893e-05
+9.6213854633933305e-01  8.5623234200281025e-05
+9.6222412209723862e-01  8.5528280203936346e-05
+9.6230960289692669e-01  8.5433317767659686e-05
+9.6239498872996154e-01  8.5338346897518660e-05
+9.6248027958791660e-01  8.5243367609326792e-05
+9.6256547546237514e-01  8.5148379907100562e-05
+9.6265057634492945e-01  8.5053383800914431e-05
+9.6273558222718103e-01  8.4958379303254735e-05
+9.6282049310074114e-01  8.4863366419112422e-05
+9.6290530895723014e-01  8.4768345163343069e-05
+9.6299002978827808e-01  8.4673315539550821e-05
+9.6307465558552396e-01  8.4578277561280033e-05
+9.6315918634061659e-01  8.4483231232676220e-05
+9.6324362204521374e-01  8.4388176570345834e-05
+9.6332796269098298e-01  8.4293113579669677e-05
+9.6341220826960083e-01  8.4198042269728959e-05
+9.6349635877275353e-01  8.4102962652171697e-05
+9.6358041419213669e-01  8.4007874732309343e-05
+9.6366437451945508e-01  8.3912778523091309e-05
+9.6374823974642299e-01  8.3817674033053886e-05
+9.6383200986476414e-01  8.3722561270797155e-05
+9.6391568486621138e-01  8.3627440247477638e-05
+9.6399926474250752e-01  8.3532310971197915e-05
+9.6408274948540407e-01  8.3437173449435771e-05
+9.6416613908666227e-01  8.3342027695478129e-05
+9.6424943353805270e-01  8.3246873717032638e-05
+9.6433263283135573e-01  8.3151711521194086e-05
+9.6441573695836014e-01  8.3056541121579252e-05
+9.6449874591086526e-01  8.2961362523027013e-05
+9.6458165968067888e-01  8.2866175739349480e-05
+9.6466447825961854e-01  8.2770980778179370e-05
+9.6474720163951155e-01  8.2675777648570745e-05
+9.6482982981219390e-01  8.2580566357777231e-05
+9.6491236276951153e-01  8.2485346920301887e-05
+9.6499480050331932e-01  8.2390119341144581e-05
+9.6507714300548231e-01  8.2294883630732653e-05
+9.6515939026787390e-01  8.2199639799604277e-05
+9.6524154228237768e-01  8.2104387855238065e-05
+9.6532359904088638e-01  8.2009127810623488e-05
+9.6540556053530202e-01  8.1913859672369044e-05
+9.6548742675753640e-01  8.1818583448759231e-05
+9.6556919769951000e-01  8.1723299152687028e-05
+9.6565087335315369e-01  8.1628006789665210e-05
+9.6573245371040661e-01  8.1532706373806064e-05
+9.6581393876321830e-01  8.1437397911089156e-05
+9.6589532850354753e-01  8.1342081409062659e-05
+9.6597662292336184e-01  8.1246756882747531e-05
+9.6605782201463875e-01  8.1151424336333903e-05
+9.6613892576936500e-01  8.1056083781557244e-05
+9.6621993417953678e-01  8.0960735230430056e-05
+9.6630084723715970e-01  8.0865378687477432e-05
+9.6638166493424871e-01  8.0770014163445482e-05
+9.6646238726282840e-01  8.0674641668069299e-05
+9.6654301421493227e-01  8.0579261214815297e-05
+9.6662354578260390e-01  8.0483872805598542e-05
+9.6670398195789575e-01  8.0388476454598055e-05
+9.6678432273286974e-01  8.0293072171095528e-05
+9.6686456809959753e-01  8.0197659964833398e-05
+9.6694471805016002e-01  8.0102239843877682e-05
+9.6702477257664765e-01  8.0006811816099268e-05
+9.6710473167116007e-01  7.9911375893097669e-05
+9.6718459532580603e-01  7.9815932085601553e-05
+9.6726436353270462e-01  7.9720480400115578e-05
+9.6734403628398347e-01  7.9625020846948039e-05
+9.6742361357178019e-01  7.9529553436814704e-05
+9.6750309538824153e-01  7.9434078177673698e-05
+9.6758248172552364e-01  7.9338595080530972e-05
+9.6766177257579233e-01  7.9243104152957634e-05
+9.6774096793122266e-01  7.9147605404330013e-05
+9.6782006778399920e-01  7.9052098845875456e-05
+9.6789907212631554e-01  7.8956584486675037e-05
+9.6797798095037546e-01  7.8861062335716954e-05
+9.6805679424839164e-01  7.8765532400431151e-05
+9.6813551201258607e-01  7.8669994694933437e-05
+9.6821413423519087e-01  7.8574449224440195e-05
+9.6829266090844668e-01  7.8478895998756001e-05
+9.6837109202460425e-01  7.8383335027003235e-05
+9.6844942757592323e-01  7.8287766322879154e-05
+9.6852766755467345e-01  7.8192189889873194e-05
+9.6860581195313311e-01  7.8096605744350722e-05
+9.6868386076359081e-01  7.8001013887584917e-05
+9.6876181397834427e-01  7.7905414337219706e-05
+9.6883967158970041e-01  7.7809807095851374e-05
+9.6891743358997573e-01  7.7714192176884955e-05
+9.6899509997149647e-01  7.7618569586989094e-05
+9.6907267072659753e-01  7.7522939340310919e-05
+9.6915014584762438e-01  7.7427301442102293e-05
+9.6922752532693091e-01  7.7331655900339204e-05
+9.6930480915688100e-01  7.7236002727814479e-05
+9.6938199732984742e-01  7.7140341935354946e-05
+9.6945908983821338e-01  7.7044673527606547e-05
+9.6953608667437030e-01  7.6948997520240368e-05
+9.6961298783072003e-01  7.6853313915947264e-05
+9.6968979329967353e-01  7.6757622727793279e-05
+9.6976650307365087e-01  7.6661923964131500e-05
+9.6984311714508209e-01  7.6566217637491117e-05
+9.6991963550640636e-01  7.6470503752223615e-05
+9.6999605815007250e-01  7.6374782322507202e-05
+9.7007238506853843e-01  7.6279053354276054e-05
+9.7014861625427184e-01  7.6183316859178597e-05
+9.7022475169974975e-01  7.6087572845463331e-05
+9.7030079139745884e-01  7.5991821322262179e-05
+9.7037673533989488e-01  7.5896062299565497e-05
+9.7045258351956298e-01  7.5800295788880828e-05
+9.7052833592897847e-01  7.5704521797044895e-05
+9.7060399256066532e-01  7.5608740332416314e-05
+9.7067955340715728e-01  7.5512951408521252e-05
+9.7075501846099765e-01  7.5417155031986841e-05
+9.7083038771473906e-01  7.5321351212521460e-05
+9.7090566116094368e-01  7.5225539960017900e-05
+9.7098083879218278e-01  7.5129721283230020e-05
+9.7105592060103763e-01  7.5033895193985642e-05
+9.7113090658009860e-01  7.4938061697184044e-05
+9.7120579672196561e-01  7.4842220805849908e-05
+9.7128059101924813e-01  7.4746372530472662e-05
+9.7135528946456484e-01  7.4650516876736289e-05
+9.7142989205054420e-01  7.4554653855022458e-05
+9.7150439876982375e-01  7.4458783478038073e-05
+9.7157880961505094e-01  7.4362905751002809e-05
+9.7165312457888220e-01  7.4267020688708165e-05
+9.7172734365398394e-01  7.4171128294838517e-05
+9.7180146683303159e-01  7.4075228582757213e-05
+9.7187549410871044e-01  7.3979321557505765e-05
+9.7194942547371466e-01  7.3883407233862297e-05
+9.7202326092074842e-01  7.3787485618343745e-05
+9.7209700044252523e-01  7.3691556720676161e-05
+9.7217064403176812e-01  7.3595620551036151e-05
+9.7224419168120901e-01  7.3499677120662988e-05
+9.7231764338359050e-01  7.3403726433285977e-05
+9.7239099913166305e-01  7.3307768506052179e-05
+9.7246425891818833e-01  7.3211803342064597e-05
+9.7253742273593613e-01  7.3115830952798778e-05
+9.7261049057768645e-01  7.3019851345840559e-05
+9.7268346243622794e-01  7.2923864536565648e-05
+9.7275633830435981e-01  7.2827870530460488e-05
+9.7282911817489037e-01  7.2731869335130702e-05
+9.7290180204063681e-01  7.2635860962182134e-05
+9.7297438989442631e-01  7.2539845423032895e-05
+9.7304688172909559e-01  7.2443822723771391e-05
+9.7311927753749061e-01  7.2347792876807982e-05
+9.7319157731246719e-01  7.2251755888531167e-05
+9.7326378104688982e-01  7.2155711770941695e-05
+9.7333588873363353e-01  7.2059660532231663e-05
+9.7340790036558189e-01  7.1963602181088416e-05
+9.7347981593562860e-01  7.1867536729051782e-05
+9.7355163543667644e-01  7.1771464184462191e-05
+9.7362335886163787e-01  7.1675384557776472e-05
+9.7369498620343464e-01  7.1579297858559730e-05
+9.7376651745499831e-01  7.1483204093987987e-05
+9.7383795260926975e-01  7.1387103274853255e-05
+9.7390929165919937e-01  7.1290995409524138e-05
+9.7398053459774658e-01  7.1194880511611888e-05
+9.7405168141788101e-01  7.1098758586275152e-05
+9.7412273211258138e-01  7.1002629645451496e-05
+9.7419368667483608e-01  7.0906493695582315e-05
+9.7426454509764282e-01  7.0810350749909756e-05
+9.7433530737400864e-01  7.0714200816369936e-05
+9.7440597349695046e-01  7.0618043904258640e-05
+9.7447654345949464e-01  7.0521880021341969e-05
+9.7454701725467674e-01  7.0425709182211834e-05
+9.7461739487554189e-01  7.0329531391546241e-05
+9.7468767631514497e-01  7.0233346659299468e-05
+9.7475786156655020e-01  7.0137154996188542e-05
+9.7482795062283101e-01  7.0040956412977367e-05
+9.7489794347707082e-01  6.9944750918078796e-05
+9.7496784012236226e-01  6.9848538516920807e-05
+9.7503764055180731e-01  6.9752319225638510e-05
+9.7510734475851812e-01  6.9656093048177140e-05
+9.7517695273561511e-01  6.9559860000054666e-05
+9.7524646447622954e-01  6.9463620085243212e-05
+9.7531587997350133e-01  6.9367373315563102e-05
+9.7538519922058020e-01  6.9271119700555777e-05
+9.7545442221062495e-01  6.9174859251386960e-05
+9.7552354893680482e-01  6.9078591973206042e-05
+9.7559257939229771e-01  6.8982317878078092e-05
+9.7566151357029118e-01  6.8886036974501590e-05
+9.7573035146398235e-01  6.8789749275622458e-05
+9.7579909306657808e-01  6.8693454785405327e-05
+9.7586773837129426e-01  6.8597153517361225e-05
+9.7593628737135685e-01  6.8500845479657868e-05
+9.7600474006000071e-01  6.8404530681391766e-05
+9.7607309643047069e-01  6.8308209133433075e-05
+9.7614135647602085e-01  6.8211880843688802e-05
+9.7620952018991480e-01  6.8115545824155006e-05
+9.7627758756542615e-01  6.8019204080004944e-05
+9.7634555859583716e-01  6.7922855625984985e-05
+9.7641343327444019e-01  6.7826500464592278e-05
+9.7648121159453694e-01  6.7730138612609811e-05
+9.7654889354943863e-01  6.7633770076049566e-05
+9.7661647913246574e-01  6.7537394867578536e-05
+9.7668396833694893e-01  6.7441012991314710e-05
+9.7675136115622774e-01  6.7344624458819965e-05
+9.7681865758365127e-01  6.7248229282696118e-05
+9.7688585761257873e-01  6.7151827467972947e-05
+9.7695296123637798e-01  6.7055419028623920e-05
+9.7701996844842709e-01  6.6959003968665817e-05
+9.7708687924211302e-01  6.6862582304324548e-05
+9.7715369361083315e-01  6.6766154038622682e-05
+9.7722041154799344e-01  6.6669719184508179e-05
+9.7728703304700981e-01  6.6573277752050283e-05
+9.7735355810130753e-01  6.6476829750116819e-05
+9.7741998670432173e-01  6.6380375187907745e-05
+9.7748631884949677e-01  6.6283914071788884e-05
+9.7755255453028655e-01  6.6187446417386207e-05
+9.7761869374015453e-01  6.6090972229413620e-05
+9.7768473647257359e-01  6.5994491520242698e-05
+9.7775068272102605e-01  6.5898004300286525e-05
+9.7781653247900457e-01  6.5801510573115419e-05
+9.7788228574001024e-01  6.5705010354797500e-05
+9.7794794249755412e-01  6.5608503651369280e-05
+9.7801350274515686e-01  6.5511990473362985e-05
+9.7807896647634840e-01  6.5415470832678085e-05
+9.7814433368466869e-01  6.5318944733346499e-05
+9.7820960436366666e-01  6.5222412189072039e-05
+9.7827477850690125e-01  6.5125873208960730e-05
+9.7833985610794039e-01  6.5029327797910821e-05
+9.7840483716036186e-01  6.4932775975955984e-05
+9.7846972165775314e-01  6.4836217740722046e-05
+9.7853450959371080e-01  6.4739653109275000e-05
+9.7859920096184116e-01  6.4643082089311298e-05
+9.7866379575576046e-01  6.4546504687513001e-05
+9.7872829396909355e-01  6.4449920918478918e-05
+9.7879269559547577e-01  6.4353330786681831e-05
+9.7885700062855130e-01  6.4256734307141232e-05
+9.7892120906197422e-01  6.4160131483804010e-05
+9.7898532088940815e-01  6.4063522327916447e-05
+9.7904933610452571e-01  6.3966906852971735e-05
+9.7911325470101007e-01  6.3870285064816380e-05
+9.7917707667255305e-01  6.3773656970704510e-05
+9.7924080201285624e-01  6.3677022586945139e-05
+9.7930443071563111e-01  6.3580381916286544e-05
+9.7936796277459803e-01  6.3483734971313399e-05
+9.7943139818348746e-01  6.3387081763655696e-05
+9.7949473693603928e-01  6.3290422298896968e-05
+9.7955797902600272e-01  6.3193756587551090e-05
+9.7962112444713645e-01  6.3097084641636306e-05
+9.7968417319320933e-01  6.3000406468060897e-05
+9.7974712525799923e-01  6.2903722075208766e-05
+9.7980998063529334e-01  6.2807031476531027e-05
+9.7987273931888885e-01  6.2710334680272172e-05
+9.7993540130259227e-01  6.2613631696313725e-05
+9.7999796658022009e-01  6.2516922530127128e-05
+9.8006043514559760e-01  6.2420207195676783e-05
+9.8012280699256016e-01  6.2323485703525447e-05
+9.8018508211495259e-01  6.2226758056380401e-05
+9.8024726050662903e-01  6.2130024272467733e-05
+9.8030934216145349e-01  6.2033284355225842e-05
+9.8037132707329933e-01  6.1936538315064546e-05
+9.8043321523604954e-01  6.1839786164075478e-05
+9.8049500664359623e-01  6.1743027912660622e-05
+9.8055670128984207e-01  6.1646263563356062e-05
+9.8061829916869825e-01  6.1549493133549027e-05
+9.8067980027408597e-01  6.1452716629277018e-05
+9.8074120459993597e-01  6.1355934060215131e-05
+9.8080251214018843e-01  6.1259145436775949e-05
+9.8086372288879331e-01  6.1162350767894502e-05
+9.8092483683970966e-01  6.1065550061480020e-05
+9.8098585398690674e-01  6.0968743330928456e-05
+9.8104677432436271e-01  6.0871930582636435e-05
+9.8110759784606572e-01  6.0775111824886746e-05
+9.8116832454601322e-01  6.0678287070370544e-05
+9.8122895441821245e-01  6.0581456328520972e-05
+9.8128948745667999e-01  6.0484619610538040e-05
+9.8134992365544216e-01  6.0387776920746443e-05
+9.8141026300853462e-01  6.0290928274180607e-05
+9.8147050551000281e-01  6.0194073675430584e-05
+9.8153065115390159e-01  6.0097213133599959e-05
+9.8159069993429537e-01  6.0000346667053701e-05
+9.8165065184525824e-01  5.9903474273631672e-05
+9.8171050688087358e-01  5.9806595973793336e-05
+9.8177026503523490e-01  5.9709711768464907e-05
+9.8182992630244459e-01  5.9612821672299337e-05
+9.8188949067661535e-01  5.9515925689285792e-05
+9.8194895815186811e-01  5.9419023838164334e-05
+9.8200832872233512e-01  5.9322116120704698e-05
+9.8206760238215707e-01  5.9225202547918301e-05
+9.8212677912548418e-01  5.9128283132081128e-05
+9.8218585894647670e-01  5.9031357882062314e-05
+9.8224484183930461e-01  5.8934426803362091e-05
+9.8230372779814656e-01  5.8837489911806875e-05
+9.8236251681719167e-01  5.8740547214395728e-05
+9.8242120889063822e-01  5.8643598716640143e-05
+9.8247980401269408e-01  5.8546644431572163e-05
+9.8253830217757665e-01  5.8449684370830150e-05
+9.8259670337951310e-01  5.8352718539064795e-05
+9.8265500761273994e-01  5.8255746952205136e-05
+9.8271321487150343e-01  5.8158769615616172e-05
+9.8277132515005916e-01  5.8061786540441974e-05
+9.8282933844267273e-01  5.7964797732665396e-05
+9.8288725474361871e-01  5.7867803208988395e-05
+9.8294507404718179e-01  5.7770802970613114e-05
+9.8300279634765597e-01  5.7673797028406797e-05
+9.8306042163934482e-01  5.7576785399403377e-05
+9.8311794991656143e-01  5.7479768087862251e-05
+9.8317538117362857e-01  5.7382745104137990e-05
+9.8323271540487900e-01  5.7285716454362076e-05
+9.8328995260465391e-01  5.7188682154470194e-05
+9.8334709276730525e-01  5.7091642210631997e-05
+9.8340413588719400e-01  5.6994596629370681e-05
+9.8346108195869075e-01  5.6897545427199818e-05
+9.8351793097617568e-01  5.6800488607875363e-05
+9.8357468293403860e-01  5.6703426184222125e-05
+9.8363133782667889e-01  5.6606358163908091e-05
+9.8368789564850556e-01  5.6509284555953091e-05
+9.8374435639393698e-01  5.6412205375796286e-05
+9.8380072005740127e-01  5.6315120626990634e-05
+9.8385698663333643e-01  5.6218030318400361e-05
+9.8391315611618935e-01  5.6120934463257816e-05
+9.8396922850041690e-01  5.6023833070659530e-05
+9.8402520378048597e-01  5.5926726146435854e-05
+9.8408108195087185e-01  5.5829613704624937e-05
+9.8413686300606074e-01  5.5732495754279372e-05
+9.8419254694054747e-01  5.5635372302019697e-05
+9.8424813374883691e-01  5.5538243362946212e-05
+9.8430362342544364e-01  5.5441108939176954e-05
+9.8435901596489139e-01  5.5343969044195332e-05
+9.8441431136171342e-01  5.5246823690194738e-05
+9.8446950961045321e-01  5.5149672882270787e-05
+9.8452461070566344e-01  5.5052516633063560e-05
+9.8457961464190613e-01  5.4955354949957269e-05
+9.8463452141375352e-01  5.4858187843162400e-05
+9.8468933101578671e-01  5.4761015323395655e-05
+9.8474404344259714e-01  5.4663837397430371e-05
+9.8479865868878491e-01  5.4566654080461531e-05
+9.8485317674896089e-01  5.4469465373764369e-05
+9.8490759761774438e-01  5.4372271296158045e-05
+9.8496192128976501e-01  5.4275071850377595e-05
+9.8501614775966173e-01  5.4177867050887901e-05
+9.8507027702208327e-01  5.4080656901009619e-05
+9.8512430907168769e-01  5.3983441416785958e-05
+9.8517824390314268e-01  5.3886220606197696e-05
+9.8523208151112573e-01  5.3788994476970947e-05
+9.8528582189032410e-01  5.3691763037737309e-05
+9.8533946503543390e-01  5.3594526299880957e-05
+9.8539301094116150e-01  5.3497284273779382e-05
+9.8544645960222255e-01  5.3400036969606965e-05
+9.8549981101334261e-01  5.3302784393378266e-05
+9.8555306516925656e-01  5.3205526557037789e-05
+9.8560622206470871e-01  5.3108263472568985e-05
+9.8565928169445349e-01  5.3010995143512038e-05
+9.8571224405325464e-01  5.2913721585729326e-05
+9.8576510913588522e-01  5.2816442804689932e-05
+9.8581787693712863e-01  5.2719158811970744e-05
+9.8587054745177705e-01  5.2621869617110638e-05
+9.8592312067463284e-01  5.2524575228425284e-05
+9.8597559660050749e-01  5.2427275657420397e-05
+9.8602797522422270e-01  5.2329970911352916e-05
+9.8608025654060905e-01  5.2232661001649890e-05
+9.8613244054450755e-01  5.2135345936618945e-05
+9.8618452723076788e-01  5.2038025729698671e-05
+9.8623651659425016e-01  5.1940700384034861e-05
+9.8628840862982359e-01  5.1843369908953950e-05
+9.8634020333236716e-01  5.1746034324288104e-05
+9.8639190069676952e-01  5.1648693631065058e-05
+9.8644350071792875e-01  5.1551347838782363e-05
+9.8649500339075269e-01  5.1453996962251568e-05
+9.8654640871015886e-01  5.1356641005756024e-05
+9.8659771667107399e-01  5.1259279982119179e-05
+9.8664892726843512e-01  5.1161913896893275e-05
+9.8670004049718785e-01  5.1064542768396326e-05
+9.8675105635228855e-01  5.0967166596006625e-05
+9.8680197482870247e-01  5.0869785395076364e-05
+9.8685279592140462e-01  5.0772399174728185e-05
+9.8690351962537970e-01  5.0675007943213997e-05
+9.8695414593562214e-01  5.0577611709912345e-05
+9.8700467484713561e-01  5.0480210484421414e-05
+9.8705510635493376e-01  5.0382804278538029e-05
+9.8710544045403936e-01  5.0285393102292129e-05
+9.8715567713948560e-01  5.0187976961395096e-05
+9.8720581640631433e-01  5.0090555869359985e-05
+9.8725585824957796e-01  4.9993129834550657e-05
+9.8730580266433776e-01  4.9895698864423528e-05
+9.8735564964566502e-01  4.9798262968833226e-05
+9.8740539918864056e-01  4.9700822161079121e-05
+9.8745505128835465e-01  4.9603376450406105e-05
+9.8750460593990752e-01  4.9505925840916114e-05
+9.8755406313840854e-01  4.9408470347773701e-05
+9.8760342287897718e-01  4.9311009978785501e-05
+9.8765268515674243e-01  4.9213544741011181e-05
+9.8770184996684240e-01  4.9116074649444980e-05
+9.8775091730442544e-01  4.9018599710653429e-05
+9.8779988716464928e-01  4.8921119934649141e-05
+9.8784875954268125e-01  4.8823635328649245e-05
+9.8789753443369843e-01  4.8726145903390587e-05
+9.8794621183288711e-01  4.8628651672279415e-05
+9.8799479173544380e-01  4.8531152641135978e-05
+9.8804327413657411e-01  4.8433648823037162e-05
+9.8809165903149387e-01  4.8336140219015069e-05
+9.8813994641542768e-01  4.8238626852910631e-05
+9.8818813628361057e-01  4.8141108720898778e-05
+9.8823622863128679e-01  4.8043585838667854e-05
+9.8828422345371025e-01  4.7946058215645491e-05
+9.8833212074614452e-01  4.7848525863758978e-05
+9.8837992050386281e-01  4.7750988784284683e-05
+9.8842762272214779e-01  4.7653447000346208e-05
+9.8847522739629223e-01  4.7555900509442894e-05
+9.8852273452159833e-01  4.7458349322033646e-05
+9.8857014409337718e-01  4.7360793454776587e-05
+9.8861745610695051e-01  4.7263232913396087e-05
+9.8866467055764928e-01  4.7165667705235842e-05
+9.8871178744081389e-01  4.7068097848538886e-05
+9.8875880675179473e-01  4.6970523342455647e-05
+9.8880572848595150e-01  4.6872944202847000e-05
+9.8885255263865401e-01  4.6775360434540015e-05
+9.8889927920528109e-01  4.6677772051039019e-05
+9.8894590818122130e-01  4.6580179062865987e-05
+9.8899243956187322e-01  4.6482581477689756e-05
+9.8903887334264506e-01  4.6384979301497901e-05
+9.8908520951895407e-01  4.6287372553584295e-05
+9.8913144808622766e-01  4.6189761234051889e-05
+9.8917758903990283e-01  4.6092145356416199e-05
+9.8922363237542577e-01  4.5994524932692516e-05
+9.8926957808825300e-01  4.5896899968162496e-05
+9.8931542617385015e-01  4.5799270473747986e-05
+9.8936117662769285e-01  4.5701636456109198e-05
+9.8940682944526581e-01  4.5603997933351416e-05
+9.8945238462206397e-01  4.5506354911217468e-05
+9.8949784215359160e-01  4.5408707398488510e-05
+9.8954320203536250e-01  4.5311055402196110e-05
+9.8958846426290081e-01  4.5213398930228196e-05
+9.8963362883173933e-01  4.5115738000638693e-05
+9.8967869573742084e-01  4.5018072621499432e-05
+9.8972366497549813e-01  4.4920402794420244e-05
+9.8976853654153329e-01  4.4822728537413122e-05
+9.8981331043109810e-01  4.4725049855978954e-05
+9.8985798663977398e-01  4.4627366758831501e-05
+9.8990256516315189e-01  4.4529679262778850e-05
+9.8994704599683292e-01  4.4431987368301122e-05
+9.8999142913642713e-01  4.4334291089076935e-05
+9.9003571457755446e-01  4.4236590434527247e-05
+9.9007990231584475e-01  4.4138885416281393e-05
+9.9012399234693715e-01  4.4041176043081921e-05
+9.9016798466648070e-01  4.3943462319632124e-05
+9.9021187927013377e-01  4.3845744263743264e-05
+9.9025567615356480e-01  4.3748021879488600e-05
+9.9029937531245160e-01  4.3650295175334252e-05
+9.9034297674248151e-01  4.3552564164481196e-05
+9.9038648043935185e-01  4.3454828857315445e-05
+9.9042988639876917e-01  4.3357089260260965e-05
+9.9047319461645023e-01  4.3259345385421679e-05
+9.9051640508812056e-01  4.3161597244918135e-05
+9.9055951780951668e-01  4.3063844837783110e-05
+9.9060253277638333e-01  4.2966088185600961e-05
+9.9064544998447579e-01  4.2868327294384720e-05
+9.9068826942955868e-01  4.2770562168807516e-05
+9.9073099110740626e-01  4.2672792824482573e-05
+9.9077361501380246e-01  4.2575019269307563e-05
+9.9081614114454131e-01  4.2477241508391681e-05
+9.9085856949542550e-01  4.2379459558043721e-05
+9.9090090006226794e-01  4.2281673431817754e-05
+9.9094313284089153e-01  4.2183883125146334e-05
+9.9098526782712848e-01  4.2086088657613338e-05
+9.9102730501682046e-01  4.1988290035799358e-05
+9.9106924440581912e-01  4.1890487271219956e-05
+9.9111108598998543e-01  4.1792680373997385e-05
+9.9115282976519037e-01  4.1694869351392311e-05
+9.9119447572731445e-01  4.1597054210552437e-05
+9.9123602387224763e-01  4.1499234970274219e-05
+9.9127747419588963e-01  4.1401411633514383e-05
+9.9131882669415017e-01  4.1303584208203868e-05
+9.9136008136294795e-01  4.1205752710305790e-05
+9.9140123819821224e-01  4.1107917142208598e-05
+9.9144229719588073e-01  4.1010077520986926e-05
+9.9148325835190221e-01  4.0912233848932024e-05
+9.9152412166223369e-01  4.0814386142837844e-05
+9.9156488712284285e-01  4.0716534408880885e-05
+9.9160555472970702e-01  4.0618678653085121e-05
+9.9164612447881217e-01  4.0520818892138030e-05
+9.9168659636615519e-01  4.0422955130653049e-05
+9.9172697038774194e-01  4.0325087378577854e-05
+9.9176724653958792e-01  4.0227215652561190e-05
+9.9180742481771844e-01  4.0129339951775445e-05
+9.9184750521816856e-01  4.0031460291375900e-05
+9.9188748773698299e-01  3.9933576680048405e-05
+9.9192737237021578e-01  3.9835689129005563e-05
+9.9196715911393096e-01  3.9737797646931838e-05
+9.9200684796420213e-01  3.9639902240931974e-05
+9.9204643891711264e-01  3.9542002926625469e-05
+9.9208593196875539e-01  3.9444099707205292e-05
+9.9212532711523271e-01  3.9346192595556046e-05
+9.9216462435265718e-01  3.9248281603311417e-05
+9.9220382367715043e-01  3.9150366736631633e-05
+9.9224292508484424e-01  3.9052448004556783e-05
+9.9228192857187958e-01  3.8954525424477879e-05
+9.9232083413440786e-01  3.8856598990344469e-05
+9.9235964176858915e-01  3.8758668729684635e-05
+9.9239835147059374e-01  3.8660734644993032e-05
+9.9243696323660169e-01  3.8562796738839774e-05
+9.9247547706280237e-01  3.8464855032244859e-05
+9.9251389294539538e-01  3.8366909526724868e-05
+9.9255221088058909e-01  3.8268960230959660e-05
+9.9259043086460252e-01  3.8171007162309758e-05
+9.9262855289366336e-01  3.8073050329901067e-05
+9.9266657696400984e-01  3.7975089738707311e-05
+9.9270450307188951e-01  3.7877125396723743e-05
+9.9274233121355948e-01  3.7779157319469062e-05
+9.9278006138528674e-01  3.7681185511095045e-05
+9.9281769358334770e-01  3.7583209988987566e-05
+9.9285522780402857e-01  3.7485230757779764e-05
+9.9289266404362564e-01  3.7387247821004359e-05
+9.9293000229844397e-01  3.7289261201157256e-05
+9.9296724256479907e-01  3.7191270897895733e-05
+9.9300438483901576e-01  3.7093276924248281e-05
+9.9304142911742854e-01  3.6995279292104086e-05
+9.9307837539638188e-01  3.6897278006253803e-05
+9.9311522367222937e-01  3.6799273080694082e-05
+9.9315197394133481e-01  3.6701264523929928e-05
+9.9318862620007142e-01  3.6603252346173723e-05
+9.9322518044482211e-01  3.6505236555132521e-05
+9.9326163667197942e-01  3.6407217160187109e-05
+9.9329799487794579e-01  3.6309194172826107e-05
+9.9333425505913309e-01  3.6211167603258532e-05
+9.9337041721196284e-01  3.6113137460658028e-05
+9.9340648133286646e-01  3.6015103753156464e-05
+9.9344244741828502e-01  3.5917066489145714e-05
+9.9347831546466869e-01  3.5819025686669673e-05
+9.9351408546847830e-01  3.5720981345992610e-05
+9.9354975742618368e-01  3.5622933478363440e-05
+9.9358533133426452e-01  3.5524882098747237e-05
+9.9362080718921009e-01  3.5426827210193474e-05
+9.9365618498751951e-01  3.5328768823899345e-05
+9.9369146472570136e-01  3.5230706956235665e-05
+9.9372664640027408e-01  3.5132641613329566e-05
+9.9376173000776580e-01  3.5034572793961835e-05
+9.9379671554471405e-01  3.4936500525415527e-05
+9.9383160300766660e-01  3.4838424804506439e-05
+9.9386639239318009e-01  3.4740345653364806e-05
+9.9390108369782171e-01  3.4642263062079327e-05
+9.9393567691816753e-01  3.4544177060253029e-05
+9.9397017205080407e-01  3.4446087645284241e-05
+9.9400456909232671e-01  3.4347994837041618e-05
+9.9403886803934127e-01  3.4249898630856539e-05
+9.9407306888846270e-01  3.4151799049578761e-05
+9.9410717163631612e-01  3.4053696095982702e-05
+9.9414117627953580e-01  3.3955589783103366e-05
+9.9417508281476608e-01  3.3857480119796836e-05
+9.9420889123866074e-01  3.3759367115647337e-05
+9.9424260154788346e-01  3.3661250779214752e-05
+9.9427621373910746e-01  3.3563131119822414e-05
+9.9430972780901583e-01  3.3465008142500040e-05
+9.9434314375430088e-01  3.3366881871009084e-05
+9.9437646157166504e-01  3.3268752310270050e-05
+9.9440968125782070e-01  3.3170619456087780e-05
+9.9444280280948893e-01  3.3072483334457646e-05
+9.9447582622340147e-01  3.2974343945959536e-05
+9.9450875149629914e-01  3.2876201306661439e-05
+9.9454157862493286e-01  3.2778055421883937e-05
+9.9457430760606291e-01  3.2679906301073811e-05
+9.9460693843645953e-01  3.2581753957899448e-05
+9.9463947111290230e-01  3.2483598396619847e-05
+9.9467190563218100e-01  3.2385439625751448e-05
+9.9470424199109453e-01  3.2287277664769382e-05
+9.9473648018645178e-01  3.2189112517258497e-05
+9.9476862021507129e-01  3.2090944192595724e-05
+9.9480066207378148e-01  3.1992772702718428e-05
+9.9483260575942001e-01  3.1894598048626162e-05
+9.9486445126883460e-01  3.1796420254464500e-05
+9.9489619859888245e-01  3.1698239319341038e-05
+9.9492784774643062e-01  3.1600055259068218e-05
+9.9495939870835581e-01  3.1501868074674001e-05
+9.9499085148154431e-01  3.1403677782190802e-05
+9.9502220606289216e-01  3.1305484394855843e-05
+9.9505346244930526e-01  3.1207287913250791e-05
+9.9508462063769854e-01  3.1109088361506232e-05
+9.9511568062499778e-01  3.1010885726127123e-05
+9.9514664240813733e-01  3.0912680038785291e-05
+9.9517750598406185e-01  3.0814471303806759e-05
+9.9520827134972556e-01  3.0716259519661317e-05
+9.9523893850209233e-01  3.0618044708719715e-05
+9.9526950743813569e-01  3.0519826874942964e-05
+9.9529997815483895e-01  3.0421606026984928e-05
+9.9533035064919506e-01  3.0323382181725107e-05
+9.9536062491820654e-01  3.0225155342822525e-05
+9.9539080095888599e-01  3.0126925520402680e-05
+9.9542087876825525e-01  3.0028692723936584e-05
+9.9545085834334612e-01  2.9930456965830305e-05
+9.9548073968120010e-01  2.9832218254270452e-05
+9.9551052277886831e-01  2.9733976593064065e-05
+9.9554020763341144e-01  2.9635732001939762e-05
+9.9556979424190017e-01  2.9537484485165286e-05
+9.9559928260141439e-01  2.9439234061187350e-05
+9.9562867270904443e-01  2.9340980720240712e-05
+9.9565796456188971e-01  2.9242724483208308e-05
+9.9568715815705944e-01  2.9144465374311343e-05
+9.9571625349167259e-01  2.9046203379777960e-05
+9.9574525056285823e-01  2.8947938515151319e-05
+9.9577414936775432e-01  2.8849670801069877e-05
+9.9580294990350915e-01  2.8751400238749769e-05
+9.9583165216728031e-01  2.8653126838271164e-05
+9.9586025615623575e-01  2.8554850605428481e-05
+9.9588876186755226e-01  2.8456571556791530e-05
+9.9591716929841656e-01  2.8358289704613087e-05
+9.9594547844602566e-01  2.8260005047275701e-05
+9.9597368930758567e-01  2.8161717605488304e-05
+9.9600180188031240e-01  2.8063427382405062e-05
+9.9602981616143171e-01  2.7965134391969156e-05
+9.9605773214817894e-01  2.7866838643925413e-05
+9.9608554983779940e-01  2.7768540137646157e-05
+9.9611326922754739e-01  2.7670238897475401e-05
+9.9614089031468755e-01  2.7571934931776916e-05
+9.9616841309649429e-01  2.7473628234427282e-05
+9.9619583757025132e-01  2.7375318826391843e-05
+9.9622316373325226e-01  2.7277006722533595e-05
+9.9625039158280049e-01  2.7178691925220705e-05
+9.9627752111620871e-01  2.7080374450346193e-05
+9.9630455233080006e-01  2.6982054289154955e-05
+9.9633148522390635e-01  2.6883731474968809e-05
+9.9635831979287004e-01  2.6785406010259604e-05
+9.9638505603504313e-01  2.6687077897207999e-05
+9.9641169394778661e-01  2.6588747155759181e-05
+9.9643823352847216e-01  2.6490413783083791e-05
+9.9646467477448031e-01  2.6392077800420082e-05
+9.9649101768320181e-01  2.6293739214610707e-05
+9.9651726225203729e-01  2.6195398027520518e-05
+9.9654340847839640e-01  2.6097054259569000e-05
+9.9656945635969896e-01  2.5998707914151453e-05
+9.9659540589337414e-01  2.5900359008942796e-05
+9.9662125707686178e-01  2.5802007540274680e-05
+9.9664700990761013e-01  2.5703653527415382e-05
+9.9667266438307767e-01  2.5605296982838115e-05
+9.9669822050073309e-01  2.5506937908068633e-05
+9.9672367825805419e-01  2.5408576321555442e-05
+9.9674903765252876e-01  2.5310212213607415e-05
+9.9677429868165390e-01  2.5211845614657981e-05
+9.9679946134293662e-01  2.5113476536085235e-05
+9.9682452563389412e-01  2.5015104973597648e-05
+9.9684949155205271e-01  2.4916730939762313e-05
+9.9687435909494848e-01  2.4818354447159742e-05
+9.9689912826012761e-01  2.4719975503720399e-05
+9.9692379904514550e-01  2.4621594125948892e-05
+9.9694837144756754e-01  2.4523210314530327e-05
+9.9697284546496889e-01  2.4424824083399836e-05
+9.9699722109493405e-01  2.4326435443927739e-05
+9.9702149833505782e-01  2.4228044400789200e-05
+9.9704567718294412e-01  2.4129650967058350e-05
+9.9706975763620687e-01  2.4031255153908087e-05
+9.9709373969246951e-01  2.3932856974073007e-05
+9.9711762334936571e-01  2.3834456426922894e-05
+9.9714140860453826e-01  2.3736053529658460e-05
+9.9716509545563992e-01  2.3637648287852004e-05
+9.9718868390033322e-01  2.3539240713954109e-05
+9.9721217393629025e-01  2.3440830808733353e-05
+9.9723556556119275e-01  2.3342418600643532e-05
+9.9725885877273235e-01  2.3244004087668964e-05
+9.9728205356861033e-01  2.3145587286790569e-05
+9.9730514994653774e-01  2.3047168193305551e-05
+9.9732814790423530e-01  2.2948746830863751e-05
+9.9735104743943337e-01  2.2850323194685749e-05
+9.9737384854987210e-01  2.2751897305915537e-05
+9.9739655123330129e-01  2.2653469176278562e-05
+9.9741915548748061e-01  2.2555038812647767e-05
+9.9744166131017931e-01  2.2456606217003682e-05
+9.9746406869917603e-01  2.2358171413068999e-05
+9.9748637765226011e-01  2.2259734395341043e-05
+9.9750858816722954e-01  2.2161295185215159e-05
+9.9753070024189272e-01  2.2062853777064743e-05
+9.9755271387406697e-01  2.1964410209709752e-05
+9.9757462906158034e-01  2.1865964460013973e-05
+9.9759644580226992e-01  2.1767516559617160e-05
+9.9761816409398274e-01  2.1669066515387591e-05
+9.9763978393457553e-01  2.1570614323835917e-05
+9.9766130532191455e-01  2.1472160007027275e-05
+9.9768272825387627e-01  2.1373703564202605e-05
+9.9770405272834628e-01  2.1275245022619546e-05
+9.9772527874322015e-01  2.1176784381730254e-05
+9.9774640629640332e-01  2.1078321638382558e-05
+9.9776743538581059e-01  2.0979856827967877e-05
+9.9778836600936693e-01  2.0881389939816251e-05
+9.9780919816500646e-01  2.0782920997024605e-05
+9.9782993185067359e-01  2.0684449996537222e-05
+9.9785056706432207e-01  2.0585976959320714e-05
+9.9787110380391553e-01  2.0487501887870218e-05
+9.9789154206742736e-01  2.0389024792854568e-05
+9.9791188185284052e-01  2.0290545690486200e-05
+9.9793212315814750e-01  2.0192064589315368e-05
+9.9795226598135123e-01  2.0093581484095109e-05
+9.9797231032046352e-01  1.9995096410971516e-05
+9.9799225617350662e-01  1.9896609348833138e-05
+9.9801210353851166e-01  1.9798120334349536e-05
+9.9803185241352055e-01  1.9699629357678283e-05
+9.9805150279658372e-01  1.9601136445116948e-05
+9.9807105468576252e-01  1.9502641592911873e-05
+9.9809050807912736e-01  1.9404144813912095e-05
+9.9810986297475801e-01  1.9305646127219923e-05
+9.9812911937074489e-01  1.9207145529679796e-05
+9.9814827726518740e-01  1.9108643043635712e-05
+9.9816733665619517e-01  1.9010138660825259e-05
+9.9818629754188692e-01  1.8911632410182909e-05
+9.9820515992039183e-01  1.8813124289504494e-05
+9.9822392378984826e-01  1.8714614314379294e-05
+9.9824258914840458e-01  1.8616102489011556e-05
+9.9826115599421861e-01  1.8517588829626923e-05
+9.9827962432545825e-01  1.8419073347282388e-05
+9.9829799414030096e-01  1.8320556035243369e-05
+9.9831626543693353e-01  1.8222036925983961e-05
+9.9833443821355305e-01  1.8123516019938966e-05
+9.9835251246836643e-01  1.8024993314444602e-05
+9.9837048819958962e-01  1.7926468837605262e-05
+9.9838836540544862e-01  1.7827942593952016e-05
+9.9840614408417960e-01  1.7729414575935002e-05
+9.9842382423402765e-01  1.7630884828894825e-05
+9.9844140585324825e-01  1.7532353324686045e-05
+9.9845888894010593e-01  1.7433820106802381e-05
+9.9847627349287582e-01  1.7335285153913061e-05
+9.9849355950984209e-01  1.7236748501547122e-05
+9.9851074698929887e-01  1.7138210135481516e-05
+9.9852783592954997e-01  1.7039670079857582e-05
+9.9854482632890906e-01  1.6941128346899859e-05
+9.9856171818569917e-01  1.6842584949296763e-05
+9.9857851149825361e-01  1.6744039881320957e-05
+9.9859520626491505e-01  1.6645493163271749e-05
+9.9861180248403569e-01  1.6546944806658803e-05
+9.9862830015397797e-01  1.6448394810100658e-05
+9.9864469927311372e-01  1.6349843193266798e-05
+9.9866099983982459e-01  1.6251289962692418e-05
+9.9867720185250186e-01  1.6152735129187528e-05
+9.9869330530954681e-01  1.6054178700932411e-05
+9.9870931020937015e-01  1.5955620686371348e-05
+9.9872521655039237e-01  1.5857061095421613e-05
+9.9874102433104361e-01  1.5758499941510500e-05
+9.9875673354976402e-01  1.5659937239288210e-05
+9.9877234420500338e-01  1.5561372986525945e-05
+9.9878785629522127e-01  1.5462807192158063e-05
+9.9880326981888623e-01  1.5364239883945096e-05
+9.9881858477447794e-01  1.5265671047574896e-05
+9.9883380116048448e-01  1.5167100712391567e-05
+9.9884891897540440e-01  1.5068528880077469e-05
+9.9886393821774577e-01  1.4969955560167067e-05
+9.9887885888602646e-01  1.4871380759619579e-05
+9.9889368097877396e-01  1.4772804486009011e-05
+9.9890840449452545e-01  1.4674226762726081e-05
+9.9892302943182809e-01  1.4575647591904587e-05
+9.9893755578923815e-01  1.4477066991627529e-05
+9.9895198356532289e-01  1.4378484943083889e-05
+9.9896631275865777e-01  1.4279901485085318e-05
+9.9898054336782893e-01  1.4181316623578412e-05
+9.9899467539143227e-01  1.4082730349849607e-05
+9.9900870882807280e-01  1.3984142694847090e-05
+9.9902264367636562e-01  1.3885553659466952e-05
+9.9903647993493572e-01  1.3786963257651921e-05
+9.9905021760241763e-01  1.3688371484188168e-05
+9.9906385667745568e-01  1.3589778363041431e-05
+9.9907739715870358e-01  1.3491183911392658e-05
+9.9909083904482543e-01  1.3392588115157534e-05
+9.9910418233449449e-01  1.3293991001729984e-05
+9.9911742702639406e-01  1.3195392579782772e-05
+9.9913057311921716e-01  1.3096792854682027e-05
+9.9914362061166628e-01  1.2998191832933088e-05
+9.9915656950245380e-01  1.2899589530575466e-05
+9.9916941979030183e-01  1.2800985961144196e-05
+9.9918217147394262e-01  1.2702381113342709e-05
+9.9919482455211717e-01  1.2603775028726769e-05
+9.9920737902357715e-01  1.2505167689919389e-05
+9.9921983488708355e-01  1.2406559119755573e-05
+9.9923219214140735e-01  1.2307949316026851e-05
+9.9924445078532842e-01  1.2209338326874311e-05
+9.9925661081763761e-01  1.2110726099179005e-05
+9.9926867223713467e-01  1.2012112697511989e-05
+9.9928063504262954e-01  1.1913498093358316e-05
+9.9929249923294106e-01  1.1814882332356897e-05
+9.9930426480689905e-01  1.1716265397728187e-05
+9.9931593176334221e-01  1.1617647296499462e-05
+9.9932750010111882e-01  1.1519028070299131e-05
+9.9933896981908787e-01  1.1420407682505118e-05
+9.9935034091611685e-01  1.1321786192390971e-05
+9.9936161339108420e-01  1.1223163565545108e-05
+9.9937278724287693e-01  1.1124539841166111e-05
+9.9938386247039257e-01  1.1025915011950202e-05
+9.9939483907253801e-01  1.0927289106037909e-05
+9.9940571704823045e-01  1.0828662103398043e-05
+9.9941649639639585e-01  1.0730034036347556e-05
+9.9942717711597073e-01  1.0631404929039747e-05
+9.9943775920590094e-01  1.0532774755690130e-05
+9.9944824266514221e-01  1.0434143543843589e-05
+9.9945862749265990e-01  1.0335511323410005e-05
+9.9946891368742941e-01  1.0236878046571998e-05
+9.9947910124843531e-01  1.0138243784270760e-05
+9.9948919017467241e-01  1.0039608518659566e-05
+9.9949918046514497e-01  9.9409722715971609e-06
+9.9950907211886741e-01  9.8423350170059750e-06
+9.9951886513486321e-01  9.7436968082284302e-06
+9.9952855951216601e-01  9.6450576287274245e-06
+9.9953815524981904e-01  9.5464175143005201e-06
+9.9954765234687559e-01  9.4477764575633261e-06
+9.9955705080239809e-01  9.3491344529020249e-06
+9.9956635061545951e-01  9.2504915190870022e-06
+9.9957555178514146e-01  9.1518476964461640e-06
+9.9958465431053667e-01  9.0532029430850948e-06
+9.9959365819074608e-01  8.9545573156690417e-06
+9.9960256342488152e-01  8.8559108196796564e-06
+9.9961137001206435e-01  8.7572634058925611e-06
+9.9962007795142482e-01  8.6586151702669443e-06
+9.9962868724210441e-01  8.5599660492430732e-06
+9.9963719788325300e-01  8.4613161008544260e-06
+9.9964560987403084e-01  8.3626653030902264e-06
+9.9965392321360769e-01  8.2640137008475117e-06
+9.9966213790116321e-01  8.1653612760245491e-06
+9.9967025393588682e-01  8.0667080329537410e-06
+9.9967827131697740e-01  7.9680539914850878e-06
+9.9968619004364379e-01  7.8693991814955336e-06
+9.9969401011510461e-01  7.7707436014395365e-06
+9.9970173153058806e-01  7.6720872450999270e-06
+9.9970935428933227e-01  7.5734301226435299e-06
+9.9971687839058476e-01  7.4747722393998501e-06
+9.9972430383360311e-01  7.3761136483328026e-06
+9.9973163061765458e-01  7.2774543173972589e-06
+9.9973885874201607e-01  7.1787942834515324e-06
+9.9974598820597427e-01  7.0801335188963947e-06
+9.9975301900882563e-01  6.9814720515454692e-06
+9.9975995114987626e-01  6.8828099140209342e-06
+9.9976678462844204e-01  6.7841471024126761e-06
+9.9977351944384862e-01  6.6854836078166144e-06
+9.9978015559543154e-01  6.5868194476471917e-06
+9.9978669308253565e-01  6.4881546439794715e-06
+9.9979313190451591e-01  6.3894891970142700e-06
+9.9979947206073683e-01  6.2908231277658522e-06
+9.9980571355057268e-01  6.1921564430861249e-06
+9.9981185637340775e-01  6.0934891175546308e-06
+9.9981790052863562e-01  5.9948212287279131e-06
+9.9982384601565988e-01  5.8961527401822930e-06
+9.9982969283389400e-01  5.7974836554389592e-06
+9.9983544098276078e-01  5.6988139803902567e-06
+9.9984109046169267e-01  5.6001437744393540e-06
+9.9984664127013267e-01  5.5014729944727188e-06
+9.9985209340753278e-01  5.4028016903772026e-06
+9.9985744687335476e-01  5.3041298558166831e-06
+9.9986270166707070e-01  5.2054574778010088e-06
+9.9986785778816156e-01  5.1067846213215786e-06
+9.9987291523611899e-01  5.0081112180222170e-06
+9.9987787401044348e-01  4.9094373207958144e-06
+9.9988273411064599e-01  4.8107629800882495e-06
+9.9988749553624667e-01  4.7120881371953586e-06
+9.9989215828677580e-01  4.6134128410886056e-06
+9.9989672236177296e-01  4.5147370993095763e-06
+9.9990118776078829e-01  4.4160608887942615e-06
+9.9990555448338070e-01  4.3173842400710525e-06
+9.9990982252911942e-01  4.2187071508072400e-06
+9.9991399189758301e-01  4.1200296774841398e-06
+9.9991806258836013e-01  4.0213518200010218e-06
+9.9992203460104945e-01  3.9226735406839553e-06
+9.9992590793525871e-01  3.8239948319327456e-06
+9.9992968259060566e-01  3.7253157811840595e-06
+9.9993335856671761e-01  3.6266363836518487e-06
+9.9993693586323229e-01  3.5279566266574796e-06
+9.9994041447979654e-01  3.4292764698900195e-06
+9.9994379441606684e-01  3.3305960232898860e-06
+9.9994707567170993e-01  3.2319152170686147e-06
+9.9995025824640194e-01  3.1332341156564231e-06
+9.9995334213982900e-01  3.0345526794905487e-06
+9.9995632735168649e-01  2.9358709818913300e-06
+9.9995921388168019e-01  2.8371889841951657e-06
+9.9996200172952532e-01  2.7385066523499861e-06
+9.9996469089494666e-01  2.6398241279555206e-06
+9.9996728137767921e-01  2.5411412883870131e-06
+9.9996977317746705e-01  2.4424582528886973e-06
+9.9997216629406493e-01  2.3437749297390349e-06
+9.9997446072723650e-01  2.2450914052432517e-06
+9.9997665647675593e-01  2.1464076366196017e-06
+9.9997875354240662e-01  2.0477236095847749e-06
+9.9998075192398206e-01  1.9490394787145601e-06
+9.9998265162128552e-01  1.8503551431727226e-06
+9.9998445263413049e-01  1.7516705448692413e-06
+9.9998615496233989e-01  1.6529857495608690e-06
+9.9998775860574685e-01  1.5543008578239163e-06
+9.9998926356419471e-01  1.4556159118708148e-06
+9.9999066983753715e-01  1.3569307653441145e-06
+9.9999197742563850e-01  1.2582455419235050e-06
+9.9999318632837397e-01  1.1595600565298287e-06
+9.9999429654563110e-01  1.0608743994973687e-06
+9.9999530807730996e-01  9.6218876337875510e-07
+9.9999622092332685e-01  8.6350300309898730e-07
+9.9999703508361848e-01  7.6481759813700637e-07
+9.9999775055815254e-01  6.6613160605272701e-07
+9.9999836734695036e-01  5.6744601631403769e-07
+9.9999888545014781e-01  4.6876031592649809e-07
+9.9999930486817390e-01  3.7007548100452173e-07
+9.9999962560243039e-01  2.7139401982776508e-07
+9.9999984765892669e-01  1.7272403487245876e-07
+9.9999997108696170e-01  7.4199768137255252e-08
