-9.9999967881898033e-01 8.2425435526187104e-07
-9.9999830771672660e-01 1.9187059141453826e-06
-9.9999584100010508e-01 3.0147761293289889e-06
-9.9999227812393998e-01 4.1109838988354285e-06
-9.9998761902502820e-01 5.2072153136077960e-06
-9.9998186369245079e-01 6.3034495664681891e-06
-9.9997501212717754e-01 7.3996800751172458e-06
-9.9996706433453786e-01 8.4959039169651014e-06
-9.9995802032222059e-01 9.5921191607017415e-06
-9.9994788009960867e-01 1.0688324256832952e-05
-9.9993664367752011e-01 1.1784517881611089e-05
-9.9992431106809532e-01 1.2880698737993020e-05
-9.9991088228474301e-01 1.3976865534692593e-05
-9.9989635734211202e-01 1.5073017081041389e-05
-9.9988073625607665e-01 1.6169152145142765e-05
-9.9986401904372779e-01 1.7265269509011948e-05
-9.9984620572336769e-01 1.8361367964670418e-05
-9.9982729631450684e-01 1.9457446300126257e-05
-9.9980729083786168e-01 2.0553503335317298e-05
-9.9978618931535379e-01 2.1649537829911028e-05
-9.9976399177010822e-01 2.2745548604225799e-05
-9.9974069822645339e-01 2.3841534450744729e-05
-9.9971630870992045e-01 2.4937494167806839e-05
-9.9969082324724312e-01 2.6033426532317983e-05
-9.9966424186635683e-01 2.7129330377342414e-05
-9.9963656459639938e-01 2.8225204484960829e-05
-9.9960779146771039e-01 2.9321047635888692e-05
-9.9957792251183075e-01 3.0416858662042729e-05
-9.9954695776150337e-01 3.1512636341032845e-05
-9.9951489725067255e-01 3.2608379465778363e-05
-9.9948174101448373e-01 3.3704086855536395e-05
-9.9944748908928405e-01 3.4799757292076246e-05
-9.9941214151262170e-01 3.5895389581143537e-05
-9.9937569832324624e-01 3.6990982513355339e-05
-9.9933815956110816e-01 3.8086534899839273e-05
-9.9929952526735921e-01 3.9182045536777499e-05
-9.9925979548435218e-01 4.0277513219744732e-05
-9.9921897025564088e-01 4.1372936741498514e-05
-9.9917704962597986e-01 4.2468314913250764e-05
-9.9913403364132469e-01 4.3563646531235724e-05
-9.9908992234883176e-01 4.4658930393265921e-05
-9.9904471579685827e-01 4.5754165293521000e-05
-9.9899841403496192e-01 4.6849350041681938e-05
-9.9895101711390144e-01 4.7944483420768545e-05
-9.9890252508563560e-01 4.9039564251720599e-05
-9.9885293800332431e-01 5.0134591313146449e-05
-9.9880225592132743e-01 5.1229563420945024e-05
-9.9875047889520563e-01 5.2324479363817306e-05
-9.9869760698171961e-01 5.3419337950424404e-05
-9.9864364023883068e-01 5.4514137970831456e-05
-9.9858857872570006e-01 5.5608878232467700e-05
-9.9853242250268937e-01 5.6703557529582901e-05
-9.9847517163136013e-01 5.7798174667184211e-05
-9.9841682617447403e-01 5.8892728441354150e-05
-9.9835738619599257e-01 5.9987217656797059e-05
-9.9829685176107730e-01 6.1081641108779488e-05
-9.9823522293608935e-01 6.2175997604639339e-05
-9.9817249978858991e-01 6.3270285935336656e-05
-9.9810868238733952e-01 6.4364504907744028e-05
-9.9804377080229856e-01 6.5458653315724269e-05
-9.9797776510462666e-01 6.6552729966929116e-05
-9.9791066536668305e-01 6.7646733659729196e-05
-9.9784247166202633e-01 6.8740663192241001e-05
-9.9777318406541426e-01 6.9834517370693063e-05
-9.9770280265280376e-01 7.0928294992457080e-05
-9.9763132750135119e-01 7.2021994853521822e-05
-9.9755875868941146e-01 7.3115615763495999e-05
-9.9748509629653870e-01 7.4209156520371988e-05
-9.9741034040348575e-01 7.5302615927584738e-05
-9.9733449109220451e-01 7.6395992777441828e-05
-9.9725754844584502e-01 7.7489285883411497e-05
-9.9717951254875647e-01 7.8582494035754947e-05
-9.9710038348648600e-01 7.9675616047228447e-05
-9.9702016134577964e-01 8.0768650708696978e-05
-9.9693884621458129e-01 8.1861596830435558e-05
-9.9685643818203340e-01 8.2954453207076284e-05
-9.9677293733847616e-01 8.4047218648750286e-05
-9.9668834377544813e-01 8.5139891950878336e-05
-9.9660265758568556e-01 8.6232471917016760e-05
-9.9651587886312243e-01 8.7324957353680915e-05
-9.9642800770289075e-01 8.8417347055331106e-05
-9.9633904420131969e-01 8.9509639831809415e-05
-9.9624898845593624e-01 9.0601834481823183e-05
-9.9615784056546464e-01 9.1693929807947587e-05
-9.9606560062982641e-01 9.2785924613172525e-05
-9.9597226875014011e-01 9.3877817705095715e-05
-9.9587784502872168e-01 9.4969607879488694e-05
-9.9578232956908364e-01 9.6061293944884750e-05
-9.9568572247593556e-01 9.7152874701629101e-05
-9.9558802385518375e-01 9.8244348951202084e-05
-9.9548923381393084e-01 9.9335715501728297e-05
-9.9538935246047611e-01 1.0042697315772253e-04
-9.9528837990431540e-01 1.0151812071604319e-04
-9.9518631625614040e-01 1.0260915698713269e-04
-9.9508316162783927e-01 1.0370008076996878e-04
-9.9497891613249589e-01 1.0479089087219905e-04
-9.9487357988439029e-01 1.0588158609310539e-04
-9.9476715299899787e-01 1.0697216524352770e-04
-9.9465963559298987e-01 1.0806262712791748e-04
-9.9455102778423321e-01 1.0915297054411684e-04
-9.9444132969178989e-01 1.1024319430025160e-04
-9.9433054143591715e-01 1.1133329720320947e-04
-9.9421866313806750e-01 1.1242327805494604e-04
-9.9410569492088829e-01 1.1351313566207180e-04
-9.9399163690822168e-01 1.1460286883112654e-04
-9.9387648922510463e-01 1.1569247636586189e-04
-9.9376025199776874e-01 1.1678195706871577e-04
-9.9364292535363963e-01 1.1787130975240126e-04
-9.9352450942133774e-01 1.1896053321528640e-04
-9.9340500433067713e-01 1.2004962627065264e-04
-9.9328441021266634e-01 1.2113858771840597e-04
-9.9316272719950738e-01 1.2222741636817996e-04
-9.9303995542459622e-01 1.2331611102431392e-04
-9.9291609502252232e-01 1.2440467049268315e-04
-9.9279114612906838e-01 1.2549309358357780e-04
-9.9266510888121062e-01 1.2658137910163560e-04
-9.9253798341711819e-01 1.2766952585585795e-04
-9.9240976987615348e-01 1.2875753264808022e-04
-9.9228046839887130e-01 1.2984539829136084e-04
-9.9215007912701947e-01 1.3093312158858804e-04
-9.9201860220353799e-01 1.3202070135225804e-04
-9.9188603777255957e-01 1.3310813638511772e-04
-9.9175238597940885e-01 1.3419542549673972e-04
-9.9161764697060251e-01 1.3528256749637235e-04
-9.9148182089384918e-01 1.3636956119166094e-04
-9.9134490789804908e-01 1.3745640539311845e-04
-9.9120690813329426e-01 1.3854309890422135e-04
-9.9106782175086783e-01 1.3962964053719279e-04
-9.9092764890324425e-01 1.4071602909989772e-04
-9.9078638974408906e-01 1.4180226340053737e-04
-9.9064404442825849e-01 1.4288834225125591e-04
-9.9050061311179971e-01 1.4397426445897366e-04
-9.9035609595195029e-01 1.4506002883440209e-04
-9.9021049310713827e-01 1.4614563418563538e-04
-9.9006380473698163e-01 1.4723107932631039e-04
-9.8991603100228887e-01 1.4831636305989878e-04
-9.8976717206505771e-01 1.4940148420255434e-04
-9.8961722808847585e-01 1.5048644156448400e-04
-9.8946619923692058e-01 1.5157123395327987e-04
-9.8931408567595835e-01 1.5265586018010081e-04
-9.8916088757234466e-01 1.5374031905768457e-04
-9.8900660509402405e-01 1.5482460939638646e-04
-9.8885123841012990e-01 1.5590873000566666e-04
-9.8869478769098385e-01 1.5699267970083016e-04
-9.8853725310809626e-01 1.5807645729087316e-04
-9.8837863483416544e-01 1.5916006159002902e-04
-9.8821893304307795e-01 1.6024349140706678e-04
-9.8805814790990798e-01 1.6132674555552240e-04
-9.8789627961091731e-01 1.6240982284936457e-04
-9.8773332832355520e-01 1.6349272210104980e-04
-9.8756929422645823e-01 1.6457544212314102e-04
-9.8740417749945009e-01 1.6565798172533209e-04
-9.8723797832354088e-01 1.6674033972680888e-04
-9.8707069688092786e-01 1.6782251493669935e-04
-9.8690233335499444e-01 1.6890450616982764e-04
-9.8673288793031033e-01 1.6998631224052587e-04
-9.8656236079263138e-01 1.7106793196128666e-04
-9.8639075212889904e-01 1.7214936414857696e-04
-9.8621806212724061e-01 1.7323060761587343e-04
-9.8604429097696877e-01 1.7431166117729417e-04
-9.8586943886858125e-01 1.7539252365028943e-04
-9.8569350599376115e-01 1.7647319384563997e-04
-9.8551649254537599e-01 1.7755367058170757e-04
-9.8533839871747797e-01 1.7863395267492439e-04
-9.8515922470530393e-01 1.7971403893746247e-04
-9.8497897070527451e-01 1.8079392818764228e-04
-9.8479763691499456e-01 1.8187361924030835e-04
-9.8461522353325237e-01 1.8295311091437051e-04
-9.8443173076002011e-01 1.8403240202329130e-04
-9.8424715879645286e-01 1.8511149138698512e-04
-9.8406150784488911e-01 1.8619037782016025e-04
-9.8387477810884993e-01 1.8726906014153739e-04
-9.8368696979303927e-01 1.8834753716677032e-04
-9.8349808310334330e-01 1.8942580771374521e-04
-9.8330811824683029e-01 1.9050387060286106e-04
-9.8311707543175064e-01 1.9158172465082778e-04
-9.8292495486753650e-01 1.9265936867541558e-04
-9.8273175676480118e-01 1.9373680149664145e-04
-9.8253748133533980e-01 1.9481402193054041e-04
-9.8234212879212790e-01 1.9589102880030601e-04
-9.8214569934932228e-01 1.9696782092229085e-04
-9.8194819322226012e-01 1.9804439711595343e-04
-9.8174961062745880e-01 1.9912075620342486e-04
-9.8154995178261606e-01 2.0019689700226314e-04
-9.8134921690660926e-01 2.0127281833396497e-04
-9.8114740621949537e-01 2.0234851902017456e-04
-9.8094451994251097e-01 2.0342399787893269e-04
-9.8074055829807150e-01 2.0449925373294535e-04
-9.8053552150977130e-01 2.0557428540436673e-04
-9.8032940980238359e-01 2.0664909171215007e-04
-9.8012222340185962e-01 2.0772367148095140e-04
-9.7991396253532914e-01 2.0879802352974849e-04
-9.7970462743109954e-01 2.0987214668234512e-04
-9.7949421831865591e-01 2.1094603976123933e-04
-9.7928273542866073e-01 2.1201970158938162e-04
-9.7907017899295368e-01 2.1309313098936790e-04
-9.7885654924455134e-01 2.1416632678296043e-04
-9.7864184641764662e-01 2.1523928779764790e-04
-9.7842607074760923e-01 2.1631201285383085e-04
-9.7820922247098485e-01 2.1738450077497679e-04
-9.7799130182549476e-01 2.1845675038802552e-04
-9.7777230905003609e-01 2.1952876051675014e-04
-9.7755224438468136e-01 2.2060052998421225e-04
-9.7733110807067780e-01 2.2167205761871122e-04
-9.7710890035044795e-01 2.2274334224177620e-04
-9.7688562146758839e-01 2.2381438268215254e-04
-9.7666127166687033e-01 2.2488517776387949e-04
-9.7643585119423881e-01 2.2595572631354960e-04
-9.7620936029681271e-01 2.2702602715650658e-04
-9.7598179922288408e-01 2.2809607912254029e-04
-9.7575316822191860e-01 2.2916588103555382e-04
-9.7552346754455455e-01 2.3023543172388155e-04
-9.7529269744260294e-01 2.3130473001500414e-04
-9.7506085816904708e-01 2.3237377473776981e-04
-9.7482794997804267e-01 2.3344256471702468e-04
-9.7459397312491669e-01 2.3451109878509641e-04
-9.7435892786616818e-01 2.3557937576721506e-04
-9.7412281445946702e-01 2.3664739449454211e-04
-9.7388563316365429e-01 2.3771515379561071e-04
-9.7364738423874164e-01 2.3878265249931279e-04
-9.7340806794591128e-01 2.3984988943637206e-04
-9.7316768454751534e-01 2.4091686343536518e-04
-9.7292623430707581e-01 2.4198357332792084e-04
-9.7268371748928428e-01 2.4305001794400734e-04
-9.7244013436000143e-01 2.4411619611619816e-04
-9.7219548518625720e-01 2.4518210667309975e-04
-9.7194977023624995e-01 2.4624774844690721e-04
-9.7170298977934633e-01 2.4731312027113299e-04
-9.7145514408608136e-01 2.4837822097533758e-04
-9.7120623342815748e-01 2.4944304939423189e-04
-9.7095625807844499e-01 2.5050760435793785e-04
-9.7070521831098089e-01 2.5157188470273476e-04
-9.7045311440096960e-01 2.5263588925836342e-04
-9.7019994662478160e-01 2.5369961686147208e-04
-9.6994571525995410e-01 2.5476306634298555e-04
-9.6969042058518984e-01 2.5582623654001150e-04
-9.6943406288035761e-01 2.5688912628468871e-04
-9.6917664242649115e-01 2.5795173441467444e-04
-9.6891815950578974e-01 2.5901405976186723e-04
-9.6865861440161705e-01 2.6007610116285910e-04
-9.6839800739850124e-01 2.6113785745331006e-04
-9.6813633878213456e-01 2.6219932746984900e-04
-9.6787360883937312e-01 2.6326051004891345e-04
-9.6760981785823652e-01 2.6432140402673278e-04
-9.6734496612790755e-01 2.6538200823994967e-04
-9.6707905393873173e-01 2.6644232152674390e-04
-9.6681208158221732e-01 2.6750234272332105e-04
-9.6654404935103455e-01 2.6856207066931911e-04
-9.6627495753901571e-01 2.6962150420246602e-04
-9.6600480644115472e-01 2.7068064216027296e-04
-9.6573359635360656e-01 2.7173948338273413e-04
-9.6546132757368719e-01 2.7279802670961286e-04
-9.6518800039987340e-01 2.7385627097821659e-04
-9.6491361513180185e-01 2.7491421503095920e-04
-9.6463817207026936e-01 2.7597185770788493e-04
-9.6436167151723262e-01 2.7702919784664557e-04
-9.6408411377580705e-01 2.7808623429143465e-04
-9.6380549915026748e-01 2.7914296588160898e-04
-9.6352582794604702e-01 2.8019939146045646e-04
-9.6324510046973744e-01 2.8125550986770530e-04
-9.6296331702908811e-01 2.8231131994696599e-04
-9.6268047793300626e-01 2.8336682053944293e-04
-9.6239658349155610e-01 2.8442201049022874e-04
-9.6211163401595912e-01 2.8547688864047859e-04
-9.6182562981859310e-01 2.8653145383518262e-04
-9.6153857121299224e-01 2.8758570491752353e-04
-9.6125045851384661e-01 2.8863964073190702e-04
-9.6096129203700176e-01 2.8969326012332663e-04
-9.6067107209945857e-01 2.9074656193619065e-04
-9.6037979901937265e-01 2.9179954501663764e-04
-9.6008747311605425e-01 2.9285220820979041e-04
-9.5979409470996779e-01 2.9390455036093868e-04
-9.5949966412273147e-01 2.9495657031652282e-04
-9.5920418167711674e-01 2.9600826692492552e-04
-9.5890764769704850e-01 2.9705963903180530e-04
-9.5861006250760417e-01 2.9811068548546801e-04
-9.5831142643501377e-01 2.9916140513217644e-04
-9.5801173980665910e-01 3.0021179682161373e-04
-9.5771100295107381e-01 3.0126185940188807e-04
-9.5740921619794295e-01 3.0231159172062631e-04
-9.5710637987810221e-01 3.0336099262909044e-04
-9.5680249432353814e-01 3.0441006097610927e-04
-9.5649755986738760e-01 3.0545879561027584e-04
-9.5619157684393696e-01 3.0650719538408638e-04
-9.5588454558862235e-01 3.0755525914766475e-04
-9.5557646643802918e-01 3.0860298574998717e-04
-9.5526733972989120e-01 3.0965037404489360e-04
-9.5495716580309076e-01 3.1069742288423102e-04
-9.5464594499765854e-01 3.1174413111733940e-04
-9.5433367765477217e-01 3.1279049760073619e-04
-9.5402036411675728e-01 3.1383652118417796e-04
-9.5370600472708600e-01 3.1488220072178354e-04
-9.5339059983037699e-01 3.1592753506787762e-04
-9.5307414977239513e-01 3.1697252307663892e-04
-9.5275665490005113e-01 3.1801716360168778e-04
-9.5243811556140101e-01 3.1906145549777983e-04
-9.5211853210564568e-01 3.2010539762158301e-04
-9.5179790488313099e-01 3.2114898882647187e-04
-9.5147623424534666e-01 3.2219222797013941e-04
-9.5115352054492663e-01 3.2323511390704602e-04
-9.5082976413564779e-01 3.2427764549692467e-04
-9.5050496537243079e-01 3.2531982159337804e-04
-9.5017912461133824e-01 3.2636164105726489e-04
-9.4985224220957576e-01 3.2740310274326516e-04
-9.4952431852549024e-01 3.2844420551228249e-04
-9.4919535391857046e-01 3.2948494822211639e-04
-9.4886534874944628e-01 3.3052532973142112e-04
-9.4853430337988820e-01 3.3156534889983299e-04
-9.4820221817280703e-01 3.3260500458772200e-04
-9.4786909349225368e-01 3.3364429565424102e-04
-9.4753492970341835e-01 3.3468322096110240e-04
-9.4719972717263046e-01 3.3572177936963711e-04
-9.4686348626735828e-01 3.3675996974040257e-04
-9.4652620735620829e-01 3.3779779093548939e-04
-9.4618789080892485e-01 3.3883524181784451e-04
-9.4584853699639004e-01 3.3987232124859176e-04
-9.4550814629062274e-01 3.4090902809271611e-04
-9.4516671906477878e-01 3.4194536121267405e-04
-9.4482425569315021e-01 3.4298131947253107e-04
-9.4448075655116492e-01 3.4401690173658476e-04
-9.4413622201538627e-01 3.4505210687025672e-04
-9.4379065246351279e-01 3.4608693373781407e-04
-9.4344404827437756e-01 3.4712138120504413e-04
-9.4309640982794796e-01 3.4815544813731762e-04
-9.4274773750532492e-01 3.4918913340281491e-04
-9.4239803168874325e-01 3.5022243586609693e-04
-9.4204729276157029e-01 3.5125535439578466e-04
-9.4169552110830601e-01 3.5228788786021440e-04
-9.4134271711458284e-01 3.5332003512554051e-04
-9.4098888116716450e-01 3.5435179506172287e-04
-9.4063401365394628e-01 3.5538316653708054e-04
-9.4027811496395419e-01 3.5641414842100980e-04
-9.3992118548734471e-01 3.5744473958361777e-04
-9.3956322561540440e-01 3.5847493889448349e-04
-9.3920423574054923e-01 3.5950474522506549e-04
-9.3884421625632453e-01 3.6053415744554372e-04
-9.3848316755740413e-01 3.6156317442830477e-04
-9.3812109003959032e-01 3.6259179504469663e-04
-9.3775798409981326e-01 3.6362001816649320e-04
-9.3739385013613019e-01 3.6464784266834190e-04
-9.3702868854772581e-01 3.6567526742168943e-04
-9.3666249973491100e-01 3.6670229130121085e-04
-9.3629528409912288e-01 3.6772891318092172e-04
-9.3592704204292432e-01 3.6875513193461608e-04
-9.3555777397000317e-01 3.6978094643832604e-04
-9.3518748028517229e-01 3.7080635556688176e-04
-9.3481616139436874e-01 3.7183135819646135e-04
-9.3444381770465357e-01 3.7285595320298378e-04
-9.3407044962421115e-01 3.7388013946368278e-04
-9.3369605756234897e-01 3.7490391585545050e-04
-9.3332064192949693e-01 3.7592728125649674e-04
-9.3294420313720716e-01 3.7695023454455937e-04
-9.3256674159815345e-01 3.7797277459764473e-04
-9.3218825772613068e-01 3.7899490029511549e-04
-9.3180875193605439e-01 3.8001661051728761e-04
-9.3142822464396058e-01 3.8103790414375138e-04
-9.3104667626700510e-01 3.8205878005412406e-04
-9.3066410722346293e-01 3.8307923713068508e-04
-9.3028051793272826e-01 3.8409927425362041e-04
-9.2989590881531359e-01 3.8511889030468620e-04
-9.2951028029284943e-01 3.8613808416607136e-04
-9.2912363278808374e-01 3.8715685472113566e-04
-9.2873596672488168e-01 3.8817520085243900e-04
-9.2834728252822485e-01 3.8919312144439818e-04
-9.2795758062421119e-01 3.9021061538024025e-04
-9.2756686144005407e-01 3.9122768154558918e-04
-9.2717512540408242e-01 3.9224431882376918e-04
-9.2678237294573940e-01 3.9326052610243238e-04
-9.2638860449558291e-01 3.9427630226587188e-04
-9.2599382048528445e-01 3.9529164620053946e-04
-9.2559802134762859e-01 3.9630655679495549e-04
-9.2520120751651325e-01 3.9732103293444463e-04
-9.2480337942694824e-01 3.9833507350840849e-04
-9.2440453751505547e-01 3.9934867740496963e-04
-9.2400468221806831e-01 4.0036184351251403e-04
-9.2360381397433100e-01 4.0137457072024702e-04
-9.2320193322329824e-01 4.0238685791789576e-04
-9.2279904040553451e-01 4.0339870399701234e-04
-9.2239513596271416e-01 4.0441010784666390e-04
-9.2199022033762024e-01 4.0542106835887351e-04
-9.2158429397414432e-01 4.0643158442592352e-04
-9.2117735731728623e-01 4.0744165493893265e-04
-9.2076941081315311e-01 4.0845127879122052e-04
-9.2036045490895924e-01 4.0946045487604764e-04
-9.1995049005302543e-01 4.1046918208717905e-04
-9.1953951669477874e-01 4.1147745931776919e-04
-9.1912753528475144e-01 4.1248528546400137e-04
-9.1871454627458127e-01 4.1349265941990475e-04
-9.1830055011701039e-01 4.1449958008104085e-04
-9.1788554726588489e-01 4.1550604634483108e-04
-9.1746953817615484e-01 4.1651205710628673e-04
-9.1705252330387299e-01 4.1751761126398426e-04
-9.1663450310619488e-01 4.1852270771555229e-04
-9.1621547804137837e-01 4.1952734535747504e-04
-9.1579544856878237e-01 4.2053152309084113e-04
-9.1537441514886753e-01 4.2153523981228115e-04
-9.1495237824319453e-01 4.2253849442308437e-04
-9.1452933831442440e-01 4.2354128582313024e-04
-9.1410529582631761e-01 4.2454361291367483e-04
-9.1368025124373398e-01 4.2554547459440668e-04
-9.1325420503263155e-01 4.2654686976793560e-04
-9.1282715766006650e-01 4.2754779733667782e-04
-9.1239910959419268e-01 4.2854825620263442e-04
-9.1197006130426073e-01 4.2954824526991709e-04
-9.1154001326061795e-01 4.3054776344179653e-04
-9.1110896593470769e-01 4.3154680962205065e-04
-9.1067691979906851e-01 4.3254538271652259e-04
-9.1024387532733408e-01 4.3354348163039327e-04
-9.0980983299423268e-01 4.3454110526840476e-04
-9.0937479327558612e-01 4.3553825253825459e-04
-9.0893875664830992e-01 4.3653492234614459e-04
-9.0850172359041237e-01 4.3753111359924829e-04
-9.0806369458099412e-01 4.3852682520528058e-04
-9.0762467010024750e-01 4.3952205607346079e-04
-9.0718465062945619e-01 4.4051680511310434e-04
-9.0674363665099489e-01 4.4151107123235200e-04
-9.0630162864832819e-01 4.4250485334210388e-04
-9.0585862710601062e-01 4.4349815035246758e-04
-9.0541463250968568e-01 4.4449096117513760e-04
-9.0496964534608570e-01 4.4548328472127573e-04
-9.0452366610303103e-01 4.4647511990322444e-04
-9.0407669526942958e-01 4.4746646563381941e-04
-9.0362873333527638e-01 4.4845732082586791e-04
-9.0317978079165295e-01 4.4944768439296478e-04
-9.0272983813072660e-01 4.5043755525019888e-04
-9.0227890584575021e-01 4.5142693231243320e-04
-9.0182698443106157e-01 4.5241581449461564e-04
-9.0137407438208283e-01 4.5340420071241308e-04
-9.0092017619531983e-01 4.5439208988250017e-04
-9.0046529036836176e-01 4.5537948092162962e-04
-9.0000941739988027e-01 4.5636637274852729e-04
-8.9955255778962950e-01 4.5735276428054885e-04
-8.9909471203844515e-01 4.5833865443577508e-04
-8.9863588064824385e-01 4.5932404213383765e-04
-8.9817606412202267e-01 4.6030892629517721e-04
-8.9771526296385884e-01 4.6129330583976778e-04
-8.9725347767890906e-01 4.6227717968759578e-04
-8.9679070877340861e-01 4.6326054676106850e-04
-8.9632695675467133e-01 4.6424340598136970e-04
-8.9586222213108846e-01 4.6522575627259716e-04
-8.9539650541212901e-01 4.6620759655554216e-04
-8.9492980710833792e-01 4.6718892575607428e-04
-8.9446212773133682e-01 4.6816974279663783e-04
-8.9399346779382238e-01 4.6915004660334016e-04
-8.9352382780956652e-01 4.7012983610081137e-04
-8.9305320829341550e-01 4.7110911021452283e-04
-8.9258160976128909e-01 4.7208786787250948e-04
-8.9210903273018083e-01 4.7306610800003102e-04
-8.9163547771815654e-01 4.7404382952557171e-04
-8.9116094524435430e-01 4.7502103137728473e-04
-8.9068543582898374e-01 4.7599771248385200e-04
-8.9020894999332556e-01 4.7697387177392117e-04
-8.8973148825973059e-01 4.7794950817855645e-04
-8.8925305115161968e-01 4.7892462062774796e-04
-8.8877363919348318e-01 4.7989920805207198e-04
-8.8829325291087968e-01 4.8087326938339833e-04
-8.8781189283043604e-01 4.8184680355443796e-04
-8.8732955947984682e-01 4.8281980949731412e-04
-8.8684625338787337e-01 4.8379228614507853e-04
-8.8636197508434356e-01 4.8476423243220526e-04
-8.8587672510015070e-01 4.8573564729354526e-04
-8.8539050396725383e-01 4.8670652966293097e-04
-8.8490331221867613e-01 4.8767687847735557e-04
-8.8441515038850516e-01 4.8864669267242693e-04
-8.8392601901189172e-01 4.8961597118543567e-04
-8.8343591862504978e-01 4.9058471295277599e-04
-8.8294484976525522e-01 4.9155291691341425e-04
-8.8245281297084588e-01 4.9252058200557089e-04
-8.8195980878122060e-01 4.9348770716847832e-04
-8.8146583773683873e-01 4.9445429134206014e-04
-8.8097090037921966e-01 4.9542033346615117e-04
-8.8047499725094180e-01 4.9638583248289914e-04
-8.7997812889564275e-01 4.9735078733251920e-04
-8.7948029585801779e-01 4.9831519695839777e-04
-8.7898149868382014e-01 4.9927906030222159e-04
-8.7848173791985973e-01 5.0024237630756771e-04
-8.7798101411400276e-01 5.0120514391910256e-04
-8.7747932781517135e-01 5.0216736208095125e-04
-8.7697667957334280e-01 5.0312902973776526e-04
-8.7647306993954877e-01 5.0409014583576502e-04
-8.7596849946587485e-01 5.0505070932164130e-04
-8.7546296870546003e-01 5.0601071914252124e-04
-8.7495647821249622e-01 5.0697017424480384e-04
-8.7444902854222717e-01 5.0792907357723779e-04
-8.7394062025094810e-01 5.0888741608917762e-04
-8.7343125389600529e-01 5.0984520072976797e-04
-8.7292093003579529e-01 5.1080242644882924e-04
-8.7240964922976427e-01 5.1175909219715440e-04
-8.7189741203840754e-01 5.1271519692557401e-04
-8.7138421902326868e-01 5.1367073958655002e-04
-8.7087007074693923e-01 5.1462571913246083e-04
-8.7035496777305799e-01 5.1558013451603662e-04
-8.6983891066631025e-01 5.1653398469107673e-04
-8.6932189999242726e-01 5.1748726861234196e-04
-8.6880393631818575e-01 5.1843998523424498e-04
-8.6828502021140708e-01 5.1939213351261397e-04
-8.6776515224095674e-01 5.2034371240363233e-04
-8.6724433297674375e-01 5.2129472086392861e-04
-8.6672256298971984e-01 5.2224515785161260e-04
-8.6619984285187923e-01 5.2319502232403136e-04
-8.6567617313625755e-01 5.2414431324021256e-04
-8.6515155441693159e-01 5.2509302955896381e-04
-8.6462598726901818e-01 5.2604117024121228e-04
-8.6409947226867412e-01 5.2698873424734103e-04
-8.6357200999309536e-01 5.2793572053798777e-04
-8.6304360102051614e-01 5.2888212807524555e-04
-8.6251424593020853e-01 5.2982795582190759e-04
-8.6198394530248201e-01 5.3077320274027250e-04
-8.6145269971868221e-01 5.3171786779522806e-04
-8.6092050976119106e-01 5.3266194995047313e-04
-8.6038737601342552e-01 5.3360544817139337e-04
-8.5985329905983732e-01 5.3454836142360635e-04
-8.5931827948591211e-01 5.3549068867348262e-04
-8.5878231787816905e-01 5.3643242888738404e-04
-8.5824541482415972e-01 5.3737358103392286e-04
-8.5770757091246819e-01 5.3831414407997736e-04
-8.5716878673270935e-01 5.3925411699622062e-04
-8.5662906287552953e-01 5.4019349875064127e-04
-8.5608839993260466e-01 5.4113228831452627e-04
-8.5554679849664050e-01 5.4207048465794525e-04
-8.5500425916137146e-01 5.4300808675272229e-04
-8.5446078252156010e-01 5.4394509357127052e-04
-8.5391636917299674e-01 5.4488150408566740e-04
-8.5337101971249818e-01 5.4581731727045468e-04
-8.5282473473790787e-01 5.4675253209875922e-04
-8.5227751484809455e-01 5.4768714754575289e-04
-8.5172936064295202e-01 5.4862116258648313e-04
-8.5118027272339813e-01 5.4955457619755121e-04
-8.5063025169137452e-01 5.5048738735547973e-04
-8.5007929814984562e-01 5.5141959503782006e-04
-8.4952741270279830e-01 5.5235119822224089e-04
-8.4897459595524083e-01 5.5328219588791959e-04
-8.4842084851320265e-01 5.5421258701364505e-04
-8.4786617098373318e-01 5.5514237058036816e-04
-8.4731056397490179e-01 5.5607154556805720e-04
-8.4675402809579658e-01 5.5700011095831522e-04
-8.4619656395652409e-01 5.5792806573281434e-04
-8.4563817216820825e-01 5.5885540887492537e-04
-8.4507885334299004e-01 5.5978213936797310e-04
-8.4451860809402679e-01 5.6070825619586328e-04
-8.4395743703549131e-01 5.6163375834355144e-04
-8.4339534078257150e-01 5.6255864479588824e-04
-8.4283231995146934e-01 5.6348291453929089e-04
-8.4226837515940045e-01 5.6440656656055242e-04
-8.4170350702459340e-01 5.6532959984680975e-04
-8.4113771616628885e-01 5.6625201338656383e-04
-8.4057100320473910e-01 5.6717380616858558e-04
-8.4000336876120729e-01 5.6809497718220494e-04
-8.3943481345796667e-01 5.6901552541814419e-04
-8.3886533791830020e-01 5.6993544986641000e-04
-8.3829494276649952e-01 5.7085474951864147e-04
-8.3772362862786431e-01 5.7177342336739195e-04
-8.3715139612870182e-01 5.7269147040547527e-04
-8.3657824589632612e-01 5.7360888962596792e-04
-8.3600417855905707e-01 5.7452568002408055e-04
-8.3542919474622013e-01 5.7544184059456617e-04
-8.3485329508814554e-01 5.7635737033228144e-04
-8.3427648021616740e-01 5.7727226823448496e-04
-8.3369875076262312e-01 5.7818653329759701e-04
-8.3312010736085274e-01 5.7910016451961292e-04
-8.3254055064519827e-01 5.8001316089868694e-04
-8.3196008125100285e-01 5.8092552143441186e-04
-8.3137869981461021e-01 5.8183724512645362e-04
-8.3079640697336388e-01 5.8274833097556305e-04
-8.3021320336560678e-01 5.8365877798187773e-04
-8.2962908963067972e-01 5.8456858514883644e-04
-8.2904406640892181e-01 5.8547775147789602e-04
-8.2845813434166893e-01 5.8638627597248395e-04
-8.2787129407125315e-01 5.8729415763730905e-04
-8.2728354624100242e-01 5.8820139547666943e-04
-8.2669489149523945e-01 5.8910798849622179e-04
-8.2610533047928136e-01 5.9001393570146945e-04
-8.2551486383943851e-01 5.9091923609994187e-04
-8.2492349222301420e-01 5.9182388869895232e-04
-8.2433121627830375e-01 5.9272789250712585e-04
-8.2373803665459400e-01 5.9363124653292998e-04
-8.2314395400216245e-01 5.9453394978571487e-04
-8.2254896897227625e-01 5.9543600127679071e-04
-8.2195308221719210e-01 5.9633740001686095e-04
-8.2135629439015512e-01 5.9723814501778699e-04
-8.2075860614539820e-01 5.9813823529227125e-04
-8.2016001813814143e-01 5.9903766985322504e-04
-8.1956053102459114e-01 5.9993644771497699e-04
-8.1896014546193940e-01 6.0083456789207274e-04
-8.1835886210836317e-01 6.0173202940003016e-04
-8.1775668162302362e-01 6.0262883125502924e-04
-8.1715360466606557e-01 6.0352497247325202e-04
-8.1654963189861618e-01 6.0442045207351289e-04
-8.1594476398278515e-01 6.0531526907320050e-04
-8.1533900158166306e-01 6.0620942249219002e-04
-8.1473234535932149e-01 6.0710291134936413e-04
-8.1412479598081156e-01 6.0799573466569184e-04
-8.1351635411216372e-01 6.0888789146201273e-04
-8.1290702042038654e-01 6.0977938076108333e-04
-8.1229679557346657e-01 6.1067020158510072e-04
-8.1168568024036725e-01 6.1156035295710585e-04
-8.1107367509102790e-01 6.1244983390230424e-04
-8.1046078079636386e-01 6.1333864344428326e-04
-8.0984699802826454e-01 6.1422678061011263e-04
-8.0923232745959395e-01 6.1511424442516006e-04
-8.0861676976418906e-01 6.1600103391665478e-04
-8.0800032561685942e-01 6.1688714811239571e-04
-8.0738299569338623e-01 6.1777258604146193e-04
-8.0676478067052182e-01 6.1865734673323858e-04
-8.0614568122598906e-01 6.1954142921684396e-04
-8.0552569803847984e-01 6.2042483252446089e-04
-8.0490483178765548e-01 6.2130755568628429e-04
-8.0428308315414487e-01 6.2218959773544902e-04
-8.0366045281954446e-01 6.2307095770475056e-04
-8.0303694146641713e-01 6.2395163462829629e-04
-8.0241254977829179e-01 6.2483162754015012e-04
-8.0178727843966224e-01 6.2571093547587658e-04
-8.0116112813598661e-01 6.2658955747175191e-04
-8.0053409955368682e-01 6.2746749256386853e-04
-7.9990619338014723e-01 6.2834473979065644e-04
-7.9927741030371469e-01 6.2922129818964898e-04
-7.9864775101369689e-01 6.3009716680085875e-04
-7.9801721620036259e-01 6.3097234466313922e-04
-7.9738580655493996e-01 6.3184683081762773e-04
-7.9675352276961642e-01 6.3272062430530236e-04
-7.9612036553753751e-01 6.3359372416866070e-04
-7.9548633555280646e-01 6.3446612945027643e-04
-7.9485143351048315e-01 6.3533783919378860e-04
-7.9421566010658351e-01 6.3620885244357729e-04
-7.9357901603807868e-01 6.3707916824485417e-04
-7.9294150200289415e-01 6.3794878564393364e-04
-7.9230311869990944e-01 6.3881770368681842e-04
-7.9166386682895673e-01 6.3968592142124125e-04
-7.9102374709082046e-01 6.4055343789543875e-04
-7.9038276018723652e-01 6.4142025215822591e-04
-7.8974090682089138e-01 6.4228636325943951e-04
-7.8909818769542139e-01 6.4315177024949332e-04
-7.8845460351541186e-01 6.4401647218033939e-04
-7.8781015498639684e-01 6.4488046810283006e-04
-7.8716484281485732e-01 6.4574375707108296e-04
-7.8651866770822165e-01 6.4660633813775768e-04
-7.8587163037486374e-01 6.4746821035788335e-04
-7.8522373152410307e-01 6.4832937278597766e-04
-7.8457497186620317e-01 6.4918982447885931e-04
-7.8392535211237169e-01 6.5004956449242045e-04
-7.8327487297475884e-01 6.5090859188442652e-04
-7.8262353516645700e-01 6.5176690571340620e-04
-7.8197133940149999e-01 6.5262450503803166e-04
-7.8131828639486200e-01 6.5348138891850301e-04
-7.8066437686245704e-01 6.5433755641557568e-04
-7.8000961152113824e-01 6.5519300659022922e-04
-7.7935399108869674e-01 6.5604773850480060e-04
-7.7869751628386119e-01 6.5690175122210177e-04
-7.7804018782629669e-01 6.5775504380636727e-04
-7.7738200643660427e-01 6.5860761532212666e-04
-7.7672297283632008e-01 6.5945946483439086e-04
-7.7606308774791433e-01 6.6031059140970289e-04
-7.7540235189479090e-01 6.6116099411450094e-04
-7.7474076600128605e-01 6.6201067201711046e-04
-7.7407833079266819e-01 6.6285962418556718e-04
-7.7341504699513663e-01 6.6370784968929433e-04
-7.7275091533582085e-01 6.6455534759896106e-04
-7.7208593654278013e-01 6.6540211698474475e-04
-7.7142011134500210e-01 6.6624815691884037e-04
-7.7075344047240257e-01 6.6709346647316858e-04
-7.7008592465582404e-01 6.6793804472189229e-04
-7.6941756462703559e-01 6.6878189073878039e-04
-7.6874836111873168e-01 6.6962500359878032e-04
-7.6807831486453149e-01 6.7046738237753643e-04
-7.6740742659897798e-01 6.7130902615166875e-04
-7.6673569705753730e-01 6.7214993399824716e-04
-7.6606312697659762e-01 6.7299010499598548e-04
-7.6538971709346892e-01 6.7382953822301469e-04
-7.6471546814638136e-01 6.7466823276009257e-04
-7.6404038087448534e-01 6.7550618768715388e-04
-7.6336445601785008e-01 6.7634340208564097e-04
-7.6268769431746308e-01 6.7717987503770481e-04
-7.6201009651522911e-01 6.7801560562669627e-04
-7.6133166335396973e-01 6.7885059293595657e-04
-7.6065239557742204e-01 6.7968483605062473e-04
-7.5997229393023824e-01 6.8051833405591690e-04
-7.5929135915798474e-01 6.8135108603779003e-04
-7.5860959200714095e-01 6.8218309108403154e-04
-7.5792699322509915e-01 6.8301434828202238e-04
-7.5724356356016309e-01 6.8384485672069967e-04
-7.5655930376154745e-01 6.8467461548950249e-04
-7.5587421457937687e-01 6.8550362367910994e-04
-7.5518829676468546e-01 6.8633188037994645e-04
-7.5450155106941530e-01 6.8715938468494754e-04
-7.5381397824641638e-01 6.8798613568654514e-04
-7.5312557904944533e-01 6.8881213247827858e-04
-7.5243635423316479e-01 6.8963737415480598e-04
-7.5174630455314229e-01 6.9046185981136736e-04
-7.5105543076584969e-01 6.9128558854441224e-04
-7.5036373362866249e-01 6.9210855945029954e-04
-7.4967121389985847e-01 6.9293077162749218e-04
-7.4897787233861746e-01 6.9375222417419435e-04
-7.4828370970502001e-01 6.9457291619018965e-04
-7.4758872676004695e-01 6.9539284677558376e-04
-7.4689292426557830e-01 6.9621201503156224e-04
-7.4619630298439243e-01 6.9703042006040666e-04
-7.4549886368016560e-01 6.9784806096433183e-04
-7.4480060711747043e-01 6.9866493684750917e-04
-7.4410153406177593e-01 6.9948104681411092e-04
-7.4340164527944574e-01 7.0029638996958429e-04
-7.4270094153773791e-01 7.0111096542049291e-04
-7.4199942360480420e-01 7.0192477227291959e-04
-7.4129709224968843e-01 7.0273780963552783e-04
-7.4059394824232638e-01 7.0355007661698668e-04
-7.3988999235354480e-01 7.0436157232657494e-04
-7.3918522535506037e-01 7.0517229587463881e-04
-7.3847964801947896e-01 7.0598224637245625e-04
-7.3777326112029473e-01 7.0679142293227169e-04
-7.3706606543188946e-01 7.0759982466670520e-04
-7.3635806172953133e-01 7.0840745069012333e-04
-7.3564925078937460e-01 7.0921430011668249e-04
-7.3493963338845836e-01 7.1002037206180618e-04
-7.3422921030470567e-01 7.1082566564213451e-04
-7.3351798231692289e-01 7.1163017997503389e-04
-7.3280595020479899e-01 7.1243391417782789e-04
-7.3209311474890415e-01 7.1323686736988069e-04
-7.3137947673068926e-01 7.1403903867120716e-04
-7.3066503693248530e-01 7.1484042720177017e-04
-7.2994979613750188e-01 7.1564103208350072e-04
-7.2923375512982680e-01 7.1644085243889502e-04
-7.2851691469442537e-01 7.1723988739037954e-04
-7.2779927561713875e-01 7.1803813606295490e-04
-7.2708083868468409e-01 7.1883559758103481e-04
-7.2636160468465305e-01 7.1963227107026552e-04
-7.2564157440551103e-01 7.2042815565741215e-04
-7.2492074863659628e-01 7.2122325047021987e-04
-7.2419912816811938e-01 7.2201755463660198e-04
-7.2347671379116174e-01 7.2281106728638422e-04
-7.2275350629767543e-01 7.2360378754923857e-04
-7.2202950648048181e-01 7.2439571455626330e-04
-7.2130471513327088e-01 7.2518684743925024e-04
-7.2057913305060028e-01 7.2597718533110218e-04
-7.1985276102789464e-01 7.2676672736521418e-04
-7.1912559986144453e-01 7.2755547267587051e-04
-7.1839765034840541e-01 7.2834342039896597e-04
-7.1766891328679738e-01 7.2913056967000131e-04
-7.1693938947550351e-01 7.2991691962655584e-04
-7.1620907971426950e-01 7.3070246940651990e-04
-7.1547798480370262e-01 7.3148721814893453e-04
-7.1474610554527107e-01 7.3227116499289505e-04
-7.1401344274130263e-01 7.3305430907935685e-04
-7.1327999719498414e-01 7.3383664954981137e-04
-7.1254576971036043e-01 7.3461818554690405e-04
-7.1181076109233388e-01 7.3539891621316291e-04
-7.1107497214666271e-01 7.3617884069339769e-04
-7.1033840367996104e-01 7.3695795813197068e-04
-7.0960105649969718e-01 7.3773626767520146e-04
-7.0886293141419321e-01 7.3851376847005234e-04
-7.0812402923262419e-01 7.3929045966367689e-04
-7.0738435076501693e-01 7.4006634040461015e-04
-7.0664389682224904e-01 7.4084140984295764e-04
-7.0590266821604875e-01 7.4161566712814899e-04
-7.0516066575899294e-01 7.4238911141223001e-04
-7.0441789026450730e-01 7.4316174184682442e-04
-7.0367434254686478e-01 7.4393355758486468e-04
-7.0293002342118482e-01 7.4470455778051763e-04
-7.0218493370343260e-01 7.4547474158855292e-04
-7.0143907421041807e-01 7.4624410816457362e-04
-7.0069244575979506e-01 7.4701265666511532e-04
-6.9994504917006040e-01 7.4778038624750509e-04
-6.9919688526055279e-01 7.4854729607061162e-04
-6.9844795485145250e-01 7.4931338529304295e-04
-6.9769825876377967e-01 7.5007865307553175e-04
-6.9694779781939409e-01 7.5084309857886226e-04
-6.9619657284099390e-01 7.5160672096513106e-04
-6.9544458465211489e-01 7.5236951939715844e-04
-6.9469183407712953e-01 7.5313149303862716e-04
-6.9393832194124594e-01 7.5389264105448265e-04
-6.9318404907050735e-01 7.5465296260982526e-04
-6.9242901629179066e-01 7.5541245687154993e-04
-6.9167322443280599e-01 7.5617112300699145e-04
-6.9091667432209558e-01 7.5692896018443969e-04
-6.9015936678903289e-01 7.5768596757317026e-04
-6.8940130266382171e-01 7.5844214434333786e-04
-6.8864248277749540e-01 7.5919748966562627e-04
-6.8788290796191554e-01 7.5995200271241812e-04
-6.8712257904977159e-01 7.6070568265614968e-04
-6.8636149687457948e-01 7.6145852867088388e-04
-6.8559966227068092e-01 7.6221053993153452e-04
-6.8483707607324273e-01 7.6296171561315049e-04
-6.8407373911825542e-01 7.6371205489251636e-04
-6.8330965224253259e-01 7.6446155694697402e-04
-6.8254481628370989e-01 7.6521022095515456e-04
-6.8177923208024427e-01 7.6595804609612265e-04
-6.8101290047141283e-01 7.6670503155026762e-04
-6.8024582229731223e-01 7.6745117649827871e-04
-6.7947799839885725e-01 7.6819648012263985e-04
-6.7870942961778047e-01 7.6894094160599030e-04
-6.7794011679663080e-01 7.6968456013232244e-04
-6.7717006077877306e-01 7.7042733488655020e-04
-6.7639926240838666e-01 7.7116926505402218e-04
-6.7562772253046466e-01 7.7191034982199212e-04
-6.7485544199081338e-01 7.7265058837748188e-04
-6.7408242163605081e-01 7.7338997990921343e-04
-6.7330866231360598e-01 7.7412852360685938e-04
-6.7253416487171824e-01 7.7486621866032859e-04
-6.7175893015943577e-01 7.7560306426145231e-04
-6.7098295902661531e-01 7.7633905960208544e-04
-6.7020625232392084e-01 7.7707420387520285e-04
-6.6942881090282247e-01 7.7780849627535952e-04
-6.6865063561559601e-01 7.7854193599736945e-04
-6.6787172731532174e-01 7.7927452223704164e-04
-6.6709208685588328e-01 7.8000625419179671e-04
-6.6631171509196729e-01 7.8073713105885148e-04
-6.6553061287906179e-01 7.8146715203729670e-04
-6.6474878107345570e-01 7.8219631632676315e-04
-6.6396622053223775e-01 7.8292462312783302e-04
-6.6318293211329549e-01 7.8365207164228263e-04
-6.6239891667531448e-01 7.8437866107253934e-04
-6.6161417507777731e-01 7.8510439062193097e-04
-6.6082870818096251e-01 7.8582925949509993e-04
-6.6004251684594373e-01 7.8655326689753776e-04
-6.5925560193458899e-01 7.8727641203516126e-04
-6.5846796430955945e-01 7.8799869411506408e-04
-6.5767960483430821e-01 7.8872011234626556e-04
-6.5689052437308026e-01 7.8944066593712378e-04
-6.5610072379091067e-01 7.9016035409786955e-04
-6.5531020395362383e-01 7.9087917603993553e-04
-6.5451896572783286e-01 7.9159713097507150e-04
-6.5372700998093847e-01 7.9231421811583704e-04
-6.5293433758112762e-01 7.9303043667665438e-04
-6.5214094939737310e-01 7.9374578587238908e-04
-6.5134684629943251e-01 7.9446026491851983e-04
-6.5055202915784704e-01 7.9517387303181214e-04
-6.4975649884394071e-01 7.9588660942991613e-04
-6.4896025622981923e-01 7.9659847333167098e-04
-6.4816330218836926e-01 7.9730946395678050e-04
-6.4736563759325738e-01 7.9801958052575319e-04
-6.4656726331892922e-01 7.9872882225988048e-04
-6.4576818024060822e-01 7.9943718838181531e-04
-6.4496838923429489e-01 8.0014467811513612e-04
-6.4416789117676587e-01 8.0085129068416261e-04
-6.4336668694557297e-01 8.0155702531407836e-04
-6.4256477741904205e-01 8.0226188123124203e-04
-6.4176216347627202e-01 8.0296585766339136e-04
-6.4095884599713437e-01 8.0366895383816102e-04
-6.4015482586227146e-01 8.0437116898531458e-04
-6.3935010395309622e-01 8.0507250233478899e-04
-6.3854468115179086e-01 8.0577295311753418e-04
-6.3773855834130577e-01 8.0647252056604787e-04
-6.3693173640535883e-01 8.0717120391351278e-04
-6.3612421622843451e-01 8.0786900239353276e-04
-6.3531599869578259e-01 8.0856591524123308e-04
-6.3450708469341710e-01 8.0926194169313951e-04
-6.3369747510811614e-01 8.0995708098540093e-04
-6.3288717082741974e-01 8.1065133235665155e-04
-6.3207617273962979e-01 8.1134469504578295e-04
-6.3126448173380900e-01 8.1203716829207672e-04
-6.3045209869977914e-01 8.1272875133714926e-04
-6.2963902452812115e-01 8.1341944342230843e-04
-6.2882526011017326e-01 8.1410924379077515e-04
-6.2801080633803075e-01 8.1479815168577715e-04
-6.2719566410454408e-01 8.1548616635293916e-04
-6.2637983430331912e-01 8.1617328703713723e-04
-6.2556331782871488e-01 8.1685951298568753e-04
-6.2474611557584347e-01 8.1754484344615235e-04
-6.2392822844056872e-01 8.1822927766723931e-04
-6.2310965731950518e-01 8.1891281489877951e-04
-6.2229040311001749e-01 8.1959545439101321e-04
-6.2147046671021877e-01 8.2027719539597512e-04
-6.2064984901897025e-01 8.2095803716617280e-04
-6.1982855093587996e-01 8.2163797895514032e-04
-6.1900657336130172e-01 8.2231702001777057e-04
-6.1818391719633436e-01 8.2299515960949975e-04
-6.1736058334282073e-01 8.2367239698665623e-04
-6.1653657270334628e-01 8.2434873140724166e-04
-6.1571188618123862e-01 8.2502416212968321e-04
-6.1488652468056637e-01 8.2569868841327586e-04
-6.1406048910613786e-01 8.2637230951885805e-04
-6.1323378036350051e-01 8.2704502470796820e-04
-6.1240639935893981e-01 8.2771683324287079e-04
-6.1157834699947800e-01 8.2838773438737143e-04
-6.1074962419287337e-01 8.2905772740603429e-04
-6.0992023184761945e-01 8.2972681156390910e-04
-6.0909017087294326e-01 8.3039498612815052e-04
-6.0825944217880534e-01 8.3106225036565413e-04
-6.0742804667589778e-01 8.3172860354538587e-04
-6.0659598527564396e-01 8.3239404493662666e-04
-6.0576325889019711e-01 8.3305857380993069e-04
-6.0492986843243957e-01 8.3372218943665794e-04
-6.0409581481598140e-01 8.3438489108973789e-04
-6.0326109895516000e-01 8.3504667804238481e-04
-6.0242572176503872e-01 8.3570754956881373e-04
-6.0158968416140557e-01 8.3636750494507238e-04
-6.0075298706077285e-01 8.3702654344744020e-04
-5.9991563138037562e-01 8.3768466435375419e-04
-5.9907761803817139e-01 8.3834186694174305e-04
-5.9823894795283794e-01 8.3899815049174220e-04
-5.9739962204377350e-01 8.3965351428396263e-04
-5.9655964123109506e-01 8.4030795760008234e-04
-5.9571900643563769e-01 8.4096147972246031e-04
-5.9487771857895322e-01 8.4161407993483357e-04
-5.9403577858330947e-01 8.4226575752185679e-04
-5.9319318737168925e-01 8.4291651176899034e-04
-5.9234994586778922e-01 8.4356634196277713e-04
-5.9150605499601894e-01 8.4421524739081676e-04
-5.9066151568149972e-01 8.4486322734198688e-04
-5.8981632885006385e-01 8.4551028110582389e-04
-5.8897049542825353e-01 8.4615640797290398e-04
-5.8812401634331968e-01 8.4680160723489583e-04
-5.8727689252322102e-01 8.4744587818458002e-04
-5.8642912489662313e-01 8.4808922011576861e-04
-5.8558071439289727e-01 8.4873163232297277e-04
-5.8473166194211967e-01 8.4937311410200091e-04
-5.8388196847507001e-01 8.5001366474983812e-04
-5.8303163492323096e-01 8.5065328356400706e-04
-5.8218066221878673e-01 8.5129196984339397e-04
-5.8132905129462220e-01 8.5192972288789795e-04
-5.8047680308432192e-01 8.5256654199849255e-04
-5.7962391852216921e-01 8.5320242647677670e-04
-5.7877039854314483e-01 8.5383737562575780e-04
-5.7791624408292619e-01 8.5447138874931658e-04
-5.7706145607788617e-01 8.5510446515255783e-04
-5.7620603546509219e-01 8.5573660414160302e-04
-5.7534998318230546e-01 8.5636780502293798e-04
-5.7449330016797917e-01 8.5699806710513209e-04
-5.7363598736125831e-01 8.5762738969706620e-04
-5.7277804570197821e-01 8.5825577210878808e-04
-5.7191947613066352e-01 8.5888321365149413e-04
-5.7106027958852734e-01 8.5950971363724668e-04
-5.7020045701746991e-01 8.6013527137947384e-04
-5.6934000936007800e-01 8.6075988619214896e-04
-5.6847893755962342e-01 8.6138355739077868e-04
-5.6761724256006241e-01 8.6200628429137084e-04
-5.6675492530603422e-01 8.6262806621142994e-04
-5.6589198674286034e-01 8.6324890246923438e-04
-5.6502842781654339e-01 8.6386879238414132e-04
-5.6416424947376587e-01 8.6448773527691199e-04
-5.6329945266188963e-01 8.6510573046868187e-04
-5.6243403832895422e-01 8.6572277728231314e-04
-5.6156800742367652e-01 8.6633887504089621e-04
-5.6070136089544886e-01 8.6695402306952976e-04
-5.5983409969433895e-01 8.6756822069337187e-04
-5.5896622477108793e-01 8.6818146723942411e-04
-5.5809773707710997e-01 8.6879376203527047e-04
-5.5722863756449081e-01 8.6940510440989313e-04
-5.5635892718598712e-01 8.7001549369294506e-04
-5.5548860689502522e-01 8.7062492921503550e-04
-5.5461767764569980e-01 8.7123341030841117e-04
-5.5374614039277326e-01 8.7184093630613129e-04
-5.5287399609167476e-01 8.7244750654169709e-04
-5.5200124569849851e-01 8.7305312035064172e-04
-5.5112789017000352e-01 8.7365777706878574e-04
-5.5025393046361204e-01 8.7426147603325555e-04
-5.4937936753740857e-01 8.7486421658242988e-04
-5.4850420235013908e-01 8.7546599805534136e-04
-5.4762843586120957e-01 8.7606681979249376e-04
-5.4675206903068541e-01 8.7666668113507956e-04
-5.4587510281928997e-01 8.7726558142554119e-04
-5.4499753818840380e-01 8.7786352000726424e-04
-5.4411937610006333e-01 8.7846049622485999e-04
-5.4324061751696007e-01 8.7905650942388602e-04
-5.4236126340243940e-01 8.7965155895093161e-04
-5.4148131472049965e-01 8.8024564415350526e-04
-5.4060077243579074e-01 8.8083876438061002e-04
-5.3971963751361351e-01 8.8143091898191086e-04
-5.3883791091991851e-01 8.8202210730812115e-04
-5.3795559362130463e-01 8.8261232871149570e-04
-5.3707268658501872e-01 8.8320158254463321e-04
-5.3618919077895388e-01 8.8378986816170220e-04
-5.3530510717164870e-01 8.8437718491782313e-04
-5.3442043673228612e-01 8.8496353216921972e-04
-5.3353518043069248e-01 8.8554890927301636e-04
-5.3264933923733648e-01 8.8613331558725467e-04
-5.3176291412332766e-01 8.8671675047168551e-04
-5.3087590606041601e-01 8.8729921328645277e-04
-5.2998831602099039e-01 8.8788070339325257e-04
-5.2910014497807789e-01 8.8846122015427578e-04
-5.2821139390534222e-01 8.8904076293345471e-04
-5.2732206377708324e-01 8.8961933109530495e-04
-5.2643215556823530e-01 8.9019692400554796e-04
-5.2554167025436682e-01 8.9077354103105370e-04
-5.2465060881167858e-01 8.9134918153978087e-04
-5.2375897221700318e-01 8.9192384490043811e-04
-5.2286676144780353e-01 8.9249753048328926e-04
-5.2197397748217211e-01 8.9307023765931805e-04
-5.2108062129882982e-01 8.9364196580054417e-04
-5.2018669387712457e-01 8.9421271428058468e-04
-5.1929219619703093e-01 8.9478248247332377e-04
-5.1839712923914816e-01 8.9535126975459113e-04
-5.1750149398470002e-01 8.9591907550043361e-04
-5.1660529141553291e-01 8.9648589908874175e-04
-5.1570852251411547e-01 8.9705173989779847e-04
-5.1481118826353689e-01 8.9761659730760307e-04
-5.1391328964750638e-01 8.9818047069869459e-04
-5.1301482765035167e-01 8.9874335945301957e-04
-5.1211580325701822e-01 8.9930526295340046e-04
-5.1121621745306778e-01 8.9986618058420713e-04
-5.1031607122467793e-01 9.0042611173012869e-04
-5.0941536555864042e-01 9.0098505577733781e-04
-5.0851410144236009e-01 9.0154301211347048e-04
-5.0761227986385438e-01 9.0209998012647386e-04
-5.0670990181175157e-01 9.0265595920593867e-04
-5.0580696827529004e-01 9.0321094874242207e-04
-5.0490348024431730e-01 9.0376494812717360e-04
-5.0399943870928832e-01 9.0431795675341019e-04
-5.0309484466126531e-01 9.0486997401447897e-04
-5.0218969909191580e-01 9.0542099930552276e-04
-5.0128400299351228e-01 9.0597103202219326e-04
-5.0037775735893053e-01 9.0652007156158930e-04
-4.9947096318164880e-01 9.0706811732186958e-04
-4.9856362145574667e-01 9.0761516870225926e-04
-4.9765573317590406e-01 9.0816122510301337e-04
-4.9674729933739997e-01 9.0870628592548664e-04
-4.9583832093611147e-01 9.0925035057226914e-04
-4.9492879896851272e-01 9.0979341844676074e-04
-4.9401873443167360e-01 9.1033548895376015e-04
-4.9310812832325895e-01 9.1087656149892724e-04
-4.9219698164152720e-01 9.1141663548915844e-04
-4.9128529538532945e-01 9.1195571033235933e-04
-4.9037307055410823e-01 9.1249378543764245e-04
-4.8946030814789659e-01 9.1303086021505783e-04
-4.8854700916731691e-01 9.1356693407576735e-04
-4.8763317461357963e-01 9.1410200643227038e-04
-4.8671880548848251e-01 9.1463607669784017e-04
-4.8580390279440916e-01 9.1516914428715586e-04
-4.8488846753432829e-01 9.1570120861568191e-04
-4.8397250071179237e-01 9.1623226910014831e-04
-4.8305600333093651e-01 9.1676232515851719e-04
-4.8213897639647757e-01 9.1729137620961292e-04
-4.8122142091371295e-01 9.1781942167337932e-04
-4.8030333788851931e-01 9.1834646097112619e-04
-4.7938472832735179e-01 9.1887249352497885e-04
-4.7846559323724275e-01 9.1939751875823588e-04
-4.7754593362580056e-01 9.1992153609538236e-04
-4.7662575050120864e-01 9.2044454496198014e-04
-4.7570504487222437e-01 9.2096654478465777e-04
-4.7478381774817791e-01 9.2148753499114928e-04
-4.7386207013897097e-01 9.2200751501037188e-04
-4.7293980305507610e-01 9.2252648427219917e-04
-4.7201701750753522e-01 9.2304444220772577e-04
-4.7109371450795845e-01 9.2356138824926145e-04
-4.7016989506852341e-01 9.2407732182996733e-04
-4.6924556020197372e-01 9.2459224238436292e-04
-4.6832071092161820e-01 9.2510614934779344e-04
-4.6739534824132939e-01 9.2561904215704232e-04
-4.6646947317554283e-01 9.2613092024974235e-04
-4.6554308673925565e-01 9.2664178306478356e-04
-4.6461618994802562e-01 9.2715163004216685e-04
-4.6368878381796996e-01 9.2766046062295251e-04
-4.6276086936576433e-01 9.2816827424931471e-04
-4.6183244760864162e-01 9.2867507036448313e-04
-4.6090351956439074e-01 9.2918084841300407e-04
-4.5997408625135577e-01 9.2968560784035745e-04
-4.5904414868843457e-01 9.3018934809329940e-04
-4.5811370789507799e-01 9.3069206861935304e-04
-4.5718276489128828e-01 9.3119376886764812e-04
-4.5625132069761842e-01 9.3169444828810689e-04
-4.5531937633517078e-01 9.3219410633186737e-04
-4.5438693282559606e-01 9.3269274245112840e-04
-4.5345399119109214e-01 9.3319035609923840e-04
-4.5252055245440292e-01 9.3368694673079096e-04
-4.5158661763881730e-01 9.3418251380139226e-04
-4.5065218776816807e-01 9.3467705676766866e-04
-4.4971726386683064e-01 9.3517057508749285e-04
-4.4878184695972201e-01 9.3566306821992677e-04
-4.4784593807229967e-01 9.3615453562501713e-04
-4.4690953823056045e-01 9.3664497676399199e-04
-4.4597264846103940e-01 9.3713439109919020e-04
-4.4503526979080860e-01 9.3762277809413279e-04
-4.4409740324747615e-01 9.3811013721338120e-04
-4.4315904985918497e-01 9.3859646792267075e-04
-4.4222021065461170e-01 9.3908176968883050e-04
-4.4128088666296550e-01 9.3956604197990834e-04
-4.4034107891398705e-01 9.4004928426496116e-04
-4.3940078843794733e-01 9.4053149601424106e-04
-4.3846001626564646e-01 9.4101267669919784e-04
-4.3751876342841273e-01 9.4149282579222620e-04
-4.3657703095810130e-01 9.4197194276697646e-04
-4.3563481988709307e-01 9.4245002709830434e-04
-4.3469213124829376e-01 9.4292707826199127e-04
-4.3374896607513252e-01 9.4340309573506548e-04
-4.3280532540156086e-01 9.4387807899584425e-04
-4.3186121026205171e-01 9.4435202752344389e-04
-4.3091662169159800e-01 9.4482494079839202e-04
-4.2997156072571169e-01 9.4529681830230275e-04
-4.2902602840042275e-01 9.4576765951768496e-04
-4.2808002575227766e-01 9.4623746392854982e-04
-4.2713355381833862e-01 9.4670623101981977e-04
-4.2618661363618227e-01 9.4717396027761431e-04
-4.2523920624389855e-01 9.4764065118917271e-04
-4.2429133268008962e-01 9.4810630324289368e-04
-4.2334299398386865e-01 9.4857091592828865e-04
-4.2239419119485877e-01 9.4903448873597700e-04
-4.2144492535319178e-01 9.4949702115784251e-04
-4.2049519749950715e-01 9.4995851268683861e-04
-4.1954500867495093e-01 9.5041896281691264e-04
-4.1859435992117427e-01 9.5087837104350153e-04
-4.1764325228033283e-01 9.5133673686279452e-04
-4.1669168679508511e-01 9.5179405977237634e-04
-4.1573966450859157e-01 9.5225033927091678e-04
-4.1478718646451346e-01 9.5270557485822968e-04
-4.1383425370701166e-01 9.5315976603524020e-04
-4.1288086728074558e-01 9.5361291230397613e-04
-4.1192702823087185e-01 9.5406501316775891e-04
-4.1097273760304343e-01 9.5451606813090487e-04
-4.1001799644340814e-01 9.5496607669905728e-04
-4.0906280579860793e-01 9.5541503837875659e-04
-4.0810716671577735e-01 9.5586295267786707e-04
-4.0715108024254254e-01 9.5630981910541709e-04
-4.0619454742702021e-01 9.5675563717144679e-04
-4.0523756931781629e-01 9.5720040638723827e-04
-4.0428014696402492e-01 9.5764412626519134e-04
-4.0332228141522708e-01 9.5808679631902941e-04
-4.0236397372148991e-01 9.5852841606324163e-04
-4.0140522493336495e-01 9.5896898501388267e-04
-4.0044603610188750e-01 9.5940850268785253e-04
-3.9948640827857512e-01 9.5984696860346109e-04
-3.9852634251542673e-01 9.6028438227994213e-04
-3.9756583986492133e-01 9.6072074323774476e-04
-3.9660490138001681e-01 9.6115605099853039e-04
-3.9564352811414882e-01 9.6159030508513826e-04
-3.9468172112122968e-01 9.6202350502154943e-04
-3.9371948145564728e-01 9.6245565033273198e-04
-3.9275681017226366e-01 9.6288674054505956e-04
-3.9179370832641419e-01 9.6331677518584442e-04
-3.9083017697390610e-01 9.6374575378374116e-04
-3.8986621717101749e-01 9.6417367586851656e-04
-3.8890182997449635e-01 9.6460054097090406e-04
-3.8793701644155892e-01 9.6502634862309351e-04
-3.8697177762988899e-01 9.6545109835822530e-04
-3.8600611459763651e-01 9.6587478971069650e-04
-3.8504002840341650e-01 9.6629742221599098e-04
-3.8407352010630791e-01 9.6671899541078579e-04
-3.8310659076585230e-01 9.6713950883301999e-04
-3.8213924144205297e-01 9.6755896202157350e-04
-3.8117147319537348e-01 9.6797735451672063e-04
-3.8020328708673673e-01 9.6839468585974630e-04
-3.7923468417752365e-01 9.6881095559318842e-04
-3.7826566552957214e-01 9.6922616326068449e-04
-3.7729623220517583e-01 9.6964030840703929e-04
-3.7632638526708295e-01 9.7005339057825238e-04
-3.7535612577849514e-01 9.7046540932149694e-04
-3.7438545480306629e-01 9.7087636418512668e-04
-3.7341437340490147e-01 9.7128625471853524e-04
-3.7244288264855557e-01 9.7169508047243976e-04
-3.7147098359903230e-01 9.7210284099865762e-04
-3.7049867732178293e-01 9.7250953585020490e-04
-3.6952596488270523e-01 9.7291516458118980e-04
-3.6855284734814214e-01 9.7331972674694219e-04
-3.6757932578488073e-01 9.7372322190400333e-04
-3.6660540126015101e-01 9.7412564960996451e-04
-3.6563107484162471e-01 9.7452700942370931e-04
-3.6465634759741411e-01 9.7492730090526305e-04
-3.6368122059607094e-01 9.7532652361580739e-04
-3.6270569490658516e-01 9.7572467711766649e-04
-3.6172977159838388e-01 9.7612176097428471e-04
-3.6075345174132989e-01 9.7651777475047253e-04
-3.5977673640572083e-01 9.7691271801212038e-04
-3.5879962666228798e-01 9.7730659032615672e-04
-3.5782212358219484e-01 9.7769939126083781e-04
-3.5684422823703621e-01 9.7809112038550576e-04
-3.5586594169883673e-01 9.7848177727087268e-04
-3.5488726504005019e-01 9.7887136148849330e-04
-3.5390819933355777e-01 9.7925987261144004e-04
-3.5292874565266730e-01 9.7964731021373290e-04
-3.5194890507111187e-01 9.8003367387065475e-04
-3.5096867866304882e-01 9.8041896315858722e-04
-3.4998806750305828e-01 9.8080317765524374e-04
-3.4900707266614223e-01 9.8118631693944539e-04
-3.4802569522772342e-01 9.8156838059103324e-04
-3.4704393626364377e-01 9.8194936819131161e-04
-3.4606179685016364e-01 9.8232927932252138e-04
-3.4507927806396038e-01 9.8270811356823088e-04
-3.4409638098212719e-01 9.8308587051319286e-04
-3.4311310668217215e-01 9.8346254974314841e-04
-3.4212945624201668e-01 9.8383815084526478e-04
-3.4114543073999459e-01 9.8421267340780623e-04
-3.4016103125485098e-01 9.8458611702009259e-04
-3.3917625886574071e-01 9.8495848127286528e-04
-3.3819111465222768e-01 9.8532976575780012e-04
-3.3720559969428326e-01 9.8569997006789085e-04
-3.3621971507228521e-01 9.8606909379740822e-04
-3.3523346186701669e-01 9.8643713654156945e-04
-3.3424684115966480e-01 9.8680409789698173e-04
-3.3325985403181957e-01 9.8716997746130849e-04
-3.3227250156547267e-01 9.8753477483353065e-04
-3.3128478484301638e-01 9.8789848961363812e-04
-3.3029670494724223e-01 9.8826112140290687e-04
-3.2930826296133975e-01 9.8862266980396206e-04
-3.2831945996889572e-01 9.8898313442023224e-04
-3.2733029705389238e-01 9.8934251485672544e-04
-3.2634077530070676e-01 9.8970081071933199e-04
-3.2535089579410909e-01 9.9005802161536666e-04
-3.2436065961926186e-01 9.9041414715323188e-04
-3.2337006786171862e-01 9.9076918694246765e-04
-3.2237912160742266e-01 9.9112314059390176e-04
-3.2138782194270588e-01 9.9147600771951148e-04
-3.2039616995428771e-01 9.9182778793239232e-04
-3.1940416672927363e-01 9.9217848084703778e-04
-3.1841181335515439e-01 9.9252808607885943e-04
-3.1741911091980446e-01 9.9287660324464235e-04
-3.1642606051148092e-01 9.9322403196239217e-04
-3.1543266321882246e-01 9.9357037185117403e-04
-3.1443892013084801e-01 9.9391562253125631e-04
-3.1344483233695547e-01 9.9425978362426416e-04
-3.1245040092692067e-01 9.9460285475292342e-04
-3.1145562699089629e-01 9.9494483554100942e-04
-3.1046051161941030e-01 9.9528572561372389e-04
-3.0946505590336509e-01 9.9562552459729376e-04
-3.0846926093403609e-01 9.9596423211926544e-04
-3.0747312780307068e-01 9.9630184780832116e-04
-3.0647665760248693e-01 9.9663837129433859e-04
-3.0547985142467243e-01 9.9697380220840188e-04
-3.0448271036238306e-01 9.9730814018284680e-04
-3.0348523550874196e-01 9.9764138485103696e-04
-3.0248742795723793e-01 9.9797353584777119e-04
-3.0148928880172482e-01 9.9830459280879076e-04
-3.0049081913641967e-01 9.9863455537130144e-04
-2.9949202005590209e-01 9.9896342317351561e-04
-2.9849289265511264e-01 9.9929119585496508e-04
-2.9749343802935202e-01 9.9961787305622492e-04
-2.9649365727427940e-01 9.9994345441928138e-04
-2.9549355148591167e-01 1.0002679395871238e-03
-2.9449312176062192e-01 1.0005913282040873e-03
-2.9349236919513838e-01 1.0009136199156819e-03
-2.9249129488654330e-01 1.0012348143685081e-03
-2.9148989993227153e-01 1.0015549112104706e-03
-2.9048818543010940e-01 1.0018739100907323e-03
-2.8948615247819365e-01 1.0021918106595429e-03
-2.8848380217501007e-01 1.0025086125684142e-03
-2.8748113561939237e-01 1.0028243154700375e-03
-2.8647815391052095e-01 1.0031389190183009e-03
-2.8547485814792167e-01 1.0034524228683577e-03
-2.8447124943146473e-01 1.0037648266764834e-03
-2.8346732886136333e-01 1.0040761301002507e-03
-2.8246309753817261e-01 1.0043863327983539e-03
-2.8145855656278834e-01 1.0046954344307517e-03
-2.8045370703644573e-01 1.0050034346586138e-03
-2.7944855006071834e-01 1.0053103331442209e-03
-2.7844308673751661e-01 1.0056161295512369e-03
-2.7743731816908701e-01 1.0059208235443057e-03
-2.7643124545801045e-01 1.0062244147894838e-03
-2.7542486970720143e-01 1.0065269029539586e-03
-2.7441819201990653e-01 1.0068282877060673e-03
-2.7341121349970332e-01 1.0071285687155052e-03
-2.7240393525049927e-01 1.0074277456530256e-03
-2.7139635837653042e-01 1.0077258181906202e-03
-2.7038848398236004e-01 1.0080227860016144e-03
-2.6938031317287769e-01 1.0083186487604104e-03
-2.6837184705329786e-01 1.0086134061426486e-03
-2.6736308672915871e-01 1.0089070578252594e-03
-2.6635403330632107e-01 1.0091996034862119e-03
-2.6534468789096682e-01 1.0094910428049414e-03
-2.6433505158959825e-01 1.0097813754618510e-03
-2.6332512550903631e-01 1.0100706011387081e-03
-2.6231491075641972e-01 1.0103587195184232e-03
-2.6130440843920366e-01 1.0106457302851424e-03
-2.6029361966515846e-01 1.0109316331242762e-03
-2.5928254554236863e-01 1.0112164277223295e-03
-2.5827118717923137e-01 1.0115001137671737e-03
-2.5725954568445558e-01 1.0117826909477191e-03
-2.5624762216706043e-01 1.0120641589542740e-03
-2.5523541773637431e-01 1.0123445174782793e-03
-2.5422293350203368e-01 1.0126237662123085e-03
-2.5321017057398154e-01 1.0129019048503013e-03
-2.5219713006246652e-01 1.0131789330873472e-03
-2.5118381307804161e-01 1.0134548506196732e-03
-2.5017022073156270e-01 1.0137296571448991e-03
-2.4915635413418769e-01 1.0140033523617495e-03
-2.4814221439737513e-01 1.0142759359701486e-03
-2.4712780263288295e-01 1.0145474076712836e-03
-2.4611311995276733e-01 1.0148177671675594e-03
-2.4509816746938143e-01 1.0150870141625642e-03
-2.4408294629537414e-01 1.0153551483611906e-03
-2.4306745754368894e-01 1.0156221694694774e-03
-2.4205170232756271e-01 1.0158880771946562e-03
-2.4103568176052431e-01 1.0161528712452619e-03
-2.4001939695639360e-01 1.0164165513310214e-03
-2.3900284902928007e-01 1.0166791171628436e-03
-2.3798603909358168e-01 1.0169405684528929e-03
-2.3696896826398356e-01 1.0172009049145782e-03
-2.3595163765545693e-01 1.0174601262624740e-03
-2.3493404838325774e-01 1.0177182322124287e-03
-2.3391620156292550e-01 1.0179752224814863e-03
-2.3289809831028213e-01 1.0182310967878977e-03
-2.3187973974143056e-01 1.0184858548511941e-03
-2.3086112697275366e-01 1.0187394963920885e-03
-2.2984226112091302e-01 1.0189920211324966e-03
-2.2882314330284759e-01 1.0192434287956040e-03
-2.2780377463577259e-01 1.0194937191058155e-03
-2.2678415623717824e-01 1.0197428917887120e-03
-2.2576428922482847e-01 1.0199909465711677e-03
-2.2474417471675981e-01 1.0202378831812532e-03
-2.2372381383128009e-01 1.0204837013482668e-03
-2.2270320768696727e-01 1.0207284008026947e-03
-2.2168235740266812e-01 1.0209719812763168e-03
-2.2066126409749709e-01 1.0212144425020718e-03
-2.1963992889083500e-01 1.0214557842141911e-03
-2.1861835290232792e-01 1.0216960061480891e-03
-2.1759653725188580e-01 1.0219351080404421e-03
-2.1657448305968141e-01 1.0221730896290988e-03
-2.1555219144614896e-01 1.0224099506531805e-03
-2.1452966353198294e-01 1.0226456908530366e-03
-2.1350690043813692e-01 1.0228803099702249e-03
-2.1248390328582223e-01 1.0231138077475734e-03
-2.1146067319650688e-01 1.0233461839290461e-03
-2.1043721129191414e-01 1.0235774382599608e-03
-2.0941351869402147e-01 1.0238075704867740e-03
-2.0838959652505920e-01 1.0240365803571988e-03
-2.0736544590750935e-01 1.0242644676201910e-03
-2.0634106796410437e-01 1.0244912320259319e-03
-2.0531646381782592e-01 1.0247168733258111e-03
-2.0429163459190361e-01 1.0249413912724985e-03
-2.0326658140981385e-01 1.0251647856198314e-03
-2.0224130539527851e-01 1.0253870561229225e-03
-2.0121580767226377e-01 1.0256082025381209e-03
-2.0019008936497884e-01 1.0258282246229827e-03
-1.9916415159787479e-01 1.0260471221363076e-03
-1.9813799549564323e-01 1.0262648948381147e-03
-1.9711162218321512e-01 1.0264815424896922e-03
-1.9608503278575959e-01 1.0266970648535156e-03
-1.9505822842868259e-01 1.0269114616933300e-03
-1.9403121023762573e-01 1.0271247327741184e-03
-1.9300397933846511e-01 1.0273368778620491e-03
-1.9197653685730995e-01 1.0275478967245624e-03
-1.9094888392050138e-01 1.0277577891303420e-03
-1.8992102165461133e-01 1.0279665548492938e-03
-1.8889295118644117e-01 1.0281741936525410e-03
-1.8786467364302051e-01 1.0283807053124573e-03
-1.8683619015160594e-01 1.0285860896026850e-03
-1.8580750183967989e-01 1.0287903462980299e-03
-1.8477860983494931e-01 1.0289934751745743e-03
-1.8374951526534439e-01 1.0291954760096673e-03
-1.8272021925901741e-01 1.0293963485818582e-03
-1.8169072294434152e-01 1.0295960926709235e-03
-1.8066102744990939e-01 1.0297947080578989e-03
-1.7963113390453214e-01 1.0299921945250412e-03
-1.7860104343723790e-01 1.0301885518558701e-03
-1.7757075717727072e-01 1.0303837798351283e-03
-1.7654027625408933e-01 1.0305778782487805e-03
-1.7550960179736577e-01 1.0307708468840571e-03
-1.7447873493698432e-01 1.0309626855294154e-03
-1.7344767680304018e-01 1.0311533939745278e-03
-1.7241642852583819e-01 1.0313429720103622e-03
-1.7138499123589165e-01 1.0315314194290707e-03
-1.7035336606392107e-01 1.0317187360240775e-03
-1.6932155414085298e-01 1.0319049215900284e-03
-1.6828955659781852e-01 1.0320899759228379e-03
-1.6725737456615247e-01 1.0322738988195852e-03
-1.6622500917739172e-01 1.0324566900787027e-03
-1.6519246156327422e-01 1.0326383494997740e-03
-1.6415973285573768e-01 1.0328188768836655e-03
-1.6312682418691840e-01 1.0329982720324502e-03
-1.6209373668914984e-01 1.0331765347494945e-03
-1.6106047149496158e-01 1.0333536648393759e-03
-1.6002702973707802e-01 1.0335296621078822e-03
-1.5899341254841709e-01 1.0337045263620914e-03
-1.5795962106208900e-01 1.0338782574103114e-03
-1.5692565641139508e-01 1.0340508550620931e-03
-1.5589151972982648e-01 1.0342223191282295e-03
-1.5485721215106296e-01 1.0343926494207341e-03
-1.5382273480897160e-01 1.0345618457528883e-03
-1.5278808883760561e-01 1.0347299079392067e-03
-1.5175327537120303e-01 1.0348968357954541e-03
-1.5071829554418553e-01 1.0350626291386275e-03
-1.4968315049115716e-01 1.0352272877870022e-03
-1.4864784134690312e-01 1.0353908115600331e-03
-1.4761236924638843e-01 1.0355532002784757e-03
-1.4657673532475682e-01 1.0357144537643198e-03
-1.4554094071732943e-01 1.0358745718407449e-03
-1.4450498655960345e-01 1.0360335543322728e-03
-1.4346887398725108e-01 1.0361914010645935e-03
-1.4243260413611813e-01 1.0363481118646769e-03
-1.4139617814222288e-01 1.0365036865607130e-03
-1.4035959714175472e-01 1.0366581249821568e-03
-1.3932286227107302e-01 1.0368114269597155e-03
-1.3828597466670575e-01 1.0369635923253202e-03
-1.3724893546534844e-01 1.0371146209121531e-03
-1.3621174580386269e-01 1.0372645125546667e-03
-1.3517440681927514e-01 1.0374132670885150e-03
-1.3413691964877605e-01 1.0375608843506416e-03
-1.3309928542971816e-01 1.0377073641792323e-03
-1.3206150529961541e-01 1.0378527064136896e-03
-1.3102358039614173e-01 1.0379969108946885e-03
-1.2998551185712973e-01 1.0381399774641155e-03
-1.2894730082056940e-01 1.0382819059651862e-03
-1.2790894842460712e-01 1.0384226962422811e-03
-1.2687045580754411e-01 1.0385623481410406e-03
-1.2583182410783533e-01 1.0387008615083924e-03
-1.2479305446408821e-01 1.0388382361924912e-03
-1.2375414801506143e-01 1.0389744720427326e-03
-1.2271510589966361e-01 1.0391095689097681e-03
-1.2167592925695213e-01 1.0392435266455002e-03
-1.2063661922613181e-01 1.0393763451030725e-03
-1.1959717694655371e-01 1.0395080241368802e-03
-1.1855760355771389e-01 1.0396385636025727e-03
-1.1751790019925211e-01 1.0397679633570495e-03
-1.1647806801095063e-01 1.0398962232584413e-03
-1.1543810813273293e-01 1.0400233431661536e-03
-1.1439802170466247e-01 1.0401493229408314e-03
-1.1335780986694145e-01 1.0402741624443565e-03
-1.1231747375990955e-01 1.0403978615398911e-03
-1.1127701452404268e-01 1.0405204200918203e-03
-1.1023643329995171e-01 1.0406418379657822e-03
-1.0919573122838129e-01 1.0407621150286840e-03
-1.0815490945020849e-01 1.0408812511486475e-03
-1.0711396910644164e-01 1.0409992461950862e-03
-1.0607291133821907e-01 1.0411161000386557e-03
-1.0503173728680779e-01 1.0412318125512503e-03
-1.0399044809360232e-01 1.0413463836060014e-03
-1.0294904490012340e-01 1.0414598130773348e-03
-1.0190752884801672e-01 1.0415721008408783e-03
-1.0086590107905175e-01 1.0416832467735437e-03
-9.9824162735120348e-02 1.0417932507534990e-03
-9.8782314958235654e-02 1.0419021126601463e-03
-9.7740358890530760e-02 1.0420098323741288e-03
-9.6698295674257459e-02 1.0421164097773722e-03
-9.5656126451785006e-02 1.0422218447530454e-03
-9.4613852365598897e-02 1.0423261371855584e-03
-9.3571474558299547e-02 1.0424292869605730e-03
-9.2528994172601103e-02 1.0425312939650118e-03
-9.1486412351330135e-02 1.0426321580870597e-03
-9.0443730237424441e-02 1.0427318792161310e-03
-8.9400948973931763e-02 1.0428304572429204e-03
-8.8358069704008529e-02 1.0429278920593488e-03
-8.7315093570918600e-02 1.0430241835586095e-03
-8.6272021718032027e-02 1.0431193316351366e-03
-8.5228855288823804e-02 1.0432133361846295e-03
-8.4185595426872609e-02 1.0433061971040251e-03
-8.3142243275859520e-02 1.0433979142915430e-03
-8.2098799979566817e-02 1.0434884876466082e-03
-8.1055266681876681e-02 1.0435779170699529e-03
-8.0011644526769954e-02 1.0436662024635370e-03
-7.8967934658324926e-02 1.0437533437305713e-03
-7.7924138220715977e-02 1.0438393407755234e-03
-7.6880256358212468e-02 1.0439241935041200e-03
-7.5836290215177335e-02 1.0440079018233573e-03
-7.4792240936065943e-02 1.0440904656414428e-03
-7.3748109665424805e-02 1.0441718848678786e-03
-7.2703897547890292e-02 1.0442521594134163e-03
-7.1659605728187414e-02 1.0443312891900351e-03
-7.0615235351128569e-02 1.0444092741110095e-03
-6.9570787561612252e-02 1.0444861140908367e-03
-6.8526263504621848e-02 1.0445618090452699e-03
-6.7481664325224316e-02 1.0446363588913490e-03
-6.6436991168568993e-02 1.0447097635473356e-03
-6.5392245179886316e-02 1.0447820229327598e-03
-6.4347427504486535e-02 1.0448531369684079e-03
-6.3302539287758544e-02 1.0449231055763284e-03
-6.2257581675168504e-02 1.0449919286798092e-03
-6.1212555812258693e-02 1.0450596062034001e-03
-6.0167462844646205e-02 1.0451261380729172e-03
-5.9122303918021674e-02 1.0451915242154189e-03
-5.8077080178148062e-02 1.0452557645592327e-03
-5.7031792770859388e-02 1.0453188590339214e-03
-5.5986442842059454e-02 1.0453808075703260e-03
-5.4941031537720605e-02 1.0454416101005428e-03
-5.3895560003882473e-02 1.0455012665578978e-03
-5.2850029386650704e-02 1.0455597768770049e-03
-5.1804440832195736e-02 1.0456171409937167e-03
-5.0758795486751510e-02 1.0456733588451474e-03
-4.9713094496614207e-02 1.0457284303696730e-03
-4.8667339008141054e-02 1.0457823555069254e-03
-4.7621530167748970e-02 1.0458351341977683e-03
-4.6575669121913403e-02 1.0458867663843637e-03
-4.5529757017167008e-02 1.0459372520100964e-03
-4.4483795000098414e-02 1.0459865910196345e-03
-4.3437784217350978e-02 1.0460347833588732e-03
-4.2391725815621513e-02 1.0460818289749869e-03
-4.1345620941659035e-02 1.0461277278164113e-03
-4.0299470742263505e-02 1.0461724798328173e-03
-3.9253276364284558e-02 1.0462160849751478e-03
-3.8207038954620284e-02 1.0462585431956083e-03
-3.7160759660215939e-02 1.0462998544476575e-03
-3.6114439628062690e-02 1.0463400186859840e-03
-3.5068080005196359e-02 1.0463790358665728e-03
-3.4021681938696181e-02 1.0464169059466574e-03
-3.2975246575683528e-02 1.0464536288847129e-03
-3.1928775063320668e-02 1.0464892046404739e-03
-3.0882268548809481e-02 1.0465236331749547e-03
-2.9835728179390238e-02 1.0465569144504137e-03
-2.8789155102340303e-02 1.0465890484303584e-03
-2.7742550464972916e-02 1.0466200350795548e-03
-2.6695915414635899e-02 1.0466498743640531e-03
-2.5649251098710427e-02 1.0466785662511283e-03
-2.4602558664609746e-02 1.0467061107093175e-03
-2.3555839259777941e-02 1.0467325077084502e-03
-2.2509094031688649e-02 1.0467577572195756e-03
-2.1462324127843827e-02 1.0467818592150104e-03
-2.0415530695772476e-02 1.0468048136683338e-03
-1.9368714883029391e-02 1.0468266205543848e-03
-1.8321877837193905e-02 1.0468472798492558e-03
-1.7275020705868629e-02 1.0468667915302988e-03
-1.6228144636678189e-02 1.0468851555761212e-03
-1.5181250777267971e-02 1.0469023719665998e-03
-1.4134340275302869e-02 1.0469184406828515e-03
-1.3087414278466014e-02 1.0469333617072671e-03
-1.2040473934457532e-02 1.0469471350234923e-03
-1.0993520390993269e-02 1.0469597606164182e-03
-9.9465547958035479e-03 1.0469712384722093e-03
-8.8995782966318996e-03 1.0469815685782836e-03
-7.8525920412338083e-03 1.0469907509233084e-03
-6.8055971773754564e-03 1.0469987854972290e-03
-5.7585948528324580e-03 1.0470056722912398e-03
-4.7115862153886134e-03 1.0470114112977665e-03
-3.6645724128346368e-03 1.0470160025105491e-03
-2.6175545929669097e-03 1.0470194459245420e-03
-1.5705339035862144e-03 1.0470217415359650e-03
-5.2351149249648039e-04 1.0470228893423056e-03
5.2351149249648039e-04 1.0470228893423056e-03
1.5705339035862144e-03 1.0470217415359650e-03
2.6175545929669097e-03 1.0470194459245420e-03
3.6645724128346368e-03 1.0470160025105491e-03
4.7115862153886134e-03 1.0470114112977665e-03
5.7585948528324580e-03 1.0470056722912398e-03
6.8055971773754564e-03 1.0469987854972290e-03
7.8525920412338083e-03 1.0469907509233084e-03
8.8995782966318996e-03 1.0469815685782836e-03
9.9465547958035479e-03 1.0469712384722093e-03
1.0993520390993269e-02 1.0469597606164182e-03
1.2040473934457532e-02 1.0469471350234923e-03
1.3087414278466014e-02 1.0469333617072671e-03
1.4134340275302869e-02 1.0469184406828515e-03
1.5181250777267971e-02 1.0469023719665998e-03
1.6228144636678189e-02 1.0468851555761212e-03
1.7275020705868629e-02 1.0468667915302988e-03
1.8321877837193905e-02 1.0468472798492558e-03
1.9368714883029391e-02 1.0468266205543848e-03
2.0415530695772476e-02 1.0468048136683338e-03
2.1462324127843827e-02 1.0467818592150104e-03
2.2509094031688649e-02 1.0467577572195756e-03
2.3555839259777941e-02 1.0467325077084502e-03
2.4602558664609746e-02 1.0467061107093175e-03
2.5649251098710427e-02 1.0466785662511283e-03
2.6695915414635899e-02 1.0466498743640531e-03
2.7742550464972916e-02 1.0466200350795548e-03
2.8789155102340303e-02 1.0465890484303584e-03
2.9835728179390238e-02 1.0465569144504137e-03
3.0882268548809481e-02 1.0465236331749547e-03
3.1928775063320668e-02 1.0464892046404739e-03
3.2975246575683528e-02 1.0464536288847129e-03
3.4021681938696181e-02 1.0464169059466574e-03
3.5068080005196359e-02 1.0463790358665728e-03
3.6114439628062690e-02 1.0463400186859840e-03
3.7160759660215939e-02 1.0462998544476575e-03
3.8207038954620284e-02 1.0462585431956083e-03
3.9253276364284558e-02 1.0462160849751478e-03
4.0299470742263505e-02 1.0461724798328173e-03
4.1345620941659035e-02 1.0461277278164113e-03
4.2391725815621513e-02 1.0460818289749869e-03
4.3437784217350978e-02 1.0460347833588732e-03
4.4483795000098414e-02 1.0459865910196345e-03
4.5529757017167008e-02 1.0459372520100964e-03
4.6575669121913403e-02 1.0458867663843637e-03
4.7621530167748970e-02 1.0458351341977683e-03
4.8667339008141054e-02 1.0457823555069254e-03
4.9713094496614207e-02 1.0457284303696730e-03
5.0758795486751510e-02 1.0456733588451474e-03
5.1804440832195736e-02 1.0456171409937167e-03
5.2850029386650704e-02 1.0455597768770049e-03
5.3895560003882473e-02 1.0455012665578978e-03
5.4941031537720605e-02 1.0454416101005428e-03
5.5986442842059454e-02 1.0453808075703260e-03
5.7031792770859388e-02 1.0453188590339214e-03
5.8077080178148062e-02 1.0452557645592327e-03
5.9122303918021674e-02 1.0451915242154189e-03
6.0167462844646205e-02 1.0451261380729172e-03
6.1212555812258693e-02 1.0450596062034001e-03
6.2257581675168504e-02 1.0449919286798092e-03
6.3302539287758544e-02 1.0449231055763284e-03
6.4347427504486535e-02 1.0448531369684079e-03
6.5392245179886316e-02 1.0447820229327598e-03
6.6436991168568993e-02 1.0447097635473356e-03
6.7481664325224316e-02 1.0446363588913490e-03
6.8526263504621848e-02 1.0445618090452699e-03
6.9570787561612252e-02 1.0444861140908367e-03
7.0615235351128569e-02 1.0444092741110095e-03
7.1659605728187414e-02 1.0443312891900351e-03
7.2703897547890292e-02 1.0442521594134163e-03
7.3748109665424805e-02 1.0441718848678786e-03
7.4792240936065943e-02 1.0440904656414428e-03
7.5836290215177335e-02 1.0440079018233573e-03
7.6880256358212468e-02 1.0439241935041200e-03
7.7924138220715977e-02 1.0438393407755234e-03
7.8967934658324926e-02 1.0437533437305713e-03
8.0011644526769954e-02 1.0436662024635370e-03
8.1055266681876681e-02 1.0435779170699529e-03
8.2098799979566817e-02 1.0434884876466082e-03
8.3142243275859520e-02 1.0433979142915430e-03
8.4185595426872609e-02 1.0433061971040251e-03
8.5228855288823804e-02 1.0432133361846295e-03
8.6272021718032027e-02 1.0431193316351366e-03
8.7315093570918600e-02 1.0430241835586095e-03
8.8358069704008529e-02 1.0429278920593488e-03
8.9400948973931763e-02 1.0428304572429204e-03
9.0443730237424441e-02 1.0427318792161310e-03
9.1486412351330135e-02 1.0426321580870597e-03
9.2528994172601103e-02 1.0425312939650118e-03
9.3571474558299547e-02 1.0424292869605730e-03
9.4613852365598897e-02 1.0423261371855584e-03
9.5656126451785006e-02 1.0422218447530454e-03
9.6698295674257459e-02 1.0421164097773722e-03
9.7740358890530760e-02 1.0420098323741288e-03
9.8782314958235654e-02 1.0419021126601463e-03
9.9824162735120348e-02 1.0417932507534990e-03
1.0086590107905175e-01 1.0416832467735437e-03
1.0190752884801672e-01 1.0415721008408783e-03
1.0294904490012340e-01 1.0414598130773348e-03
1.0399044809360232e-01 1.0413463836060014e-03
1.0503173728680779e-01 1.0412318125512503e-03
1.0607291133821907e-01 1.0411161000386557e-03
1.0711396910644164e-01 1.0409992461950862e-03
1.0815490945020849e-01 1.0408812511486475e-03
1.0919573122838129e-01 1.0407621150286840e-03
1.1023643329995171e-01 1.0406418379657822e-03
1.1127701452404268e-01 1.0405204200918203e-03
1.1231747375990955e-01 1.0403978615398911e-03
1.1335780986694145e-01 1.0402741624443565e-03
1.1439802170466247e-01 1.0401493229408314e-03
1.1543810813273293e-01 1.0400233431661536e-03
1.1647806801095063e-01 1.0398962232584413e-03
1.1751790019925211e-01 1.0397679633570495e-03
1.1855760355771389e-01 1.0396385636025727e-03
1.1959717694655371e-01 1.0395080241368802e-03
1.2063661922613181e-01 1.0393763451030725e-03
1.2167592925695213e-01 1.0392435266455002e-03
1.2271510589966361e-01 1.0391095689097681e-03
1.2375414801506143e-01 1.0389744720427326e-03
1.2479305446408821e-01 1.0388382361924912e-03
1.2583182410783533e-01 1.0387008615083924e-03
1.2687045580754411e-01 1.0385623481410406e-03
1.2790894842460712e-01 1.0384226962422811e-03
1.2894730082056940e-01 1.0382819059651862e-03
1.2998551185712973e-01 1.0381399774641155e-03
1.3102358039614173e-01 1.0379969108946885e-03
1.3206150529961541e-01 1.0378527064136896e-03
1.3309928542971816e-01 1.0377073641792323e-03
1.3413691964877605e-01 1.0375608843506416e-03
1.3517440681927514e-01 1.0374132670885150e-03
1.3621174580386269e-01 1.0372645125546667e-03
1.3724893546534844e-01 1.0371146209121531e-03
1.3828597466670575e-01 1.0369635923253202e-03
1.3932286227107302e-01 1.0368114269597155e-03
1.4035959714175472e-01 1.0366581249821568e-03
1.4139617814222288e-01 1.0365036865607130e-03
1.4243260413611813e-01 1.0363481118646769e-03
1.4346887398725108e-01 1.0361914010645935e-03
1.4450498655960345e-01 1.0360335543322728e-03
1.4554094071732943e-01 1.0358745718407449e-03
1.4657673532475682e-01 1.0357144537643198e-03
1.4761236924638843e-01 1.0355532002784757e-03
1.4864784134690312e-01 1.0353908115600331e-03
1.4968315049115716e-01 1.0352272877870022e-03
1.5071829554418553e-01 1.0350626291386275e-03
1.5175327537120303e-01 1.0348968357954541e-03
1.5278808883760561e-01 1.0347299079392067e-03
1.5382273480897160e-01 1.0345618457528883e-03
1.5485721215106296e-01 1.0343926494207341e-03
1.5589151972982648e-01 1.0342223191282295e-03
1.5692565641139508e-01 1.0340508550620931e-03
1.5795962106208900e-01 1.0338782574103114e-03
1.5899341254841709e-01 1.0337045263620914e-03
1.6002702973707802e-01 1.0335296621078822e-03
1.6106047149496158e-01 1.0333536648393759e-03
1.6209373668914984e-01 1.0331765347494945e-03
1.6312682418691840e-01 1.0329982720324502e-03
1.6415973285573768e-01 1.0328188768836655e-03
1.6519246156327422e-01 1.0326383494997740e-03
1.6622500917739172e-01 1.0324566900787027e-03
1.6725737456615247e-01 1.0322738988195852e-03
1.6828955659781852e-01 1.0320899759228379e-03
1.6932155414085298e-01 1.0319049215900284e-03
1.7035336606392107e-01 1.0317187360240775e-03
1.7138499123589165e-01 1.0315314194290707e-03
1.7241642852583819e-01 1.0313429720103622e-03
1.7344767680304018e-01 1.0311533939745278e-03
1.7447873493698432e-01 1.0309626855294154e-03
1.7550960179736577e-01 1.0307708468840571e-03
1.7654027625408933e-01 1.0305778782487805e-03
1.7757075717727072e-01 1.0303837798351283e-03
1.7860104343723790e-01 1.0301885518558701e-03
1.7963113390453214e-01 1.0299921945250412e-03
1.8066102744990939e-01 1.0297947080578989e-03
1.8169072294434152e-01 1.0295960926709235e-03
1.8272021925901741e-01 1.0293963485818582e-03
1.8374951526534439e-01 1.0291954760096673e-03
1.8477860983494931e-01 1.0289934751745743e-03
1.8580750183967989e-01 1.0287903462980299e-03
1.8683619015160594e-01 1.0285860896026850e-03
1.8786467364302051e-01 1.0283807053124573e-03
1.8889295118644117e-01 1.0281741936525410e-03
1.8992102165461133e-01 1.0279665548492938e-03
1.9094888392050138e-01 1.0277577891303420e-03
1.9197653685730995e-01 1.0275478967245624e-03
1.9300397933846511e-01 1.0273368778620491e-03
1.9403121023762573e-01 1.0271247327741184e-03
1.9505822842868259e-01 1.0269114616933300e-03
1.9608503278575959e-01 1.0266970648535156e-03
1.9711162218321512e-01 1.0264815424896922e-03
1.9813799549564323e-01 1.0262648948381147e-03
1.9916415159787479e-01 1.0260471221363076e-03
2.0019008936497884e-01 1.0258282246229827e-03
2.0121580767226377e-01 1.0256082025381209e-03
2.0224130539527851e-01 1.0253870561229225e-03
2.0326658140981385e-01 1.0251647856198314e-03
2.0429163459190361e-01 1.0249413912724985e-03
2.0531646381782592e-01 1.0247168733258111e-03
2.0634106796410437e-01 1.0244912320259319e-03
2.0736544590750935e-01 1.0242644676201910e-03
2.0838959652505920e-01 1.0240365803571988e-03
2.0941351869402147e-01 1.0238075704867740e-03
2.1043721129191414e-01 1.0235774382599608e-03
2.1146067319650688e-01 1.0233461839290461e-03
2.1248390328582223e-01 1.0231138077475734e-03
2.1350690043813692e-01 1.0228803099702249e-03
2.1452966353198294e-01 1.0226456908530366e-03
2.1555219144614896e-01 1.0224099506531805e-03
2.1657448305968141e-01 1.0221730896290988e-03
2.1759653725188580e-01 1.0219351080404421e-03
2.1861835290232792e-01 1.0216960061480891e-03
2.1963992889083500e-01 1.0214557842141911e-03
2.2066126409749709e-01 1.0212144425020718e-03
2.2168235740266812e-01 1.0209719812763168e-03
2.2270320768696727e-01 1.0207284008026947e-03
2.2372381383128009e-01 1.0204837013482668e-03
2.2474417471675981e-01 1.0202378831812532e-03
2.2576428922482847e-01 1.0199909465711677e-03
2.2678415623717824e-01 1.0197428917887120e-03
2.2780377463577259e-01 1.0194937191058155e-03
2.2882314330284759e-01 1.0192434287956040e-03
2.2984226112091302e-01 1.0189920211324966e-03
2.3086112697275366e-01 1.0187394963920885e-03
2.3187973974143056e-01 1.0184858548511941e-03
2.3289809831028213e-01 1.0182310967878977e-03
2.3391620156292550e-01 1.0179752224814863e-03
2.3493404838325774e-01 1.0177182322124287e-03
2.3595163765545693e-01 1.0174601262624740e-03
2.3696896826398356e-01 1.0172009049145782e-03
2.3798603909358168e-01 1.0169405684528929e-03
2.3900284902928007e-01 1.0166791171628436e-03
2.4001939695639360e-01 1.0164165513310214e-03
2.4103568176052431e-01 1.0161528712452619e-03
2.4205170232756271e-01 1.0158880771946562e-03
2.4306745754368894e-01 1.0156221694694774e-03
2.4408294629537414e-01 1.0153551483611906e-03
2.4509816746938143e-01 1.0150870141625642e-03
2.4611311995276733e-01 1.0148177671675594e-03
2.4712780263288295e-01 1.0145474076712836e-03
2.4814221439737513e-01 1.0142759359701486e-03
2.4915635413418769e-01 1.0140033523617495e-03
2.5017022073156270e-01 1.0137296571448991e-03
2.5118381307804161e-01 1.0134548506196732e-03
2.5219713006246652e-01 1.0131789330873472e-03
2.5321017057398154e-01 1.0129019048503013e-03
2.5422293350203368e-01 1.0126237662123085e-03
2.5523541773637431e-01 1.0123445174782793e-03
2.5624762216706043e-01 1.0120641589542740e-03
2.5725954568445558e-01 1.0117826909477191e-03
2.5827118717923137e-01 1.0115001137671737e-03
2.5928254554236863e-01 1.0112164277223295e-03
2.6029361966515846e-01 1.0109316331242762e-03
2.6130440843920366e-01 1.0106457302851424e-03
2.6231491075641972e-01 1.0103587195184232e-03
2.6332512550903631e-01 1.0100706011387081e-03
2.6433505158959825e-01 1.0097813754618510e-03
2.6534468789096682e-01 1.0094910428049414e-03
2.6635403330632107e-01 1.0091996034862119e-03
2.6736308672915871e-01 1.0089070578252594e-03
2.6837184705329786e-01 1.0086134061426486e-03
2.6938031317287769e-01 1.0083186487604104e-03
2.7038848398236004e-01 1.0080227860016144e-03
2.7139635837653042e-01 1.0077258181906202e-03
2.7240393525049927e-01 1.0074277456530256e-03
2.7341121349970332e-01 1.0071285687155052e-03
2.7441819201990653e-01 1.0068282877060673e-03
2.7542486970720143e-01 1.0065269029539586e-03
2.7643124545801045e-01 1.0062244147894838e-03
2.7743731816908701e-01 1.0059208235443057e-03
2.7844308673751661e-01 1.0056161295512369e-03
2.7944855006071834e-01 1.0053103331442209e-03
2.8045370703644573e-01 1.0050034346586138e-03
2.8145855656278834e-01 1.0046954344307517e-03
2.8246309753817261e-01 1.0043863327983539e-03
2.8346732886136333e-01 1.0040761301002507e-03
2.8447124943146473e-01 1.0037648266764834e-03
2.8547485814792167e-01 1.0034524228683577e-03
2.8647815391052095e-01 1.0031389190183009e-03
2.8748113561939237e-01 1.0028243154700375e-03
2.8848380217501007e-01 1.0025086125684142e-03
2.8948615247819365e-01 1.0021918106595429e-03
2.9048818543010940e-01 1.0018739100907323e-03
2.9148989993227153e-01 1.0015549112104706e-03
2.9249129488654330e-01 1.0012348143685081e-03
2.9349236919513838e-01 1.0009136199156819e-03
2.9449312176062192e-01 1.0005913282040873e-03
2.9549355148591167e-01 1.0002679395871238e-03
2.9649365727427940e-01 9.9994345441928138e-04
2.9749343802935202e-01 9.9961787305622492e-04
2.9849289265511264e-01 9.9929119585496508e-04
2.9949202005590209e-01 9.9896342317351561e-04
3.0049081913641967e-01 9.9863455537130144e-04
3.0148928880172482e-01 9.9830459280879076e-04
3.0248742795723793e-01 9.9797353584777119e-04
3.0348523550874196e-01 9.9764138485103696e-04
3.0448271036238306e-01 9.9730814018284680e-04
3.0547985142467243e-01 9.9697380220840188e-04
3.0647665760248693e-01 9.9663837129433859e-04
3.0747312780307068e-01 9.9630184780832116e-04
3.0846926093403609e-01 9.9596423211926544e-04
3.0946505590336509e-01 9.9562552459729376e-04
3.1046051161941030e-01 9.9528572561372389e-04
3.1145562699089629e-01 9.9494483554100942e-04
3.1245040092692067e-01 9.9460285475292342e-04
3.1344483233695547e-01 9.9425978362426416e-04
3.1443892013084801e-01 9.9391562253125631e-04
3.1543266321882246e-01 9.9357037185117403e-04
3.1642606051148092e-01 9.9322403196239217e-04
3.1741911091980446e-01 9.9287660324464235e-04
3.1841181335515439e-01 9.9252808607885943e-04
3.1940416672927363e-01 9.9217848084703778e-04
3.2039616995428771e-01 9.9182778793239232e-04
3.2138782194270588e-01 9.9147600771951148e-04
3.2237912160742266e-01 9.9112314059390176e-04
3.2337006786171862e-01 9.9076918694246765e-04
3.2436065961926186e-01 9.9041414715323188e-04
3.2535089579410909e-01 9.9005802161536666e-04
3.2634077530070676e-01 9.8970081071933199e-04
3.2733029705389238e-01 9.8934251485672544e-04
3.2831945996889572e-01 9.8898313442023224e-04
3.2930826296133975e-01 9.8862266980396206e-04
3.3029670494724223e-01 9.8826112140290687e-04
3.3128478484301638e-01 9.8789848961363812e-04
3.3227250156547267e-01 9.8753477483353065e-04
3.3325985403181957e-01 9.8716997746130849e-04
3.3424684115966480e-01 9.8680409789698173e-04
3.3523346186701669e-01 9.8643713654156945e-04
3.3621971507228521e-01 9.8606909379740822e-04
3.3720559969428326e-01 9.8569997006789085e-04
3.3819111465222768e-01 9.8532976575780012e-04
3.3917625886574071e-01 9.8495848127286528e-04
3.4016103125485098e-01 9.8458611702009259e-04
3.4114543073999459e-01 9.8421267340780623e-04
3.4212945624201668e-01 9.8383815084526478e-04
3.4311310668217215e-01 9.8346254974314841e-04
3.4409638098212719e-01 9.8308587051319286e-04
3.4507927806396038e-01 9.8270811356823088e-04
3.4606179685016364e-01 9.8232927932252138e-04
3.4704393626364377e-01 9.8194936819131161e-04
3.4802569522772342e-01 9.8156838059103324e-04
3.4900707266614223e-01 9.8118631693944539e-04
3.4998806750305828e-01 9.8080317765524374e-04
3.5096867866304882e-01 9.8041896315858722e-04
3.5194890507111187e-01 9.8003367387065475e-04
3.5292874565266730e-01 9.7964731021373290e-04
3.5390819933355777e-01 9.7925987261144004e-04
3.5488726504005019e-01 9.7887136148849330e-04
3.5586594169883673e-01 9.7848177727087268e-04
3.5684422823703621e-01 9.7809112038550576e-04
3.5782212358219484e-01 9.7769939126083781e-04
3.5879962666228798e-01 9.7730659032615672e-04
3.5977673640572083e-01 9.7691271801212038e-04
3.6075345174132989e-01 9.7651777475047253e-04
3.6172977159838388e-01 9.7612176097428471e-04
3.6270569490658516e-01 9.7572467711766649e-04
3.6368122059607094e-01 9.7532652361580739e-04
3.6465634759741411e-01 9.7492730090526305e-04
3.6563107484162471e-01 9.7452700942370931e-04
3.6660540126015101e-01 9.7412564960996451e-04
3.6757932578488073e-01 9.7372322190400333e-04
3.6855284734814214e-01 9.7331972674694219e-04
3.6952596488270523e-01 9.7291516458118980e-04
3.7049867732178293e-01 9.7250953585020490e-04
3.7147098359903230e-01 9.7210284099865762e-04
3.7244288264855557e-01 9.7169508047243976e-04
3.7341437340490147e-01 9.7128625471853524e-04
3.7438545480306629e-01 9.7087636418512668e-04
3.7535612577849514e-01 9.7046540932149694e-04
3.7632638526708295e-01 9.7005339057825238e-04
3.7729623220517583e-01 9.6964030840703929e-04
3.7826566552957214e-01 9.6922616326068449e-04
3.7923468417752365e-01 9.6881095559318842e-04
3.8020328708673673e-01 9.6839468585974630e-04
3.8117147319537348e-01 9.6797735451672063e-04
3.8213924144205297e-01 9.6755896202157350e-04
3.8310659076585230e-01 9.6713950883301999e-04
3.8407352010630791e-01 9.6671899541078579e-04
3.8504002840341650e-01 9.6629742221599098e-04
3.8600611459763651e-01 9.6587478971069650e-04
3.8697177762988899e-01 9.6545109835822530e-04
3.8793701644155892e-01 9.6502634862309351e-04
3.8890182997449635e-01 9.6460054097090406e-04
3.8986621717101749e-01 9.6417367586851656e-04
3.9083017697390610e-01 9.6374575378374116e-04
3.9179370832641419e-01 9.6331677518584442e-04
3.9275681017226366e-01 9.6288674054505956e-04
3.9371948145564728e-01 9.6245565033273198e-04
3.9468172112122968e-01 9.6202350502154943e-04
3.9564352811414882e-01 9.6159030508513826e-04
3.9660490138001681e-01 9.6115605099853039e-04
3.9756583986492133e-01 9.6072074323774476e-04
3.9852634251542673e-01 9.6028438227994213e-04
3.9948640827857512e-01 9.5984696860346109e-04
4.0044603610188750e-01 9.5940850268785253e-04
4.0140522493336495e-01 9.5896898501388267e-04
4.0236397372148991e-01 9.5852841606324163e-04
4.0332228141522708e-01 9.5808679631902941e-04
4.0428014696402492e-01 9.5764412626519134e-04
4.0523756931781629e-01 9.5720040638723827e-04
4.0619454742702021e-01 9.5675563717144679e-04
4.0715108024254254e-01 9.5630981910541709e-04
4.0810716671577735e-01 9.5586295267786707e-04
4.0906280579860793e-01 9.5541503837875659e-04
4.1001799644340814e-01 9.5496607669905728e-04
4.1097273760304343e-01 9.5451606813090487e-04
4.1192702823087185e-01 9.5406501316775891e-04
4.1288086728074558e-01 9.5361291230397613e-04
4.1383425370701166e-01 9.5315976603524020e-04
4.1478718646451346e-01 9.5270557485822968e-04
4.1573966450859157e-01 9.5225033927091678e-04
4.1669168679508511e-01 9.5179405977237634e-04
4.1764325228033283e-01 9.5133673686279452e-04
4.1859435992117427e-01 9.5087837104350153e-04
4.1954500867495093e-01 9.5041896281691264e-04
4.2049519749950715e-01 9.4995851268683861e-04
4.2144492535319178e-01 9.4949702115784251e-04
4.2239419119485877e-01 9.4903448873597700e-04
4.2334299398386865e-01 9.4857091592828865e-04
4.2429133268008962e-01 9.4810630324289368e-04
4.2523920624389855e-01 9.4764065118917271e-04
4.2618661363618227e-01 9.4717396027761431e-04
4.2713355381833862e-01 9.4670623101981977e-04
4.2808002575227766e-01 9.4623746392854982e-04
4.2902602840042275e-01 9.4576765951768496e-04
4.2997156072571169e-01 9.4529681830230275e-04
4.3091662169159800e-01 9.4482494079839202e-04
4.3186121026205171e-01 9.4435202752344389e-04
4.3280532540156086e-01 9.4387807899584425e-04
4.3374896607513252e-01 9.4340309573506548e-04
4.3469213124829376e-01 9.4292707826199127e-04
4.3563481988709307e-01 9.4245002709830434e-04
4.3657703095810130e-01 9.4197194276697646e-04
4.3751876342841273e-01 9.4149282579222620e-04
4.3846001626564646e-01 9.4101267669919784e-04
4.3940078843794733e-01 9.4053149601424106e-04
4.4034107891398705e-01 9.4004928426496116e-04
4.4128088666296550e-01 9.3956604197990834e-04
4.4222021065461170e-01 9.3908176968883050e-04
4.4315904985918497e-01 9.3859646792267075e-04
4.4409740324747615e-01 9.3811013721338120e-04
4.4503526979080860e-01 9.3762277809413279e-04
4.4597264846103940e-01 9.3713439109919020e-04
4.4690953823056045e-01 9.3664497676399199e-04
4.4784593807229967e-01 9.3615453562501713e-04
4.4878184695972201e-01 9.3566306821992677e-04
4.4971726386683064e-01 9.3517057508749285e-04
4.5065218776816807e-01 9.3467705676766866e-04
4.5158661763881730e-01 9.3418251380139226e-04
4.5252055245440292e-01 9.3368694673079096e-04
4.5345399119109214e-01 9.3319035609923840e-04
4.5438693282559606e-01 9.3269274245112840e-04
4.5531937633517078e-01 9.3219410633186737e-04
4.5625132069761842e-01 9.3169444828810689e-04
4.5718276489128828e-01 9.3119376886764812e-04
4.5811370789507799e-01 9.3069206861935304e-04
4.5904414868843457e-01 9.3018934809329940e-04
4.5997408625135577e-01 9.2968560784035745e-04
4.6090351956439074e-01 9.2918084841300407e-04
4.6183244760864162e-01 9.2867507036448313e-04
4.6276086936576433e-01 9.2816827424931471e-04
4.6368878381796996e-01 9.2766046062295251e-04
4.6461618994802562e-01 9.2715163004216685e-04
4.6554308673925565e-01 9.2664178306478356e-04
4.6646947317554283e-01 9.2613092024974235e-04
4.6739534824132939e-01 9.2561904215704232e-04
4.6832071092161820e-01 9.2510614934779344e-04
4.6924556020197372e-01 9.2459224238436292e-04
4.7016989506852341e-01 9.2407732182996733e-04
4.7109371450795845e-01 9.2356138824926145e-04
4.7201701750753522e-01 9.2304444220772577e-04
4.7293980305507610e-01 9.2252648427219917e-04
4.7386207013897097e-01 9.2200751501037188e-04
4.7478381774817791e-01 9.2148753499114928e-04
4.7570504487222437e-01 9.2096654478465777e-04
4.7662575050120864e-01 9.2044454496198014e-04
4.7754593362580056e-01 9.1992153609538236e-04
4.7846559323724275e-01 9.1939751875823588e-04
4.7938472832735179e-01 9.1887249352497885e-04
4.8030333788851931e-01 9.1834646097112619e-04
4.8122142091371295e-01 9.1781942167337932e-04
4.8213897639647757e-01 9.1729137620961292e-04
4.8305600333093651e-01 9.1676232515851719e-04
4.8397250071179237e-01 9.1623226910014831e-04
4.8488846753432829e-01 9.1570120861568191e-04
4.8580390279440916e-01 9.1516914428715586e-04
4.8671880548848251e-01 9.1463607669784017e-04
4.8763317461357963e-01 9.1410200643227038e-04
4.8854700916731691e-01 9.1356693407576735e-04
4.8946030814789659e-01 9.1303086021505783e-04
4.9037307055410823e-01 9.1249378543764245e-04
4.9128529538532945e-01 9.1195571033235933e-04
4.9219698164152720e-01 9.1141663548915844e-04
4.9310812832325895e-01 9.1087656149892724e-04
4.9401873443167360e-01 9.1033548895376015e-04
4.9492879896851272e-01 9.0979341844676074e-04
4.9583832093611147e-01 9.0925035057226914e-04
4.9674729933739997e-01 9.0870628592548664e-04
4.9765573317590406e-01 9.0816122510301337e-04
4.9856362145574667e-01 9.0761516870225926e-04
4.9947096318164880e-01 9.0706811732186958e-04
5.0037775735893053e-01 9.0652007156158930e-04
5.0128400299351228e-01 9.0597103202219326e-04
5.0218969909191580e-01 9.0542099930552276e-04
5.0309484466126531e-01 9.0486997401447897e-04
5.0399943870928832e-01 9.0431795675341019e-04
5.0490348024431730e-01 9.0376494812717360e-04
5.0580696827529004e-01 9.0321094874242207e-04
5.0670990181175157e-01 9.0265595920593867e-04
5.0761227986385438e-01 9.0209998012647386e-04
5.0851410144236009e-01 9.0154301211347048e-04
5.0941536555864042e-01 9.0098505577733781e-04
5.1031607122467793e-01 9.0042611173012869e-04
5.1121621745306778e-01 8.9986618058420713e-04
5.1211580325701822e-01 8.9930526295340046e-04
5.1301482765035167e-01 8.9874335945301957e-04
5.1391328964750638e-01 8.9818047069869459e-04
5.1481118826353689e-01 8.9761659730760307e-04
5.1570852251411547e-01 8.9705173989779847e-04
5.1660529141553291e-01 8.9648589908874175e-04
5.1750149398470002e-01 8.9591907550043361e-04
5.1839712923914816e-01 8.9535126975459113e-04
5.1929219619703093e-01 8.9478248247332377e-04
5.2018669387712457e-01 8.9421271428058468e-04
5.2108062129882982e-01 8.9364196580054417e-04
5.2197397748217211e-01 8.9307023765931805e-04
5.2286676144780353e-01 8.9249753048328926e-04
5.2375897221700318e-01 8.9192384490043811e-04
5.2465060881167858e-01 8.9134918153978087e-04
5.2554167025436682e-01 8.9077354103105370e-04
5.2643215556823530e-01 8.9019692400554796e-04
5.2732206377708324e-01 8.8961933109530495e-04
5.2821139390534222e-01 8.8904076293345471e-04
5.2910014497807789e-01 8.8846122015427578e-04
5.2998831602099039e-01 8.8788070339325257e-04
5.3087590606041601e-01 8.8729921328645277e-04
5.3176291412332766e-01 8.8671675047168551e-04
5.3264933923733648e-01 8.8613331558725467e-04
5.3353518043069248e-01 8.8554890927301636e-04
5.3442043673228612e-01 8.8496353216921972e-04
5.3530510717164870e-01 8.8437718491782313e-04
5.3618919077895388e-01 8.8378986816170220e-04
5.3707268658501872e-01 8.8320158254463321e-04
5.3795559362130463e-01 8.8261232871149570e-04
5.3883791091991851e-01 8.8202210730812115e-04
5.3971963751361351e-01 8.8143091898191086e-04
5.4060077243579074e-01 8.8083876438061002e-04
5.4148131472049965e-01 8.8024564415350526e-04
5.4236126340243940e-01 8.7965155895093161e-04
5.4324061751696007e-01 8.7905650942388602e-04
5.4411937610006333e-01 8.7846049622485999e-04
5.4499753818840380e-01 8.7786352000726424e-04
5.4587510281928997e-01 8.7726558142554119e-04
5.4675206903068541e-01 8.7666668113507956e-04
5.4762843586120957e-01 8.7606681979249376e-04
5.4850420235013908e-01 8.7546599805534136e-04
5.4937936753740857e-01 8.7486421658242988e-04
5.5025393046361204e-01 8.7426147603325555e-04
5.5112789017000352e-01 8.7365777706878574e-04
5.5200124569849851e-01 8.7305312035064172e-04
5.5287399609167476e-01 8.7244750654169709e-04
5.5374614039277326e-01 8.7184093630613129e-04
5.5461767764569980e-01 8.7123341030841117e-04
5.5548860689502522e-01 8.7062492921503550e-04
5.5635892718598712e-01 8.7001549369294506e-04
5.5722863756449081e-01 8.6940510440989313e-04
5.5809773707710997e-01 8.6879376203527047e-04
5.5896622477108793e-01 8.6818146723942411e-04
5.5983409969433895e-01 8.6756822069337187e-04
5.6070136089544886e-01 8.6695402306952976e-04
5.6156800742367652e-01 8.6633887504089621e-04
5.6243403832895422e-01 8.6572277728231314e-04
5.6329945266188963e-01 8.6510573046868187e-04
5.6416424947376587e-01 8.6448773527691199e-04
5.6502842781654339e-01 8.6386879238414132e-04
5.6589198674286034e-01 8.6324890246923438e-04
5.6675492530603422e-01 8.6262806621142994e-04
5.6761724256006241e-01 8.6200628429137084e-04
5.6847893755962342e-01 8.6138355739077868e-04
5.6934000936007800e-01 8.6075988619214896e-04
5.7020045701746991e-01 8.6013527137947384e-04
5.7106027958852734e-01 8.5950971363724668e-04
5.7191947613066352e-01 8.5888321365149413e-04
5.7277804570197821e-01 8.5825577210878808e-04
5.7363598736125831e-01 8.5762738969706620e-04
5.7449330016797917e-01 8.5699806710513209e-04
5.7534998318230546e-01 8.5636780502293798e-04
5.7620603546509219e-01 8.5573660414160302e-04
5.7706145607788617e-01 8.5510446515255783e-04
5.7791624408292619e-01 8.5447138874931658e-04
5.7877039854314483e-01 8.5383737562575780e-04
5.7962391852216921e-01 8.5320242647677670e-04
5.8047680308432192e-01 8.5256654199849255e-04
5.8132905129462220e-01 8.5192972288789795e-04
5.8218066221878673e-01 8.5129196984339397e-04
5.8303163492323096e-01 8.5065328356400706e-04
5.8388196847507001e-01 8.5001366474983812e-04
5.8473166194211967e-01 8.4937311410200091e-04
5.8558071439289727e-01 8.4873163232297277e-04
5.8642912489662313e-01 8.4808922011576861e-04
5.8727689252322102e-01 8.4744587818458002e-04
5.8812401634331968e-01 8.4680160723489583e-04
5.8897049542825353e-01 8.4615640797290398e-04
5.8981632885006385e-01 8.4551028110582389e-04
5.9066151568149972e-01 8.4486322734198688e-04
5.9150605499601894e-01 8.4421524739081676e-04
5.9234994586778922e-01 8.4356634196277713e-04
5.9319318737168925e-01 8.4291651176899034e-04
5.9403577858330947e-01 8.4226575752185679e-04
5.9487771857895322e-01 8.4161407993483357e-04
5.9571900643563769e-01 8.4096147972246031e-04
5.9655964123109506e-01 8.4030795760008234e-04
5.9739962204377350e-01 8.3965351428396263e-04
5.9823894795283794e-01 8.3899815049174220e-04
5.9907761803817139e-01 8.3834186694174305e-04
5.9991563138037562e-01 8.3768466435375419e-04
6.0075298706077285e-01 8.3702654344744020e-04
6.0158968416140557e-01 8.3636750494507238e-04
6.0242572176503872e-01 8.3570754956881373e-04
6.0326109895516000e-01 8.3504667804238481e-04
6.0409581481598140e-01 8.3438489108973789e-04
6.0492986843243957e-01 8.3372218943665794e-04
6.0576325889019711e-01 8.3305857380993069e-04
6.0659598527564396e-01 8.3239404493662666e-04
6.0742804667589778e-01 8.3172860354538587e-04
6.0825944217880534e-01 8.3106225036565413e-04
6.0909017087294326e-01 8.3039498612815052e-04
6.0992023184761945e-01 8.2972681156390910e-04
6.1074962419287337e-01 8.2905772740603429e-04
6.1157834699947800e-01 8.2838773438737143e-04
6.1240639935893981e-01 8.2771683324287079e-04
6.1323378036350051e-01 8.2704502470796820e-04
6.1406048910613786e-01 8.2637230951885805e-04
6.1488652468056637e-01 8.2569868841327586e-04
6.1571188618123862e-01 8.2502416212968321e-04
6.1653657270334628e-01 8.2434873140724166e-04
6.1736058334282073e-01 8.2367239698665623e-04
6.1818391719633436e-01 8.2299515960949975e-04
6.1900657336130172e-01 8.2231702001777057e-04
6.1982855093587996e-01 8.2163797895514032e-04
6.2064984901897025e-01 8.2095803716617280e-04
6.2147046671021877e-01 8.2027719539597512e-04
6.2229040311001749e-01 8.1959545439101321e-04
6.2310965731950518e-01 8.1891281489877951e-04
6.2392822844056872e-01 8.1822927766723931e-04
6.2474611557584347e-01 8.1754484344615235e-04
6.2556331782871488e-01 8.1685951298568753e-04
6.2637983430331912e-01 8.1617328703713723e-04
6.2719566410454408e-01 8.1548616635293916e-04
6.2801080633803075e-01 8.1479815168577715e-04
6.2882526011017326e-01 8.1410924379077515e-04
6.2963902452812115e-01 8.1341944342230843e-04
6.3045209869977914e-01 8.1272875133714926e-04
6.3126448173380900e-01 8.1203716829207672e-04
6.3207617273962979e-01 8.1134469504578295e-04
6.3288717082741974e-01 8.1065133235665155e-04
6.3369747510811614e-01 8.0995708098540093e-04
6.3450708469341710e-01 8.0926194169313951e-04
6.3531599869578259e-01 8.0856591524123308e-04
6.3612421622843451e-01 8.0786900239353276e-04
6.3693173640535883e-01 8.0717120391351278e-04
6.3773855834130577e-01 8.0647252056604787e-04
6.3854468115179086e-01 8.0577295311753418e-04
6.3935010395309622e-01 8.0507250233478899e-04
6.4015482586227146e-01 8.0437116898531458e-04
6.4095884599713437e-01 8.0366895383816102e-04
6.4176216347627202e-01 8.0296585766339136e-04
6.4256477741904205e-01 8.0226188123124203e-04
6.4336668694557297e-01 8.0155702531407836e-04
6.4416789117676587e-01 8.0085129068416261e-04
6.4496838923429489e-01 8.0014467811513612e-04
6.4576818024060822e-01 7.9943718838181531e-04
6.4656726331892922e-01 7.9872882225988048e-04
6.4736563759325738e-01 7.9801958052575319e-04
6.4816330218836926e-01 7.9730946395678050e-04
6.4896025622981923e-01 7.9659847333167098e-04
6.4975649884394071e-01 7.9588660942991613e-04
6.5055202915784704e-01 7.9517387303181214e-04
6.5134684629943251e-01 7.9446026491851983e-04
6.5214094939737310e-01 7.9374578587238908e-04
6.5293433758112762e-01 7.9303043667665438e-04
6.5372700998093847e-01 7.9231421811583704e-04
6.5451896572783286e-01 7.9159713097507150e-04
6.5531020395362383e-01 7.9087917603993553e-04
6.5610072379091067e-01 7.9016035409786955e-04
6.5689052437308026e-01 7.8944066593712378e-04
6.5767960483430821e-01 7.8872011234626556e-04
6.5846796430955945e-01 7.8799869411506408e-04
6.5925560193458899e-01 7.8727641203516126e-04
6.6004251684594373e-01 7.8655326689753776e-04
6.6082870818096251e-01 7.8582925949509993e-04
6.6161417507777731e-01 7.8510439062193097e-04
6.6239891667531448e-01 7.8437866107253934e-04
6.6318293211329549e-01 7.8365207164228263e-04
6.6396622053223775e-01 7.8292462312783302e-04
6.6474878107345570e-01 7.8219631632676315e-04
6.6553061287906179e-01 7.8146715203729670e-04
6.6631171509196729e-01 7.8073713105885148e-04
6.6709208685588328e-01 7.8000625419179671e-04
6.6787172731532174e-01 7.7927452223704164e-04
6.6865063561559601e-01 7.7854193599736945e-04
6.6942881090282247e-01 7.7780849627535952e-04
6.7020625232392084e-01 7.7707420387520285e-04
6.7098295902661531e-01 7.7633905960208544e-04
6.7175893015943577e-01 7.7560306426145231e-04
6.7253416487171824e-01 7.7486621866032859e-04
6.7330866231360598e-01 7.7412852360685938e-04
6.7408242163605081e-01 7.7338997990921343e-04
6.7485544199081338e-01 7.7265058837748188e-04
6.7562772253046466e-01 7.7191034982199212e-04
6.7639926240838666e-01 7.7116926505402218e-04
6.7717006077877306e-01 7.7042733488655020e-04
6.7794011679663080e-01 7.6968456013232244e-04
6.7870942961778047e-01 7.6894094160599030e-04
6.7947799839885725e-01 7.6819648012263985e-04
6.8024582229731223e-01 7.6745117649827871e-04
6.8101290047141283e-01 7.6670503155026762e-04
6.8177923208024427e-01 7.6595804609612265e-04
6.8254481628370989e-01 7.6521022095515456e-04
6.8330965224253259e-01 7.6446155694697402e-04
6.8407373911825542e-01 7.6371205489251636e-04
6.8483707607324273e-01 7.6296171561315049e-04
6.8559966227068092e-01 7.6221053993153452e-04
6.8636149687457948e-01 7.6145852867088388e-04
6.8712257904977159e-01 7.6070568265614968e-04
6.8788290796191554e-01 7.5995200271241812e-04
6.8864248277749540e-01 7.5919748966562627e-04
6.8940130266382171e-01 7.5844214434333786e-04
6.9015936678903289e-01 7.5768596757317026e-04
6.9091667432209558e-01 7.5692896018443969e-04
6.9167322443280599e-01 7.5617112300699145e-04
6.9242901629179066e-01 7.5541245687154993e-04
6.9318404907050735e-01 7.5465296260982526e-04
6.9393832194124594e-01 7.5389264105448265e-04
6.9469183407712953e-01 7.5313149303862716e-04
6.9544458465211489e-01 7.5236951939715844e-04
6.9619657284099390e-01 7.5160672096513106e-04
6.9694779781939409e-01 7.5084309857886226e-04
6.9769825876377967e-01 7.5007865307553175e-04
6.9844795485145250e-01 7.4931338529304295e-04
6.9919688526055279e-01 7.4854729607061162e-04
6.9994504917006040e-01 7.4778038624750509e-04
7.0069244575979506e-01 7.4701265666511532e-04
7.0143907421041807e-01 7.4624410816457362e-04
7.0218493370343260e-01 7.4547474158855292e-04
7.0293002342118482e-01 7.4470455778051763e-04
7.0367434254686478e-01 7.4393355758486468e-04
7.0441789026450730e-01 7.4316174184682442e-04
7.0516066575899294e-01 7.4238911141223001e-04
7.0590266821604875e-01 7.4161566712814899e-04
7.0664389682224904e-01 7.4084140984295764e-04
7.0738435076501693e-01 7.4006634040461015e-04
7.0812402923262419e-01 7.3929045966367689e-04
7.0886293141419321e-01 7.3851376847005234e-04
7.0960105649969718e-01 7.3773626767520146e-04
7.1033840367996104e-01 7.3695795813197068e-04
7.1107497214666271e-01 7.3617884069339769e-04
7.1181076109233388e-01 7.3539891621316291e-04
7.1254576971036043e-01 7.3461818554690405e-04
7.1327999719498414e-01 7.3383664954981137e-04
7.1401344274130263e-01 7.3305430907935685e-04
7.1474610554527107e-01 7.3227116499289505e-04
7.1547798480370262e-01 7.3148721814893453e-04
7.1620907971426950e-01 7.3070246940651990e-04
7.1693938947550351e-01 7.2991691962655584e-04
7.1766891328679738e-01 7.2913056967000131e-04
7.1839765034840541e-01 7.2834342039896597e-04
7.1912559986144453e-01 7.2755547267587051e-04
7.1985276102789464e-01 7.2676672736521418e-04
7.2057913305060028e-01 7.2597718533110218e-04
7.2130471513327088e-01 7.2518684743925024e-04
7.2202950648048181e-01 7.2439571455626330e-04
7.2275350629767543e-01 7.2360378754923857e-04
7.2347671379116174e-01 7.2281106728638422e-04
7.2419912816811938e-01 7.2201755463660198e-04
7.2492074863659628e-01 7.2122325047021987e-04
7.2564157440551103e-01 7.2042815565741215e-04
7.2636160468465305e-01 7.1963227107026552e-04
7.2708083868468409e-01 7.1883559758103481e-04
7.2779927561713875e-01 7.1803813606295490e-04
7.2851691469442537e-01 7.1723988739037954e-04
7.2923375512982680e-01 7.1644085243889502e-04
7.2994979613750188e-01 7.1564103208350072e-04
7.3066503693248530e-01 7.1484042720177017e-04
7.3137947673068926e-01 7.1403903867120716e-04
7.3209311474890415e-01 7.1323686736988069e-04
7.3280595020479899e-01 7.1243391417782789e-04
7.3351798231692289e-01 7.1163017997503389e-04
7.3422921030470567e-01 7.1082566564213451e-04
7.3493963338845836e-01 7.1002037206180618e-04
7.3564925078937460e-01 7.0921430011668249e-04
7.3635806172953133e-01 7.0840745069012333e-04
7.3706606543188946e-01 7.0759982466670520e-04
7.3777326112029473e-01 7.0679142293227169e-04
7.3847964801947896e-01 7.0598224637245625e-04
7.3918522535506037e-01 7.0517229587463881e-04
7.3988999235354480e-01 7.0436157232657494e-04
7.4059394824232638e-01 7.0355007661698668e-04
7.4129709224968843e-01 7.0273780963552783e-04
7.4199942360480420e-01 7.0192477227291959e-04
7.4270094153773791e-01 7.0111096542049291e-04
7.4340164527944574e-01 7.0029638996958429e-04
7.4410153406177593e-01 6.9948104681411092e-04
7.4480060711747043e-01 6.9866493684750917e-04
7.4549886368016560e-01 6.9784806096433183e-04
7.4619630298439243e-01 6.9703042006040666e-04
7.4689292426557830e-01 6.9621201503156224e-04
7.4758872676004695e-01 6.9539284677558376e-04
7.4828370970502001e-01 6.9457291619018965e-04
7.4897787233861746e-01 6.9375222417419435e-04
7.4967121389985847e-01 6.9293077162749218e-04
7.5036373362866249e-01 6.9210855945029954e-04
7.5105543076584969e-01 6.9128558854441224e-04
7.5174630455314229e-01 6.9046185981136736e-04
7.5243635423316479e-01 6.8963737415480598e-04
7.5312557904944533e-01 6.8881213247827858e-04
7.5381397824641638e-01 6.8798613568654514e-04
7.5450155106941530e-01 6.8715938468494754e-04
7.5518829676468546e-01 6.8633188037994645e-04
7.5587421457937687e-01 6.8550362367910994e-04
7.5655930376154745e-01 6.8467461548950249e-04
7.5724356356016309e-01 6.8384485672069967e-04
7.5792699322509915e-01 6.8301434828202238e-04
7.5860959200714095e-01 6.8218309108403154e-04
7.5929135915798474e-01 6.8135108603779003e-04
7.5997229393023824e-01 6.8051833405591690e-04
7.6065239557742204e-01 6.7968483605062473e-04
7.6133166335396973e-01 6.7885059293595657e-04
7.6201009651522911e-01 6.7801560562669627e-04
7.6268769431746308e-01 6.7717987503770481e-04
7.6336445601785008e-01 6.7634340208564097e-04
7.6404038087448534e-01 6.7550618768715388e-04
7.6471546814638136e-01 6.7466823276009257e-04
7.6538971709346892e-01 6.7382953822301469e-04
7.6606312697659762e-01 6.7299010499598548e-04
7.6673569705753730e-01 6.7214993399824716e-04
7.6740742659897798e-01 6.7130902615166875e-04
7.6807831486453149e-01 6.7046738237753643e-04
7.6874836111873168e-01 6.6962500359878032e-04
7.6941756462703559e-01 6.6878189073878039e-04
7.7008592465582404e-01 6.6793804472189229e-04
7.7075344047240257e-01 6.6709346647316858e-04
7.7142011134500210e-01 6.6624815691884037e-04
7.7208593654278013e-01 6.6540211698474475e-04
7.7275091533582085e-01 6.6455534759896106e-04
7.7341504699513663e-01 6.6370784968929433e-04
7.7407833079266819e-01 6.6285962418556718e-04
7.7474076600128605e-01 6.6201067201711046e-04
7.7540235189479090e-01 6.6116099411450094e-04
7.7606308774791433e-01 6.6031059140970289e-04
7.7672297283632008e-01 6.5945946483439086e-04
7.7738200643660427e-01 6.5860761532212666e-04
7.7804018782629669e-01 6.5775504380636727e-04
7.7869751628386119e-01 6.5690175122210177e-04
7.7935399108869674e-01 6.5604773850480060e-04
7.8000961152113824e-01 6.5519300659022922e-04
7.8066437686245704e-01 6.5433755641557568e-04
7.8131828639486200e-01 6.5348138891850301e-04
7.8197133940149999e-01 6.5262450503803166e-04
7.8262353516645700e-01 6.5176690571340620e-04
7.8327487297475884e-01 6.5090859188442652e-04
7.8392535211237169e-01 6.5004956449242045e-04
7.8457497186620317e-01 6.4918982447885931e-04
7.8522373152410307e-01 6.4832937278597766e-04
7.8587163037486374e-01 6.4746821035788335e-04
7.8651866770822165e-01 6.4660633813775768e-04
7.8716484281485732e-01 6.4574375707108296e-04
7.8781015498639684e-01 6.4488046810283006e-04
7.8845460351541186e-01 6.4401647218033939e-04
7.8909818769542139e-01 6.4315177024949332e-04
7.8974090682089138e-01 6.4228636325943951e-04
7.9038276018723652e-01 6.4142025215822591e-04
7.9102374709082046e-01 6.4055343789543875e-04
7.9166386682895673e-01 6.3968592142124125e-04
7.9230311869990944e-01 6.3881770368681842e-04
7.9294150200289415e-01 6.3794878564393364e-04
7.9357901603807868e-01 6.3707916824485417e-04
7.9421566010658351e-01 6.3620885244357729e-04
7.9485143351048315e-01 6.3533783919378860e-04
7.9548633555280646e-01 6.3446612945027643e-04
7.9612036553753751e-01 6.3359372416866070e-04
7.9675352276961642e-01 6.3272062430530236e-04
7.9738580655493996e-01 6.3184683081762773e-04
7.9801721620036259e-01 6.3097234466313922e-04
7.9864775101369689e-01 6.3009716680085875e-04
7.9927741030371469e-01 6.2922129818964898e-04
7.9990619338014723e-01 6.2834473979065644e-04
8.0053409955368682e-01 6.2746749256386853e-04
8.0116112813598661e-01 6.2658955747175191e-04
8.0178727843966224e-01 6.2571093547587658e-04
8.0241254977829179e-01 6.2483162754015012e-04
8.0303694146641713e-01 6.2395163462829629e-04
8.0366045281954446e-01 6.2307095770475056e-04
8.0428308315414487e-01 6.2218959773544902e-04
8.0490483178765548e-01 6.2130755568628429e-04
8.0552569803847984e-01 6.2042483252446089e-04
8.0614568122598906e-01 6.1954142921684396e-04
8.0676478067052182e-01 6.1865734673323858e-04
8.0738299569338623e-01 6.1777258604146193e-04
8.0800032561685942e-01 6.1688714811239571e-04
8.0861676976418906e-01 6.1600103391665478e-04
8.0923232745959395e-01 6.1511424442516006e-04
8.0984699802826454e-01 6.1422678061011263e-04
8.1046078079636386e-01 6.1333864344428326e-04
8.1107367509102790e-01 6.1244983390230424e-04
8.1168568024036725e-01 6.1156035295710585e-04
8.1229679557346657e-01 6.1067020158510072e-04
8.1290702042038654e-01 6.0977938076108333e-04
8.1351635411216372e-01 6.0888789146201273e-04
8.1412479598081156e-01 6.0799573466569184e-04
8.1473234535932149e-01 6.0710291134936413e-04
8.1533900158166306e-01 6.0620942249219002e-04
8.1594476398278515e-01 6.0531526907320050e-04
8.1654963189861618e-01 6.0442045207351289e-04
8.1715360466606557e-01 6.0352497247325202e-04
8.1775668162302362e-01 6.0262883125502924e-04
8.1835886210836317e-01 6.0173202940003016e-04
8.1896014546193940e-01 6.0083456789207274e-04
8.1956053102459114e-01 5.9993644771497699e-04
8.2016001813814143e-01 5.9903766985322504e-04
8.2075860614539820e-01 5.9813823529227125e-04
8.2135629439015512e-01 5.9723814501778699e-04
8.2195308221719210e-01 5.9633740001686095e-04
8.2254896897227625e-01 5.9543600127679071e-04
8.2314395400216245e-01 5.9453394978571487e-04
8.2373803665459400e-01 5.9363124653292998e-04
8.2433121627830375e-01 5.9272789250712585e-04
8.2492349222301420e-01 5.9182388869895232e-04
8.2551486383943851e-01 5.9091923609994187e-04
8.2610533047928136e-01 5.9001393570146945e-04
8.2669489149523945e-01 5.8910798849622179e-04
8.2728354624100242e-01 5.8820139547666943e-04
8.2787129407125315e-01 5.8729415763730905e-04
8.2845813434166893e-01 5.8638627597248395e-04
8.2904406640892181e-01 5.8547775147789602e-04
8.2962908963067972e-01 5.8456858514883644e-04
8.3021320336560678e-01 5.8365877798187773e-04
8.3079640697336388e-01 5.8274833097556305e-04
8.3137869981461021e-01 5.8183724512645362e-04
8.3196008125100285e-01 5.8092552143441186e-04
8.3254055064519827e-01 5.8001316089868694e-04
8.3312010736085274e-01 5.7910016451961292e-04
8.3369875076262312e-01 5.7818653329759701e-04
8.3427648021616740e-01 5.7727226823448496e-04
8.3485329508814554e-01 5.7635737033228144e-04
8.3542919474622013e-01 5.7544184059456617e-04
8.3600417855905707e-01 5.7452568002408055e-04
8.3657824589632612e-01 5.7360888962596792e-04
8.3715139612870182e-01 5.7269147040547527e-04
8.3772362862786431e-01 5.7177342336739195e-04
8.3829494276649952e-01 5.7085474951864147e-04
8.3886533791830020e-01 5.6993544986641000e-04
8.3943481345796667e-01 5.6901552541814419e-04
8.4000336876120729e-01 5.6809497718220494e-04
8.4057100320473910e-01 5.6717380616858558e-04
8.4113771616628885e-01 5.6625201338656383e-04
8.4170350702459340e-01 5.6532959984680975e-04
8.4226837515940045e-01 5.6440656656055242e-04
8.4283231995146934e-01 5.6348291453929089e-04
8.4339534078257150e-01 5.6255864479588824e-04
8.4395743703549131e-01 5.6163375834355144e-04
8.4451860809402679e-01 5.6070825619586328e-04
8.4507885334299004e-01 5.5978213936797310e-04
8.4563817216820825e-01 5.5885540887492537e-04
8.4619656395652409e-01 5.5792806573281434e-04
8.4675402809579658e-01 5.5700011095831522e-04
8.4731056397490179e-01 5.5607154556805720e-04
8.4786617098373318e-01 5.5514237058036816e-04
8.4842084851320265e-01 5.5421258701364505e-04
8.4897459595524083e-01 5.5328219588791959e-04
8.4952741270279830e-01 5.5235119822224089e-04
8.5007929814984562e-01 5.5141959503782006e-04
8.5063025169137452e-01 5.5048738735547973e-04
8.5118027272339813e-01 5.4955457619755121e-04
8.5172936064295202e-01 5.4862116258648313e-04
8.5227751484809455e-01 5.4768714754575289e-04
8.5282473473790787e-01 5.4675253209875922e-04
8.5337101971249818e-01 5.4581731727045468e-04
8.5391636917299674e-01 5.4488150408566740e-04
8.5446078252156010e-01 5.4394509357127052e-04
8.5500425916137146e-01 5.4300808675272229e-04
8.5554679849664050e-01 5.4207048465794525e-04
8.5608839993260466e-01 5.4113228831452627e-04
8.5662906287552953e-01 5.4019349875064127e-04
8.5716878673270935e-01 5.3925411699622062e-04
8.5770757091246819e-01 5.3831414407997736e-04
8.5824541482415972e-01 5.3737358103392286e-04
8.5878231787816905e-01 5.3643242888738404e-04
8.5931827948591211e-01 5.3549068867348262e-04
8.5985329905983732e-01 5.3454836142360635e-04
8.6038737601342552e-01 5.3360544817139337e-04
8.6092050976119106e-01 5.3266194995047313e-04
8.6145269971868221e-01 5.3171786779522806e-04
8.6198394530248201e-01 5.3077320274027250e-04
8.6251424593020853e-01 5.2982795582190759e-04
8.6304360102051614e-01 5.2888212807524555e-04
8.6357200999309536e-01 5.2793572053798777e-04
8.6409947226867412e-01 5.2698873424734103e-04
8.6462598726901818e-01 5.2604117024121228e-04
8.6515155441693159e-01 5.2509302955896381e-04
8.6567617313625755e-01 5.2414431324021256e-04
8.6619984285187923e-01 5.2319502232403136e-04
8.6672256298971984e-01 5.2224515785161260e-04
8.6724433297674375e-01 5.2129472086392861e-04
8.6776515224095674e-01 5.2034371240363233e-04
8.6828502021140708e-01 5.1939213351261397e-04
8.6880393631818575e-01 5.1843998523424498e-04
8.6932189999242726e-01 5.1748726861234196e-04
8.6983891066631025e-01 5.1653398469107673e-04
8.7035496777305799e-01 5.1558013451603662e-04
8.7087007074693923e-01 5.1462571913246083e-04
8.7138421902326868e-01 5.1367073958655002e-04
8.7189741203840754e-01 5.1271519692557401e-04
8.7240964922976427e-01 5.1175909219715440e-04
8.7292093003579529e-01 5.1080242644882924e-04
8.7343125389600529e-01 5.0984520072976797e-04
8.7394062025094810e-01 5.0888741608917762e-04
8.7444902854222717e-01 5.0792907357723779e-04
8.7495647821249622e-01 5.0697017424480384e-04
8.7546296870546003e-01 5.0601071914252124e-04
8.7596849946587485e-01 5.0505070932164130e-04
8.7647306993954877e-01 5.0409014583576502e-04
8.7697667957334280e-01 5.0312902973776526e-04
8.7747932781517135e-01 5.0216736208095125e-04
8.7798101411400276e-01 5.0120514391910256e-04
8.7848173791985973e-01 5.0024237630756771e-04
8.7898149868382014e-01 4.9927906030222159e-04
8.7948029585801779e-01 4.9831519695839777e-04
8.7997812889564275e-01 4.9735078733251920e-04
8.8047499725094180e-01 4.9638583248289914e-04
8.8097090037921966e-01 4.9542033346615117e-04
8.8146583773683873e-01 4.9445429134206014e-04
8.8195980878122060e-01 4.9348770716847832e-04
8.8245281297084588e-01 4.9252058200557089e-04
8.8294484976525522e-01 4.9155291691341425e-04
8.8343591862504978e-01 4.9058471295277599e-04
8.8392601901189172e-01 4.8961597118543567e-04
8.8441515038850516e-01 4.8864669267242693e-04
8.8490331221867613e-01 4.8767687847735557e-04
8.8539050396725383e-01 4.8670652966293097e-04
8.8587672510015070e-01 4.8573564729354526e-04
8.8636197508434356e-01 4.8476423243220526e-04
8.8684625338787337e-01 4.8379228614507853e-04
8.8732955947984682e-01 4.8281980949731412e-04
8.8781189283043604e-01 4.8184680355443796e-04
8.8829325291087968e-01 4.8087326938339833e-04
8.8877363919348318e-01 4.7989920805207198e-04
8.8925305115161968e-01 4.7892462062774796e-04
8.8973148825973059e-01 4.7794950817855645e-04
8.9020894999332556e-01 4.7697387177392117e-04
8.9068543582898374e-01 4.7599771248385200e-04
8.9116094524435430e-01 4.7502103137728473e-04
8.9163547771815654e-01 4.7404382952557171e-04
8.9210903273018083e-01 4.7306610800003102e-04
8.9258160976128909e-01 4.7208786787250948e-04
8.9305320829341550e-01 4.7110911021452283e-04
8.9352382780956652e-01 4.7012983610081137e-04
8.9399346779382238e-01 4.6915004660334016e-04
8.9446212773133682e-01 4.6816974279663783e-04
8.9492980710833792e-01 4.6718892575607428e-04
8.9539650541212901e-01 4.6620759655554216e-04
8.9586222213108846e-01 4.6522575627259716e-04
8.9632695675467133e-01 4.6424340598136970e-04
8.9679070877340861e-01 4.6326054676106850e-04
8.9725347767890906e-01 4.6227717968759578e-04
8.9771526296385884e-01 4.6129330583976778e-04
8.9817606412202267e-01 4.6030892629517721e-04
8.9863588064824385e-01 4.5932404213383765e-04
8.9909471203844515e-01 4.5833865443577508e-04
8.9955255778962950e-01 4.5735276428054885e-04
9.0000941739988027e-01 4.5636637274852729e-04
9.0046529036836176e-01 4.5537948092162962e-04
9.0092017619531983e-01 4.5439208988250017e-04
9.0137407438208283e-01 4.5340420071241308e-04
9.0182698443106157e-01 4.5241581449461564e-04
9.0227890584575021e-01 4.5142693231243320e-04
9.0272983813072660e-01 4.5043755525019888e-04
9.0317978079165295e-01 4.4944768439296478e-04
9.0362873333527638e-01 4.4845732082586791e-04
9.0407669526942958e-01 4.4746646563381941e-04
9.0452366610303103e-01 4.4647511990322444e-04
9.0496964534608570e-01 4.4548328472127573e-04
9.0541463250968568e-01 4.4449096117513760e-04
9.0585862710601062e-01 4.4349815035246758e-04
9.0630162864832819e-01 4.4250485334210388e-04
9.0674363665099489e-01 4.4151107123235200e-04
9.0718465062945619e-01 4.4051680511310434e-04
9.0762467010024750e-01 4.3952205607346079e-04
9.0806369458099412e-01 4.3852682520528058e-04
9.0850172359041237e-01 4.3753111359924829e-04
9.0893875664830992e-01 4.3653492234614459e-04
9.0937479327558612e-01 4.3553825253825459e-04
9.0980983299423268e-01 4.3454110526840476e-04
9.1024387532733408e-01 4.3354348163039327e-04
9.1067691979906851e-01 4.3254538271652259e-04
9.1110896593470769e-01 4.3154680962205065e-04
9.1154001326061795e-01 4.3054776344179653e-04
9.1197006130426073e-01 4.2954824526991709e-04
9.1239910959419268e-01 4.2854825620263442e-04
9.1282715766006650e-01 4.2754779733667782e-04
9.1325420503263155e-01 4.2654686976793560e-04
9.1368025124373398e-01 4.2554547459440668e-04
9.1410529582631761e-01 4.2454361291367483e-04
9.1452933831442440e-01 4.2354128582313024e-04
9.1495237824319453e-01 4.2253849442308437e-04
9.1537441514886753e-01 4.2153523981228115e-04
9.1579544856878237e-01 4.2053152309084113e-04
9.1621547804137837e-01 4.1952734535747504e-04
9.1663450310619488e-01 4.1852270771555229e-04
9.1705252330387299e-01 4.1751761126398426e-04
9.1746953817615484e-01 4.1651205710628673e-04
9.1788554726588489e-01 4.1550604634483108e-04
9.1830055011701039e-01 4.1449958008104085e-04
9.1871454627458127e-01 4.1349265941990475e-04
9.1912753528475144e-01 4.1248528546400137e-04
9.1953951669477874e-01 4.1147745931776919e-04
9.1995049005302543e-01 4.1046918208717905e-04
9.2036045490895924e-01 4.0946045487604764e-04
9.2076941081315311e-01 4.0845127879122052e-04
9.2117735731728623e-01 4.0744165493893265e-04
9.2158429397414432e-01 4.0643158442592352e-04
9.2199022033762024e-01 4.0542106835887351e-04
9.2239513596271416e-01 4.0441010784666390e-04
9.2279904040553451e-01 4.0339870399701234e-04
9.2320193322329824e-01 4.0238685791789576e-04
9.2360381397433100e-01 4.0137457072024702e-04
9.2400468221806831e-01 4.0036184351251403e-04
9.2440453751505547e-01 3.9934867740496963e-04
9.2480337942694824e-01 3.9833507350840849e-04
9.2520120751651325e-01 3.9732103293444463e-04
9.2559802134762859e-01 3.9630655679495549e-04
9.2599382048528445e-01 3.9529164620053946e-04
9.2638860449558291e-01 3.9427630226587188e-04
9.2678237294573940e-01 3.9326052610243238e-04
9.2717512540408242e-01 3.9224431882376918e-04
9.2756686144005407e-01 3.9122768154558918e-04
9.2795758062421119e-01 3.9021061538024025e-04
9.2834728252822485e-01 3.8919312144439818e-04
9.2873596672488168e-01 3.8817520085243900e-04
9.2912363278808374e-01 3.8715685472113566e-04
9.2951028029284943e-01 3.8613808416607136e-04
9.2989590881531359e-01 3.8511889030468620e-04
9.3028051793272826e-01 3.8409927425362041e-04
9.3066410722346293e-01 3.8307923713068508e-04
9.3104667626700510e-01 3.8205878005412406e-04
9.3142822464396058e-01 3.8103790414375138e-04
9.3180875193605439e-01 3.8001661051728761e-04
9.3218825772613068e-01 3.7899490029511549e-04
9.3256674159815345e-01 3.7797277459764473e-04
9.3294420313720716e-01 3.7695023454455937e-04
9.3332064192949693e-01 3.7592728125649674e-04
9.3369605756234897e-01 3.7490391585545050e-04
9.3407044962421115e-01 3.7388013946368278e-04
9.3444381770465357e-01 3.7285595320298378e-04
9.3481616139436874e-01 3.7183135819646135e-04
9.3518748028517229e-01 3.7080635556688176e-04
9.3555777397000317e-01 3.6978094643832604e-04
9.3592704204292432e-01 3.6875513193461608e-04
9.3629528409912288e-01 3.6772891318092172e-04
9.3666249973491100e-01 3.6670229130121085e-04
9.3702868854772581e-01 3.6567526742168943e-04
9.3739385013613019e-01 3.6464784266834190e-04
9.3775798409981326e-01 3.6362001816649320e-04
9.3812109003959032e-01 3.6259179504469663e-04
9.3848316755740413e-01 3.6156317442830477e-04
9.3884421625632453e-01 3.6053415744554372e-04
9.3920423574054923e-01 3.5950474522506549e-04
9.3956322561540440e-01 3.5847493889448349e-04
9.3992118548734471e-01 3.5744473958361777e-04
9.4027811496395419e-01 3.5641414842100980e-04
9.4063401365394628e-01 3.5538316653708054e-04
9.4098888116716450e-01 3.5435179506172287e-04
9.4134271711458284e-01 3.5332003512554051e-04
9.4169552110830601e-01 3.5228788786021440e-04
9.4204729276157029e-01 3.5125535439578466e-04
9.4239803168874325e-01 3.5022243586609693e-04
9.4274773750532492e-01 3.4918913340281491e-04
9.4309640982794796e-01 3.4815544813731762e-04
9.4344404827437756e-01 3.4712138120504413e-04
9.4379065246351279e-01 3.4608693373781407e-04
9.4413622201538627e-01 3.4505210687025672e-04
9.4448075655116492e-01 3.4401690173658476e-04
9.4482425569315021e-01 3.4298131947253107e-04
9.4516671906477878e-01 3.4194536121267405e-04
9.4550814629062274e-01 3.4090902809271611e-04
9.4584853699639004e-01 3.3987232124859176e-04
9.4618789080892485e-01 3.3883524181784451e-04
9.4652620735620829e-01 3.3779779093548939e-04
9.4686348626735828e-01 3.3675996974040257e-04
9.4719972717263046e-01 3.3572177936963711e-04
9.4753492970341835e-01 3.3468322096110240e-04
9.4786909349225368e-01 3.3364429565424102e-04
9.4820221817280703e-01 3.3260500458772200e-04
9.4853430337988820e-01 3.3156534889983299e-04
9.4886534874944628e-01 3.3052532973142112e-04
9.4919535391857046e-01 3.2948494822211639e-04
9.4952431852549024e-01 3.2844420551228249e-04
9.4985224220957576e-01 3.2740310274326516e-04
9.5017912461133824e-01 3.2636164105726489e-04
9.5050496537243079e-01 3.2531982159337804e-04
9.5082976413564779e-01 3.2427764549692467e-04
9.5115352054492663e-01 3.2323511390704602e-04
9.5147623424534666e-01 3.2219222797013941e-04
9.5179790488313099e-01 3.2114898882647187e-04
9.5211853210564568e-01 3.2010539762158301e-04
9.5243811556140101e-01 3.1906145549777983e-04
9.5275665490005113e-01 3.1801716360168778e-04
9.5307414977239513e-01 3.1697252307663892e-04
9.5339059983037699e-01 3.1592753506787762e-04
9.5370600472708600e-01 3.1488220072178354e-04
9.5402036411675728e-01 3.1383652118417796e-04
9.5433367765477217e-01 3.1279049760073619e-04
9.5464594499765854e-01 3.1174413111733940e-04
9.5495716580309076e-01 3.1069742288423102e-04
9.5526733972989120e-01 3.0965037404489360e-04
9.5557646643802918e-01 3.0860298574998717e-04
9.5588454558862235e-01 3.0755525914766475e-04
9.5619157684393696e-01 3.0650719538408638e-04
9.5649755986738760e-01 3.0545879561027584e-04
9.5680249432353814e-01 3.0441006097610927e-04
9.5710637987810221e-01 3.0336099262909044e-04
9.5740921619794295e-01 3.0231159172062631e-04
9.5771100295107381e-01 3.0126185940188807e-04
9.5801173980665910e-01 3.0021179682161373e-04
9.5831142643501377e-01 2.9916140513217644e-04
9.5861006250760417e-01 2.9811068548546801e-04
9.5890764769704850e-01 2.9705963903180530e-04
9.5920418167711674e-01 2.9600826692492552e-04
9.5949966412273147e-01 2.9495657031652282e-04
9.5979409470996779e-01 2.9390455036093868e-04
9.6008747311605425e-01 2.9285220820979041e-04
9.6037979901937265e-01 2.9179954501663764e-04
9.6067107209945857e-01 2.9074656193619065e-04
9.6096129203700176e-01 2.8969326012332663e-04
9.6125045851384661e-01 2.8863964073190702e-04
9.6153857121299224e-01 2.8758570491752353e-04
9.6182562981859310e-01 2.8653145383518262e-04
9.6211163401595912e-01 2.8547688864047859e-04
9.6239658349155610e-01 2.8442201049022874e-04
9.6268047793300626e-01 2.8336682053944293e-04
9.6296331702908811e-01 2.8231131994696599e-04
9.6324510046973744e-01 2.8125550986770530e-04
9.6352582794604702e-01 2.8019939146045646e-04
9.6380549915026748e-01 2.7914296588160898e-04
9.6408411377580705e-01 2.7808623429143465e-04
9.6436167151723262e-01 2.7702919784664557e-04
9.6463817207026936e-01 2.7597185770788493e-04
9.6491361513180185e-01 2.7491421503095920e-04
9.6518800039987340e-01 2.7385627097821659e-04
9.6546132757368719e-01 2.7279802670961286e-04
9.6573359635360656e-01 2.7173948338273413e-04
9.6600480644115472e-01 2.7068064216027296e-04
9.6627495753901571e-01 2.6962150420246602e-04
9.6654404935103455e-01 2.6856207066931911e-04
9.6681208158221732e-01 2.6750234272332105e-04
9.6707905393873173e-01 2.6644232152674390e-04
9.6734496612790755e-01 2.6538200823994967e-04
9.6760981785823652e-01 2.6432140402673278e-04
9.6787360883937312e-01 2.6326051004891345e-04
9.6813633878213456e-01 2.6219932746984900e-04
9.6839800739850124e-01 2.6113785745331006e-04
9.6865861440161705e-01 2.6007610116285910e-04
9.6891815950578974e-01 2.5901405976186723e-04
9.6917664242649115e-01 2.5795173441467444e-04
9.6943406288035761e-01 2.5688912628468871e-04
9.6969042058518984e-01 2.5582623654001150e-04
9.6994571525995410e-01 2.5476306634298555e-04
9.7019994662478160e-01 2.5369961686147208e-04
9.7045311440096960e-01 2.5263588925836342e-04
9.7070521831098089e-01 2.5157188470273476e-04
9.7095625807844499e-01 2.5050760435793785e-04
9.7120623342815748e-01 2.4944304939423189e-04
9.7145514408608136e-01 2.4837822097533758e-04
9.7170298977934633e-01 2.4731312027113299e-04
9.7194977023624995e-01 2.4624774844690721e-04
9.7219548518625720e-01 2.4518210667309975e-04
9.7244013436000143e-01 2.4411619611619816e-04
9.7268371748928428e-01 2.4305001794400734e-04
9.7292623430707581e-01 2.4198357332792084e-04
9.7316768454751534e-01 2.4091686343536518e-04
9.7340806794591128e-01 2.3984988943637206e-04
9.7364738423874164e-01 2.3878265249931279e-04
9.7388563316365429e-01 2.3771515379561071e-04
9.7412281445946702e-01 2.3664739449454211e-04
9.7435892786616818e-01 2.3557937576721506e-04
9.7459397312491669e-01 2.3451109878509641e-04
9.7482794997804267e-01 2.3344256471702468e-04
9.7506085816904708e-01 2.3237377473776981e-04
9.7529269744260294e-01 2.3130473001500414e-04
9.7552346754455455e-01 2.3023543172388155e-04
9.7575316822191860e-01 2.2916588103555382e-04
9.7598179922288408e-01 2.2809607912254029e-04
9.7620936029681271e-01 2.2702602715650658e-04
9.7643585119423881e-01 2.2595572631354960e-04
9.7666127166687033e-01 2.2488517776387949e-04
9.7688562146758839e-01 2.2381438268215254e-04
9.7710890035044795e-01 2.2274334224177620e-04
9.7733110807067780e-01 2.2167205761871122e-04
9.7755224438468136e-01 2.2060052998421225e-04
9.7777230905003609e-01 2.1952876051675014e-04
9.7799130182549476e-01 2.1845675038802552e-04
9.7820922247098485e-01 2.1738450077497679e-04
9.7842607074760923e-01 2.1631201285383085e-04
9.7864184641764662e-01 2.1523928779764790e-04
9.7885654924455134e-01 2.1416632678296043e-04
9.7907017899295368e-01 2.1309313098936790e-04
9.7928273542866073e-01 2.1201970158938162e-04
9.7949421831865591e-01 2.1094603976123933e-04
9.7970462743109954e-01 2.0987214668234512e-04
9.7991396253532914e-01 2.0879802352974849e-04
9.8012222340185962e-01 2.0772367148095140e-04
9.8032940980238359e-01 2.0664909171215007e-04
9.8053552150977130e-01 2.0557428540436673e-04
9.8074055829807150e-01 2.0449925373294535e-04
9.8094451994251097e-01 2.0342399787893269e-04
9.8114740621949537e-01 2.0234851902017456e-04
9.8134921690660926e-01 2.0127281833396497e-04
9.8154995178261606e-01 2.0019689700226314e-04
9.8174961062745880e-01 1.9912075620342486e-04
9.8194819322226012e-01 1.9804439711595343e-04
9.8214569934932228e-01 1.9696782092229085e-04
9.8234212879212790e-01 1.9589102880030601e-04
9.8253748133533980e-01 1.9481402193054041e-04
9.8273175676480118e-01 1.9373680149664145e-04
9.8292495486753650e-01 1.9265936867541558e-04
9.8311707543175064e-01 1.9158172465082778e-04
9.8330811824683029e-01 1.9050387060286106e-04
9.8349808310334330e-01 1.8942580771374521e-04
9.8368696979303927e-01 1.8834753716677032e-04
9.8387477810884993e-01 1.8726906014153739e-04
9.8406150784488911e-01 1.8619037782016025e-04
9.8424715879645286e-01 1.8511149138698512e-04
9.8443173076002011e-01 1.8403240202329130e-04
9.8461522353325237e-01 1.8295311091437051e-04
9.8479763691499456e-01 1.8187361924030835e-04
9.8497897070527451e-01 1.8079392818764228e-04
9.8515922470530393e-01 1.7971403893746247e-04
9.8533839871747797e-01 1.7863395267492439e-04
9.8551649254537599e-01 1.7755367058170757e-04
9.8569350599376115e-01 1.7647319384563997e-04
9.8586943886858125e-01 1.7539252365028943e-04
9.8604429097696877e-01 1.7431166117729417e-04
9.8621806212724061e-01 1.7323060761587343e-04
9.8639075212889904e-01 1.7214936414857696e-04
9.8656236079263138e-01 1.7106793196128666e-04
9.8673288793031033e-01 1.6998631224052587e-04
9.8690233335499444e-01 1.6890450616982764e-04
9.8707069688092786e-01 1.6782251493669935e-04
9.8723797832354088e-01 1.6674033972680888e-04
9.8740417749945009e-01 1.6565798172533209e-04
9.8756929422645823e-01 1.6457544212314102e-04
9.8773332832355520e-01 1.6349272210104980e-04
9.8789627961091731e-01 1.6240982284936457e-04
9.8805814790990798e-01 1.6132674555552240e-04
9.8821893304307795e-01 1.6024349140706678e-04
9.8837863483416544e-01 1.5916006159002902e-04
9.8853725310809626e-01 1.5807645729087316e-04
9.8869478769098385e-01 1.5699267970083016e-04
9.8885123841012990e-01 1.5590873000566666e-04
9.8900660509402405e-01 1.5482460939638646e-04
9.8916088757234466e-01 1.5374031905768457e-04
9.8931408567595835e-01 1.5265586018010081e-04
9.8946619923692058e-01 1.5157123395327987e-04
9.8961722808847585e-01 1.5048644156448400e-04
9.8976717206505771e-01 1.4940148420255434e-04
9.8991603100228887e-01 1.4831636305989878e-04
9.9006380473698163e-01 1.4723107932631039e-04
9.9021049310713827e-01 1.4614563418563538e-04
9.9035609595195029e-01 1.4506002883440209e-04
9.9050061311179971e-01 1.4397426445897366e-04
9.9064404442825849e-01 1.4288834225125591e-04
9.9078638974408906e-01 1.4180226340053737e-04
9.9092764890324425e-01 1.4071602909989772e-04
9.9106782175086783e-01 1.3962964053719279e-04
9.9120690813329426e-01 1.3854309890422135e-04
9.9134490789804908e-01 1.3745640539311845e-04
9.9148182089384918e-01 1.3636956119166094e-04
9.9161764697060251e-01 1.3528256749637235e-04
9.9175238597940885e-01 1.3419542549673972e-04
9.9188603777255957e-01 1.3310813638511772e-04
9.9201860220353799e-01 1.3202070135225804e-04
9.9215007912701947e-01 1.3093312158858804e-04
9.9228046839887130e-01 1.2984539829136084e-04
9.9240976987615348e-01 1.2875753264808022e-04
9.9253798341711819e-01 1.2766952585585795e-04
9.9266510888121062e-01 1.2658137910163560e-04
9.9279114612906838e-01 1.2549309358357780e-04
9.9291609502252232e-01 1.2440467049268315e-04
9.9303995542459622e-01 1.2331611102431392e-04
9.9316272719950738e-01 1.2222741636817996e-04
9.9328441021266634e-01 1.2113858771840597e-04
9.9340500433067713e-01 1.2004962627065264e-04
9.9352450942133774e-01 1.1896053321528640e-04
9.9364292535363963e-01 1.1787130975240126e-04
9.9376025199776874e-01 1.1678195706871577e-04
9.9387648922510463e-01 1.1569247636586189e-04
9.9399163690822168e-01 1.1460286883112654e-04
9.9410569492088829e-01 1.1351313566207180e-04
9.9421866313806750e-01 1.1242327805494604e-04
9.9433054143591715e-01 1.1133329720320947e-04
9.9444132969178989e-01 1.1024319430025160e-04
9.9455102778423321e-01 1.0915297054411684e-04
9.9465963559298987e-01 1.0806262712791748e-04
9.9476715299899787e-01 1.0697216524352770e-04
9.9487357988439029e-01 1.0588158609310539e-04
9.9497891613249589e-01 1.0479089087219905e-04
9.9508316162783927e-01 1.0370008076996878e-04
9.9518631625614040e-01 1.0260915698713269e-04
9.9528837990431540e-01 1.0151812071604319e-04
9.9538935246047611e-01 1.0042697315772253e-04
9.9548923381393084e-01 9.9335715501728297e-05
9.9558802385518375e-01 9.8244348951202084e-05
9.9568572247593556e-01 9.7152874701629101e-05
9.9578232956908364e-01 9.6061293944884750e-05
9.9587784502872168e-01 9.4969607879488694e-05
9.9597226875014011e-01 9.3877817705095715e-05
9.9606560062982641e-01 9.2785924613172525e-05
9.9615784056546464e-01 9.1693929807947587e-05
9.9624898845593624e-01 9.0601834481823183e-05
9.9633904420131969e-01 8.9509639831809415e-05
9.9642800770289075e-01 8.8417347055331106e-05
9.9651587886312243e-01 8.7324957353680915e-05
9.9660265758568556e-01 8.6232471917016760e-05
9.9668834377544813e-01 8.5139891950878336e-05
9.9677293733847616e-01 8.4047218648750286e-05
9.9685643818203340e-01 8.2954453207076284e-05
9.9693884621458129e-01 8.1861596830435558e-05
9.9702016134577964e-01 8.0768650708696978e-05
9.9710038348648600e-01 7.9675616047228447e-05
9.9717951254875647e-01 7.8582494035754947e-05
9.9725754844584502e-01 7.7489285883411497e-05
9.9733449109220451e-01 7.6395992777441828e-05
9.9741034040348575e-01 7.5302615927584738e-05
9.9748509629653870e-01 7.4209156520371988e-05
9.9755875868941146e-01 7.3115615763495999e-05
9.9763132750135119e-01 7.2021994853521822e-05
9.9770280265280376e-01 7.0928294992457080e-05
9.9777318406541426e-01 6.9834517370693063e-05
9.9784247166202633e-01 6.8740663192241001e-05
9.9791066536668305e-01 6.7646733659729196e-05
9.9797776510462666e-01 6.6552729966929116e-05
9.9804377080229856e-01 6.5458653315724269e-05
9.9810868238733952e-01 6.4364504907744028e-05
9.9817249978858991e-01 6.3270285935336656e-05
9.9823522293608935e-01 6.2175997604639339e-05
9.9829685176107730e-01 6.1081641108779488e-05
9.9835738619599257e-01 5.9987217656797059e-05
9.9841682617447403e-01 5.8892728441354150e-05
9.9847517163136013e-01 5.7798174667184211e-05
9.9853242250268937e-01 5.6703557529582901e-05
9.9858857872570006e-01 5.5608878232467700e-05
9.9864364023883068e-01 5.4514137970831456e-05
9.9869760698171961e-01 5.3419337950424404e-05
9.9875047889520563e-01 5.2324479363817306e-05
9.9880225592132743e-01 5.1229563420945024e-05
9.9885293800332431e-01 5.0134591313146449e-05
9.9890252508563560e-01 4.9039564251720599e-05
9.9895101711390144e-01 4.7944483420768545e-05
9.9899841403496192e-01 4.6849350041681938e-05
9.9904471579685827e-01 4.5754165293521000e-05
9.9908992234883176e-01 4.4658930393265921e-05
9.9913403364132469e-01 4.3563646531235724e-05
9.9917704962597986e-01 4.2468314913250764e-05
9.9921897025564088e-01 4.1372936741498514e-05
9.9925979548435218e-01 4.0277513219744732e-05
9.9929952526735921e-01 3.9182045536777499e-05
9.9933815956110816e-01 3.8086534899839273e-05
9.9937569832324624e-01 3.6990982513355339e-05
9.9941214151262170e-01 3.5895389581143537e-05
9.9944748908928405e-01 3.4799757292076246e-05
9.9948174101448373e-01 3.3704086855536395e-05
9.9951489725067255e-01 3.2608379465778363e-05
9.9954695776150337e-01 3.1512636341032845e-05
9.9957792251183075e-01 3.0416858662042729e-05
9.9960779146771039e-01 2.9321047635888692e-05
9.9963656459639938e-01 2.8225204484960829e-05
9.9966424186635683e-01 2.7129330377342414e-05
9.9969082324724312e-01 2.6033426532317983e-05
9.9971630870992045e-01 2.4937494167806839e-05
9.9974069822645339e-01 2.3841534450744729e-05
9.9976399177010822e-01 2.2745548604225799e-05
9.9978618931535379e-01 2.1649537829911028e-05
9.9980729083786168e-01 2.0553503335317298e-05
9.9982729631450684e-01 1.9457446300126257e-05
9.9984620572336769e-01 1.8361367964670418e-05
9.9986401904372779e-01 1.7265269509011948e-05
9.9988073625607665e-01 1.6169152145142765e-05
9.9989635734211202e-01 1.5073017081041389e-05
9.9991088228474301e-01 1.3976865534692593e-05
9.9992431106809532e-01 1.2880698737993020e-05
9.9993664367752011e-01 1.1784517881611089e-05
9.9994788009960867e-01 1.0688324256832952e-05
9.9995802032222059e-01 9.5921191607017415e-06
9.9996706433453786e-01 8.4959039169651014e-06
9.9997501212717754e-01 7.3996800751172458e-06
9.9998186369245079e-01 6.3034495664681891e-06
9.9998761902502820e-01 5.2072153136077960e-06
9.9999227812393998e-01 4.1109838988354285e-06
9.9999584100010508e-01 3.0147761293289889e-06
9.9999830771672660e-01 1.9187059141453826e-06
9.9999967881898033e-01 8.2425435526187104e-07
