-9.9999981932061766e-01 4.6368190066440300e-07
-9.9999904801121986e-01 1.0793623201479065e-06
-9.9999766036690740e-01 1.6959539439907241e-06
-9.9999565608032781e-01 2.3126237401653364e-06
-9.9999303511496529e-01 2.9293079877630360e-06
-9.9998979746342054e-01 3.5459952331421901e-06
-9.9998594312468647e-01 4.1626820497270062e-06
-9.9998147209991273e-01 4.7793671173020744e-06
-9.9997638439128045e-01 5.3960496824199717e-06
-9.9997068000162825e-01 6.0127291039775729e-06
-9.9996435893430624e-01 6.6294049427874280e-06
-9.9995742119311271e-01 7.2460767558579762e-06
-9.9994986678226350e-01 7.8627441711853303e-06
-9.9994169570637670e-01 8.4794067739518969e-06
-9.9993290797046397e-01 9.0960641612889212e-06
-9.9992350357992554e-01 9.7127159657327618e-06
-9.9991348254054768e-01 1.0329361761607031e-05
-9.9990284485850023e-01 1.0946001224416242e-05
-9.9989159054033616e-01 1.1562633952755055e-05
-9.9987971959299060e-01 1.2179259534825832e-05
-9.9986723202378003e-01 1.2795877606425604e-05
-9.9985412784040217e-01 1.3412487793294026e-05
-9.9984040705093569e-01 1.4029089728154176e-05
-9.9982606966384024e-01 1.4645683001083377e-05
-9.9981111568795600e-01 1.5262267235657408e-05
-9.9979554513250357e-01 1.5878842069691089e-05
-9.9977935800708428e-01 1.6495407107172064e-05
-9.9976255432167971e-01 1.7111961976762485e-05
-9.9974513408665189e-01 1.7728506297414462e-05
-9.9972709731274334e-01 1.8345039667197198e-05
-9.9970844401107650e-01 1.8961561741693604e-05
-9.9968917419315451e-01 1.9578072119706479e-05
-9.9966928787086051e-01 2.0194570429969106e-05
-9.9964878505645816e-01 2.0811056277894082e-05
-9.9962766576259110e-01 2.1427529290997329e-05
-9.9960593000228326e-01 2.2043989093093913e-05
-9.9958357778893880e-01 2.2660435302146749e-05
-9.9956060913634215e-01 2.3276867529984335e-05
-9.9953702405865763e-01 2.3893285416546825e-05
-9.9951282257043017e-01 2.4509688557584636e-05
-9.9948800468658450e-01 2.5126076584272764e-05
-9.9946257042242559e-01 2.5742449117252592e-05
-9.9943651979363857e-01 2.6358805776540036e-05
-9.9940985281628869e-01 2.6975146179631176e-05
-9.9938256950682125e-01 2.7591469951701768e-05
-9.9935466988206179e-01 2.8207776703728243e-05
-9.9932615395921576e-01 2.8824066061675479e-05
-9.9929702175586888e-01 2.9440337637029466e-05
-9.9926727328998666e-01 3.0056591062542915e-05
-9.9923690857991487e-01 3.0672825953498840e-05
-9.9920592764437932e-01 3.1289041926433243e-05
-9.9917433050248572e-01 3.1905238607470893e-05
-9.9914211717371992e-01 3.2521415611696550e-05
-9.9910928767794771e-01 3.3137572561096440e-05
-9.9907584203541500e-01 3.3753709067090796e-05
-9.9904178026674739e-01 3.4369824761688357e-05
-9.9900710239295065e-01 3.4985919263418328e-05
-9.9897180843541056e-01 3.5601992185649599e-05
-9.9893589841589259e-01 3.6218043159083083e-05
-9.9889937235654247e-01 3.6834071790965554e-05
-9.9886223027988563e-01 3.7450077704579379e-05
-9.9882447220882731e-01 3.8066060527812733e-05
-9.9878609816665276e-01 3.8682019875912100e-05
-9.9874710817702728e-01 3.9297955367791503e-05
-9.9870750226399563e-01 3.9913866625713637e-05
-9.9866728045198272e-01 4.0529753266817009e-05
-9.9862644276579315e-01 4.1145614911795724e-05
-9.9858498923061123e-01 4.1761451189765876e-05
-9.9854291987200139e-01 4.2377261707300373e-05
-9.9850023471590754e-01 4.2993046090733979e-05
-9.9845693378865341e-01 4.3608803961769804e-05
-9.9841301711694241e-01 4.4224534945833645e-05
-9.9836848472785800e-01 4.4840238650848924e-05
-9.9832333664886308e-01 4.5455914698981866e-05
-9.9827757290780006e-01 4.6071562723450309e-05
-9.9823119353289158e-01 4.6687182326828699e-05
-9.9818419855273932e-01 4.7302773145130154e-05
-9.9813658799632510e-01 4.7918334787906230e-05
-9.9808836189300998e-01 4.8533866884869597e-05
-9.9803952027253495e-01 4.9149369048412679e-05
-9.9799006316502048e-01 4.9764840897940784e-05
-9.9793999060096639e-01 5.0380282062317041e-05
-9.9788930261125230e-01 5.0995692158055679e-05
-9.9783799922713745e-01 5.1611070799099491e-05
-9.9778608048026018e-01 5.2226417617115434e-05
-9.9773354640263867e-01 5.2841732228506945e-05
-9.9768039702667066e-01 5.3457014244823772e-05
-9.9762663238513283e-01 5.4072263302488692e-05
-9.9757225251118187e-01 5.4687479009973180e-05
-9.9751725743835351e-01 5.5302660993463015e-05
-9.9746164720056307e-01 5.5917808870309538e-05
-9.9740542183210512e-01 5.6532922263324629e-05
-9.9734858136765359e-01 5.7148000794264383e-05
-9.9729112584226176e-01 5.7763044083823312e-05
-9.9723305529136230e-01 5.8378051749753431e-05
-9.9717436975076712e-01 5.8993023411794492e-05
-9.9711506925666726e-01 5.9607958694435294e-05
-9.9705515384563315e-01 6.0222857217008213e-05
-9.9699462355461432e-01 6.0837718601899089e-05
-9.9693347842093971e-01 6.1452542464901971e-05
-9.9687171848231715e-01 6.2067328431970667e-05
-9.9680934377683372e-01 6.2682076124670783e-05
-9.9674635434295578e-01 6.3296785159690396e-05
-9.9668275021952868e-01 6.3911455156553213e-05
-9.9661853144577661e-01 6.4526085744835235e-05
-9.9655369806130323e-01 6.5140676538836322e-05
-9.9648825010609099e-01 6.5755227160137756e-05
-9.9642218762050139e-01 6.6369737230206774e-05
-9.9635551064527494e-01 6.6984206368071389e-05
-9.9628821922153088e-01 6.7598634202623522e-05
-9.9622031339076778e-01 6.8213020346454141e-05
-9.9615179319486280e-01 6.8827364423921239e-05
-9.9608265867607215e-01 6.9441666054144186e-05
-9.9601290987703073e-01 7.0055924861181311e-05
-9.9594254684075234e-01 7.0670140464158547e-05
-9.9587156961062973e-01 7.1284312485680266e-05
-9.9579997823043409e-01 7.1898440547069618e-05
-9.9572777274431568e-01 7.2512524267281619e-05
-9.9565495319680319e-01 7.3126563272152896e-05
-9.9558151963280428e-01 7.3740557179136659e-05
-9.9550747209760515e-01 7.4354505608852827e-05
-9.9543281063687050e-01 7.4968408186715959e-05
-9.9535753529664384e-01 7.5582264531711242e-05
-9.9528164612334724e-01 7.6196074262712516e-05
-9.9520514316378117e-01 7.6809837004446522e-05
-9.9512802646512466e-01 7.7423552379516687e-05
-9.9505029607493534e-01 7.8037220007461181e-05
-9.9497195204114919e-01 7.8650839510981471e-05
-9.9489299441208068e-01 7.9264410511395038e-05
-9.9481342323642274e-01 7.9877932627898555e-05
-9.9473323856324658e-01 8.0491405483450960e-05
-9.9465244044200174e-01 8.1104828700065236e-05
-9.9457102892251603e-01 8.1718201901674842e-05
-9.9448900405499574e-01 8.2331524706442258e-05
-9.9440636589002518e-01 8.2944796739062919e-05
-9.9432311447856703e-01 8.3558017619925635e-05
-9.9423924987196211e-01 8.4171186970625984e-05
-9.9415477212192938e-01 8.4784304413461554e-05
-9.9406968128056594e-01 8.5397369570041544e-05
-9.9398397740034705e-01 8.6010382060461703e-05
-9.9389766053412587e-01 8.6623341509030325e-05
-9.9381073073513360e-01 8.7236247539898847e-05
-9.9372318805697968e-01 8.7849099769688298e-05
-9.9363503255365115e-01 8.8461897825759829e-05
-9.9354626427951331e-01 8.9074641326297659e-05
-9.9345688328930915e-01 8.9687329895201689e-05
-9.9336688963815956e-01 9.0299963154323018e-05
-9.9327628338156326e-01 9.0912540726294103e-05
-9.9318506457539690e-01 9.1525062230213457e-05
-9.9309323327591448e-01 9.2137527295705880e-05
-9.9300078953974835e-01 9.2749935535418315e-05
-9.9290773342390792e-01 9.3362286579375050e-05
-9.9281406498578062e-01 9.3974580047552963e-05
-9.9271978428313146e-01 9.4586815560832307e-05
-9.9262489137410292e-01 9.5198992742969135e-05
-9.9252938631721510e-01 9.5811111216500576e-05
-9.9243326917136554e-01 9.6423170604746498e-05
-9.9233653999582949e-01 9.7035170525836570e-05
-9.9223919885025924e-01 9.7647110607769439e-05
-9.9214124579468477e-01 9.8258990471024310e-05
-9.9204268088951331e-01 9.8870809739181137e-05
-9.9194350419552946e-01 9.9482568034340601e-05
-9.9184371577389518e-01 1.0009426497726093e-04
-9.9174331568614948e-01 1.0070590019389782e-04
-9.9164230399420883e-01 1.0131747330389540e-04
-9.9154068076036661e-01 1.0192898393282736e-04
-9.9143844604729348e-01 1.0254043170374051e-04
-9.9133559991803721e-01 1.0315181623838099e-04
-9.9123214243602276e-01 1.0376313715668032e-04
-9.9112807366505162e-01 1.0437439408870535e-04
-9.9102339366930292e-01 1.0498558665037219e-04
-9.9091810251333223e-01 1.0559671446853002e-04
-9.9081220026207217e-01 1.0620777716681629e-04
-9.9070568698083239e-01 1.0681877436505257e-04
-9.9059856273529900e-01 1.0742970569099436e-04
-9.9049082759153528e-01 1.0804057076398043e-04
-9.9038248161598097e-01 1.0865136920965660e-04
-9.9027352487545273e-01 1.0926210064828116e-04
-9.9016395743714358e-01 1.0987276470706577e-04
-9.9005377936862338e-01 1.1048336100857131e-04
-9.8994299073783854e-01 1.1109388917535139e-04
-9.8983159161311207e-01 1.1170434882855319e-04
-9.8971958206314314e-01 1.1231473959712340e-04
-9.8960696215700783e-01 1.1292506109966025e-04
-9.8949373196415824e-01 1.1353531296262015e-04
-9.8937989155442307e-01 1.1414549480817786e-04
-9.8926544099800728e-01 1.1475560625935172e-04
-9.8915038036549185e-01 1.1536564694469263e-04
-9.8903470972783447e-01 1.1597561648274905e-04
-9.8891842915636874e-01 1.1658551449773998e-04
-9.8880153872280430e-01 1.1719534061648023e-04
-9.8868403849922715e-01 1.1780509446003025e-04
-9.8856592855809911e-01 1.1841477565457045e-04
-9.8844720897225813e-01 1.1902438382363710e-04
-9.8832787981491810e-01 1.1963391859187661e-04
-9.8820794115966903e-01 1.2024337957918111e-04
-9.8808739308047633e-01 1.2085276641581882e-04
-9.8796623565168173e-01 1.2146207872152334e-04
-9.8784446894800249e-01 1.2207131612191111e-04
-9.8772209304453162e-01 1.2268047824152227e-04
-9.8759910801673789e-01 1.2328956470447291e-04
-9.8747551394046562e-01 1.2389857513616238e-04
-9.8735131089193484e-01 1.2450750916000243e-04
-9.8722649894774117e-01 1.2511636639884343e-04
-9.8710107818485548e-01 1.2572514648022921e-04
-9.8697504868062436e-01 1.2633384902708143e-04
-9.8684841051276961e-01 1.2694247366549301e-04
-9.8672116375938868e-01 1.2755102001692724e-04
-9.8659330849895388e-01 1.2815948771066973e-04
-9.8646484481031327e-01 1.2876787636749334e-04
-9.8633577277268980e-01 1.2937618561395642e-04
-9.8620609246568169e-01 1.2998441507478816e-04
-9.8607580396926242e-01 1.3059256437247005e-04
-9.8594490736378015e-01 1.3120063313630409e-04
-9.8581340272995843e-01 1.3180862098891740e-04
-9.8568129014889561e-01 1.3241652755618824e-04
-9.8554856970206495e-01 1.3302435246379161e-04
-9.8541524147131487e-01 1.3363209533265424e-04
-9.8528130553886806e-01 1.3423975579364094e-04
-9.8514676198732243e-01 1.3484733346913591e-04
-9.8501161089965050e-01 1.3545482798368687e-04
-9.8487585235919928e-01 1.3606223896522681e-04
-9.8473948644969067e-01 1.3666956603633124e-04
-9.8460251325522086e-01 1.3727680882511022e-04
-9.8446493286026082e-01 1.3788396695422120e-04
-9.8432674534965570e-01 1.3849104005199183e-04
-9.8418795080862520e-01 1.3909802774365548e-04
-9.8404854932276353e-01 1.3970492965220506e-04
-9.8390854097803881e-01 1.4031174540713083e-04
-9.8376792586079387e-01 1.4091847463049213e-04
-9.8362670405774533e-01 1.4152511695068339e-04
-9.8348487565598408e-01 1.4213167199428963e-04
-9.8334244074297539e-01 1.4273813938308941e-04
-9.8319939940655798e-01 1.4334451874853743e-04
-9.8305575173494508e-01 1.4395080971344159e-04
-9.8291149781672371e-01 1.4455701190255950e-04
-9.8276663774085449e-01 1.4516312494577177e-04
-9.8262117159667217e-01 1.4576914846694137e-04
-9.8247509947388512e-01 1.4637508209321265e-04
-9.8232842146257549e-01 1.4698092545002941e-04
-9.8218113765319892e-01 1.4758667816538957e-04
-9.8203324813658499e-01 1.4819233986214229e-04
-9.8188475300393629e-01 1.4879791017137736e-04
-9.8173565234682936e-01 1.4940338871703536e-04
-9.8158594625721396e-01 1.5000877512584090e-04
-9.8143563482741314e-01 1.5061406902634993e-04
-9.8128471815012352e-01 1.5121927004254715e-04
-9.8113319631841478e-01 1.5182437780230759e-04
-9.8098106942572982e-01 1.5242939193230013e-04
-9.8082833756588472e-01 1.5303431205928154e-04
-9.8067500083306847e-01 1.5363913781257056e-04
-9.8052105932184341e-01 1.5424386881589909e-04
-9.8036651312714462e-01 1.5484850469744998e-04
-9.8021136234428008e-01 1.5545304508500352e-04
-9.8005560706893069e-01 1.5605748960530058e-04
-9.7989924739715017e-01 1.5666183788465147e-04
-9.7974228342536485e-01 1.5726608955164386e-04
-9.7958471525037372e-01 1.5787024423438359e-04
-9.7942654296934861e-01 1.5847430155805907e-04
-9.7926776667983362e-01 1.5907826115211290e-04
-9.7910838647974552e-01 1.5968212264305320e-04
-9.7894840246737347e-01 1.6028588565828025e-04
-9.7878781474137899e-01 1.6088954982518275e-04
-9.7862662340079576e-01 1.6149311477377425e-04
-9.7846482854503003e-01 1.6209658012884633e-04
-9.7830243027385999e-01 1.6269994551924526e-04
-9.7813942868743586e-01 1.6330321057516191e-04
-9.7797582388628035e-01 1.6390637492055810e-04
-9.7781161597128763e-01 1.6450943818724012e-04
-9.7764680504372425e-01 1.6511240000082161e-04
-9.7748139120522848e-01 1.6571525998922135e-04
-9.7731537455781026e-01 1.6631801778236959e-04
-9.7714875520385136e-01 1.6692067300912007e-04
-9.7698153324610548e-01 1.6752322529488910e-04
-9.7681370878769758e-01 1.6812567427064806e-04
-9.7664528193212441e-01 1.6872801956360758e-04
-9.7647625278325412e-01 1.6933026080293077e-04
-9.7630662144532632e-01 1.6993239761708341e-04
-9.7613638802295200e-01 1.7053442963454167e-04
-9.7596555262111351e-01 1.7113635648316396e-04
-9.7579411534516425e-01 1.7173817779337410e-04
-9.7562207630082887e-01 1.7233989319457343e-04
-9.7544943559420338e-01 1.7294150231277454e-04
-9.7527619333175453e-01 1.7354300477849475e-04
-9.7510234962032005e-01 1.7414440022161723e-04
-9.7492790456710876e-01 1.7474568827046723e-04
-9.7475285827970015e-01 1.7534686855517616e-04
-9.7457721086604476e-01 1.7594794070253735e-04
-9.7440096243446350e-01 1.7654890434411333e-04
-9.7422411309364809e-01 1.7714975910907349e-04
-9.7404666295266085e-01 1.7775050462661481e-04
-9.7386861212093467e-01 1.7835114052486297e-04
-9.7368996070827263e-01 1.7895166643594541e-04
-9.7351070882484847e-01 1.7955208198771718e-04
-9.7333085658120599e-01 1.8015238681164266e-04
-9.7315040408825959e-01 1.8075258053466603e-04
-9.7296935145729346e-01 1.8135266278838745e-04
-9.7278769879996196e-01 1.8195263320397735e-04
-9.7260544622828982e-01 1.8255249140826908e-04
-9.7242259385467122e-01 1.8315223703444227e-04
-9.7223914179187065e-01 1.8375186971093151e-04
-9.7205509015302227e-01 1.8435138906791661e-04
-9.7187043905162984e-01 1.8495079473779201e-04
-9.7168518860156727e-01 1.8555008634688649e-04
-9.7149933891707752e-01 1.8614926352916031e-04
-9.7131289011277344e-01 1.8674832591382746e-04
-9.7112584230363719e-01 1.8734727313274939e-04
-9.7093819560502059e-01 1.8794610481408209e-04
-9.7074995013264453e-01 1.8854482058993489e-04
-9.7056110600259926e-01 1.8914342009086990e-04
-9.7037166333134417e-01 1.8974190294819270e-04
-9.7018162223570792e-01 1.9034026879154018e-04
-9.6999098283288798e-01 1.9093851725324293e-04
-9.6979974524045098e-01 1.9153664796387048e-04
-9.6960790957633236e-01 1.9213466055484571e-04
-9.6941547595883637e-01 1.9273255465782329e-04
-9.6922244450663619e-01 1.9333032990263927e-04
-9.6902881533877350e-01 1.9392798592146476e-04
-9.6883458857465865e-01 1.9452552234537290e-04
-9.6863976433407051e-01 1.9512293880623796e-04
-9.6844434273715641e-01 1.9572023493573808e-04
-9.6824832390443205e-01 1.9631741036559990e-04
-9.6805170795678153e-01 1.9691446472726144e-04
-9.6785449501545717e-01 1.9751139765172618e-04
-9.6765668520207926e-01 1.9810820877294943e-04
-9.6745827863863654e-01 1.9870489772022231e-04
-9.6725927544748536e-01 1.9930146412796889e-04
-9.6705967575135032e-01 1.9989790762681568e-04
-9.6685947967332375e-01 2.0049422784930998e-04
-9.6665868733686577e-01 2.0109042442772459e-04
-9.6645729886580412e-01 2.0168649699575872e-04
-9.6625531438433443e-01 2.0228244518371815e-04
-9.6605273401701974e-01 2.0287826862418345e-04
-9.6584955788879046e-01 2.0347396695108986e-04
-9.6564578612494456e-01 2.0406953979613149e-04
-9.6544141885114720e-01 2.0466498679320552e-04
-9.6523645619343101e-01 2.0526030757348491e-04
-9.6503089827819566e-01 2.0585550176977481e-04
-9.6482474523220774e-01 2.0645056901690841e-04
-9.6461799718260122e-01 2.0704550894562075e-04
-9.6441065425687655e-01 2.0764032119186611e-04
-9.6420271658290158e-01 2.0823500538584238e-04
-9.6399418428891048e-01 2.0882956116244692e-04
-9.6378505750350429e-01 2.0942398815531433e-04
-9.6357533635565085e-01 2.1001828599594041e-04
-9.6336502097468413e-01 2.1061245432026912e-04
-9.6315411149030494e-01 2.1120649276028407e-04
-9.6294260803258025e-01 2.1180040095062792e-04
-9.6273051073194360e-01 2.1239417852289224e-04
-9.6251781971919426e-01 2.1298782511419958e-04
-9.6230453512549818e-01 2.1358134035568676e-04
-9.6209065708238695e-01 2.1417472388353986e-04
-9.6187618572175848e-01 2.1476797532980323e-04
-9.6166112117587632e-01 2.1536109432971341e-04
-9.6144546357736993e-01 2.1595408051756424e-04
-9.6122921305923459e-01 2.1654693352657855e-04
-9.6101236975483106e-01 2.1713965299203960e-04
-9.6079493379788572e-01 2.1773223854887534e-04
-9.6057690532249052e-01 2.1832468983104937e-04
-9.6035828446310267e-01 2.1891700647398341e-04
-9.6013907135454502e-01 2.1950918811028741e-04
-9.5991926613200518e-01 2.2010123437719007e-04
-9.5969886893103640e-01 2.2069314490712997e-04
-9.5947787988755651e-01 2.2128491933782731e-04
-9.5925629913784871e-01 2.2187655730294389e-04
-9.5903412681856104e-01 2.2246805843701366e-04
-9.5881136306670622e-01 2.2305942237590628e-04
-9.5858800801966171e-01 2.2365064875586651e-04
-9.5836406181516987e-01 2.2424173721015189e-04
-9.5813952459133722e-01 2.2483268737657694e-04
-9.5791439648663523e-01 2.2542349888819832e-04
-9.5768867763989929e-01 2.2601417138307377e-04
-9.5746236819032937e-01 2.2660470449571208e-04
-9.5723546827748973e-01 2.2719509786255424e-04
-9.5700797804130866e-01 2.2778535111773842e-04
-9.5677989762207827e-01 2.2837546390010120e-04
-9.5655122716045504e-01 2.2896543584370911e-04
-9.5632196679745918e-01 2.2955526658458163e-04
-9.5609211667447458e-01 2.3014495575949021e-04
-9.5586167693324875e-01 2.3073450300645684e-04
-9.5563064771589323e-01 2.3132390795924318e-04
-9.5539902916488273e-01 2.3191317025543344e-04
-9.5516682142305542e-01 2.3250228953231901e-04
-9.5493402463361310e-01 2.3309126542467689e-04
-9.5470063894012036e-01 2.3368009757192322e-04
-9.5446666448650541e-01 2.3426878560925689e-04
-9.5423210141705939e-01 2.3485732917351979e-04
-9.5399694987643635e-01 2.3544572790226278e-04
-9.5376121000965330e-01 2.3603398143301864e-04
-9.5352488196209018e-01 2.3662208940208437e-04
-9.5328796587948950e-01 2.3721005144730170e-04
-9.5305046190795639e-01 2.3779786720693171e-04
-9.5281237019395881e-01 2.3838553631659208e-04
-9.5257369088432686e-01 2.3897305841510662e-04
-9.5233442412625313e-01 2.3956043314005688e-04
-9.5209457006729259e-01 2.4014766012827042e-04
-9.5185412885536214e-01 2.4073473901906317e-04
-9.5161310063874105e-01 2.4132166944919407e-04
-9.5137148556607032e-01 2.4190845105817938e-04
-9.5112928378635320e-01 2.4249508348239555e-04
-9.5088649544895454e-01 2.4308156636029937e-04
-9.5064312070360080e-01 2.4366789933173114e-04
-9.5039915970038036e-01 2.4425408203378722e-04
-9.5015461258974299e-01 2.4484011410517937e-04
-9.4990947952249982e-01 2.4542599518549636e-04
-9.4966376064982361e-01 2.4601172491197276e-04
-9.4941745612324824e-01 2.4659730292312949e-04
-9.4917056609466854e-01 2.4718272885970065e-04
-9.4892309071634073e-01 2.4776800235978521e-04
-9.4867503014088195e-01 2.4835312306183279e-04
-9.4842638452127015e-01 2.4893809060527847e-04
-9.4817715401084401e-01 2.4952290463022686e-04
-9.4792733876330315e-01 2.5010756477483070e-04
-9.4767693893270755e-01 2.5069207067932280e-04
-9.4742595467347779e-01 2.5127642198326987e-04
-9.4717438614039495e-01 2.5186061832565117e-04
-9.4692223348860027e-01 2.5244465934704403e-04
-9.4666949687359547e-01 2.5302854468557527e-04
-9.4641617645124199e-01 2.5361227398343377e-04
-9.4616227237776163e-01 2.5419584687965069e-04
-9.4590778480973603e-01 2.5477926301433699e-04
-9.4565271390410677e-01 2.5536252202691028e-04
-9.4539705981817490e-01 2.5594562355919922e-04
-9.4514082270960142e-01 2.5652856725035976e-04
-9.4488400273640660e-01 2.5711135274229227e-04
-9.4462660005697052e-01 2.5769397967362947e-04
-9.4436861483003220e-01 2.5827644768678070e-04
-9.4411004721469027e-01 2.5885875642124893e-04
-9.4385089737040229e-01 2.5944090551853233e-04
-9.4359116545698485e-01 2.6002289462037263e-04
-9.4333085163461383e-01 2.6060472336581603e-04
-9.4306995606382349e-01 2.6118639139844084e-04
-9.4280847890550723e-01 2.6176789835817094e-04
-9.4254642032091696e-01 2.6234924388674700e-04
-9.4228378047166317e-01 2.6293042762557946e-04
-9.4202055951971486e-01 2.6351144921599634e-04
-9.4175675762739930e-01 2.6409230830015527e-04
-9.4149237495740212e-01 2.6467300451940660e-04
-9.4122741167276702e-01 2.6525353751615947e-04
-9.4096186793689585e-01 2.6583390693212970e-04
-9.4069574391354838e-01 2.6641411240927696e-04
-9.4042903976684222e-01 2.6699415359011095e-04
-9.4016175566125282e-01 2.6757403011654063e-04
-9.3989389176161320e-01 2.6815374163116271e-04
-9.3962544823311400e-01 2.6873328777616504e-04
-9.3935642524130325e-01 2.6931266819463364e-04
-9.3908682295208645e-01 2.6989188252843534e-04
-9.3881664153172617e-01 2.7047093042131576e-04
-9.3854588114684223e-01 2.7104981151604098e-04
-9.3827454196441151e-01 2.7162852545558046e-04
-9.3800262415176783e-01 2.7220707188288371e-04
-9.3773012787660182e-01 2.7278545044121118e-04
-9.3745705330696094e-01 2.7336366077320735e-04
-9.3718340061124905e-01 2.7394170252365610e-04
-9.3690916995822682e-01 2.7451957533494996e-04
-9.3663436151701118e-01 2.7509727885091135e-04
-9.3635897545707536e-01 2.7567481271583349e-04
-9.3608301194824894e-01 2.7625217657274926e-04
-9.3580647116071747e-01 2.7682937006626634e-04
-9.3552935326502251e-01 2.7740639284065449e-04
-9.3525165843206171e-01 2.7798324453915117e-04
-9.3497338683308828e-01 2.7855992480663476e-04
-9.3469453863971130e-01 2.7913643328694363e-04
-9.3441511402389532e-01 2.7971276962476685e-04
-9.3413511315796027e-01 2.8028893346574780e-04
-9.3385453621458181e-01 2.8086492445270425e-04
-9.3357338336679041e-01 2.8144074223221941e-04
-9.3329165478797216e-01 2.8201638644736614e-04
-9.3300935065186774e-01 2.8259185674480992e-04
-9.3272647113257312e-01 2.8316715276880414e-04
-9.3244301640453897e-01 2.8374227416463508e-04
-9.3215898664257069e-01 2.8431722057778723e-04
-9.3187438202182826e-01 2.8489199165399466e-04
-9.3158920271782630e-01 2.8546658703838498e-04
-9.3130344890643380e-01 2.8604100637633052e-04
-9.3101712076387400e-01 2.8661524931350305e-04
-9.3073021846672421e-01 2.8718931549682471e-04
-9.3044274219191603e-01 2.8776320457175002e-04
-9.3015469211673496e-01 2.8833691618406810e-04
-9.2986606841882036e-01 2.8891044998002646e-04
-9.2957687127616528e-01 2.8948380560612786e-04
-9.2928710086711652e-01 2.9005698270846188e-04
-9.2899675737037435e-01 2.9062998093347170e-04
-9.2870584096499231e-01 2.9120279992896476e-04
-9.2841435183037757e-01 2.9177543934039770e-04
-9.2812229014629022e-01 2.9234789881547651e-04
-9.2782965609284374e-01 2.9292017799970542e-04
-9.2753644985050410e-01 2.9349227654240385e-04
-9.2724267160009066e-01 2.9406419408902986e-04
-9.2694832152277529e-01 2.9463593028716372e-04
-9.2665339980008232e-01 2.9520748478514282e-04
-9.2635790661388917e-01 2.9577885722921606e-04
-9.2606184214642495e-01 2.9635004726854912e-04
-9.2576520658027173e-01 2.9692105454919428e-04
-9.2546800009836339e-01 2.9749187871976279e-04
-9.2517022288398598e-01 2.9806251942827625e-04
-9.2487187512077751e-01 2.9863297632326297e-04
-9.2457295699272790e-01 2.9920324905246810e-04
-9.2427346868417892e-01 2.9977333726324021e-04
-9.2397341037982361e-01 3.0034324060571413e-04
-9.2367278226470684e-01 3.0091295872765740e-04
-9.2337158452422474e-01 3.0148249127804504e-04
-9.2306981734412485e-01 3.0205183790504755e-04
-9.2276748091050576e-01 3.0262099825801415e-04
-9.2246457540981719e-01 3.0318997198543879e-04
-9.2216110102885973e-01 3.0375875873680158e-04
-9.2185705795478479e-01 3.0432735816184211e-04
-9.2155244637509459e-01 3.0489576990928640e-04
-9.2124726647764188e-01 3.0546399362884274e-04
-9.2094151845062999e-01 3.0603202896927861e-04
-9.2063520248261232e-01 3.0659987558189910e-04
-9.2032831876249299e-01 3.0716753311454189e-04
-9.2002086747952572e-01 3.0773500121904294e-04
-9.1971284882331472e-01 3.0830227954375613e-04
-9.1940426298381372e-01 3.0886936774008402e-04
-9.1909511015132639e-01 3.0943626545845915e-04
-9.1878539051650621e-01 3.1000297234802456e-04
-9.1847510427035595e-01 3.1056948806014917e-04
-9.1816425160422788e-01 3.1113581224571078e-04
-9.1785283270982376e-01 3.1170194455436208e-04
-9.1754084777919431e-01 3.1226788463771044e-04
-9.1722829700473940e-01 3.1283363214668048e-04
-9.1691518057920784e-01 3.1339918673262661e-04
-9.1660149869569729e-01 3.1396454804675508e-04
-9.1628725154765422e-01 3.1452971573973346e-04
-9.1597243932887351e-01 3.1509468946385279e-04
-9.1565706223349863e-01 3.1565946887046506e-04
-9.1534112045602156e-01 3.1622405361053966e-04
-9.1502461419128212e-01 3.1678844333674273e-04
-9.1470754363446849e-01 3.1735263770081877e-04
-9.1438990898111694e-01 3.1791663635501123e-04
-9.1407171042711155e-01 3.1848043895068136e-04
-9.1375294816868402e-01 3.1904404514088928e-04
-9.1343362240241377e-01 3.1960745457814289e-04
-9.1311373332522783e-01 3.2017066691433657e-04
-9.1279328113440039e-01 3.2073368180308108e-04
-9.1247226602755316e-01 3.2129649889651101e-04
-9.1215068820265488e-01 3.2185911784756371e-04
-9.1182854785802137e-01 3.2242153830904234e-04
-9.1150584519231526e-01 3.2298375993442197e-04
-9.1118258040454592e-01 3.2354578237757912e-04
-9.1085875369406966e-01 3.2410760529069297e-04
-9.1053436526058895e-01 3.2466922832846267e-04
-9.1020941530415300e-01 3.2523065114370685e-04
-9.0988390402515706e-01 3.2579187339083115e-04
-9.0955783162434278e-01 3.2635289472292484e-04
-9.0923119830279764e-01 3.2691371479459788e-04
-9.0890400426195506e-01 3.2747433326036209e-04
-9.0857624970359452e-01 3.2803474977309132e-04
-9.0824793482984068e-01 3.2859496398917010e-04
-9.0791905984316434e-01 3.2915497556088979e-04
-9.0758962494638118e-01 3.2971478414463388e-04
-9.0725963034265245e-01 3.3027438939475535e-04
-9.0692907623548458e-01 3.3083379096569214e-04
-9.0659796282872895e-01 3.3139298851270264e-04
-9.0626629032658190e-01 3.3195198169099719e-04
-9.0593405893358459e-01 3.3251077015560834e-04
-9.0560126885462267e-01 3.3306935356278784e-04
-9.0526792029492664e-01 3.3362773156688874e-04
-9.0493401346007118e-01 3.3418590382409442e-04
-9.0459954855597535e-01 3.3474386998999755e-04
-9.0426452578890226e-01 3.3530162972093206e-04
-9.0392894536545909e-01 3.3585918267325373e-04
-9.0359280749259718e-01 3.3641652850164688e-04
-9.0325611237761128e-01 3.3697366686349456e-04
-9.0291886022813994e-01 3.3753059741507629e-04
-9.0258105125216526e-01 3.3808731981288130e-04
-9.0224268565801269e-01 3.3864383371359265e-04
-9.0190376365435099e-01 3.3920013877384409e-04
-9.0156428545019196e-01 3.3975623465093673e-04
-9.0122425125489047e-01 3.4031212100198881e-04
-9.0088366127814434e-01 3.4086779748336267e-04
-9.0054251572999411e-01 3.4142326375316746e-04
-9.0020081482082281e-01 3.4197851946825644e-04
-8.9985855876135601e-01 3.4253356428690627e-04
-8.9951574776266174e-01 3.4308839786625678e-04
-8.9917238203615013e-01 3.4364301986466474e-04
-8.9882846179357356e-01 3.4419742993943786e-04
-8.9848398724702627e-01 3.4475162774886609e-04
-8.9813895860894422e-01 3.4530561295197776e-04
-8.9779337609210541e-01 3.4585938520588039e-04
-8.9744723990962916e-01 3.4641294416947442e-04
-8.9710055027497615e-01 3.4696628950220220e-04
-8.9675330740194870e-01 3.4751942086167176e-04
-8.9640551150468994e-01 3.4807233790783198e-04
-8.9605716279768444e-01 3.4862504029855093e-04
-8.9570826149575722e-01 3.4917752769440162e-04
-8.9535880781407462e-01 3.4972979975298070e-04
-8.9500880196814314e-01 3.5028185613499691e-04
-8.9465824417381012e-01 3.5083369649927931e-04
-8.9430713464726308e-01 3.5138532050611775e-04
-8.9395547360502992e-01 3.5193672781508778e-04
-8.9360326126397860e-01 3.5248791808615665e-04
-8.9325049784131716e-01 3.5303889097902712e-04
-8.9289718355459335e-01 3.5358964615421029e-04
-8.9254331862169478e-01 3.5414018327172594e-04
-8.9218890326084843e-01 3.5469050199268858e-04
-8.9183393769062091e-01 3.5524060197743458e-04
-8.9147842212991812e-01 3.5579048288658861e-04
-8.9112235679798502e-01 3.5634014438158174e-04
-8.9076574191440583e-01 3.5688958612248393e-04
-8.9040857769910342e-01 3.5743880777128981e-04
-8.9005086437233960e-01 3.5798780898905341e-04
-8.8969260215471480e-01 3.5853658943700930e-04
-8.8933379126716783e-01 3.5908514877719806e-04
-8.8897443193097614e-01 3.5963348667023725e-04
-8.8861452436775501e-01 3.6018160277919347e-04
-8.8825406879945812e-01 3.6072949676544422e-04
-8.8789306544837687e-01 3.6127716829182331e-04
-8.8753151453714085e-01 3.6182461701918576e-04
-8.8716941628871693e-01 3.6237184261081186e-04
-8.8680677092640958e-01 3.6291884472971906e-04
-8.8644357867386092e-01 3.6346562303773614e-04
-8.8607983975505022e-01 3.6401217719738256e-04
-8.8571555439429361e-01 3.6455850687301542e-04
-8.8535072281624461e-01 3.6510461172668281e-04
-8.8498534524589345e-01 3.6565049142126926e-04
-8.8461942190856691e-01 3.6619614562107835e-04
-8.8425295302992857e-01 3.6674157398888303e-04
-8.8388593883597832e-01 3.6728677618848906e-04
-8.8351837955305224e-01 3.6783175188452751e-04
-8.8315027540782287e-01 3.6837650073969484e-04
-8.8278162662729853e-01 3.6892102241847433e-04
-8.8241243343882347e-01 3.6946531658505833e-04
-8.8204269607007768e-01 3.7000938290375777e-04
-8.8167241474907665e-01 3.7055322103956461e-04
-8.8130158970417161e-01 3.7109683065589987e-04
-8.8093022116404862e-01 3.7164021141916517e-04
-8.8055830935772939e-01 3.7218336299322451e-04
-8.8018585451457054e-01 3.7272628504253139e-04
-8.7981285686426325e-01 3.7326897723391538e-04
-8.7943931663683395e-01 3.7381143923117323e-04
-8.7906523406264325e-01 3.7435367070073455e-04
-8.7869060937238652e-01 3.7489567130761522e-04
-8.7831544279709328e-01 3.7543744071781863e-04
-8.7793973456812724e-01 3.7597897859745829e-04
-8.7756348491718628e-01 3.7652028461201476e-04
-8.7718669407630190e-01 3.7706135842867063e-04
-8.7680936227783979e-01 3.7760219971227644e-04
-8.7643148975449880e-01 3.7814280813025828e-04
-8.7605307673931143e-01 3.7868318334938504e-04
-8.7567412346564355e-01 3.7922332503588643e-04
-8.7529463016719411e-01 3.7976323285703598e-04
-8.7491459707799513e-01 3.8030290647985852e-04
-8.7453402443241157e-01 3.8084234557116196e-04
-8.7415291246514115e-01 3.8138154979798516e-04
-8.7377126141121397e-01 3.8192051882859901e-04
-8.7338907150599276e-01 3.8245925233048602e-04
-8.7300634298517255e-01 3.8299774997131009e-04
-8.7262307608478051e-01 3.8353601141887845e-04
-8.7223927104117582e-01 3.8407403634139879e-04
-8.7185492809104959e-01 3.8461182440677888e-04
-8.7147004747142454e-01 3.8514937528363522e-04
-8.7108462941965503e-01 3.8568668864050995e-04
-8.7069867417342683e-01 3.8622376414587547e-04
-8.7031218197075721e-01 3.8676060146842031e-04
-8.6992515304999418e-01 3.8729720027728292e-04
-8.6953758764981703e-01 3.8783356024137263e-04
-8.6914948600923569e-01 3.8836968103068205e-04
-8.6876084836759115e-01 3.8890556231323535e-04
-8.6837167496455459e-01 3.8944120375929039e-04
-8.6798196604012767e-01 3.8997660503860347e-04
-8.6759172183464239e-01 3.9051176582091034e-04
-8.6720094258876079e-01 3.9104668577629576e-04
-8.6680962854347487e-01 3.9158136457492705e-04
-8.6641777994010660e-01 3.9211580188638207e-04
-8.6602539702030734e-01 3.9264999738173933e-04
-8.6563248002605808e-01 3.9318395073161146e-04
-8.6523902919966933e-01 3.9371766160592350e-04
-8.6484504478378044e-01 3.9425112967679326e-04
-8.6445052702136027e-01 3.9478435461391394e-04
-8.6405547615570621e-01 3.9531733608939797e-04
-8.6365989243044461e-01 3.9585007377438900e-04
-8.6326377608953042e-01 3.9638256734010570e-04
-8.6286712737724702e-01 3.9691481645797257e-04
-8.6246994653820619e-01 3.9744682080019645e-04
-8.6207223381734766e-01 3.9797858003851532e-04
-8.6167398945993934e-01 3.9851009384497474e-04
-8.6127521371157689e-01 3.9904136189218998e-04
-8.6087590681818393e-01 3.9957238385157341e-04
-8.6047606902601126e-01 4.0010315939664417e-04
-8.6007570058163729e-01 4.0063368819990268e-04
-8.5967480173196775e-01 4.0116396993376032e-04
-8.5927337272423543e-01 4.0169400427094934e-04
-8.5887141380599985e-01 4.0222379088544860e-04
-8.5846892522514762e-01 4.0275332944987000e-04
-8.5806590722989173e-01 4.0328261963832723e-04
-8.5766236006877195e-01 4.0381166112361859e-04
-8.5725828399065418e-01 4.0434045357964704e-04
-8.5685367924473044e-01 4.0486899668093664e-04
-8.5644854608051901e-01 4.0539729010077272e-04
-8.5604288474786383e-01 4.0592533351388737e-04
-8.5563669549693466e-01 4.0645312659455941e-04
-8.5522997857822680e-01 4.0698066901733712e-04
-8.5482273424256106e-01 4.0750796045644396e-04
-8.5441496274108331e-01 4.0803500058692960e-04
-8.5400666432526473e-01 4.0856178908410106e-04
-8.5359783924690125e-01 4.0908832562276741e-04
-8.5318848775811373e-01 4.0961460987820207e-04
-8.5277861011134770e-01 4.1014064152552284e-04
-8.5236820655937295e-01 4.1066642024099187e-04
-8.5195727735528370e-01 4.1119194570053875e-04
-8.5154582275249857e-01 4.1171721757906959e-04
-8.5113384300475980e-01 4.1224223555361833e-04
-8.5072133836613384e-01 4.1276699929962516e-04
-8.5030830909101052e-01 4.1329150849420127e-04
-8.4989475543410342e-01 4.1381576281359939e-04
-8.4948067765044954e-01 4.1433976193407443e-04
-8.4906607599540895e-01 4.1486350553290321e-04
-8.4865095072466479e-01 4.1538699328735640e-04
-8.4823530209422326e-01 4.1591022487416526e-04
-8.4781913036041323e-01 4.1643319997074408e-04
-8.4740243577988617e-01 4.1695591825454173e-04
-8.4698521860961595e-01 4.1747837940330775e-04
-8.4656747910689889e-01 4.1800058309428040e-04
-8.4614921752935301e-01 4.1852252900675447e-04
-8.4573043413491888e-01 4.1904421681739768e-04
-8.4531112918185836e-01 4.1956564620556871e-04
-8.4489130292875525e-01 4.2008681684910877e-04
-8.4447095563451469e-01 4.2060772842703118e-04
-8.4405008755836330e-01 4.2112838061749130e-04
-8.4362869895984871e-01 4.2164877309980227e-04
-8.4320679009883959e-01 4.2216890555306971e-04
-8.4278436123552547e-01 4.2268877765649454e-04
-8.4236141263041664e-01 4.2320838908918460e-04
-8.4193794454434379e-01 4.2372773953088921e-04
-8.4151395723845790e-01 4.2424682866187298e-04
-8.4108945097423049e-01 4.2476565616105303e-04
-8.4066442601345281e-01 4.2528422170879233e-04
-8.4023888261823598e-01 4.2580252498587972e-04
-8.3981282105101107e-01 4.2632056567200040e-04
-8.3938624157452857e-01 4.2683834344764318e-04
-8.3895914445185815e-01 4.2735585799450631e-04
-8.3853152994638924e-01 4.2787310899195842e-04
-8.3810339832182978e-01 4.2839009612213430e-04
-8.3767474984220702e-01 4.2890681906549637e-04
-8.3724558477186661e-01 4.2942327750414245e-04
-8.3681590337547307e-01 4.2993947111910792e-04
-8.3638570591800931e-01 4.3045539959156930e-04
-8.3595499266477624e-01 4.3097106260424285e-04
-8.3552376388139304e-01 4.3148645983900256e-04
-8.3509201983379699e-01 4.3200159097712282e-04
-8.3465976078824267e-01 4.3251645570225266e-04
-8.3422698701130271e-01 4.3303105369591849e-04
-8.3379369876986698e-01 4.3354538464097307e-04
-8.3335989633114260e-01 4.3405944822023533e-04
-8.3292557996265382e-01 4.3457324411684680e-04
-8.3249074993224181e-01 4.3508677201393303e-04
-8.3205540650806464e-01 4.3560003159438934e-04
-8.3161954995859677e-01 4.3611302254223437e-04
-8.3118318055262919e-01 4.3662574454124002e-04
-8.3074629855926940e-01 4.3713819727416321e-04
-8.3030890424794057e-01 4.3765038042613004e-04
-8.2987099788838214e-01 4.3816229368084632e-04
-8.2943257975064921e-01 4.3867393672276071e-04
-8.2899365010511261e-01 4.3918530923588595e-04
-8.2855420922245848e-01 4.3969641090507353e-04
-8.2811425737368816e-01 4.4020724141571584e-04
-8.2767379483011838e-01 4.4071780045193301e-04
-8.2723282186338065e-01 4.4122808769903315e-04
-8.2679133874542121e-01 4.4173810284251045e-04
-8.2634934574850083e-01 4.4224784556840636e-04
-8.2590684314519514e-01 4.4275731556108708e-04
-8.2546383120839351e-01 4.4326651250743097e-04
-8.2502031021129973e-01 4.4377543609302783e-04
-8.2457628042743136e-01 4.4428408600456976e-04
-8.2413174213062002e-01 4.4479246192737965e-04
-8.2368669559501062e-01 4.4530056354839511e-04
-8.2324114109506163e-01 4.4580839055420715e-04
-8.2279507890554471e-01 4.4631594263189010e-04
-8.2234850930154468e-01 4.4682321946818657e-04
-8.2190143255845927e-01 4.4733022075033946e-04
-8.2145384895199880e-01 4.4783694616624698e-04
-8.2100575875818660e-01 4.4834339540216210e-04
-8.2055716225335784e-01 4.4884956814705281e-04
-8.2010805971416045e-01 4.4935546408770107e-04
-8.1965845141755411e-01 4.4986108291255407e-04
-8.1920833764081036e-01 4.5036642431034267e-04
-8.1875771866151270e-01 4.5087148796889054e-04
-8.1830659475755618e-01 4.5137627357634276e-04
-8.1785496620714693e-01 4.5188078082231175e-04
-8.1740283328880270e-01 4.5238500939467029e-04
-8.1695019628135190e-01 4.5288895898337028e-04
-8.1649705546393414e-01 4.5339262927692630e-04
-8.1604341111599943e-01 4.5389601996537649e-04
-8.1558926351730854e-01 4.5439913073786533e-04
-8.1513461294793255e-01 4.5490196128395908e-04
-8.1467945968825262e-01 4.5540451129374824e-04
-8.1422380401895988e-01 4.5590678045774922e-04
-8.1376764622105557e-01 4.5640876846546124e-04
-8.1331098657585021e-01 4.5691047500811269e-04
-8.1285382536496420e-01 4.5741189977546346e-04
-8.1239616287032690e-01 4.5791304245897612e-04
-8.1193799937417710e-01 4.5841390274898105e-04
-8.1147933515906223e-01 4.5891448033748365e-04
-8.1102017050783892e-01 4.5941477491483207e-04
-8.1056050570367211e-01 4.5991478617289844e-04
-8.1010034103003525e-01 4.6041451380336994e-04
-8.0963967677071003e-01 4.6091395749838594e-04
-8.0917851320978651e-01 4.6141311694887532e-04
-8.0871685063166221e-01 4.6191199184807884e-04
-8.0825468932104261e-01 4.6241058188835712e-04
-8.0779202956294094e-01 4.6290888676147089e-04
-8.0732887164267764e-01 4.6340690616021525e-04
-8.0686521584588022e-01 4.6390463977806566e-04
-8.0640106245848342e-01 4.6440208730797979e-04
-8.0593641176672892e-01 4.6489924844265426e-04
-8.0547126405716485e-01 4.6539612287601272e-04
-8.0500561961664607e-01 4.6589271030118915e-04
-8.0453947873233367e-01 4.6638901041200524e-04
-8.0407284169169468e-01 4.6688502290298712e-04
-8.0360570878250270e-01 4.6738074746743787e-04
-8.0313808029283640e-01 4.6787618380046068e-04
-8.0266995651108064e-01 4.6837133159575626e-04
-8.0220133772592539e-01 4.6886619054854924e-04
-8.0173222422636614e-01 4.6936076035308257e-04
-8.0126261630170326e-01 4.6985504070472310e-04
-8.0079251424154207e-01 4.7034903129871628e-04
-8.0032191833579269e-01 4.7084273183039670e-04
-7.9985082887466974e-01 4.7133614199533833e-04
-7.9937924614869238e-01 4.7182926148862074e-04
-7.9890717044868353e-01 4.7232209000735943e-04
-7.9843460206577077e-01 4.7281462724617726e-04
-7.9796154129138486e-01 4.7330687290255828e-04
-7.9748798841726065e-01 4.7379882667235811e-04
-7.9701394373543633e-01 4.7429048825224103e-04
-7.9653940753825336e-01 4.7478185733902987e-04
-7.9606438011835634e-01 4.7527293362983495e-04
-7.9558886176869281e-01 4.7576371682169372e-04
-7.9511285278251309e-01 4.7625420661188858e-04
-7.9463635345337003e-01 4.7674440269799791e-04
-7.9415936407511889e-01 4.7723430477768149e-04
-7.9368188494191716e-01 4.7772391254878886e-04
-7.9320391634822429e-01 4.7821322570951299e-04
-7.9272545858880161e-01 4.7870224395823552e-04
-7.9224651195871232e-01 4.7919096699283579e-04
-7.9176707675332059e-01 4.7967939451258352e-04
-7.9128715326829258e-01 4.8016752621547130e-04
-7.9080674179959498e-01 4.8065536180120561e-04
-7.9032584264349570e-01 4.8114290096872145e-04
-7.8984445609656340e-01 4.8163014341723234e-04
-7.8936258245566715e-01 4.8211708884662234e-04
-7.8888022201797670e-01 4.8260373695598285e-04
-7.8839737508096175e-01 4.8309008744547733e-04
-7.8791404194239212e-01 4.8357614001511955e-04
-7.8743022290033737e-01 4.8406189436549533e-04
-7.8694591825316684e-01 4.8454735019689307e-04
-7.8646112829954939e-01 4.8503250720951743e-04
-7.8597585333845288e-01 4.8551736510501375e-04
-7.8549009366914468e-01 4.8600192358343473e-04
-7.8500384959119074e-01 4.8648618234654748e-04
-7.8451712140445584e-01 4.8697014109572130e-04
-7.8402990940910344e-01 4.8745379953191767e-04
-7.8354221390559531e-01 4.8793715735733254e-04
-7.8305403519469108e-01 4.8842021427424390e-04
-7.8256537357744893e-01 4.8890296998379472e-04
-7.8207622935522436e-01 4.8938542418908192e-04
-7.8158660282967074e-01 4.8986757659235508e-04
-7.8109649430273875e-01 4.9034942689648361e-04
-7.8060590407667663e-01 4.9083097480344981e-04
-7.8011483245402913e-01 4.9131222001745850e-04
-7.7962327973763845e-01 4.9179316224063122e-04
-7.7913124623064300e-01 4.9227380117728196e-04
-7.7863873223647806e-01 4.9275413653041391e-04
-7.7814573805887499e-01 4.9323416800404747e-04
-7.7765226400186138e-01 4.9371389530209538e-04
-7.7715831036976069e-01 4.9419331812889029e-04
-7.7666387746719223e-01 4.9467243618854821e-04
-7.7616896559907089e-01 4.9515124918537794e-04
-7.7567357507060664e-01 4.9562975682499941e-04
-7.7517770618730519e-01 4.9610795881096972e-04
-7.7468135925496662e-01 4.9658585484969181e-04
-7.7418453457968628e-01 4.9706344464576287e-04
-7.7368723246785409e-01 4.9754072790432827e-04
-7.7318945322615407e-01 4.9801770433194044e-04
-7.7269119716156487e-01 4.9849437363381317e-04
-7.7219246458135893e-01 4.9897073551648696e-04
-7.7169325579310288e-01 4.9944678968530094e-04
-7.7119357110465658e-01 4.9992253584761690e-04
-7.7069341082417364e-01 5.0039797370991725e-04
-7.7019277526010110e-01 5.0087310297833700e-04
-7.6969166472117878e-01 5.0134792336054251e-04
-7.6919007951643970e-01 5.0182243456316558e-04
-7.6868801995520930e-01 5.0229663629425172e-04
-7.6818548634710593e-01 5.0277052826068805e-04
-7.6768247900204001e-01 5.0324411017047563e-04
-7.6717899823021418e-01 5.0371738173156789e-04
-7.6667504434212297e-01 5.0419034265242440e-04
-7.6617061764855288e-01 5.0466299264092563e-04
-7.6566571846058173e-01 5.0513533140600299e-04
-7.6516034708957903e-01 5.0560735865586492e-04
-7.6465450384720524e-01 5.0607907409960166e-04
-7.6414818904541182e-01 5.0655047744659228e-04
-7.6364140299644123e-01 5.0702156840567222e-04
-7.6313414601282636e-01 5.0749234668663026e-04
-7.6262641840739065e-01 5.0796281199892506e-04
-7.6211822049324762e-01 5.0843296405271273e-04
-7.6160955258380103e-01 5.0890280255770973e-04
-7.6110041499274428e-01 5.0937232722451703e-04
-7.6059080803406054e-01 5.0984153776344545e-04
-7.6008073202202242e-01 5.1031043388512513e-04
-7.5957018727119174e-01 5.1077901530060534e-04
-7.5905917409641965e-01 5.1124728172007819e-04
-7.5854769281284573e-01 5.1171523285564898e-04
-7.5803574373589844e-01 5.1218286841885562e-04
-7.5752332718129500e-01 5.1265018812035308e-04
-7.5701044346504054e-01 5.1311719167257831e-04
-7.5649709290342837e-01 5.1358387878762716e-04
-7.5598327581303981e-01 5.1405024917755993e-04
-7.5546899251074395e-01 5.1451630255436016e-04
-7.5495424331369709e-01 5.1498203863128587e-04
-7.5443902853934308e-01 5.1544745712090844e-04
-7.5392334850541287e-01 5.1591255773614708e-04
-7.5340720352992441e-01 5.1637734018978709e-04
-7.5289059393118207e-01 5.1684180419588575e-04
-7.5237352002777713e-01 5.1730594946742343e-04
-7.5185598213858695e-01 5.1776977571843432e-04
-7.5133798058277501e-01 5.1823328266324589e-04
-7.5081951567979099e-01 5.1869647001538384e-04
-7.5030058774937014e-01 5.1915933748932050e-04
-7.4978119711153324e-01 5.1962188479966925e-04
-7.4926134408658629e-01 5.2008411166171934e-04
-7.4874102899512085e-01 5.2054601778959411e-04
-7.4822025215801313e-01 5.2100760289860656e-04
-7.4769901389642401e-01 5.2146886670462569e-04
-7.4717731453179914e-01 5.2192980892294173e-04
-7.4665515438586860e-01 5.2239042926879246e-04
-7.4613253378064626e-01 5.2285072745900368e-04
-7.4560945303843040e-01 5.2331070320885890e-04
-7.4508591248180278e-01 5.2377035623503898e-04
-7.4456191243362868e-01 5.2422968625445460e-04
-7.4403745321705705e-01 5.2468869298319279e-04
-7.4351253515551974e-01 5.2514737613850826e-04
-7.4298715857273157e-01 5.2560573543776912e-04
-7.4246132379269036e-01 5.2606377059775868e-04
-7.4193503113967629e-01 5.2652148133628708e-04
-7.4140828093825195e-01 5.2697886737106548e-04
-7.4088107351326205e-01 5.2743592842032178e-04
-7.4035340918983339e-01 5.2789266420189994e-04
-7.3982528829337457e-01 5.2834907443384299e-04
-7.3929671114957551e-01 5.2880515883527201e-04
-7.3876767808440780e-01 5.2926091712437572e-04
-7.3823818942412389e-01 5.2971634902061575e-04
-7.3770824549525749e-01 5.3017145424269041e-04
-7.3717784662462282e-01 5.3062623251024692e-04
-7.3664699313931481e-01 5.3108068354279666e-04
-7.3611568536670879e-01 5.3153480705973844e-04
-7.3558392363446012e-01 5.3198860278125151e-04
-7.3505170827050414e-01 5.3244207042751641e-04
-7.3451903960305587e-01 5.3289520971926715e-04
-7.3398591796061019e-01 5.3334802037629104e-04
-7.3345234367194101e-01 5.3380050211969160e-04
-7.3291831706610155e-01 5.3425265467024611e-04
-7.3238383847242383e-01 5.3470447774940730e-04
-7.3184890822051862e-01 5.3515597107879457e-04
-7.3131352664027549e-01 5.3560713437928939e-04
-7.3077769406186210e-01 5.3605796737285667e-04
-7.3024141081572425e-01 5.3650846978163644e-04
-7.2970467723258559e-01 5.3695864132811228e-04
-7.2916749364344779e-01 5.3740848173405484e-04
-7.2862986037958988e-01 5.3785799072205841e-04
-7.2809177777256795e-01 5.3830716801555787e-04
-7.2755324615421557e-01 5.3875601333711368e-04
-7.2701426585664308e-01 5.3920452640986302e-04
-7.2647483721223749e-01 5.3965270695727663e-04
-7.2593496055366236e-01 5.4010055470282573e-04
-7.2539463621385736e-01 5.4054806937076734e-04
-7.2485386452603850e-01 5.4099525068471805e-04
-7.2431264582369759e-01 5.4144209836882421e-04
-7.2377098044060184e-01 5.4188861214820249e-04
-7.2322886871079439e-01 5.4233479174678597e-04
-7.2268631096859337e-01 5.4278063688951257e-04
-7.2214330754859191e-01 5.4322614730174747e-04
-7.2159985878565824e-01 5.4367132270818767e-04
-7.2105596501493485e-01 5.4411616283505347e-04
-7.2051162657183898e-01 5.4456066740770964e-04
-7.1996684379206211e-01 5.4500483615166654e-04
-7.1942161701156948e-01 5.4544866879346898e-04
-7.1887594656660048e-01 5.4589216505886997e-04
-7.1832983279366769e-01 5.4633532467510712e-04
-7.1778327602955749e-01 5.4677814736831139e-04
-7.1723627661132916e-01 5.4722063286586047e-04
-7.1668883487631529e-01 5.4766278089414544e-04
-7.1614095116212084e-01 5.4810459118119796e-04
-7.1559262580662353e-01 5.4854606345454849e-04
-7.1504385914797364e-01 5.4898719744133110e-04
-7.1449465152459324e-01 5.4942799287003229e-04
-7.1394500327517652e-01 5.4986844946876160e-04
-7.1339491473868955e-01 5.5030856696538957e-04
-7.1284438625436952e-01 5.5074834508924298e-04
-7.1229341816172531e-01 5.5118778356875162e-04
-7.1174201080053678e-01 5.5162688213284620e-04
-7.1119016451085471e-01 5.5206564051066363e-04
-7.1063787963300040e-01 5.5250405843196380e-04
-7.1008515650756587e-01 5.5294213562611251e-04
-7.0953199547541324e-01 5.5337987182311468e-04
-7.0897839687767472e-01 5.5381726675299671e-04
-7.0842436105575246e-01 5.5425432014585645e-04
-7.0786988835131814e-01 5.5469103173221034e-04
-7.0731497910631291e-01 5.5512740124270994e-04
-7.0675963366294703e-01 5.5556342840852981e-04
-7.0620385236369987e-01 5.5599911296065564e-04
-7.0564763555131971e-01 5.5643445462998456e-04
-7.0509098356882305e-01 5.5686945314869639e-04
-7.0453389675949518e-01 5.5730410824791356e-04
-7.0397637546688918e-01 5.5773841966007113e-04
-7.0341842003482635e-01 5.5817238711698951e-04
-7.0286003080739545e-01 5.5860601035149853e-04
-7.0230120812895314e-01 5.5903928909552714e-04
-7.0174195234412295e-01 5.5947222308247132e-04
-7.0118226379779580e-01 5.5990481204500791e-04
-7.0062214283512958e-01 5.6033705571630640e-04
-7.0006158980154831e-01 5.6076895383041505e-04
-6.9950060504274325e-01 5.6120050611992221e-04
-6.9893918890467110e-01 5.6163171231987761e-04
-6.9837734173355537e-01 5.6206257216316667e-04
-6.9781506387588466e-01 5.6249308538508383e-04
-6.9725235567841370e-01 5.6292325171955883e-04
-6.9668921748816226e-01 5.6335307090183610e-04
-6.9612564965241563e-01 5.6378254266620806e-04
-6.9556165251872382e-01 5.6421166674807332e-04
-6.9499722643490158e-01 5.6464044288287419e-04
-6.9443237174902828e-01 5.6506887080617929e-04
-6.9386708880944759e-01 5.6549695025370815e-04
-6.9330137796476732e-01 5.6592468096131206e-04
-6.9273523956385896e-01 5.6635206266571236e-04
-6.9216867395585802e-01 5.6677909510278502e-04
-6.9160168149016321e-01 5.6720577800935051e-04
-6.9103426251643640e-01 5.6763211112273882e-04
-6.9046641738460290e-01 5.6805809417926245e-04
-6.8989814644485037e-01 5.6848372691679255e-04
-6.8932945004762936e-01 5.6890900907252500e-04
-6.8876032854365254e-01 5.6933394038463430e-04
-6.8819078228389519e-01 5.6975852059028634e-04
-6.8762081161959399e-01 5.7018274942832465e-04
-6.8705041690224766e-01 5.7060662663696083e-04
-6.8647959848361639e-01 5.7103015195478907e-04
-6.8590835671572170e-01 5.7145332512045235e-04
-6.8533669195084612e-01 5.7187614587303113e-04
-6.8476460454153298e-01 5.7229861395199466e-04
-6.8419209484058641e-01 5.7272072909661975e-04
-6.8361916320107086e-01 5.7314249104662091e-04
-6.8304580997631104e-01 5.7356389954183351e-04
-6.8247203551989155e-01 5.7398495432259224e-04
-6.8189784018565691e-01 5.7440565512902996e-04
-6.8132322432771120e-01 5.7482600170149481e-04
-6.8074818830041750e-01 5.7524599378143491e-04
-6.8017273245839849e-01 5.7566563110924673e-04
-6.7959685715653539e-01 5.7608491342648227e-04
-6.7902056274996836e-01 5.7650384047422691e-04
-6.7844384959409576e-01 5.7692241199446546e-04
-6.7786671804457443e-01 5.7734062772877095e-04
-6.7728916845731901e-01 5.7775848741956494e-04
-6.7671120118850214e-01 5.7817599080891289e-04
-6.7613281659455393e-01 5.7859313763938683e-04
-6.7555401503216195e-01 5.7900992765358048e-04
-6.7497479685827066e-01 5.7942636059491663e-04
-6.7439516243008180e-01 5.7984243620618327e-04
-6.7381511210505363e-01 5.8025815423072449e-04
-6.7323464624090079e-01 5.8067351441250877e-04
-6.7265376519559428e-01 5.8108851649542835e-04
-6.7207246932736131e-01 5.8150316022308082e-04
-6.7149075899468469e-01 5.8191744533995452e-04
-6.7090863455630279e-01 5.8233137159084854e-04
-6.7032609637120955e-01 5.8274493872020547e-04
-6.6974314479865393e-01 5.8315814647309436e-04
-6.6915978019813993e-01 5.8357099459459543e-04
-6.6857600292942609e-01 5.8398348283031875e-04
-6.6799181335252567e-01 5.8439561092563823e-04
-6.6740721182770602e-01 5.8480737862650289e-04
-6.6682219871548865e-01 5.8521878567883393e-04
-6.6623677437664885e-01 5.8562983182889380e-04
-6.6565093917221529e-01 5.8604051682382941e-04
-6.6506469346347052e-01 5.8645084040954152e-04
-6.6447803761194979e-01 5.8686080233345860e-04
-6.6389097197944158e-01 5.8727040234238747e-04
-6.6330349692798674e-01 5.8767964018434479e-04
-6.6271561281987901e-01 5.8808851560641147e-04
-6.6212732001766417e-01 5.8849702835650595e-04
-6.6153861888414001e-01 5.8890517818291431e-04
-6.6094950978235623e-01 5.8931296483383071e-04
-6.6035999307561410e-01 5.8972038805772404e-04
-6.5977006912746627e-01 5.9012744760334477e-04
-6.5917973830171639e-01 5.9053414321997145e-04
-6.5858900096241935e-01 5.9094047465623985e-04
-6.5799785747388040e-01 5.9134644166197682e-04
-6.5740630820065549e-01 5.9175204398655937e-04
-6.5681435350755069e-01 5.9215728137996713e-04
-6.5622199375962209e-01 5.9256215359236998e-04
-6.5562922932217560e-01 5.9296666037414610e-04
-6.5503606056076680e-01 5.9337080147559072e-04
-6.5444248784120052e-01 5.9377457664749292e-04
-6.5384851152953061e-01 5.9417798564112632e-04
-6.5325413199205995e-01 5.9458102820763637e-04
-6.5265934959534011e-01 5.9498370409834613e-04
-6.5206416470617112e-01 5.9538601306471071e-04
-6.5146857769160105e-01 5.9578795485895348e-04
-6.5087258891892608e-01 5.9618952923312727e-04
-6.5027619875569009e-01 5.9659073593969897e-04
-6.4967940756968467e-01 5.9699157473095137e-04
-6.4908221572894853e-01 5.9739204535981332e-04
-6.4848462360176740e-01 5.9779214757970408e-04
-6.4788663155667425e-01 5.9819188114311299e-04
-6.4728823996244822e-01 5.9859124580412715e-04
-6.4668944918811511e-01 5.9899024131625114e-04
-6.4609025960294675e-01 5.9938886743365883e-04
-6.4549067157646123e-01 5.9978712390987982e-04
-6.4489068547842188e-01 6.0018501049998363e-04
-6.4429030167883783e-01 6.0058252695838741e-04
-6.4368952054796336e-01 6.0097967304009855e-04
-6.4308834245629798e-01 6.0137644849974736e-04
-6.4248676777458580e-01 6.0177285309280179e-04
-6.4188479687381539e-01 6.0216888657523731e-04
-6.4128243012522002e-01 6.0256454870232900e-04
-6.4067966790027686e-01 6.0295983923012151e-04
-6.4007651057070691e-01 6.0335475791512547e-04
-6.3947295850847496e-01 6.0374930451367317e-04
-6.3886901208578928e-01 6.0414347878219360e-04
-6.3826467167510115e-01 6.0453728047787545e-04
-6.3765993764910489e-01 6.0493070935791816e-04
-6.3705481038073764e-01 6.0532376517961548e-04
-6.3644929024317909e-01 6.0571644770026538e-04
-6.3584337760985099e-01 6.0610875667810760e-04
-6.3523707285441733e-01 6.0650069187104900e-04
-6.3463037635078379e-01 6.0689225303757466e-04
-6.3402328847309786e-01 6.0728343993582921e-04
-6.3341580959574817e-01 6.0767425232473847e-04
-6.3280794009336450e-01 6.0806468996345286e-04
-6.3219968034081753e-01 6.0845475261127476e-04
-6.3159103071321887e-01 6.0884444002712041e-04
-6.3098199158592017e-01 6.0923375197113687e-04
-6.3037256333451352e-01 6.0962268820301854e-04
-6.2976274633483087e-01 6.1001124848313753e-04
-6.2915254096294404e-01 6.1039943257161185e-04
-6.2854194759516424e-01 6.1078724022912945e-04
-6.2793096660804193e-01 6.1117467121673923e-04
-6.2731959837836682e-01 6.1156172529514116e-04
-6.2670784328316720e-01 6.1194840222583019e-04
-6.2609570169970996e-01 6.1233470177054225e-04
-6.2548317400550058e-01 6.1272062369061150e-04
-6.2487026057828232e-01 6.1310616774838331e-04
-6.2425696179603651e-01 6.1349133370606742e-04
-6.2364327803698205e-01 6.1387612132620772e-04
-6.2302920967957542e-01 6.1426053037120696e-04
-6.2241475710251015e-01 6.1464456060400161e-04
-6.2179992068471657e-01 6.1502821178817965e-04
-6.2118470080536203e-01 6.1541148368670067e-04
-6.2056909784385017e-01 6.1579437606336829e-04
-6.1995311217982085e-01 6.1617688868213555e-04
-6.1933674419314999e-01 6.1655902130717665e-04
-6.1871999426394941e-01 6.1694077370253982e-04
-6.1810286277256632e-01 6.1732214563292110e-04
-6.1748535009958327e-01 6.1770313686313036e-04
-6.1686745662581777e-01 6.1808374715853899e-04
-6.1624918273232254e-01 6.1846397628376583e-04
-6.1563052880038438e-01 6.1884382400504605e-04
-6.1501149521152498e-01 6.1922329008750883e-04
-6.1439208234749976e-01 6.1960237429750263e-04
-6.1377229059029825e-01 6.1998107640111203e-04
-6.1315212032214350e-01 6.2035939616501953e-04
-6.1253157192549224e-01 6.2073733335549772e-04
-6.1191064578303400e-01 6.2111488773997439e-04
-6.1128934227769172e-01 6.2149205908509811e-04
-6.1066766179262066e-01 6.2186884715861347e-04
-6.1004560471120883e-01 6.2224525172795164e-04
-6.0942317141707625e-01 6.2262127256127310e-04
-6.0880036229407519e-01 6.2299690942642643e-04
-6.0817717772628954e-01 6.2337216209188231e-04
-6.0755361809803476e-01 6.2374703032619481e-04
-6.0692968379385770e-01 6.2412151389804342e-04
-6.0630537519853611e-01 6.2449561257660422e-04
-6.0568069269707858e-01 6.2486932613137235e-04
-6.0505563667472451e-01 6.2524265433147087e-04
-6.0443020751694332e-01 6.2561559694703818e-04
-6.0380440560943482e-01 6.2598815374783799e-04
-6.0317823133812853e-01 6.2636032450423226e-04
-6.0255168508918366e-01 6.2673210898672943e-04
-6.0192476724898880e-01 6.2710350696605144e-04
-6.0129747820416179e-01 6.2747451821293908e-04
-6.0066981834154920e-01 6.2784514249892719e-04
-6.0004178804822639e-01 6.2821537959543354e-04
-5.9941338771149733e-01 6.2858522927371652e-04
-5.9878461771889391e-01 6.2895469130600803e-04
-5.9815547845817607e-01 6.2932376546453940e-04
-5.9752597031733168e-01 6.2969245152133036e-04
-5.9689609368457575e-01 6.3006074924943950e-04
-5.9626584894835077e-01 6.3042865842156818e-04
-5.9563523649732619e-01 6.3079617881086313e-04
-5.9500425672039825e-01 6.3116331019062049e-04
-5.9437291000668968e-01 6.3153005233442102e-04
-5.9374119674554948e-01 6.3189640501619285e-04
-5.9310911732655280e-01 6.3226236800984392e-04
-5.9247667213950050e-01 6.3262794108974137e-04
-5.9184386157441893e-01 6.3299312403069326e-04
-5.9121068602156002e-01 6.3335791660713023e-04
-5.9057714587140053e-01 6.3372231859434402e-04
-5.8994324151464228e-01 6.3408632976737472e-04
-5.8930897334221155e-01 6.3444994990181610e-04
-5.8867434174525890e-01 6.3481317877372675e-04
-5.8803934711515937e-01 6.3517601615853566e-04
-5.8740398984351139e-01 6.3553846183310393e-04
-5.8676827032213752e-01 6.3590051557333880e-04
-5.8613218894308328e-01 6.3626217715646925e-04
-5.8549574609861776e-01 6.3662344635893344e-04
-5.8485894218123258e-01 6.3698432295838741e-04
-5.8422177758364224e-01 6.3734480673216672e-04
-5.8358425269878367e-01 6.3770489745791192e-04
-5.8294636791981602e-01 6.3806459491339354e-04
-5.8230812364012019e-01 6.3842389887708740e-04
-5.8166952025329888e-01 6.3878280912747819e-04
-5.8103055815317650e-01 6.3914132544273892e-04
-5.8039123773379830e-01 6.3949944760213404e-04
-5.7975155938943068e-01 6.3985717538477362e-04
-5.7911152351456086e-01 6.4021450856983680e-04
-5.7847113050389620e-01 6.4057144693743849e-04
-5.7783038075236481e-01 6.4092799026691069e-04
-5.7718927465511438e-01 6.4128413833873120e-04
-5.7654781260751253e-01 6.4163989093322157e-04
-5.7590599500514650e-01 6.4199524783070834e-04
-5.7526382224382255e-01 6.4235020881231095e-04
-5.7462129471956602e-01 6.4270477365931773e-04
-5.7397841282862128e-01 6.4305894215267766e-04
-5.7333517696745107e-01 6.4341271407392770e-04
-5.7269158753273619e-01 6.4376608920536590e-04
-5.7204764492137594e-01 6.4411906732860489e-04
-5.7140334953048710e-01 6.4447164822614244e-04
-5.7075870175740406e-01 6.4482383168064199e-04
-5.7011370199967859e-01 6.4517561747484079e-04
-5.6946835065507950e-01 6.4552700539178198e-04
-5.6882264812159244e-01 6.4587799521473657e-04
-5.6817659479741955e-01 6.4622858672741697e-04
-5.6753019108097957e-01 6.4657877971313767e-04
-5.6688343737090685e-01 6.4692857395657352e-04
-5.6623633406605201e-01 6.4727796924166330e-04
-5.6558888156548115e-01 6.4762696535281038e-04
-5.6494108026847556e-01 6.4797556207506332e-04
-5.6429293057453178e-01 6.4832375919338548e-04
-5.6364443288336119e-01 6.4867155649299022e-04
-5.6299558759488977e-01 6.4901895375938864e-04
-5.6234639510925788e-01 6.4936595077827127e-04
-5.6169685582681994e-01 6.4971254733570583e-04
-5.6104697014814420e-01 6.5005874321809938e-04
-5.6039673847401261e-01 6.5040453821191941e-04
-5.5974616120542064e-01 6.5074993210356669e-04
-5.5909523874357658e-01 6.5109492468037791e-04
-5.5844397148990177e-01 6.5143951572954996e-04
-5.5779235984603015e-01 6.5178370503856352e-04
-5.5714040421380806e-01 6.5212749239517158e-04
-5.5648810499529400e-01 6.5247087758727796e-04
-5.5583546259275829e-01 6.5281386040321138e-04
-5.5518247740868298e-01 6.5315644063133503e-04
-5.5452914984576140e-01 6.5349861806052558e-04
-5.5387548030689815e-01 6.5384039247961927e-04
-5.5322146919520865e-01 6.5418176367785738e-04
-5.5256711691401883e-01 6.5452273144500368e-04
-5.5191242386686534e-01 6.5486329557045103e-04
-5.5125739045749478e-01 6.5520345584420855e-04
-5.5060201708986367e-01 6.5554321205649982e-04
-5.4994630416813806e-01 6.5588256399806493e-04
-5.4929025209669358e-01 6.5622151145951094e-04
-5.4863386128011504e-01 6.5656005423160612e-04
-5.4797713212319610e-01 6.5689819210557336e-04
-5.4732006503093888e-01 6.5723592487317148e-04
-5.4666266040855416e-01 6.5757325232596508e-04
-5.4600491866146084e-01 6.5791017425577013e-04
-5.4534684019528545e-01 6.5824669045525138e-04
-5.4468842541586271e-01 6.5858280071624613e-04
-5.4402967472923414e-01 6.5891850483204128e-04
-5.4337058854164877e-01 6.5925380259543396e-04
-5.4271116725956259e-01 6.5958869379948825e-04
-5.4205141128963785e-01 6.5992317823786498e-04
-5.4139132103874366e-01 6.6025725570423169e-04
-5.4073089691395504e-01 6.6059092599249120e-04
-5.4007013932255299e-01 6.6092418889681585e-04
-5.3940904867202399e-01 6.6125704421189928e-04
-5.3874762537006005e-01 6.6158949173250126e-04
-5.3808586982455842e-01 6.6192153125333212e-04
-5.3742378244362110e-01 6.6225316256971975e-04
-5.3676136363555471e-01 6.6258438547727577e-04
-5.3609861380887036e-01 6.6291519977163124e-04
-5.3543553337228322e-01 6.6324560524888380e-04
-5.3477212273471253e-01 6.6357560170495042e-04
-5.3410838230528079e-01 6.6390518893679124e-04
-5.3344431249331425e-01 6.6423436674085414e-04
-5.3277991370834210e-01 6.6456313491424792e-04
-5.3211518636009658e-01 6.6489149325394943e-04
-5.3145013085851223e-01 6.6521944155786058e-04
-5.3078474761372618e-01 6.6554697962367443e-04
-5.3011903703607777e-01 6.6587410724920756e-04
-5.2945299953610814e-01 6.6620082423258923e-04
-5.2878663552455973e-01 6.6652713037286114e-04
-5.2811994541237683e-01 6.6685302546833959e-04
-5.2745292961070456e-01 6.6717850931816917e-04
-5.2678558853088897e-01 6.6750358172150794e-04
-5.2611792258447654e-01 6.6782824247816827e-04
-5.2544993218321423e-01 6.6815249138793293e-04
-5.2478161773904930e-01 6.6847632825043138e-04
-5.2411297966412840e-01 6.6879975286639171e-04
-5.2344401837079813e-01 6.6912276503612578e-04
-5.2277473427160426e-01 6.6944536456045329e-04
-5.2210512777929163e-01 6.6976755124038563e-04
-5.2143519930680404e-01 6.7008932487733425e-04
-5.2076494926728356e-01 6.7041068527288843e-04
-5.2009437807407077e-01 6.7073163222891574e-04
-5.1942348614070444e-01 6.7105216554721352e-04
-5.1875227388092082e-01 6.7137228503039354e-04
-5.1808074170865392e-01 6.7169199048094062e-04
-5.1740889003803503e-01 6.7201128170163980e-04
-5.1673671928339238e-01 6.7233015849563497e-04
-5.1606422985925104e-01 6.7264862066625220e-04
-5.1539142218033263e-01 6.7296666801705421e-04
-5.1471829666155489e-01 6.7328430035206788e-04
-5.1404485371803166e-01 6.7360151747544066e-04
-5.1337109376507273e-01 6.7391831919121417e-04
-5.1269701721818306e-01 6.7423470530430542e-04
-5.1202262449306313e-01 6.7455067561934129e-04
-5.1134791600560814e-01 6.7486622994172363e-04
-5.1067289217190814e-01 6.7518136807687829e-04
-5.0999755340824782e-01 6.7549608983019280e-04
-5.0932190013110579e-01 6.7581039500784381e-04
-5.0864593275715486e-01 6.7612428341578710e-04
-5.0796965170326136e-01 6.7643775486066421e-04
-5.0729305738648522e-01 6.7675080914899504e-04
-5.0661615022407958e-01 6.7706344608758331e-04
-5.0593893063349016e-01 6.7737566548406187e-04
-5.0526139903235578e-01 6.7768746714559711e-04
-5.0458355583850756e-01 6.7799885087983813e-04
-5.0390540146996854e-01 6.7830981649504723e-04
-5.0322693634495408e-01 6.7862036379905805e-04
-5.0254816088187082e-01 6.7893049260059834e-04
-5.0186907549931692e-01 6.7924020270838795e-04
-5.0118968061608160e-01 6.7954949393153922e-04
-5.0050997665114516e-01 6.7985836607903295e-04
-4.9982996402367819e-01 6.8016681896070682e-04
-4.9914964315304194e-01 6.8047485238604622e-04
-4.9846901445878750e-01 6.8078246616535198e-04
-4.9778807836065597e-01 6.8108966010873163e-04
-4.9710683527857796e-01 6.8139643402678524e-04
-4.9642528563267335e-01 6.8170278773038782e-04
-4.9574342984325115e-01 6.8200872103055081e-04
-4.9506126833080916e-01 6.8231423373859570e-04
-4.9437880151603369e-01 6.8261932566606863e-04
-4.9369602981979926e-01 6.8292399662504171e-04
-4.9301295366316855e-01 6.8322824642745074e-04
-4.9232957346739198e-01 6.8353207488559234e-04
-4.9164588965390732e-01 6.8383548181228694e-04
-4.9096190264433975e-01 6.8413846702030084e-04
-4.9027761286050137e-01 6.8444103032279521e-04
-4.8959302072439093e-01 6.8474317153327405e-04
-4.8890812665819378e-01 6.8504489046526782e-04
-4.8822293108428133e-01 6.8534618693281556e-04
-4.8753743442521102e-01 6.8564706075006866e-04
-4.8685163710372598e-01 6.8594751173141940e-04
-4.8616553954275460e-01 6.8624753969175327e-04
-4.8547914216541066e-01 6.8654714444585775e-04
-4.8479244539499267e-01 6.8684632580905006e-04
-4.8410544965498381e-01 6.8714508359683725e-04
-4.8341815536905169e-01 6.8744341762491331e-04
-4.8273056296104794e-01 6.8774132770937099e-04
-4.8204267285500807e-01 6.8803881366653722e-04
-4.8135448547515125e-01 6.8833587531283175e-04
-4.8066600124587994e-01 6.8863251246506680e-04
-4.7997722059177961e-01 6.8892872494036306e-04
-4.7928814393761859e-01 6.8922451255602020e-04
-4.7859877170834775e-01 6.8951987512962088e-04
-4.7790910432910017e-01 6.8981481247909851e-04
-4.7721914222519107e-01 6.9010932442245575e-04
-4.7652888582211739e-01 6.9040341077803759e-04
-4.7583833554555738e-01 6.9069707136471719e-04
-4.7514749182137084e-01 6.9099030600113616e-04
-4.7445635507559830e-01 6.9128311450655843e-04
-4.7376492573446111e-01 6.9157549670037391e-04
-4.7307320422436094e-01 6.9186745240236241e-04
-4.7238119097187981e-01 6.9215898143236800e-04
-4.7168888640377948e-01 6.9245008361071877e-04
-4.7099629094700152e-01 6.9274075875779928e-04
-4.7030340502866674e-01 6.9303100669444381e-04
-4.6961022907607525e-01 6.9332082724155703e-04
-4.6891676351670591e-01 6.9361022022038045e-04
-4.6822300877821615e-01 6.9389918545256703e-04
-4.6752896528844179e-01 6.9418772275989596e-04
-4.6683463347539678e-01 6.9447583196431358e-04
-4.6614001376727271e-01 6.9476351288830121e-04
-4.6544510659243887e-01 6.9505076535437819e-04
-4.6474991237944185e-01 6.9533758918527281e-04
-4.6405443155700504e-01 6.9562398420434479e-04
-4.6335866455402885e-01 6.9590995023474363e-04
-4.6266261179958995e-01 6.9619548710029970e-04
-4.6196627372294141e-01 6.9648059462478894e-04
-4.6126965075351212e-01 6.9676527263247032e-04
-4.6057274332090675e-01 6.9704952094773432e-04
-4.5987555185490536e-01 6.9733333939531281e-04
-4.5917807678546319e-01 6.9761672780017654e-04
-4.5848031854271037e-01 6.9789968598749671e-04
-4.5778227755695161e-01 6.9818221378290803e-04
-4.5708395425866610e-01 6.9846431101205746e-04
-4.5638534907850703e-01 6.9874597750103223e-04
-4.5568646244730149e-01 6.9902721307609167e-04
-4.5498729479605005e-01 6.9930801756388215e-04
-4.5428784655592674e-01 6.9958839079107540e-04
-4.5358811815827843e-01 6.9986833258497386e-04
-4.5288811003462498e-01 7.0014784277271991e-04
-4.5218782261665852e-01 7.0042692118214508e-04
-4.5148725633624365e-01 7.0070556764097246e-04
-4.5078641162541672e-01 7.0098378197753521e-04
-4.5008528891638599e-01 7.0126156402011588e-04
-4.4938388864153106e-01 7.0153891359745044e-04
-4.4868221123340274e-01 7.0181583053844396e-04
-4.4798025712472267e-01 7.0209231467240237e-04
-4.4727802674838318e-01 7.0236836582882641e-04
-4.4657552053744698e-01 7.0264398383748747e-04
-4.4587273892514695e-01 7.0291916852827964e-04
-4.4516968234488563e-01 7.0319391973167771e-04
-4.4446635123023537e-01 7.0346823727806412e-04
-4.4376274601493759e-01 7.0374212099842248e-04
-4.4305886713290288e-01 7.0401557072379928e-04
-4.4235471501821061e-01 7.0428858628551391e-04
-4.4165029010510859e-01 7.0456116751524032e-04
-4.4094559282801288e-01 7.0483331424488758e-04
-4.4024062362150751e-01 7.0510502630662033e-04
-4.3953538292034428e-01 7.0537630353278882e-04
-4.3882987115944222e-01 7.0564714575627066e-04
-4.3812408877388775e-01 7.0591755280991343e-04
-4.3741803619893410e-01 7.0618752452693224e-04
-4.3671171387000107e-01 7.0645706074090109e-04
-4.3600512222267485e-01 7.0672616128561829e-04
-4.3529826169270774e-01 7.0699482599507178e-04
-4.3459113271601790e-01 7.0726305470356630e-04
-4.3388373572868888e-01 7.0753084724571689e-04
-4.3317607116696966e-01 7.0779820345646168e-04
-4.3246813946727414e-01 7.0806512317082729e-04
-4.3175994106618110e-01 7.0833160622421219e-04
-4.3105147640043368e-01 7.0859765245224950e-04
-4.3034274590693922e-01 7.0886326169091482e-04
-4.2963375002276905e-01 7.0912843377637176e-04
-4.2892448918515808e-01 7.0939316854517955e-04
-4.2821496383150470e-01 7.0965746583403599e-04
-4.2750517439937047e-01 7.0992132547985354e-04
-4.2679512132647962e-01 7.1018474732006140e-04
-4.2608480505071916e-01 7.1044773119210915e-04
-4.2537422601013836e-01 7.1071027693379570e-04
-4.2466338464294845e-01 7.1097238438327525e-04
-4.2395228138752250e-01 7.1123405337892589e-04
-4.2324091668239516e-01 7.1149528375926893e-04
-4.2252929096626213e-01 7.1175607536337138e-04
-4.2181740467798029e-01 7.1201642803022150e-04
-4.2110525825656708e-01 7.1227634159934015e-04
-4.2039285214120031e-01 7.1253581591054836e-04
-4.1968018677121816e-01 7.1279485080362958e-04
-4.1896726258611844e-01 7.1305344611898144e-04
-4.1825408002555875e-01 7.1331160169707520e-04
-4.1754063952935599e-01 7.1356931737864696e-04
-4.1682694153748601e-01 7.1382659300492401e-04
-4.1611298649008360e-01 7.1408342841712200e-04
-4.1539877482744203e-01 7.1433982345689407e-04
-4.1468430699001285e-01 7.1459577796605675e-04
-4.1396958341840551e-01 7.1485129178684248e-04
-4.1325460455338719e-01 7.1510636476169835e-04
-4.1253937083588260e-01 7.1536099673326868e-04
-4.1182388270697357e-01 7.1561518754449389e-04
-4.1110814060789874e-01 7.1586893703866512e-04
-4.1039214498005350e-01 7.1612224505929602e-04
-4.0967589626498951e-01 7.1637511145013276e-04
-4.0895939490441452e-01 7.1662753605530362e-04
-4.0824264134019211e-01 7.1687951871907791e-04
-4.0752563601434139e-01 7.1713105928608416e-04
-4.0680837936903669e-01 7.1738215760118104e-04
-4.0609087184660742e-01 7.1763281350949409e-04
-4.0537311388953751e-01 7.1788302685657599e-04
-4.0465510594046561e-01 7.1813279748794495e-04
-4.0393684844218436e-01 7.1838212524964415e-04
-4.0321834183764022e-01 7.1863100998796831e-04
-4.0249958656993351e-01 7.1887945154933456e-04
-4.0178058308231773e-01 7.1912744978057776e-04
-4.0106133181819947e-01 7.1937500452878183e-04
-4.0034183322113820e-01 7.1962211564122246e-04
-3.9962208773484581e-01 7.1986878296559440e-04
-3.9890209580318658e-01 7.2011500634964999e-04
-3.9818185787017663e-01 7.2036078564167603e-04
-3.9746137437998386e-01 7.2060612069005511e-04
-3.9674064577692769e-01 7.2085101134338131e-04
-3.9601967250547848e-01 7.2109545745082228e-04
-3.9529845501025768e-01 7.2133945886151160e-04
-3.9457699373603727e-01 7.2158301542497654e-04
-3.9385528912773954e-01 7.2182612699109403e-04
-3.9313334163043695e-01 7.2206879340981894e-04
-3.9241115168935159e-01 7.2231101453162656e-04
-3.9168871974985520e-01 7.2255279020707469e-04
-3.9096604625746872e-01 7.2279412028703068e-04
-3.9024313165786206e-01 7.2303500462266284e-04
-3.8951997639685371e-01 7.2327544306555257e-04
-3.8879658092041081e-01 7.2351543546722596e-04
-3.8807294567464834e-01 7.2375498167989065e-04
-3.8734907110582945e-01 7.2399408155562276e-04
-3.8662495766036464e-01 7.2423273494710036e-04
-3.8590060578481189e-01 7.2447094170706992e-04
-3.8517601592587608e-01 7.2470870168869284e-04
-3.8445118853040899e-01 7.2494601474526260e-04
-3.8372612404540873e-01 7.2518288073056421e-04
-3.8300082291801979e-01 7.2541929949839574e-04
-3.8227528559553248e-01 7.2565527090301017e-04
-3.8154951252538283e-01 7.2589079479886580e-04
-3.8082350415515220e-01 7.2612587104073899e-04
-3.8009726093256713e-01 7.2636049948363555e-04
-3.7937078330549895e-01 7.2659467998284640e-04
-3.7864407172196346e-01 7.2682841239407700e-04
-3.7791712663012095e-01 7.2706169657303231e-04
-3.7718994847827558e-01 7.2729453237586656e-04
-3.7646253771487515e-01 7.2752691965912374e-04
-3.7573489478851113e-01 7.2775885827931503e-04
-3.7500702014791798e-01 7.2799034809351590e-04
-3.7427891424197313e-01 7.2822138895894798e-04
-3.7355057751969667e-01 7.2845198073306677e-04
-3.7282201043025093e-01 7.2868212327375354e-04
-3.7209321342294038e-01 7.2891181643902929e-04
-3.7136418694721124e-01 7.2914106008731326e-04
-3.7063493145265131e-01 7.2936985407715004e-04
-3.6990544738898956e-01 7.2959819826744026e-04
-3.6917573520609592e-01 7.2982609251744806e-04
-3.6844579535398109e-01 7.3005353668650767e-04
-3.6771562828279597e-01 7.3028053063451997e-04
-3.6698523444283182e-01 7.3050707422137441e-04
-3.6625461428451966e-01 7.3073316730733716e-04
-3.6552376825842997e-01 7.3095880975310005e-04
-3.6479269681527265e-01 7.3118400141944514e-04
-3.6406140040589663e-01 7.3140874216747007e-04
-3.6332987948128947e-01 7.3163303185860146e-04
-3.6259813449257727e-01 7.3185687035452101e-04
-3.6186616589102427e-01 7.3208025751718864e-04
-3.6113397412803261e-01 7.3230319320886125e-04
-3.6040155965514203e-01 7.3252567729209007e-04
-3.5966892292402974e-01 7.3274770962955950e-04
-3.5893606438650988e-01 7.3296929008442846e-04
-3.5820298449453342e-01 7.3319041852001107e-04
-3.5746968370018783e-01 7.3341109479996074e-04
-3.5673616245569684e-01 7.3363131878818703e-04
-3.5600242121342013e-01 7.3385109034882076e-04
-3.5526846042585297e-01 7.3407040934643617e-04
-3.5453428054562619e-01 7.3428927564567431e-04
-3.5379988202550550e-01 7.3450768911162412e-04
-3.5306526531839166e-01 7.3472564960957163e-04
-3.5233043087731986e-01 7.3494315700513703e-04
-3.5159537915545963e-01 7.3516021116413392e-04
-3.5086011060611444e-01 7.3537681195274737e-04
-3.5012462568272157e-01 7.3559295923732854e-04
-3.4938892483885159e-01 7.3580865288467776e-04
-3.4865300852820835e-01 7.3602389276173708e-04
-3.4791687720462861e-01 7.3623867873569520e-04
-3.4718053132208149e-01 7.3645301067425800e-04
-3.4644397133466875e-01 7.3666688844507106e-04
-3.4570719769662400e-01 7.3688031191632196e-04
-3.4497021086231255e-01 7.3709328095644244e-04
-3.4423301128623141e-01 7.3730579543397883e-04
-3.4349559942300856e-01 7.3751785521795595e-04
-3.4275797572740302e-01 7.3772946017757726e-04
-3.4202014065430436e-01 7.3794061018239276e-04
-3.4128209465873266e-01 7.3815130510209988e-04
-3.4054383819583794e-01 7.3836154480678821e-04
-3.3980537172090003e-01 7.3857132916685668e-04
-3.3906669568932829e-01 7.3878065805291367e-04
-3.3832781055666139e-01 7.3898953133577693e-04
-3.3758871677856678e-01 7.3919794888677409e-04
-3.3684941481084074e-01 7.3940591057728344e-04
-3.3610990510940786e-01 7.3961341627910078e-04
-3.3537018813032088e-01 7.3982046586421697e-04
-3.3463026432976034e-01 7.4002705920496307e-04
-3.3389013416403435e-01 7.4023319617391508e-04
-3.3314979808957818e-01 7.4043887664404550e-04
-3.3240925656295428e-01 7.4064410048836529e-04
-3.3166851004085163e-01 7.4084886758042157e-04
-3.3092755898008569e-01 7.4105317779391033e-04
-3.3018640383759812e-01 7.4125703100276909e-04
-3.2944504507045630e-01 7.4146042708138587e-04
-3.2870348313585329e-01 7.4166336590426841e-04
-3.2796171849110739e-01 7.4186584734630908e-04
-3.2721975159366201e-01 7.4206787128255013e-04
-3.2647758290108514e-01 7.4226943758848275e-04
-3.2573521287106927e-01 7.4247054613981844e-04
-3.2499264196143118e-01 7.4267119681241649e-04
-3.2424987063011129e-01 7.4287138948268881e-04
-3.2350689933517385e-01 7.4307112402706768e-04
-3.2276372853480634e-01 7.4327040032236887e-04
-3.2202035868731915e-01 7.4346921824581841e-04
-3.2127679025114564e-01 7.4366757767469513e-04
-3.2053302368484154e-01 7.4386547848666633e-04
-3.1978905944708469e-01 7.4406292055978420e-04
-3.1904489799667496e-01 7.4425990377218962e-04
-3.1830053979253370e-01 7.4445642800251548e-04
-3.1755598529370382e-01 7.4465249312940650e-04
-3.1681123495934904e-01 7.4484809903208515e-04
-3.1606628924875396e-01 7.4504324558990434e-04
-3.1532114862132371e-01 7.4523793268246180e-04
-3.1457581353658359e-01 7.4543216018969059e-04
-3.1383028445417877e-01 7.4562592799187039e-04
-3.1308456183387406e-01 7.4581923596949914e-04
-3.1233864613555373e-01 7.4601208400333705e-04
-3.1159253781922108e-01 7.4620447197440963e-04
-3.1084623734499806e-01 7.4639639976419882e-04
-3.1009974517312533e-01 7.4658786725421695e-04
-3.0935306176396160e-01 7.4677887432647171e-04
-3.0860618757798364e-01 7.4696942086312158e-04
-3.0785912307578578e-01 7.4715950674669241e-04
-3.0711186871807977e-01 7.4734913185992079e-04
-3.0636442496569449e-01 7.4753829608587442e-04
-3.0561679227957544e-01 7.4772699930790334e-04
-3.0486897112078482e-01 7.4791524140965554e-04
-3.0412096195050098e-01 7.4810302227500992e-04
-3.0337276523001822e-01 7.4829034178819907e-04
-3.0262438142074649e-01 7.4847719983369917e-04
-3.0187581098421123e-01 7.4866359629620198e-04
-3.0112705438205278e-01 7.4884953106083951e-04
-3.0037811207602638e-01 7.4903500401297485e-04
-2.9962898452800191e-01 7.4922001503809738e-04
-2.9887967219996325e-01 7.4940456402223393e-04
-2.9813017555400845e-01 7.4958865085150359e-04
-2.9738049505234909e-01 7.4977227541240773e-04
-2.9663063115731020e-01 7.4995543759171618e-04
-2.9588058433132985e-01 7.5013813727648143e-04
-2.9513035503695900e-01 7.5032037435401281e-04
-2.9437994373686116e-01 7.5050214871186694e-04
-2.9362935089381187e-01 7.5068346023809062e-04
-2.9287857697069891e-01 7.5086430882072774e-04
-2.9212762243052159e-01 7.5104469434828305e-04
-2.9137648773639058e-01 7.5122461670954128e-04
-2.9062517335152765e-01 7.5140407579355687e-04
-2.8987367973926548e-01 7.5158307148963431e-04
-2.8912200736304716e-01 7.5176160368742274e-04
-2.8837015668642618e-01 7.5193967227673545e-04
-2.8761812817306576e-01 7.5211727714789888e-04
-2.8686592228673907e-01 7.5229441819121086e-04
-2.8611353949132839e-01 7.5247109529757571e-04
-2.8536098025082529e-01 7.5264730835796509e-04
-2.8460824502933008e-01 7.5282305726372654e-04
-2.8385533429105159e-01 7.5299834190646186e-04
-2.8310224850030691e-01 7.5317316217809809e-04
-2.8234898812152109e-01 7.5334751797080375e-04
-2.8159555361922683e-01 7.5352140917707346e-04
-2.8084194545806418e-01 7.5369483568970218e-04
-2.8008816410278042e-01 7.5386779740161834e-04
-2.7933421001822945e-01 7.5404029420628540e-04
-2.7858008366937187e-01 7.5421232599721369e-04
-2.7782578552127429e-01 7.5438389266845724e-04
-2.7707131603910956e-01 7.5455499411406228e-04
-2.7631667568815593e-01 7.5472563022861271e-04
-2.7556186493379720e-01 7.5489580090682133e-04
-2.7480688424152216e-01 7.5506550604373900e-04
-2.7405173407692440e-01 7.5523474553477023e-04
-2.7329641490570206e-01 7.5540351927553347e-04
-2.7254092719365752e-01 7.5557182716189596e-04
-2.7178527140669712e-01 7.5573966909006076e-04
-2.7102944801083073e-01 7.5590704495656451e-04
-2.7027345747217169e-01 7.5607395465819788e-04
-2.6951730025693632e-01 7.5624039809199842e-04
-2.6876097683144390e-01 7.5640637515531420e-04
-2.6800448766211610e-01 7.5657188574576606e-04
-2.6724783321547674e-01 7.5673692976134879e-04
-2.6649101395815161e-01 7.5690150710029213e-04
-2.6573403035686832e-01 7.5706561766097555e-04
-2.6497688287845550e-01 7.5722926134234555e-04
-2.6421957198984314e-01 7.5739243804336673e-04
-2.6346209815806182e-01 7.5755514766348152e-04
-2.6270446185024265e-01 7.5771739010230732e-04
-2.6194666353361706e-01 7.5787916525979319e-04
-2.6118870367551617e-01 7.5804047303621163e-04
-2.6043058274337089e-01 7.5820131333204218e-04
-2.5967230120471135e-01 7.5836168604813739e-04
-2.5891385952716689e-01 7.5852159108554874e-04
-2.5815525817846546e-01 7.5868102834567117e-04
-2.5739649762643352e-01 7.5883999773019271e-04
-2.5663757833899570e-01 7.5899849914107807e-04
-2.5587850078417451e-01 7.5915653248060614e-04
-2.5511926543009017e-01 7.5931409765126140e-04
-2.5435987274496002e-01 7.5947119455594704e-04
-2.5360032319709863e-01 7.5962782309771197e-04
-2.5284061725491719e-01 7.5978398317999552e-04
-2.5208075538692337e-01 7.5993967470647055e-04
-2.5132073806172095e-01 7.6009489758115524e-04
-2.5056056574800967e-01 7.6024965170829123e-04
-2.4980023891458472e-01 7.6040393699250625e-04
-2.4903975803033676e-01 7.6055775333857113e-04
-2.4827912356425128e-01 7.6071110065170004e-04
-2.4751833598540859e-01 7.6086397883727574e-04
-2.4675739576298342e-01 7.6101638780102468e-04
-2.4599630336624456e-01 7.6116832744896692e-04
-2.4523505926455469e-01 7.6131979768741536e-04
-2.4447366392737011e-01 7.6147079842292379e-04
-2.4371211782424024e-01 7.6162132956241520e-04
-2.4295042142480761e-01 7.6177139101303592e-04
-2.4218857519880740e-01 7.6192098268220560e-04
-2.4142657961606714e-01 7.6207010447772974e-04
-2.4066443514650654e-01 7.6221875630762606e-04
-2.3990214226013704e-01 7.6236693808023101e-04
-2.3913970142706170e-01 7.6251464970412605e-04
-2.3837711311747478e-01 7.6266189108824744e-04
-2.3761437780166147e-01 7.6280866214178651e-04
-2.3685149594999763e-01 7.6295496277424015e-04
-2.3608846803294953e-01 7.6310079289534948e-04
-2.3532529452107342e-01 7.6324615241521725e-04
-2.3456197588501543e-01 7.6339104124420497e-04
-2.3379851259551115e-01 7.6353545929293406e-04
-2.3303490512338540e-01 7.6367940647235270e-04
-2.3227115393955186e-01 7.6382288269370355e-04
-2.3150725951501291e-01 7.6396588786847418e-04
-2.3074322232085925e-01 7.6410842190848980e-04
-2.2997904282826953e-01 7.6425048472587289e-04
-2.2921472150851033e-01 7.6439207623297352e-04
-2.2845025883293552e-01 7.6453319634250646e-04
-2.2768565527298623e-01 7.6467384496743131e-04
-2.2692091130019051e-01 7.6481402202098492e-04
-2.2615602738616292e-01 7.6495372741676795e-04
-2.2539100400260434e-01 7.6509296106860023e-04
-2.2462584162130170e-01 7.6523172289061543e-04
-2.2386054071412764e-01 7.6537001279723368e-04
-2.2309510175304018e-01 7.6550783070319342e-04
-2.2232952521008253e-01 7.6564517652347966e-04
-2.2156381155738272e-01 7.6578205017340971e-04
-2.2079796126715334e-01 7.6591845156857516e-04
-2.2003197481169129e-01 7.6605438062481992e-04
-2.1926585266337734e-01 7.6618983725837138e-04
-2.1849959529467600e-01 7.6632482138567549e-04
-2.1773320317813522e-01 7.6645933292346672e-04
-2.1696667678638595e-01 7.6659337178880882e-04
-2.1620001659214202e-01 7.6672693789904545e-04
-2.1543322306819976e-01 7.6686003117179525e-04
-2.1466629668743770e-01 7.6699265152498682e-04
-2.1389923792281632e-01 7.6712479887683360e-04
-2.1313204724737772e-01 7.6725647314582310e-04
-2.1236472513424542e-01 7.6738767425078662e-04
-2.1159727205662388e-01 7.6751840211078826e-04
-2.1082968848779840e-01 7.6764865664523125e-04
-2.1006197490113479e-01 7.6777843777374769e-04
-2.0929413177007894e-01 7.6790774541635231e-04
-2.0852615956815673e-01 7.6803657949324857e-04
-2.0775805876897355e-01 7.6816493992502410e-04
-2.0698982984621414e-01 7.6829282663252508e-04
-2.0622147327364229e-01 7.6842023953684340e-04
-2.0545298952510041e-01 7.6854717855944573e-04
-2.0468437907450945e-01 7.6867364362202242e-04
-2.0391564239586846e-01 7.6879963464658455e-04
-2.0314677996325425e-01 7.6892515155544869e-04
-2.0237779225082131e-01 7.6905019427119176e-04
-2.0160867973280130e-01 7.6917476271672720e-04
-2.0083944288350289e-01 7.6929885681523190e-04
-2.0007008217731145e-01 7.6942247649012900e-04
-1.9930059808868864e-01 7.6954562166522804e-04
-1.9853099109217229e-01 7.6966829226458291e-04
-1.9776126166237601e-01 7.6979048821252478e-04
-1.9699141027398889e-01 7.6991220943370853e-04
-1.9622143740177528e-01 7.7003345585305435e-04
-1.9545134352057436e-01 7.7015422739582439e-04
-1.9468112910530003e-01 7.7027452398751228e-04
-1.9391079463094049e-01 7.7039434555392454e-04
-1.9314034057255797e-01 7.7051369202118028e-04
-1.9236976740528844e-01 7.7063256331568332e-04
-1.9159907560434133e-01 7.7075095936413247e-04
-1.9082826564499927e-01 7.7086888009348341e-04
-1.9005733800261768e-01 7.7098632543105166e-04
-1.8928629315262466e-01 7.7110329530436265e-04
-1.8851513157052047e-01 7.7121978964133102e-04
-1.8774385373187744e-01 7.7133580837009639e-04
-1.8697246011233959e-01 7.7145135141908766e-04
-1.8620095118762231e-01 7.7156641871709019e-04
-1.8542932743351209e-01 7.7168101019312637e-04
-1.8465758932586632e-01 7.7179512577651229e-04
-1.8388573734061281e-01 7.7190876539688581e-04
-1.8311377195374964e-01 7.7202192898416164e-04
-1.8234169364134484e-01 7.7213461646855888e-04
-1.8156950287953602e-01 7.7224682778058971e-04
-1.8079720014453021e-01 7.7235856285104193e-04
-1.8002478591260349e-01 7.7246982161100776e-04
-1.7925226066010064e-01 7.7258060399187955e-04
-1.7847962486343494e-01 7.7269090992532685e-04
-1.7770687899908785e-01 7.7280073934334591e-04
-1.7693402354360868e-01 7.7291009217819479e-04
-1.7616105897361439e-01 7.7301896836242778e-04
-1.7538798576578912e-01 7.7312736782892745e-04
-1.7461480439688415e-01 7.7323529051079873e-04
-1.7384151534371731e-01 7.7334273634152226e-04
-1.7306811908317296e-01 7.7344970525482530e-04
-1.7229461609220148e-01 7.7355619718476234e-04
-1.7152100684781918e-01 7.7366221206561989e-04
-1.7074729182710777e-01 7.7376774983204950e-04
-1.6997347150721429e-01 7.7387281041895969e-04
-1.6919954636535070e-01 7.7397739376154097e-04
-1.6842551687879354e-01 7.7408149979532408e-04
-1.6765138352488376e-01 7.7418512845609346e-04
-1.6687714678102636e-01 7.7428827967995447e-04
-1.6610280712469008e-01 7.7439095340327768e-04
-1.6532836503340714e-01 7.7449314956274848e-04
-1.6455382098477292e-01 7.7459486809535361e-04
-1.6377917545644571e-01 7.7469610893833249e-04
-1.6300442892614631e-01 7.7479687202930262e-04
-1.6222958187165790e-01 7.7489715730607439e-04
-1.6145463477082556e-01 7.7499696470683505e-04
-1.6067958810155611e-01 7.7509629417002771e-04
-1.5990444234181783e-01 7.7519514563437219e-04
-1.5912919796964003e-01 7.7529351903892992e-04
-1.5835385546311284e-01 7.7539141432303622e-04
-1.5757841530038696e-01 7.7548883142630363e-04
-1.5680287795967326e-01 7.7558577028866453e-04
-1.5602724391924258e-01 7.7568223085034489e-04
-1.5525151365742534e-01 7.7577821305184675e-04
-1.5447568765261141e-01 7.7587371683397613e-04
-1.5369976638324953e-01 7.7596874213785544e-04
-1.5292375032784739e-01 7.7606328890485340e-04
-1.5214763996497097e-01 7.7615735707667810e-04
-1.5137143577324447e-01 7.7625094659532429e-04
-1.5059513823134998e-01 7.7634405740306634e-04
-1.4981874781802712e-01 7.7643668944251103e-04
-1.4904226501207285e-01 7.7652884265648134e-04
-1.4826569029234099e-01 7.7662051698818501e-04
-1.4748902413774212e-01 7.7671171238108134e-04
-1.4671226702724324e-01 7.7680242877890837e-04
-1.4593541943986735e-01 7.7689266612574956e-04
-1.4515848185469332e-01 7.7698242436594913e-04
-1.4438145475085551e-01 7.7707170344414077e-04
-1.4360433860754346e-01 7.7716050330527088e-04
-1.4282713390400162e-01 7.7724882389459482e-04
-1.4204984111952909e-01 7.7733666515761930e-04
-1.4127246073347927e-01 7.7742402704018799e-04
-1.4049499322525955e-01 7.7751090948842113e-04
-1.3971743907433110e-01 7.7759731244875176e-04
-1.3893979876020851e-01 7.7768323586786283e-04
-1.3816207276245948e-01 7.7776867969280082e-04
-1.3738426156070457e-01 7.7785364387085801e-04
-1.3660636563461689e-01 7.7793812834964086e-04
-1.3582838546392179e-01 7.7802213307704413e-04
-1.3505032152839658e-01 7.7810565800126032e-04
-1.3427217430787022e-01 7.7818870307078103e-04
-1.3349394428222303e-01 7.7827126823440276e-04
-1.3271563193138641e-01 7.7835335344119761e-04
-1.3193723773534252e-01 7.7843495864053517e-04
-1.3115876217412398e-01 7.7851608378210889e-04
-1.3038020572781361e-01 7.7859672881588438e-04
-1.2960156887654412e-01 7.7867689369211614e-04
-1.2882285210049776e-01 7.7875657836138420e-04
-1.2804405587990611e-01 7.7883578277452745e-04
-1.2726518069504972e-01 7.7891450688273047e-04
-1.2648622702625786e-01 7.7899275063741816e-04
-1.2570719535390817e-01 7.7907051399034896e-04
-1.2492808615842645e-01 7.7914779689355429e-04
-1.2414889992028624e-01 7.7922459929939290e-04
-1.2336963712000863e-01 7.7930092116048504e-04
-1.2259029823816192e-01 7.7937676242976833e-04
-1.2181088375536132e-01 7.7945212306048295e-04
-1.2103139415226870e-01 7.7952700300613594e-04
-1.2025182990959218e-01 7.7960140222055763e-04
-1.1947219150808600e-01 7.7967532065786698e-04
-1.1869247942855006e-01 7.7974875827248791e-04
-1.1791269415182974e-01 7.7982171501911151e-04
-1.1713283615881555e-01 7.7989419085275498e-04
-1.1635290593044283e-01 7.7996618572873718e-04
-1.1557290394769149e-01 7.8003769960263399e-04
-1.1479283069158568e-01 7.8010873243035395e-04
-1.1401268664319349e-01 7.8017928416809811e-04
-1.1323247228362669e-01 7.8024935477234421e-04
-1.1245218809404041e-01 7.8031894419989688e-04
-1.1167183455563282e-01 7.8038805240783461e-04
-1.1089141214964487e-01 7.8045667935352440e-04
-1.1011092135736000e-01 7.8052482499465863e-04
-1.0933036266010381e-01 7.8059248928920636e-04
-1.0854973653924374e-01 7.8065967219544683e-04
-1.0776904347618886e-01 7.8072637367194314e-04
-1.0698828395238952e-01 7.8079259367756294e-04
-1.0620745844933703e-01 7.8085833217146541e-04
-1.0542656744856341e-01 7.8092358911309575e-04
-1.0464561143164104e-01 7.8098836446224167e-04
-1.0386459088018243e-01 7.8105265817894739e-04
-1.0308350627583990e-01 7.8111647022354369e-04
-1.0230235810030522e-01 7.8117980055669256e-04
-1.0152114683530940e-01 7.8124264913933736e-04
-1.0073987296262234e-01 7.8130501593272426e-04
-9.9958536964052574e-02 7.8136690089837654e-04
-9.9177139321446922e-02 7.8142830399815036e-04
-9.8395680516690245e-02 7.8148922519416021e-04
-9.7614161031705102e-02 7.8154966444884326e-04
-9.6832581348451463e-02 7.8160962172492843e-04
-9.6050941948926466e-02 7.8166909698544368e-04
-9.5269243315164037e-02 7.8172809019371185e-04
-9.4487485929234644e-02 7.8178660131333726e-04
-9.3705670273244987e-02 7.8184463030824827e-04
-9.2923796829337699e-02 7.8190217714266036e-04
-9.2141866079691048e-02 7.8195924178107686e-04
-9.1359878506518652e-02 7.8201582418830923e-04
-9.0577834592069167e-02 7.8207192432946666e-04
-8.9795734818625988e-02 7.8212754216994758e-04
-8.9013579668506967e-02 7.8218267767546173e-04
-8.8231369624064096e-02 7.8223733081200027e-04
-8.7449105167683255e-02 7.8229150154584615e-04
-8.6666786781783814e-02 7.8234518984362036e-04
-8.5884414948818461e-02 7.8239839567218275e-04
-8.5101990151272816e-02 7.8245111899875267e-04
-8.4319512871665170e-02 7.8250335979079615e-04
-8.3536983592546188e-02 7.8255511801610491e-04
-8.2754402796498580e-02 7.8260639364274756e-04
-8.1971770966136837e-02 7.8265718663911234e-04
-8.1189088584106936e-02 7.8270749697387297e-04
-8.0406356133086013e-02 7.8275732461600565e-04
-7.9623574095782093e-02 7.8280666953478312e-04
-7.8840742954933762e-02 7.8285553169976999e-04
-7.8057863193309901e-02 7.8290391108083517e-04
-7.7274935293709379e-02 7.8295180764815370e-04
-7.6491959738960752e-02 7.8299922137216066e-04
-7.5708937011921953e-02 7.8304615222363921e-04
-7.4925867595480006e-02 7.8309260017364254e-04
-7.4142751972550755e-02 7.8313856519352236e-04
-7.3359590626078497e-02 7.8318404725493675e-04
-7.2576384039035755e-02 7.8322904632983166e-04
-7.1793132694422959e-02 7.8327356239046874e-04
-7.1009837075268104e-02 7.8331759540938603e-04
-7.0226497664626533e-02 7.8336114535941775e-04
-6.9443114945580559e-02 7.8340421221372383e-04
-6.8659689401239218e-02 7.8344679594574034e-04
-6.7876221514737975e-02 7.8348889652920487e-04
-6.7092711769238367e-02 7.8353051393815327e-04
-6.6309160647927773e-02 7.8357164814691390e-04
-6.5525568634019093e-02 7.8361229913013477e-04
-6.4741936210750417e-02 7.8365246686274131e-04
-6.3958263861384784e-02 7.8369215131994996e-04
-6.3174552069209855e-02 7.8373135247730382e-04
-6.2390801317537575e-02 7.8377007031061598e-04
-6.1607012089703962e-02 7.8380830479601849e-04
-6.0823184869068743e-02 7.8384605590992875e-04
-6.0039320139015077e-02 7.8388332362905864e-04
-5.9255418382949253e-02 7.8392010793043576e-04
-5.8471480084300392e-02 7.8395640879137351e-04
-5.7687505726520164e-02 7.8399222618948030e-04
-5.6903495793082459e-02 7.8402756010267092e-04
-5.6119450767483106e-02 7.8406241050915377e-04
-5.5335371133239601e-02 7.8409677738743423e-04
-5.4551257373890751e-02 7.8413066071632385e-04
-5.3767109972996427e-02 7.8416406047492927e-04
-5.2982929414137236e-02 7.8419697664264666e-04
-5.2198716180914248e-02 7.8422940919917509e-04
-5.1414470756948667e-02 7.8426135812451352e-04
-5.0630193625881559e-02 7.8429282339897315e-04
-4.9845885271373534e-02 7.8432380500313172e-04
-4.9061546177104474e-02 7.8435430291788502e-04
-4.8277176826773203e-02 7.8438431712443506e-04
-4.7492777704097204e-02 7.8441384760427417e-04
-4.6708349292812340e-02 7.8444289433918203e-04
-4.5923892076672503e-02 7.8447145731124575e-04
-4.5139406539449374e-02 7.8449953650284760e-04
-4.4354893164932102e-02 7.8452713189668675e-04
-4.3570352436926980e-02 7.8455424347573287e-04
-4.2785784839257192e-02 7.8458087122326475e-04
-4.2001190855762482e-02 7.8460701512286010e-04
-4.1216570970298863e-02 7.8463267515840591e-04
-4.0431925666738339e-02 7.8465785131407015e-04
-3.9647255428968561e-02 7.8468254357433266e-04
-3.8862560740892588e-02 7.8470675192396529e-04
-3.8077842086428539e-02 7.8473047634802838e-04
-3.7293099949509308e-02 7.8475371683191014e-04
-3.6508334814082277e-02 7.8477647336125281e-04
-3.5723547164109026e-02 7.8479874592204393e-04
-3.4938737483565005e-02 7.8482053450054125e-04
-3.4153906256439243e-02 7.8484183908330489e-04
-3.3369053966734064e-02 7.8486265965719941e-04
-3.2584181098464789e-02 7.8488299620938580e-04
-3.1799288135659423e-02 7.8490284872731876e-04
-3.1014375562358362e-02 7.8492221719875753e-04
-3.0229443862614096e-02 7.8494110161175801e-04
-2.9444493520490913e-02 7.8495950195467564e-04
-2.8659525020064594e-02 7.8497741821616414e-04
-2.7874538845422125e-02 7.8499485038516247e-04
-2.7089535480661380e-02 7.8501179845093792e-04
-2.6304515409890847e-02 7.8502826240303876e-04
-2.5519479117229311e-02 7.8504424223128542e-04
-2.4734427086805552e-02 7.8505973792584441e-04
-2.3949359802758072e-02 7.8507474947717203e-04
-2.3164277749234765e-02 7.8508927687598350e-04
-2.2379181410392648e-02 7.8510332011332647e-04
-2.1594071270397534e-02 7.8511687918055159e-04
-2.0808947813423757e-02 7.8512995406928633e-04
-2.0023811523653852e-02 7.8514254477147789e-04
-1.9238662885278285e-02 7.8515465127935796e-04
-1.8453502382495119e-02 7.8516627358544804e-04
-1.7668330499509746e-02 7.8517741168260095e-04
-1.6883147720534571e-02 7.8518806556392574e-04
-1.6097954529788724e-02 7.8519823522287240e-04
-1.5312751411497749e-02 7.8520792065316731e-04
-1.4527538849893312e-02 7.8521712184882785e-04
-1.3742317329212911e-02 7.8522583880418092e-04
-1.2957087333699560e-02 7.8523407151384725e-04
-1.2171849347601509e-02 7.8524181997276666e-04
-1.1386603855171921e-02 7.8524908417614025e-04
-1.0601351340668605e-02 7.8525586411950599e-04
-9.8160922883536884e-03 7.8526215979866747e-04
-9.0308271824933364e-03 7.8526797120975517e-04
-8.2455565073574436e-03 7.8527329834917389e-04
-7.4602807472193434e-03 7.8527814121364715e-04
-6.6750003863555035e-03 7.8528249980018647e-04
-5.8897159090452247e-03 7.8528637410609577e-04
-5.1044277995703526e-03 7.8528976412900150e-04
-4.3191365422149703e-03 7.8529266986679370e-04
-3.5338426212650990e-03 7.8529509131769872e-04
-2.7485465210084093e-03 7.8529702848021256e-04
-1.9632487257339095e-03 7.8529848135314780e-04
-1.1779497197316558e-03 7.8529944993559805e-04
-3.9264998729245267e-04 7.8529993422697274e-04
3.9264998729245267e-04 7.8529993422697274e-04
1.1779497197316558e-03 7.8529944993559805e-04
1.9632487257339095e-03 7.8529848135314780e-04
2.7485465210084093e-03 7.8529702848021256e-04
3.5338426212650990e-03 7.8529509131769872e-04
4.3191365422149703e-03 7.8529266986679370e-04
5.1044277995703526e-03 7.8528976412900150e-04
5.8897159090452247e-03 7.8528637410609577e-04
6.6750003863555035e-03 7.8528249980018647e-04
7.4602807472193434e-03 7.8527814121364715e-04
8.2455565073574436e-03 7.8527329834917389e-04
9.0308271824933364e-03 7.8526797120975517e-04
9.8160922883536884e-03 7.8526215979866747e-04
1.0601351340668605e-02 7.8525586411950599e-04
1.1386603855171921e-02 7.8524908417614025e-04
1.2171849347601509e-02 7.8524181997276666e-04
1.2957087333699560e-02 7.8523407151384725e-04
1.3742317329212911e-02 7.8522583880418092e-04
1.4527538849893312e-02 7.8521712184882785e-04
1.5312751411497749e-02 7.8520792065316731e-04
1.6097954529788724e-02 7.8519823522287240e-04
1.6883147720534571e-02 7.8518806556392574e-04
1.7668330499509746e-02 7.8517741168260095e-04
1.8453502382495119e-02 7.8516627358544804e-04
1.9238662885278285e-02 7.8515465127935796e-04
2.0023811523653852e-02 7.8514254477147789e-04
2.0808947813423757e-02 7.8512995406928633e-04
2.1594071270397534e-02 7.8511687918055159e-04
2.2379181410392648e-02 7.8510332011332647e-04
2.3164277749234765e-02 7.8508927687598350e-04
2.3949359802758072e-02 7.8507474947717203e-04
2.4734427086805552e-02 7.8505973792584441e-04
2.5519479117229311e-02 7.8504424223128542e-04
2.6304515409890847e-02 7.8502826240303876e-04
2.7089535480661380e-02 7.8501179845093792e-04
2.7874538845422125e-02 7.8499485038516247e-04
2.8659525020064594e-02 7.8497741821616414e-04
2.9444493520490913e-02 7.8495950195467564e-04
3.0229443862614096e-02 7.8494110161175801e-04
3.1014375562358362e-02 7.8492221719875753e-04
3.1799288135659423e-02 7.8490284872731876e-04
3.2584181098464789e-02 7.8488299620938580e-04
3.3369053966734064e-02 7.8486265965719941e-04
3.4153906256439243e-02 7.8484183908330489e-04
3.4938737483565005e-02 7.8482053450054125e-04
3.5723547164109026e-02 7.8479874592204393e-04
3.6508334814082277e-02 7.8477647336125281e-04
3.7293099949509308e-02 7.8475371683191014e-04
3.8077842086428539e-02 7.8473047634802838e-04
3.8862560740892588e-02 7.8470675192396529e-04
3.9647255428968561e-02 7.8468254357433266e-04
4.0431925666738339e-02 7.8465785131407015e-04
4.1216570970298863e-02 7.8463267515840591e-04
4.2001190855762482e-02 7.8460701512286010e-04
4.2785784839257192e-02 7.8458087122326475e-04
4.3570352436926980e-02 7.8455424347573287e-04
4.4354893164932102e-02 7.8452713189668675e-04
4.5139406539449374e-02 7.8449953650284760e-04
4.5923892076672503e-02 7.8447145731124575e-04
4.6708349292812340e-02 7.8444289433918203e-04
4.7492777704097204e-02 7.8441384760427417e-04
4.8277176826773203e-02 7.8438431712443506e-04
4.9061546177104474e-02 7.8435430291788502e-04
4.9845885271373534e-02 7.8432380500313172e-04
5.0630193625881559e-02 7.8429282339897315e-04
5.1414470756948667e-02 7.8426135812451352e-04
5.2198716180914248e-02 7.8422940919917509e-04
5.2982929414137236e-02 7.8419697664264666e-04
5.3767109972996427e-02 7.8416406047492927e-04
5.4551257373890751e-02 7.8413066071632385e-04
5.5335371133239601e-02 7.8409677738743423e-04
5.6119450767483106e-02 7.8406241050915377e-04
5.6903495793082459e-02 7.8402756010267092e-04
5.7687505726520164e-02 7.8399222618948030e-04
5.8471480084300392e-02 7.8395640879137351e-04
5.9255418382949253e-02 7.8392010793043576e-04
6.0039320139015077e-02 7.8388332362905864e-04
6.0823184869068743e-02 7.8384605590992875e-04
6.1607012089703962e-02 7.8380830479601849e-04
6.2390801317537575e-02 7.8377007031061598e-04
6.3174552069209855e-02 7.8373135247730382e-04
6.3958263861384784e-02 7.8369215131994996e-04
6.4741936210750417e-02 7.8365246686274131e-04
6.5525568634019093e-02 7.8361229913013477e-04
6.6309160647927773e-02 7.8357164814691390e-04
6.7092711769238367e-02 7.8353051393815327e-04
6.7876221514737975e-02 7.8348889652920487e-04
6.8659689401239218e-02 7.8344679594574034e-04
6.9443114945580559e-02 7.8340421221372383e-04
7.0226497664626533e-02 7.8336114535941775e-04
7.1009837075268104e-02 7.8331759540938603e-04
7.1793132694422959e-02 7.8327356239046874e-04
7.2576384039035755e-02 7.8322904632983166e-04
7.3359590626078497e-02 7.8318404725493675e-04
7.4142751972550755e-02 7.8313856519352236e-04
7.4925867595480006e-02 7.8309260017364254e-04
7.5708937011921953e-02 7.8304615222363921e-04
7.6491959738960752e-02 7.8299922137216066e-04
7.7274935293709379e-02 7.8295180764815370e-04
7.8057863193309901e-02 7.8290391108083517e-04
7.8840742954933762e-02 7.8285553169976999e-04
7.9623574095782093e-02 7.8280666953478312e-04
8.0406356133086013e-02 7.8275732461600565e-04
8.1189088584106936e-02 7.8270749697387297e-04
8.1971770966136837e-02 7.8265718663911234e-04
8.2754402796498580e-02 7.8260639364274756e-04
8.3536983592546188e-02 7.8255511801610491e-04
8.4319512871665170e-02 7.8250335979079615e-04
8.5101990151272816e-02 7.8245111899875267e-04
8.5884414948818461e-02 7.8239839567218275e-04
8.6666786781783814e-02 7.8234518984362036e-04
8.7449105167683255e-02 7.8229150154584615e-04
8.8231369624064096e-02 7.8223733081200027e-04
8.9013579668506967e-02 7.8218267767546173e-04
8.9795734818625988e-02 7.8212754216994758e-04
9.0577834592069167e-02 7.8207192432946666e-04
9.1359878506518652e-02 7.8201582418830923e-04
9.2141866079691048e-02 7.8195924178107686e-04
9.2923796829337699e-02 7.8190217714266036e-04
9.3705670273244987e-02 7.8184463030824827e-04
9.4487485929234644e-02 7.8178660131333726e-04
9.5269243315164037e-02 7.8172809019371185e-04
9.6050941948926466e-02 7.8166909698544368e-04
9.6832581348451463e-02 7.8160962172492843e-04
9.7614161031705102e-02 7.8154966444884326e-04
9.8395680516690245e-02 7.8148922519416021e-04
9.9177139321446922e-02 7.8142830399815036e-04
9.9958536964052574e-02 7.8136690089837654e-04
1.0073987296262234e-01 7.8130501593272426e-04
1.0152114683530940e-01 7.8124264913933736e-04
1.0230235810030522e-01 7.8117980055669256e-04
1.0308350627583990e-01 7.8111647022354369e-04
1.0386459088018243e-01 7.8105265817894739e-04
1.0464561143164104e-01 7.8098836446224167e-04
1.0542656744856341e-01 7.8092358911309575e-04
1.0620745844933703e-01 7.8085833217146541e-04
1.0698828395238952e-01 7.8079259367756294e-04
1.0776904347618886e-01 7.8072637367194314e-04
1.0854973653924374e-01 7.8065967219544683e-04
1.0933036266010381e-01 7.8059248928920636e-04
1.1011092135736000e-01 7.8052482499465863e-04
1.1089141214964487e-01 7.8045667935352440e-04
1.1167183455563282e-01 7.8038805240783461e-04
1.1245218809404041e-01 7.8031894419989688e-04
1.1323247228362669e-01 7.8024935477234421e-04
1.1401268664319349e-01 7.8017928416809811e-04
1.1479283069158568e-01 7.8010873243035395e-04
1.1557290394769149e-01 7.8003769960263399e-04
1.1635290593044283e-01 7.7996618572873718e-04
1.1713283615881555e-01 7.7989419085275498e-04
1.1791269415182974e-01 7.7982171501911151e-04
1.1869247942855006e-01 7.7974875827248791e-04
1.1947219150808600e-01 7.7967532065786698e-04
1.2025182990959218e-01 7.7960140222055763e-04
1.2103139415226870e-01 7.7952700300613594e-04
1.2181088375536132e-01 7.7945212306048295e-04
1.2259029823816192e-01 7.7937676242976833e-04
1.2336963712000863e-01 7.7930092116048504e-04
1.2414889992028624e-01 7.7922459929939290e-04
1.2492808615842645e-01 7.7914779689355429e-04
1.2570719535390817e-01 7.7907051399034896e-04
1.2648622702625786e-01 7.7899275063741816e-04
1.2726518069504972e-01 7.7891450688273047e-04
1.2804405587990611e-01 7.7883578277452745e-04
1.2882285210049776e-01 7.7875657836138420e-04
1.2960156887654412e-01 7.7867689369211614e-04
1.3038020572781361e-01 7.7859672881588438e-04
1.3115876217412398e-01 7.7851608378210889e-04
1.3193723773534252e-01 7.7843495864053517e-04
1.3271563193138641e-01 7.7835335344119761e-04
1.3349394428222303e-01 7.7827126823440276e-04
1.3427217430787022e-01 7.7818870307078103e-04
1.3505032152839658e-01 7.7810565800126032e-04
1.3582838546392179e-01 7.7802213307704413e-04
1.3660636563461689e-01 7.7793812834964086e-04
1.3738426156070457e-01 7.7785364387085801e-04
1.3816207276245948e-01 7.7776867969280082e-04
1.3893979876020851e-01 7.7768323586786283e-04
1.3971743907433110e-01 7.7759731244875176e-04
1.4049499322525955e-01 7.7751090948842113e-04
1.4127246073347927e-01 7.7742402704018799e-04
1.4204984111952909e-01 7.7733666515761930e-04
1.4282713390400162e-01 7.7724882389459482e-04
1.4360433860754346e-01 7.7716050330527088e-04
1.4438145475085551e-01 7.7707170344414077e-04
1.4515848185469332e-01 7.7698242436594913e-04
1.4593541943986735e-01 7.7689266612574956e-04
1.4671226702724324e-01 7.7680242877890837e-04
1.4748902413774212e-01 7.7671171238108134e-04
1.4826569029234099e-01 7.7662051698818501e-04
1.4904226501207285e-01 7.7652884265648134e-04
1.4981874781802712e-01 7.7643668944251103e-04
1.5059513823134998e-01 7.7634405740306634e-04
1.5137143577324447e-01 7.7625094659532429e-04
1.5214763996497097e-01 7.7615735707667810e-04
1.5292375032784739e-01 7.7606328890485340e-04
1.5369976638324953e-01 7.7596874213785544e-04
1.5447568765261141e-01 7.7587371683397613e-04
1.5525151365742534e-01 7.7577821305184675e-04
1.5602724391924258e-01 7.7568223085034489e-04
1.5680287795967326e-01 7.7558577028866453e-04
1.5757841530038696e-01 7.7548883142630363e-04
1.5835385546311284e-01 7.7539141432303622e-04
1.5912919796964003e-01 7.7529351903892992e-04
1.5990444234181783e-01 7.7519514563437219e-04
1.6067958810155611e-01 7.7509629417002771e-04
1.6145463477082556e-01 7.7499696470683505e-04
1.6222958187165790e-01 7.7489715730607439e-04
1.6300442892614631e-01 7.7479687202930262e-04
1.6377917545644571e-01 7.7469610893833249e-04
1.6455382098477292e-01 7.7459486809535361e-04
1.6532836503340714e-01 7.7449314956274848e-04
1.6610280712469008e-01 7.7439095340327768e-04
1.6687714678102636e-01 7.7428827967995447e-04
1.6765138352488376e-01 7.7418512845609346e-04
1.6842551687879354e-01 7.7408149979532408e-04
1.6919954636535070e-01 7.7397739376154097e-04
1.6997347150721429e-01 7.7387281041895969e-04
1.7074729182710777e-01 7.7376774983204950e-04
1.7152100684781918e-01 7.7366221206561989e-04
1.7229461609220148e-01 7.7355619718476234e-04
1.7306811908317296e-01 7.7344970525482530e-04
1.7384151534371731e-01 7.7334273634152226e-04
1.7461480439688415e-01 7.7323529051079873e-04
1.7538798576578912e-01 7.7312736782892745e-04
1.7616105897361439e-01 7.7301896836242778e-04
1.7693402354360868e-01 7.7291009217819479e-04
1.7770687899908785e-01 7.7280073934334591e-04
1.7847962486343494e-01 7.7269090992532685e-04
1.7925226066010064e-01 7.7258060399187955e-04
1.8002478591260349e-01 7.7246982161100776e-04
1.8079720014453021e-01 7.7235856285104193e-04
1.8156950287953602e-01 7.7224682778058971e-04
1.8234169364134484e-01 7.7213461646855888e-04
1.8311377195374964e-01 7.7202192898416164e-04
1.8388573734061281e-01 7.7190876539688581e-04
1.8465758932586632e-01 7.7179512577651229e-04
1.8542932743351209e-01 7.7168101019312637e-04
1.8620095118762231e-01 7.7156641871709019e-04
1.8697246011233959e-01 7.7145135141908766e-04
1.8774385373187744e-01 7.7133580837009639e-04
1.8851513157052047e-01 7.7121978964133102e-04
1.8928629315262466e-01 7.7110329530436265e-04
1.9005733800261768e-01 7.7098632543105166e-04
1.9082826564499927e-01 7.7086888009348341e-04
1.9159907560434133e-01 7.7075095936413247e-04
1.9236976740528844e-01 7.7063256331568332e-04
1.9314034057255797e-01 7.7051369202118028e-04
1.9391079463094049e-01 7.7039434555392454e-04
1.9468112910530003e-01 7.7027452398751228e-04
1.9545134352057436e-01 7.7015422739582439e-04
1.9622143740177528e-01 7.7003345585305435e-04
1.9699141027398889e-01 7.6991220943370853e-04
1.9776126166237601e-01 7.6979048821252478e-04
1.9853099109217229e-01 7.6966829226458291e-04
1.9930059808868864e-01 7.6954562166522804e-04
2.0007008217731145e-01 7.6942247649012900e-04
2.0083944288350289e-01 7.6929885681523190e-04
2.0160867973280130e-01 7.6917476271672720e-04
2.0237779225082131e-01 7.6905019427119176e-04
2.0314677996325425e-01 7.6892515155544869e-04
2.0391564239586846e-01 7.6879963464658455e-04
2.0468437907450945e-01 7.6867364362202242e-04
2.0545298952510041e-01 7.6854717855944573e-04
2.0622147327364229e-01 7.6842023953684340e-04
2.0698982984621414e-01 7.6829282663252508e-04
2.0775805876897355e-01 7.6816493992502410e-04
2.0852615956815673e-01 7.6803657949324857e-04
2.0929413177007894e-01 7.6790774541635231e-04
2.1006197490113479e-01 7.6777843777374769e-04
2.1082968848779840e-01 7.6764865664523125e-04
2.1159727205662388e-01 7.6751840211078826e-04
2.1236472513424542e-01 7.6738767425078662e-04
2.1313204724737772e-01 7.6725647314582310e-04
2.1389923792281632e-01 7.6712479887683360e-04
2.1466629668743770e-01 7.6699265152498682e-04
2.1543322306819976e-01 7.6686003117179525e-04
2.1620001659214202e-01 7.6672693789904545e-04
2.1696667678638595e-01 7.6659337178880882e-04
2.1773320317813522e-01 7.6645933292346672e-04
2.1849959529467600e-01 7.6632482138567549e-04
2.1926585266337734e-01 7.6618983725837138e-04
2.2003197481169129e-01 7.6605438062481992e-04
2.2079796126715334e-01 7.6591845156857516e-04
2.2156381155738272e-01 7.6578205017340971e-04
2.2232952521008253e-01 7.6564517652347966e-04
2.2309510175304018e-01 7.6550783070319342e-04
2.2386054071412764e-01 7.6537001279723368e-04
2.2462584162130170e-01 7.6523172289061543e-04
2.2539100400260434e-01 7.6509296106860023e-04
2.2615602738616292e-01 7.6495372741676795e-04
2.2692091130019051e-01 7.6481402202098492e-04
2.2768565527298623e-01 7.6467384496743131e-04
2.2845025883293552e-01 7.6453319634250646e-04
2.2921472150851033e-01 7.6439207623297352e-04
2.2997904282826953e-01 7.6425048472587289e-04
2.3074322232085925e-01 7.6410842190848980e-04
2.3150725951501291e-01 7.6396588786847418e-04
2.3227115393955186e-01 7.6382288269370355e-04
2.3303490512338540e-01 7.6367940647235270e-04
2.3379851259551115e-01 7.6353545929293406e-04
2.3456197588501543e-01 7.6339104124420497e-04
2.3532529452107342e-01 7.6324615241521725e-04
2.3608846803294953e-01 7.6310079289534948e-04
2.3685149594999763e-01 7.6295496277424015e-04
2.3761437780166147e-01 7.6280866214178651e-04
2.3837711311747478e-01 7.6266189108824744e-04
2.3913970142706170e-01 7.6251464970412605e-04
2.3990214226013704e-01 7.6236693808023101e-04
2.4066443514650654e-01 7.6221875630762606e-04
2.4142657961606714e-01 7.6207010447772974e-04
2.4218857519880740e-01 7.6192098268220560e-04
2.4295042142480761e-01 7.6177139101303592e-04
2.4371211782424024e-01 7.6162132956241520e-04
2.4447366392737011e-01 7.6147079842292379e-04
2.4523505926455469e-01 7.6131979768741536e-04
2.4599630336624456e-01 7.6116832744896692e-04
2.4675739576298342e-01 7.6101638780102468e-04
2.4751833598540859e-01 7.6086397883727574e-04
2.4827912356425128e-01 7.6071110065170004e-04
2.4903975803033676e-01 7.6055775333857113e-04
2.4980023891458472e-01 7.6040393699250625e-04
2.5056056574800967e-01 7.6024965170829123e-04
2.5132073806172095e-01 7.6009489758115524e-04
2.5208075538692337e-01 7.5993967470647055e-04
2.5284061725491719e-01 7.5978398317999552e-04
2.5360032319709863e-01 7.5962782309771197e-04
2.5435987274496002e-01 7.5947119455594704e-04
2.5511926543009017e-01 7.5931409765126140e-04
2.5587850078417451e-01 7.5915653248060614e-04
2.5663757833899570e-01 7.5899849914107807e-04
2.5739649762643352e-01 7.5883999773019271e-04
2.5815525817846546e-01 7.5868102834567117e-04
2.5891385952716689e-01 7.5852159108554874e-04
2.5967230120471135e-01 7.5836168604813739e-04
2.6043058274337089e-01 7.5820131333204218e-04
2.6118870367551617e-01 7.5804047303621163e-04
2.6194666353361706e-01 7.5787916525979319e-04
2.6270446185024265e-01 7.5771739010230732e-04
2.6346209815806182e-01 7.5755514766348152e-04
2.6421957198984314e-01 7.5739243804336673e-04
2.6497688287845550e-01 7.5722926134234555e-04
2.6573403035686832e-01 7.5706561766097555e-04
2.6649101395815161e-01 7.5690150710029213e-04
2.6724783321547674e-01 7.5673692976134879e-04
2.6800448766211610e-01 7.5657188574576606e-04
2.6876097683144390e-01 7.5640637515531420e-04
2.6951730025693632e-01 7.5624039809199842e-04
2.7027345747217169e-01 7.5607395465819788e-04
2.7102944801083073e-01 7.5590704495656451e-04
2.7178527140669712e-01 7.5573966909006076e-04
2.7254092719365752e-01 7.5557182716189596e-04
2.7329641490570206e-01 7.5540351927553347e-04
2.7405173407692440e-01 7.5523474553477023e-04
2.7480688424152216e-01 7.5506550604373900e-04
2.7556186493379720e-01 7.5489580090682133e-04
2.7631667568815593e-01 7.5472563022861271e-04
2.7707131603910956e-01 7.5455499411406228e-04
2.7782578552127429e-01 7.5438389266845724e-04
2.7858008366937187e-01 7.5421232599721369e-04
2.7933421001822945e-01 7.5404029420628540e-04
2.8008816410278042e-01 7.5386779740161834e-04
2.8084194545806418e-01 7.5369483568970218e-04
2.8159555361922683e-01 7.5352140917707346e-04
2.8234898812152109e-01 7.5334751797080375e-04
2.8310224850030691e-01 7.5317316217809809e-04
2.8385533429105159e-01 7.5299834190646186e-04
2.8460824502933008e-01 7.5282305726372654e-04
2.8536098025082529e-01 7.5264730835796509e-04
2.8611353949132839e-01 7.5247109529757571e-04
2.8686592228673907e-01 7.5229441819121086e-04
2.8761812817306576e-01 7.5211727714789888e-04
2.8837015668642618e-01 7.5193967227673545e-04
2.8912200736304716e-01 7.5176160368742274e-04
2.8987367973926548e-01 7.5158307148963431e-04
2.9062517335152765e-01 7.5140407579355687e-04
2.9137648773639058e-01 7.5122461670954128e-04
2.9212762243052159e-01 7.5104469434828305e-04
2.9287857697069891e-01 7.5086430882072774e-04
2.9362935089381187e-01 7.5068346023809062e-04
2.9437994373686116e-01 7.5050214871186694e-04
2.9513035503695900e-01 7.5032037435401281e-04
2.9588058433132985e-01 7.5013813727648143e-04
2.9663063115731020e-01 7.4995543759171618e-04
2.9738049505234909e-01 7.4977227541240773e-04
2.9813017555400845e-01 7.4958865085150359e-04
2.9887967219996325e-01 7.4940456402223393e-04
2.9962898452800191e-01 7.4922001503809738e-04
3.0037811207602638e-01 7.4903500401297485e-04
3.0112705438205278e-01 7.4884953106083951e-04
3.0187581098421123e-01 7.4866359629620198e-04
3.0262438142074649e-01 7.4847719983369917e-04
3.0337276523001822e-01 7.4829034178819907e-04
3.0412096195050098e-01 7.4810302227500992e-04
3.0486897112078482e-01 7.4791524140965554e-04
3.0561679227957544e-01 7.4772699930790334e-04
3.0636442496569449e-01 7.4753829608587442e-04
3.0711186871807977e-01 7.4734913185992079e-04
3.0785912307578578e-01 7.4715950674669241e-04
3.0860618757798364e-01 7.4696942086312158e-04
3.0935306176396160e-01 7.4677887432647171e-04
3.1009974517312533e-01 7.4658786725421695e-04
3.1084623734499806e-01 7.4639639976419882e-04
3.1159253781922108e-01 7.4620447197440963e-04
3.1233864613555373e-01 7.4601208400333705e-04
3.1308456183387406e-01 7.4581923596949914e-04
3.1383028445417877e-01 7.4562592799187039e-04
3.1457581353658359e-01 7.4543216018969059e-04
3.1532114862132371e-01 7.4523793268246180e-04
3.1606628924875396e-01 7.4504324558990434e-04
3.1681123495934904e-01 7.4484809903208515e-04
3.1755598529370382e-01 7.4465249312940650e-04
3.1830053979253370e-01 7.4445642800251548e-04
3.1904489799667496e-01 7.4425990377218962e-04
3.1978905944708469e-01 7.4406292055978420e-04
3.2053302368484154e-01 7.4386547848666633e-04
3.2127679025114564e-01 7.4366757767469513e-04
3.2202035868731915e-01 7.4346921824581841e-04
3.2276372853480634e-01 7.4327040032236887e-04
3.2350689933517385e-01 7.4307112402706768e-04
3.2424987063011129e-01 7.4287138948268881e-04
3.2499264196143118e-01 7.4267119681241649e-04
3.2573521287106927e-01 7.4247054613981844e-04
3.2647758290108514e-01 7.4226943758848275e-04
3.2721975159366201e-01 7.4206787128255013e-04
3.2796171849110739e-01 7.4186584734630908e-04
3.2870348313585329e-01 7.4166336590426841e-04
3.2944504507045630e-01 7.4146042708138587e-04
3.3018640383759812e-01 7.4125703100276909e-04
3.3092755898008569e-01 7.4105317779391033e-04
3.3166851004085163e-01 7.4084886758042157e-04
3.3240925656295428e-01 7.4064410048836529e-04
3.3314979808957818e-01 7.4043887664404550e-04
3.3389013416403435e-01 7.4023319617391508e-04
3.3463026432976034e-01 7.4002705920496307e-04
3.3537018813032088e-01 7.3982046586421697e-04
3.3610990510940786e-01 7.3961341627910078e-04
3.3684941481084074e-01 7.3940591057728344e-04
3.3758871677856678e-01 7.3919794888677409e-04
3.3832781055666139e-01 7.3898953133577693e-04
3.3906669568932829e-01 7.3878065805291367e-04
3.3980537172090003e-01 7.3857132916685668e-04
3.4054383819583794e-01 7.3836154480678821e-04
3.4128209465873266e-01 7.3815130510209988e-04
3.4202014065430436e-01 7.3794061018239276e-04
3.4275797572740302e-01 7.3772946017757726e-04
3.4349559942300856e-01 7.3751785521795595e-04
3.4423301128623141e-01 7.3730579543397883e-04
3.4497021086231255e-01 7.3709328095644244e-04
3.4570719769662400e-01 7.3688031191632196e-04
3.4644397133466875e-01 7.3666688844507106e-04
3.4718053132208149e-01 7.3645301067425800e-04
3.4791687720462861e-01 7.3623867873569520e-04
3.4865300852820835e-01 7.3602389276173708e-04
3.4938892483885159e-01 7.3580865288467776e-04
3.5012462568272157e-01 7.3559295923732854e-04
3.5086011060611444e-01 7.3537681195274737e-04
3.5159537915545963e-01 7.3516021116413392e-04
3.5233043087731986e-01 7.3494315700513703e-04
3.5306526531839166e-01 7.3472564960957163e-04
3.5379988202550550e-01 7.3450768911162412e-04
3.5453428054562619e-01 7.3428927564567431e-04
3.5526846042585297e-01 7.3407040934643617e-04
3.5600242121342013e-01 7.3385109034882076e-04
3.5673616245569684e-01 7.3363131878818703e-04
3.5746968370018783e-01 7.3341109479996074e-04
3.5820298449453342e-01 7.3319041852001107e-04
3.5893606438650988e-01 7.3296929008442846e-04
3.5966892292402974e-01 7.3274770962955950e-04
3.6040155965514203e-01 7.3252567729209007e-04
3.6113397412803261e-01 7.3230319320886125e-04
3.6186616589102427e-01 7.3208025751718864e-04
3.6259813449257727e-01 7.3185687035452101e-04
3.6332987948128947e-01 7.3163303185860146e-04
3.6406140040589663e-01 7.3140874216747007e-04
3.6479269681527265e-01 7.3118400141944514e-04
3.6552376825842997e-01 7.3095880975310005e-04
3.6625461428451966e-01 7.3073316730733716e-04
3.6698523444283182e-01 7.3050707422137441e-04
3.6771562828279597e-01 7.3028053063451997e-04
3.6844579535398109e-01 7.3005353668650767e-04
3.6917573520609592e-01 7.2982609251744806e-04
3.6990544738898956e-01 7.2959819826744026e-04
3.7063493145265131e-01 7.2936985407715004e-04
3.7136418694721124e-01 7.2914106008731326e-04
3.7209321342294038e-01 7.2891181643902929e-04
3.7282201043025093e-01 7.2868212327375354e-04
3.7355057751969667e-01 7.2845198073306677e-04
3.7427891424197313e-01 7.2822138895894798e-04
3.7500702014791798e-01 7.2799034809351590e-04
3.7573489478851113e-01 7.2775885827931503e-04
3.7646253771487515e-01 7.2752691965912374e-04
3.7718994847827558e-01 7.2729453237586656e-04
3.7791712663012095e-01 7.2706169657303231e-04
3.7864407172196346e-01 7.2682841239407700e-04
3.7937078330549895e-01 7.2659467998284640e-04
3.8009726093256713e-01 7.2636049948363555e-04
3.8082350415515220e-01 7.2612587104073899e-04
3.8154951252538283e-01 7.2589079479886580e-04
3.8227528559553248e-01 7.2565527090301017e-04
3.8300082291801979e-01 7.2541929949839574e-04
3.8372612404540873e-01 7.2518288073056421e-04
3.8445118853040899e-01 7.2494601474526260e-04
3.8517601592587608e-01 7.2470870168869284e-04
3.8590060578481189e-01 7.2447094170706992e-04
3.8662495766036464e-01 7.2423273494710036e-04
3.8734907110582945e-01 7.2399408155562276e-04
3.8807294567464834e-01 7.2375498167989065e-04
3.8879658092041081e-01 7.2351543546722596e-04
3.8951997639685371e-01 7.2327544306555257e-04
3.9024313165786206e-01 7.2303500462266284e-04
3.9096604625746872e-01 7.2279412028703068e-04
3.9168871974985520e-01 7.2255279020707469e-04
3.9241115168935159e-01 7.2231101453162656e-04
3.9313334163043695e-01 7.2206879340981894e-04
3.9385528912773954e-01 7.2182612699109403e-04
3.9457699373603727e-01 7.2158301542497654e-04
3.9529845501025768e-01 7.2133945886151160e-04
3.9601967250547848e-01 7.2109545745082228e-04
3.9674064577692769e-01 7.2085101134338131e-04
3.9746137437998386e-01 7.2060612069005511e-04
3.9818185787017663e-01 7.2036078564167603e-04
3.9890209580318658e-01 7.2011500634964999e-04
3.9962208773484581e-01 7.1986878296559440e-04
4.0034183322113820e-01 7.1962211564122246e-04
4.0106133181819947e-01 7.1937500452878183e-04
4.0178058308231773e-01 7.1912744978057776e-04
4.0249958656993351e-01 7.1887945154933456e-04
4.0321834183764022e-01 7.1863100998796831e-04
4.0393684844218436e-01 7.1838212524964415e-04
4.0465510594046561e-01 7.1813279748794495e-04
4.0537311388953751e-01 7.1788302685657599e-04
4.0609087184660742e-01 7.1763281350949409e-04
4.0680837936903669e-01 7.1738215760118104e-04
4.0752563601434139e-01 7.1713105928608416e-04
4.0824264134019211e-01 7.1687951871907791e-04
4.0895939490441452e-01 7.1662753605530362e-04
4.0967589626498951e-01 7.1637511145013276e-04
4.1039214498005350e-01 7.1612224505929602e-04
4.1110814060789874e-01 7.1586893703866512e-04
4.1182388270697357e-01 7.1561518754449389e-04
4.1253937083588260e-01 7.1536099673326868e-04
4.1325460455338719e-01 7.1510636476169835e-04
4.1396958341840551e-01 7.1485129178684248e-04
4.1468430699001285e-01 7.1459577796605675e-04
4.1539877482744203e-01 7.1433982345689407e-04
4.1611298649008360e-01 7.1408342841712200e-04
4.1682694153748601e-01 7.1382659300492401e-04
4.1754063952935599e-01 7.1356931737864696e-04
4.1825408002555875e-01 7.1331160169707520e-04
4.1896726258611844e-01 7.1305344611898144e-04
4.1968018677121816e-01 7.1279485080362958e-04
4.2039285214120031e-01 7.1253581591054836e-04
4.2110525825656708e-01 7.1227634159934015e-04
4.2181740467798029e-01 7.1201642803022150e-04
4.2252929096626213e-01 7.1175607536337138e-04
4.2324091668239516e-01 7.1149528375926893e-04
4.2395228138752250e-01 7.1123405337892589e-04
4.2466338464294845e-01 7.1097238438327525e-04
4.2537422601013836e-01 7.1071027693379570e-04
4.2608480505071916e-01 7.1044773119210915e-04
4.2679512132647962e-01 7.1018474732006140e-04
4.2750517439937047e-01 7.0992132547985354e-04
4.2821496383150470e-01 7.0965746583403599e-04
4.2892448918515808e-01 7.0939316854517955e-04
4.2963375002276905e-01 7.0912843377637176e-04
4.3034274590693922e-01 7.0886326169091482e-04
4.3105147640043368e-01 7.0859765245224950e-04
4.3175994106618110e-01 7.0833160622421219e-04
4.3246813946727414e-01 7.0806512317082729e-04
4.3317607116696966e-01 7.0779820345646168e-04
4.3388373572868888e-01 7.0753084724571689e-04
4.3459113271601790e-01 7.0726305470356630e-04
4.3529826169270774e-01 7.0699482599507178e-04
4.3600512222267485e-01 7.0672616128561829e-04
4.3671171387000107e-01 7.0645706074090109e-04
4.3741803619893410e-01 7.0618752452693224e-04
4.3812408877388775e-01 7.0591755280991343e-04
4.3882987115944222e-01 7.0564714575627066e-04
4.3953538292034428e-01 7.0537630353278882e-04
4.4024062362150751e-01 7.0510502630662033e-04
4.4094559282801288e-01 7.0483331424488758e-04
4.4165029010510859e-01 7.0456116751524032e-04
4.4235471501821061e-01 7.0428858628551391e-04
4.4305886713290288e-01 7.0401557072379928e-04
4.4376274601493759e-01 7.0374212099842248e-04
4.4446635123023537e-01 7.0346823727806412e-04
4.4516968234488563e-01 7.0319391973167771e-04
4.4587273892514695e-01 7.0291916852827964e-04
4.4657552053744698e-01 7.0264398383748747e-04
4.4727802674838318e-01 7.0236836582882641e-04
4.4798025712472267e-01 7.0209231467240237e-04
4.4868221123340274e-01 7.0181583053844396e-04
4.4938388864153106e-01 7.0153891359745044e-04
4.5008528891638599e-01 7.0126156402011588e-04
4.5078641162541672e-01 7.0098378197753521e-04
4.5148725633624365e-01 7.0070556764097246e-04
4.5218782261665852e-01 7.0042692118214508e-04
4.5288811003462498e-01 7.0014784277271991e-04
4.5358811815827843e-01 6.9986833258497386e-04
4.5428784655592674e-01 6.9958839079107540e-04
4.5498729479605005e-01 6.9930801756388215e-04
4.5568646244730149e-01 6.9902721307609167e-04
4.5638534907850703e-01 6.9874597750103223e-04
4.5708395425866610e-01 6.9846431101205746e-04
4.5778227755695161e-01 6.9818221378290803e-04
4.5848031854271037e-01 6.9789968598749671e-04
4.5917807678546319e-01 6.9761672780017654e-04
4.5987555185490536e-01 6.9733333939531281e-04
4.6057274332090675e-01 6.9704952094773432e-04
4.6126965075351212e-01 6.9676527263247032e-04
4.6196627372294141e-01 6.9648059462478894e-04
4.6266261179958995e-01 6.9619548710029970e-04
4.6335866455402885e-01 6.9590995023474363e-04
4.6405443155700504e-01 6.9562398420434479e-04
4.6474991237944185e-01 6.9533758918527281e-04
4.6544510659243887e-01 6.9505076535437819e-04
4.6614001376727271e-01 6.9476351288830121e-04
4.6683463347539678e-01 6.9447583196431358e-04
4.6752896528844179e-01 6.9418772275989596e-04
4.6822300877821615e-01 6.9389918545256703e-04
4.6891676351670591e-01 6.9361022022038045e-04
4.6961022907607525e-01 6.9332082724155703e-04
4.7030340502866674e-01 6.9303100669444381e-04
4.7099629094700152e-01 6.9274075875779928e-04
4.7168888640377948e-01 6.9245008361071877e-04
4.7238119097187981e-01 6.9215898143236800e-04
4.7307320422436094e-01 6.9186745240236241e-04
4.7376492573446111e-01 6.9157549670037391e-04
4.7445635507559830e-01 6.9128311450655843e-04
4.7514749182137084e-01 6.9099030600113616e-04
4.7583833554555738e-01 6.9069707136471719e-04
4.7652888582211739e-01 6.9040341077803759e-04
4.7721914222519107e-01 6.9010932442245575e-04
4.7790910432910017e-01 6.8981481247909851e-04
4.7859877170834775e-01 6.8951987512962088e-04
4.7928814393761859e-01 6.8922451255602020e-04
4.7997722059177961e-01 6.8892872494036306e-04
4.8066600124587994e-01 6.8863251246506680e-04
4.8135448547515125e-01 6.8833587531283175e-04
4.8204267285500807e-01 6.8803881366653722e-04
4.8273056296104794e-01 6.8774132770937099e-04
4.8341815536905169e-01 6.8744341762491331e-04
4.8410544965498381e-01 6.8714508359683725e-04
4.8479244539499267e-01 6.8684632580905006e-04
4.8547914216541066e-01 6.8654714444585775e-04
4.8616553954275460e-01 6.8624753969175327e-04
4.8685163710372598e-01 6.8594751173141940e-04
4.8753743442521102e-01 6.8564706075006866e-04
4.8822293108428133e-01 6.8534618693281556e-04
4.8890812665819378e-01 6.8504489046526782e-04
4.8959302072439093e-01 6.8474317153327405e-04
4.9027761286050137e-01 6.8444103032279521e-04
4.9096190264433975e-01 6.8413846702030084e-04
4.9164588965390732e-01 6.8383548181228694e-04
4.9232957346739198e-01 6.8353207488559234e-04
4.9301295366316855e-01 6.8322824642745074e-04
4.9369602981979926e-01 6.8292399662504171e-04
4.9437880151603369e-01 6.8261932566606863e-04
4.9506126833080916e-01 6.8231423373859570e-04
4.9574342984325115e-01 6.8200872103055081e-04
4.9642528563267335e-01 6.8170278773038782e-04
4.9710683527857796e-01 6.8139643402678524e-04
4.9778807836065597e-01 6.8108966010873163e-04
4.9846901445878750e-01 6.8078246616535198e-04
4.9914964315304194e-01 6.8047485238604622e-04
4.9982996402367819e-01 6.8016681896070682e-04
5.0050997665114516e-01 6.7985836607903295e-04
5.0118968061608160e-01 6.7954949393153922e-04
5.0186907549931692e-01 6.7924020270838795e-04
5.0254816088187082e-01 6.7893049260059834e-04
5.0322693634495408e-01 6.7862036379905805e-04
5.0390540146996854e-01 6.7830981649504723e-04
5.0458355583850756e-01 6.7799885087983813e-04
5.0526139903235578e-01 6.7768746714559711e-04
5.0593893063349016e-01 6.7737566548406187e-04
5.0661615022407958e-01 6.7706344608758331e-04
5.0729305738648522e-01 6.7675080914899504e-04
5.0796965170326136e-01 6.7643775486066421e-04
5.0864593275715486e-01 6.7612428341578710e-04
5.0932190013110579e-01 6.7581039500784381e-04
5.0999755340824782e-01 6.7549608983019280e-04
5.1067289217190814e-01 6.7518136807687829e-04
5.1134791600560814e-01 6.7486622994172363e-04
5.1202262449306313e-01 6.7455067561934129e-04
5.1269701721818306e-01 6.7423470530430542e-04
5.1337109376507273e-01 6.7391831919121417e-04
5.1404485371803166e-01 6.7360151747544066e-04
5.1471829666155489e-01 6.7328430035206788e-04
5.1539142218033263e-01 6.7296666801705421e-04
5.1606422985925104e-01 6.7264862066625220e-04
5.1673671928339238e-01 6.7233015849563497e-04
5.1740889003803503e-01 6.7201128170163980e-04
5.1808074170865392e-01 6.7169199048094062e-04
5.1875227388092082e-01 6.7137228503039354e-04
5.1942348614070444e-01 6.7105216554721352e-04
5.2009437807407077e-01 6.7073163222891574e-04
5.2076494926728356e-01 6.7041068527288843e-04
5.2143519930680404e-01 6.7008932487733425e-04
5.2210512777929163e-01 6.6976755124038563e-04
5.2277473427160426e-01 6.6944536456045329e-04
5.2344401837079813e-01 6.6912276503612578e-04
5.2411297966412840e-01 6.6879975286639171e-04
5.2478161773904930e-01 6.6847632825043138e-04
5.2544993218321423e-01 6.6815249138793293e-04
5.2611792258447654e-01 6.6782824247816827e-04
5.2678558853088897e-01 6.6750358172150794e-04
5.2745292961070456e-01 6.6717850931816917e-04
5.2811994541237683e-01 6.6685302546833959e-04
5.2878663552455973e-01 6.6652713037286114e-04
5.2945299953610814e-01 6.6620082423258923e-04
5.3011903703607777e-01 6.6587410724920756e-04
5.3078474761372618e-01 6.6554697962367443e-04
5.3145013085851223e-01 6.6521944155786058e-04
5.3211518636009658e-01 6.6489149325394943e-04
5.3277991370834210e-01 6.6456313491424792e-04
5.3344431249331425e-01 6.6423436674085414e-04
5.3410838230528079e-01 6.6390518893679124e-04
5.3477212273471253e-01 6.6357560170495042e-04
5.3543553337228322e-01 6.6324560524888380e-04
5.3609861380887036e-01 6.6291519977163124e-04
5.3676136363555471e-01 6.6258438547727577e-04
5.3742378244362110e-01 6.6225316256971975e-04
5.3808586982455842e-01 6.6192153125333212e-04
5.3874762537006005e-01 6.6158949173250126e-04
5.3940904867202399e-01 6.6125704421189928e-04
5.4007013932255299e-01 6.6092418889681585e-04
5.4073089691395504e-01 6.6059092599249120e-04
5.4139132103874366e-01 6.6025725570423169e-04
5.4205141128963785e-01 6.5992317823786498e-04
5.4271116725956259e-01 6.5958869379948825e-04
5.4337058854164877e-01 6.5925380259543396e-04
5.4402967472923414e-01 6.5891850483204128e-04
5.4468842541586271e-01 6.5858280071624613e-04
5.4534684019528545e-01 6.5824669045525138e-04
5.4600491866146084e-01 6.5791017425577013e-04
5.4666266040855416e-01 6.5757325232596508e-04
5.4732006503093888e-01 6.5723592487317148e-04
5.4797713212319610e-01 6.5689819210557336e-04
5.4863386128011504e-01 6.5656005423160612e-04
5.4929025209669358e-01 6.5622151145951094e-04
5.4994630416813806e-01 6.5588256399806493e-04
5.5060201708986367e-01 6.5554321205649982e-04
5.5125739045749478e-01 6.5520345584420855e-04
5.5191242386686534e-01 6.5486329557045103e-04
5.5256711691401883e-01 6.5452273144500368e-04
5.5322146919520865e-01 6.5418176367785738e-04
5.5387548030689815e-01 6.5384039247961927e-04
5.5452914984576140e-01 6.5349861806052558e-04
5.5518247740868298e-01 6.5315644063133503e-04
5.5583546259275829e-01 6.5281386040321138e-04
5.5648810499529400e-01 6.5247087758727796e-04
5.5714040421380806e-01 6.5212749239517158e-04
5.5779235984603015e-01 6.5178370503856352e-04
5.5844397148990177e-01 6.5143951572954996e-04
5.5909523874357658e-01 6.5109492468037791e-04
5.5974616120542064e-01 6.5074993210356669e-04
5.6039673847401261e-01 6.5040453821191941e-04
5.6104697014814420e-01 6.5005874321809938e-04
5.6169685582681994e-01 6.4971254733570583e-04
5.6234639510925788e-01 6.4936595077827127e-04
5.6299558759488977e-01 6.4901895375938864e-04
5.6364443288336119e-01 6.4867155649299022e-04
5.6429293057453178e-01 6.4832375919338548e-04
5.6494108026847556e-01 6.4797556207506332e-04
5.6558888156548115e-01 6.4762696535281038e-04
5.6623633406605201e-01 6.4727796924166330e-04
5.6688343737090685e-01 6.4692857395657352e-04
5.6753019108097957e-01 6.4657877971313767e-04
5.6817659479741955e-01 6.4622858672741697e-04
5.6882264812159244e-01 6.4587799521473657e-04
5.6946835065507950e-01 6.4552700539178198e-04
5.7011370199967859e-01 6.4517561747484079e-04
5.7075870175740406e-01 6.4482383168064199e-04
5.7140334953048710e-01 6.4447164822614244e-04
5.7204764492137594e-01 6.4411906732860489e-04
5.7269158753273619e-01 6.4376608920536590e-04
5.7333517696745107e-01 6.4341271407392770e-04
5.7397841282862128e-01 6.4305894215267766e-04
5.7462129471956602e-01 6.4270477365931773e-04
5.7526382224382255e-01 6.4235020881231095e-04
5.7590599500514650e-01 6.4199524783070834e-04
5.7654781260751253e-01 6.4163989093322157e-04
5.7718927465511438e-01 6.4128413833873120e-04
5.7783038075236481e-01 6.4092799026691069e-04
5.7847113050389620e-01 6.4057144693743849e-04
5.7911152351456086e-01 6.4021450856983680e-04
5.7975155938943068e-01 6.3985717538477362e-04
5.8039123773379830e-01 6.3949944760213404e-04
5.8103055815317650e-01 6.3914132544273892e-04
5.8166952025329888e-01 6.3878280912747819e-04
5.8230812364012019e-01 6.3842389887708740e-04
5.8294636791981602e-01 6.3806459491339354e-04
5.8358425269878367e-01 6.3770489745791192e-04
5.8422177758364224e-01 6.3734480673216672e-04
5.8485894218123258e-01 6.3698432295838741e-04
5.8549574609861776e-01 6.3662344635893344e-04
5.8613218894308328e-01 6.3626217715646925e-04
5.8676827032213752e-01 6.3590051557333880e-04
5.8740398984351139e-01 6.3553846183310393e-04
5.8803934711515937e-01 6.3517601615853566e-04
5.8867434174525890e-01 6.3481317877372675e-04
5.8930897334221155e-01 6.3444994990181610e-04
5.8994324151464228e-01 6.3408632976737472e-04
5.9057714587140053e-01 6.3372231859434402e-04
5.9121068602156002e-01 6.3335791660713023e-04
5.9184386157441893e-01 6.3299312403069326e-04
5.9247667213950050e-01 6.3262794108974137e-04
5.9310911732655280e-01 6.3226236800984392e-04
5.9374119674554948e-01 6.3189640501619285e-04
5.9437291000668968e-01 6.3153005233442102e-04
5.9500425672039825e-01 6.3116331019062049e-04
5.9563523649732619e-01 6.3079617881086313e-04
5.9626584894835077e-01 6.3042865842156818e-04
5.9689609368457575e-01 6.3006074924943950e-04
5.9752597031733168e-01 6.2969245152133036e-04
5.9815547845817607e-01 6.2932376546453940e-04
5.9878461771889391e-01 6.2895469130600803e-04
5.9941338771149733e-01 6.2858522927371652e-04
6.0004178804822639e-01 6.2821537959543354e-04
6.0066981834154920e-01 6.2784514249892719e-04
6.0129747820416179e-01 6.2747451821293908e-04
6.0192476724898880e-01 6.2710350696605144e-04
6.0255168508918366e-01 6.2673210898672943e-04
6.0317823133812853e-01 6.2636032450423226e-04
6.0380440560943482e-01 6.2598815374783799e-04
6.0443020751694332e-01 6.2561559694703818e-04
6.0505563667472451e-01 6.2524265433147087e-04
6.0568069269707858e-01 6.2486932613137235e-04
6.0630537519853611e-01 6.2449561257660422e-04
6.0692968379385770e-01 6.2412151389804342e-04
6.0755361809803476e-01 6.2374703032619481e-04
6.0817717772628954e-01 6.2337216209188231e-04
6.0880036229407519e-01 6.2299690942642643e-04
6.0942317141707625e-01 6.2262127256127310e-04
6.1004560471120883e-01 6.2224525172795164e-04
6.1066766179262066e-01 6.2186884715861347e-04
6.1128934227769172e-01 6.2149205908509811e-04
6.1191064578303400e-01 6.2111488773997439e-04
6.1253157192549224e-01 6.2073733335549772e-04
6.1315212032214350e-01 6.2035939616501953e-04
6.1377229059029825e-01 6.1998107640111203e-04
6.1439208234749976e-01 6.1960237429750263e-04
6.1501149521152498e-01 6.1922329008750883e-04
6.1563052880038438e-01 6.1884382400504605e-04
6.1624918273232254e-01 6.1846397628376583e-04
6.1686745662581777e-01 6.1808374715853899e-04
6.1748535009958327e-01 6.1770313686313036e-04
6.1810286277256632e-01 6.1732214563292110e-04
6.1871999426394941e-01 6.1694077370253982e-04
6.1933674419314999e-01 6.1655902130717665e-04
6.1995311217982085e-01 6.1617688868213555e-04
6.2056909784385017e-01 6.1579437606336829e-04
6.2118470080536203e-01 6.1541148368670067e-04
6.2179992068471657e-01 6.1502821178817965e-04
6.2241475710251015e-01 6.1464456060400161e-04
6.2302920967957542e-01 6.1426053037120696e-04
6.2364327803698205e-01 6.1387612132620772e-04
6.2425696179603651e-01 6.1349133370606742e-04
6.2487026057828232e-01 6.1310616774838331e-04
6.2548317400550058e-01 6.1272062369061150e-04
6.2609570169970996e-01 6.1233470177054225e-04
6.2670784328316720e-01 6.1194840222583019e-04
6.2731959837836682e-01 6.1156172529514116e-04
6.2793096660804193e-01 6.1117467121673923e-04
6.2854194759516424e-01 6.1078724022912945e-04
6.2915254096294404e-01 6.1039943257161185e-04
6.2976274633483087e-01 6.1001124848313753e-04
6.3037256333451352e-01 6.0962268820301854e-04
6.3098199158592017e-01 6.0923375197113687e-04
6.3159103071321887e-01 6.0884444002712041e-04
6.3219968034081753e-01 6.0845475261127476e-04
6.3280794009336450e-01 6.0806468996345286e-04
6.3341580959574817e-01 6.0767425232473847e-04
6.3402328847309786e-01 6.0728343993582921e-04
6.3463037635078379e-01 6.0689225303757466e-04
6.3523707285441733e-01 6.0650069187104900e-04
6.3584337760985099e-01 6.0610875667810760e-04
6.3644929024317909e-01 6.0571644770026538e-04
6.3705481038073764e-01 6.0532376517961548e-04
6.3765993764910489e-01 6.0493070935791816e-04
6.3826467167510115e-01 6.0453728047787545e-04
6.3886901208578928e-01 6.0414347878219360e-04
6.3947295850847496e-01 6.0374930451367317e-04
6.4007651057070691e-01 6.0335475791512547e-04
6.4067966790027686e-01 6.0295983923012151e-04
6.4128243012522002e-01 6.0256454870232900e-04
6.4188479687381539e-01 6.0216888657523731e-04
6.4248676777458580e-01 6.0177285309280179e-04
6.4308834245629798e-01 6.0137644849974736e-04
6.4368952054796336e-01 6.0097967304009855e-04
6.4429030167883783e-01 6.0058252695838741e-04
6.4489068547842188e-01 6.0018501049998363e-04
6.4549067157646123e-01 5.9978712390987982e-04
6.4609025960294675e-01 5.9938886743365883e-04
6.4668944918811511e-01 5.9899024131625114e-04
6.4728823996244822e-01 5.9859124580412715e-04
6.4788663155667425e-01 5.9819188114311299e-04
6.4848462360176740e-01 5.9779214757970408e-04
6.4908221572894853e-01 5.9739204535981332e-04
6.4967940756968467e-01 5.9699157473095137e-04
6.5027619875569009e-01 5.9659073593969897e-04
6.5087258891892608e-01 5.9618952923312727e-04
6.5146857769160105e-01 5.9578795485895348e-04
6.5206416470617112e-01 5.9538601306471071e-04
6.5265934959534011e-01 5.9498370409834613e-04
6.5325413199205995e-01 5.9458102820763637e-04
6.5384851152953061e-01 5.9417798564112632e-04
6.5444248784120052e-01 5.9377457664749292e-04
6.5503606056076680e-01 5.9337080147559072e-04
6.5562922932217560e-01 5.9296666037414610e-04
6.5622199375962209e-01 5.9256215359236998e-04
6.5681435350755069e-01 5.9215728137996713e-04
6.5740630820065549e-01 5.9175204398655937e-04
6.5799785747388040e-01 5.9134644166197682e-04
6.5858900096241935e-01 5.9094047465623985e-04
6.5917973830171639e-01 5.9053414321997145e-04
6.5977006912746627e-01 5.9012744760334477e-04
6.6035999307561410e-01 5.8972038805772404e-04
6.6094950978235623e-01 5.8931296483383071e-04
6.6153861888414001e-01 5.8890517818291431e-04
6.6212732001766417e-01 5.8849702835650595e-04
6.6271561281987901e-01 5.8808851560641147e-04
6.6330349692798674e-01 5.8767964018434479e-04
6.6389097197944158e-01 5.8727040234238747e-04
6.6447803761194979e-01 5.8686080233345860e-04
6.6506469346347052e-01 5.8645084040954152e-04
6.6565093917221529e-01 5.8604051682382941e-04
6.6623677437664885e-01 5.8562983182889380e-04
6.6682219871548865e-01 5.8521878567883393e-04
6.6740721182770602e-01 5.8480737862650289e-04
6.6799181335252567e-01 5.8439561092563823e-04
6.6857600292942609e-01 5.8398348283031875e-04
6.6915978019813993e-01 5.8357099459459543e-04
6.6974314479865393e-01 5.8315814647309436e-04
6.7032609637120955e-01 5.8274493872020547e-04
6.7090863455630279e-01 5.8233137159084854e-04
6.7149075899468469e-01 5.8191744533995452e-04
6.7207246932736131e-01 5.8150316022308082e-04
6.7265376519559428e-01 5.8108851649542835e-04
6.7323464624090079e-01 5.8067351441250877e-04
6.7381511210505363e-01 5.8025815423072449e-04
6.7439516243008180e-01 5.7984243620618327e-04
6.7497479685827066e-01 5.7942636059491663e-04
6.7555401503216195e-01 5.7900992765358048e-04
6.7613281659455393e-01 5.7859313763938683e-04
6.7671120118850214e-01 5.7817599080891289e-04
6.7728916845731901e-01 5.7775848741956494e-04
6.7786671804457443e-01 5.7734062772877095e-04
6.7844384959409576e-01 5.7692241199446546e-04
6.7902056274996836e-01 5.7650384047422691e-04
6.7959685715653539e-01 5.7608491342648227e-04
6.8017273245839849e-01 5.7566563110924673e-04
6.8074818830041750e-01 5.7524599378143491e-04
6.8132322432771120e-01 5.7482600170149481e-04
6.8189784018565691e-01 5.7440565512902996e-04
6.8247203551989155e-01 5.7398495432259224e-04
6.8304580997631104e-01 5.7356389954183351e-04
6.8361916320107086e-01 5.7314249104662091e-04
6.8419209484058641e-01 5.7272072909661975e-04
6.8476460454153298e-01 5.7229861395199466e-04
6.8533669195084612e-01 5.7187614587303113e-04
6.8590835671572170e-01 5.7145332512045235e-04
6.8647959848361639e-01 5.7103015195478907e-04
6.8705041690224766e-01 5.7060662663696083e-04
6.8762081161959399e-01 5.7018274942832465e-04
6.8819078228389519e-01 5.6975852059028634e-04
6.8876032854365254e-01 5.6933394038463430e-04
6.8932945004762936e-01 5.6890900907252500e-04
6.8989814644485037e-01 5.6848372691679255e-04
6.9046641738460290e-01 5.6805809417926245e-04
6.9103426251643640e-01 5.6763211112273882e-04
6.9160168149016321e-01 5.6720577800935051e-04
6.9216867395585802e-01 5.6677909510278502e-04
6.9273523956385896e-01 5.6635206266571236e-04
6.9330137796476732e-01 5.6592468096131206e-04
6.9386708880944759e-01 5.6549695025370815e-04
6.9443237174902828e-01 5.6506887080617929e-04
6.9499722643490158e-01 5.6464044288287419e-04
6.9556165251872382e-01 5.6421166674807332e-04
6.9612564965241563e-01 5.6378254266620806e-04
6.9668921748816226e-01 5.6335307090183610e-04
6.9725235567841370e-01 5.6292325171955883e-04
6.9781506387588466e-01 5.6249308538508383e-04
6.9837734173355537e-01 5.6206257216316667e-04
6.9893918890467110e-01 5.6163171231987761e-04
6.9950060504274325e-01 5.6120050611992221e-04
7.0006158980154831e-01 5.6076895383041505e-04
7.0062214283512958e-01 5.6033705571630640e-04
7.0118226379779580e-01 5.5990481204500791e-04
7.0174195234412295e-01 5.5947222308247132e-04
7.0230120812895314e-01 5.5903928909552714e-04
7.0286003080739545e-01 5.5860601035149853e-04
7.0341842003482635e-01 5.5817238711698951e-04
7.0397637546688918e-01 5.5773841966007113e-04
7.0453389675949518e-01 5.5730410824791356e-04
7.0509098356882305e-01 5.5686945314869639e-04
7.0564763555131971e-01 5.5643445462998456e-04
7.0620385236369987e-01 5.5599911296065564e-04
7.0675963366294703e-01 5.5556342840852981e-04
7.0731497910631291e-01 5.5512740124270994e-04
7.0786988835131814e-01 5.5469103173221034e-04
7.0842436105575246e-01 5.5425432014585645e-04
7.0897839687767472e-01 5.5381726675299671e-04
7.0953199547541324e-01 5.5337987182311468e-04
7.1008515650756587e-01 5.5294213562611251e-04
7.1063787963300040e-01 5.5250405843196380e-04
7.1119016451085471e-01 5.5206564051066363e-04
7.1174201080053678e-01 5.5162688213284620e-04
7.1229341816172531e-01 5.5118778356875162e-04
7.1284438625436952e-01 5.5074834508924298e-04
7.1339491473868955e-01 5.5030856696538957e-04
7.1394500327517652e-01 5.4986844946876160e-04
7.1449465152459324e-01 5.4942799287003229e-04
7.1504385914797364e-01 5.4898719744133110e-04
7.1559262580662353e-01 5.4854606345454849e-04
7.1614095116212084e-01 5.4810459118119796e-04
7.1668883487631529e-01 5.4766278089414544e-04
7.1723627661132916e-01 5.4722063286586047e-04
7.1778327602955749e-01 5.4677814736831139e-04
7.1832983279366769e-01 5.4633532467510712e-04
7.1887594656660048e-01 5.4589216505886997e-04
7.1942161701156948e-01 5.4544866879346898e-04
7.1996684379206211e-01 5.4500483615166654e-04
7.2051162657183898e-01 5.4456066740770964e-04
7.2105596501493485e-01 5.4411616283505347e-04
7.2159985878565824e-01 5.4367132270818767e-04
7.2214330754859191e-01 5.4322614730174747e-04
7.2268631096859337e-01 5.4278063688951257e-04
7.2322886871079439e-01 5.4233479174678597e-04
7.2377098044060184e-01 5.4188861214820249e-04
7.2431264582369759e-01 5.4144209836882421e-04
7.2485386452603850e-01 5.4099525068471805e-04
7.2539463621385736e-01 5.4054806937076734e-04
7.2593496055366236e-01 5.4010055470282573e-04
7.2647483721223749e-01 5.3965270695727663e-04
7.2701426585664308e-01 5.3920452640986302e-04
7.2755324615421557e-01 5.3875601333711368e-04
7.2809177777256795e-01 5.3830716801555787e-04
7.2862986037958988e-01 5.3785799072205841e-04
7.2916749364344779e-01 5.3740848173405484e-04
7.2970467723258559e-01 5.3695864132811228e-04
7.3024141081572425e-01 5.3650846978163644e-04
7.3077769406186210e-01 5.3605796737285667e-04
7.3131352664027549e-01 5.3560713437928939e-04
7.3184890822051862e-01 5.3515597107879457e-04
7.3238383847242383e-01 5.3470447774940730e-04
7.3291831706610155e-01 5.3425265467024611e-04
7.3345234367194101e-01 5.3380050211969160e-04
7.3398591796061019e-01 5.3334802037629104e-04
7.3451903960305587e-01 5.3289520971926715e-04
7.3505170827050414e-01 5.3244207042751641e-04
7.3558392363446012e-01 5.3198860278125151e-04
7.3611568536670879e-01 5.3153480705973844e-04
7.3664699313931481e-01 5.3108068354279666e-04
7.3717784662462282e-01 5.3062623251024692e-04
7.3770824549525749e-01 5.3017145424269041e-04
7.3823818942412389e-01 5.2971634902061575e-04
7.3876767808440780e-01 5.2926091712437572e-04
7.3929671114957551e-01 5.2880515883527201e-04
7.3982528829337457e-01 5.2834907443384299e-04
7.4035340918983339e-01 5.2789266420189994e-04
7.4088107351326205e-01 5.2743592842032178e-04
7.4140828093825195e-01 5.2697886737106548e-04
7.4193503113967629e-01 5.2652148133628708e-04
7.4246132379269036e-01 5.2606377059775868e-04
7.4298715857273157e-01 5.2560573543776912e-04
7.4351253515551974e-01 5.2514737613850826e-04
7.4403745321705705e-01 5.2468869298319279e-04
7.4456191243362868e-01 5.2422968625445460e-04
7.4508591248180278e-01 5.2377035623503898e-04
7.4560945303843040e-01 5.2331070320885890e-04
7.4613253378064626e-01 5.2285072745900368e-04
7.4665515438586860e-01 5.2239042926879246e-04
7.4717731453179914e-01 5.2192980892294173e-04
7.4769901389642401e-01 5.2146886670462569e-04
7.4822025215801313e-01 5.2100760289860656e-04
7.4874102899512085e-01 5.2054601778959411e-04
7.4926134408658629e-01 5.2008411166171934e-04
7.4978119711153324e-01 5.1962188479966925e-04
7.5030058774937014e-01 5.1915933748932050e-04
7.5081951567979099e-01 5.1869647001538384e-04
7.5133798058277501e-01 5.1823328266324589e-04
7.5185598213858695e-01 5.1776977571843432e-04
7.5237352002777713e-01 5.1730594946742343e-04
7.5289059393118207e-01 5.1684180419588575e-04
7.5340720352992441e-01 5.1637734018978709e-04
7.5392334850541287e-01 5.1591255773614708e-04
7.5443902853934308e-01 5.1544745712090844e-04
7.5495424331369709e-01 5.1498203863128587e-04
7.5546899251074395e-01 5.1451630255436016e-04
7.5598327581303981e-01 5.1405024917755993e-04
7.5649709290342837e-01 5.1358387878762716e-04
7.5701044346504054e-01 5.1311719167257831e-04
7.5752332718129500e-01 5.1265018812035308e-04
7.5803574373589844e-01 5.1218286841885562e-04
7.5854769281284573e-01 5.1171523285564898e-04
7.5905917409641965e-01 5.1124728172007819e-04
7.5957018727119174e-01 5.1077901530060534e-04
7.6008073202202242e-01 5.1031043388512513e-04
7.6059080803406054e-01 5.0984153776344545e-04
7.6110041499274428e-01 5.0937232722451703e-04
7.6160955258380103e-01 5.0890280255770973e-04
7.6211822049324762e-01 5.0843296405271273e-04
7.6262641840739065e-01 5.0796281199892506e-04
7.6313414601282636e-01 5.0749234668663026e-04
7.6364140299644123e-01 5.0702156840567222e-04
7.6414818904541182e-01 5.0655047744659228e-04
7.6465450384720524e-01 5.0607907409960166e-04
7.6516034708957903e-01 5.0560735865586492e-04
7.6566571846058173e-01 5.0513533140600299e-04
7.6617061764855288e-01 5.0466299264092563e-04
7.6667504434212297e-01 5.0419034265242440e-04
7.6717899823021418e-01 5.0371738173156789e-04
7.6768247900204001e-01 5.0324411017047563e-04
7.6818548634710593e-01 5.0277052826068805e-04
7.6868801995520930e-01 5.0229663629425172e-04
7.6919007951643970e-01 5.0182243456316558e-04
7.6969166472117878e-01 5.0134792336054251e-04
7.7019277526010110e-01 5.0087310297833700e-04
7.7069341082417364e-01 5.0039797370991725e-04
7.7119357110465658e-01 4.9992253584761690e-04
7.7169325579310288e-01 4.9944678968530094e-04
7.7219246458135893e-01 4.9897073551648696e-04
7.7269119716156487e-01 4.9849437363381317e-04
7.7318945322615407e-01 4.9801770433194044e-04
7.7368723246785409e-01 4.9754072790432827e-04
7.7418453457968628e-01 4.9706344464576287e-04
7.7468135925496662e-01 4.9658585484969181e-04
7.7517770618730519e-01 4.9610795881096972e-04
7.7567357507060664e-01 4.9562975682499941e-04
7.7616896559907089e-01 4.9515124918537794e-04
7.7666387746719223e-01 4.9467243618854821e-04
7.7715831036976069e-01 4.9419331812889029e-04
7.7765226400186138e-01 4.9371389530209538e-04
7.7814573805887499e-01 4.9323416800404747e-04
7.7863873223647806e-01 4.9275413653041391e-04
7.7913124623064300e-01 4.9227380117728196e-04
7.7962327973763845e-01 4.9179316224063122e-04
7.8011483245402913e-01 4.9131222001745850e-04
7.8060590407667663e-01 4.9083097480344981e-04
7.8109649430273875e-01 4.9034942689648361e-04
7.8158660282967074e-01 4.8986757659235508e-04
7.8207622935522436e-01 4.8938542418908192e-04
7.8256537357744893e-01 4.8890296998379472e-04
7.8305403519469108e-01 4.8842021427424390e-04
7.8354221390559531e-01 4.8793715735733254e-04
7.8402990940910344e-01 4.8745379953191767e-04
7.8451712140445584e-01 4.8697014109572130e-04
7.8500384959119074e-01 4.8648618234654748e-04
7.8549009366914468e-01 4.8600192358343473e-04
7.8597585333845288e-01 4.8551736510501375e-04
7.8646112829954939e-01 4.8503250720951743e-04
7.8694591825316684e-01 4.8454735019689307e-04
7.8743022290033737e-01 4.8406189436549533e-04
7.8791404194239212e-01 4.8357614001511955e-04
7.8839737508096175e-01 4.8309008744547733e-04
7.8888022201797670e-01 4.8260373695598285e-04
7.8936258245566715e-01 4.8211708884662234e-04
7.8984445609656340e-01 4.8163014341723234e-04
7.9032584264349570e-01 4.8114290096872145e-04
7.9080674179959498e-01 4.8065536180120561e-04
7.9128715326829258e-01 4.8016752621547130e-04
7.9176707675332059e-01 4.7967939451258352e-04
7.9224651195871232e-01 4.7919096699283579e-04
7.9272545858880161e-01 4.7870224395823552e-04
7.9320391634822429e-01 4.7821322570951299e-04
7.9368188494191716e-01 4.7772391254878886e-04
7.9415936407511889e-01 4.7723430477768149e-04
7.9463635345337003e-01 4.7674440269799791e-04
7.9511285278251309e-01 4.7625420661188858e-04
7.9558886176869281e-01 4.7576371682169372e-04
7.9606438011835634e-01 4.7527293362983495e-04
7.9653940753825336e-01 4.7478185733902987e-04
7.9701394373543633e-01 4.7429048825224103e-04
7.9748798841726065e-01 4.7379882667235811e-04
7.9796154129138486e-01 4.7330687290255828e-04
7.9843460206577077e-01 4.7281462724617726e-04
7.9890717044868353e-01 4.7232209000735943e-04
7.9937924614869238e-01 4.7182926148862074e-04
7.9985082887466974e-01 4.7133614199533833e-04
8.0032191833579269e-01 4.7084273183039670e-04
8.0079251424154207e-01 4.7034903129871628e-04
8.0126261630170326e-01 4.6985504070472310e-04
8.0173222422636614e-01 4.6936076035308257e-04
8.0220133772592539e-01 4.6886619054854924e-04
8.0266995651108064e-01 4.6837133159575626e-04
8.0313808029283640e-01 4.6787618380046068e-04
8.0360570878250270e-01 4.6738074746743787e-04
8.0407284169169468e-01 4.6688502290298712e-04
8.0453947873233367e-01 4.6638901041200524e-04
8.0500561961664607e-01 4.6589271030118915e-04
8.0547126405716485e-01 4.6539612287601272e-04
8.0593641176672892e-01 4.6489924844265426e-04
8.0640106245848342e-01 4.6440208730797979e-04
8.0686521584588022e-01 4.6390463977806566e-04
8.0732887164267764e-01 4.6340690616021525e-04
8.0779202956294094e-01 4.6290888676147089e-04
8.0825468932104261e-01 4.6241058188835712e-04
8.0871685063166221e-01 4.6191199184807884e-04
8.0917851320978651e-01 4.6141311694887532e-04
8.0963967677071003e-01 4.6091395749838594e-04
8.1010034103003525e-01 4.6041451380336994e-04
8.1056050570367211e-01 4.5991478617289844e-04
8.1102017050783892e-01 4.5941477491483207e-04
8.1147933515906223e-01 4.5891448033748365e-04
8.1193799937417710e-01 4.5841390274898105e-04
8.1239616287032690e-01 4.5791304245897612e-04
8.1285382536496420e-01 4.5741189977546346e-04
8.1331098657585021e-01 4.5691047500811269e-04
8.1376764622105557e-01 4.5640876846546124e-04
8.1422380401895988e-01 4.5590678045774922e-04
8.1467945968825262e-01 4.5540451129374824e-04
8.1513461294793255e-01 4.5490196128395908e-04
8.1558926351730854e-01 4.5439913073786533e-04
8.1604341111599943e-01 4.5389601996537649e-04
8.1649705546393414e-01 4.5339262927692630e-04
8.1695019628135190e-01 4.5288895898337028e-04
8.1740283328880270e-01 4.5238500939467029e-04
8.1785496620714693e-01 4.5188078082231175e-04
8.1830659475755618e-01 4.5137627357634276e-04
8.1875771866151270e-01 4.5087148796889054e-04
8.1920833764081036e-01 4.5036642431034267e-04
8.1965845141755411e-01 4.4986108291255407e-04
8.2010805971416045e-01 4.4935546408770107e-04
8.2055716225335784e-01 4.4884956814705281e-04
8.2100575875818660e-01 4.4834339540216210e-04
8.2145384895199880e-01 4.4783694616624698e-04
8.2190143255845927e-01 4.4733022075033946e-04
8.2234850930154468e-01 4.4682321946818657e-04
8.2279507890554471e-01 4.4631594263189010e-04
8.2324114109506163e-01 4.4580839055420715e-04
8.2368669559501062e-01 4.4530056354839511e-04
8.2413174213062002e-01 4.4479246192737965e-04
8.2457628042743136e-01 4.4428408600456976e-04
8.2502031021129973e-01 4.4377543609302783e-04
8.2546383120839351e-01 4.4326651250743097e-04
8.2590684314519514e-01 4.4275731556108708e-04
8.2634934574850083e-01 4.4224784556840636e-04
8.2679133874542121e-01 4.4173810284251045e-04
8.2723282186338065e-01 4.4122808769903315e-04
8.2767379483011838e-01 4.4071780045193301e-04
8.2811425737368816e-01 4.4020724141571584e-04
8.2855420922245848e-01 4.3969641090507353e-04
8.2899365010511261e-01 4.3918530923588595e-04
8.2943257975064921e-01 4.3867393672276071e-04
8.2987099788838214e-01 4.3816229368084632e-04
8.3030890424794057e-01 4.3765038042613004e-04
8.3074629855926940e-01 4.3713819727416321e-04
8.3118318055262919e-01 4.3662574454124002e-04
8.3161954995859677e-01 4.3611302254223437e-04
8.3205540650806464e-01 4.3560003159438934e-04
8.3249074993224181e-01 4.3508677201393303e-04
8.3292557996265382e-01 4.3457324411684680e-04
8.3335989633114260e-01 4.3405944822023533e-04
8.3379369876986698e-01 4.3354538464097307e-04
8.3422698701130271e-01 4.3303105369591849e-04
8.3465976078824267e-01 4.3251645570225266e-04
8.3509201983379699e-01 4.3200159097712282e-04
8.3552376388139304e-01 4.3148645983900256e-04
8.3595499266477624e-01 4.3097106260424285e-04
8.3638570591800931e-01 4.3045539959156930e-04
8.3681590337547307e-01 4.2993947111910792e-04
8.3724558477186661e-01 4.2942327750414245e-04
8.3767474984220702e-01 4.2890681906549637e-04
8.3810339832182978e-01 4.2839009612213430e-04
8.3853152994638924e-01 4.2787310899195842e-04
8.3895914445185815e-01 4.2735585799450631e-04
8.3938624157452857e-01 4.2683834344764318e-04
8.3981282105101107e-01 4.2632056567200040e-04
8.4023888261823598e-01 4.2580252498587972e-04
8.4066442601345281e-01 4.2528422170879233e-04
8.4108945097423049e-01 4.2476565616105303e-04
8.4151395723845790e-01 4.2424682866187298e-04
8.4193794454434379e-01 4.2372773953088921e-04
8.4236141263041664e-01 4.2320838908918460e-04
8.4278436123552547e-01 4.2268877765649454e-04
8.4320679009883959e-01 4.2216890555306971e-04
8.4362869895984871e-01 4.2164877309980227e-04
8.4405008755836330e-01 4.2112838061749130e-04
8.4447095563451469e-01 4.2060772842703118e-04
8.4489130292875525e-01 4.2008681684910877e-04
8.4531112918185836e-01 4.1956564620556871e-04
8.4573043413491888e-01 4.1904421681739768e-04
8.4614921752935301e-01 4.1852252900675447e-04
8.4656747910689889e-01 4.1800058309428040e-04
8.4698521860961595e-01 4.1747837940330775e-04
8.4740243577988617e-01 4.1695591825454173e-04
8.4781913036041323e-01 4.1643319997074408e-04
8.4823530209422326e-01 4.1591022487416526e-04
8.4865095072466479e-01 4.1538699328735640e-04
8.4906607599540895e-01 4.1486350553290321e-04
8.4948067765044954e-01 4.1433976193407443e-04
8.4989475543410342e-01 4.1381576281359939e-04
8.5030830909101052e-01 4.1329150849420127e-04
8.5072133836613384e-01 4.1276699929962516e-04
8.5113384300475980e-01 4.1224223555361833e-04
8.5154582275249857e-01 4.1171721757906959e-04
8.5195727735528370e-01 4.1119194570053875e-04
8.5236820655937295e-01 4.1066642024099187e-04
8.5277861011134770e-01 4.1014064152552284e-04
8.5318848775811373e-01 4.0961460987820207e-04
8.5359783924690125e-01 4.0908832562276741e-04
8.5400666432526473e-01 4.0856178908410106e-04
8.5441496274108331e-01 4.0803500058692960e-04
8.5482273424256106e-01 4.0750796045644396e-04
8.5522997857822680e-01 4.0698066901733712e-04
8.5563669549693466e-01 4.0645312659455941e-04
8.5604288474786383e-01 4.0592533351388737e-04
8.5644854608051901e-01 4.0539729010077272e-04
8.5685367924473044e-01 4.0486899668093664e-04
8.5725828399065418e-01 4.0434045357964704e-04
8.5766236006877195e-01 4.0381166112361859e-04
8.5806590722989173e-01 4.0328261963832723e-04
8.5846892522514762e-01 4.0275332944987000e-04
8.5887141380599985e-01 4.0222379088544860e-04
8.5927337272423543e-01 4.0169400427094934e-04
8.5967480173196775e-01 4.0116396993376032e-04
8.6007570058163729e-01 4.0063368819990268e-04
8.6047606902601126e-01 4.0010315939664417e-04
8.6087590681818393e-01 3.9957238385157341e-04
8.6127521371157689e-01 3.9904136189218998e-04
8.6167398945993934e-01 3.9851009384497474e-04
8.6207223381734766e-01 3.9797858003851532e-04
8.6246994653820619e-01 3.9744682080019645e-04
8.6286712737724702e-01 3.9691481645797257e-04
8.6326377608953042e-01 3.9638256734010570e-04
8.6365989243044461e-01 3.9585007377438900e-04
8.6405547615570621e-01 3.9531733608939797e-04
8.6445052702136027e-01 3.9478435461391394e-04
8.6484504478378044e-01 3.9425112967679326e-04
8.6523902919966933e-01 3.9371766160592350e-04
8.6563248002605808e-01 3.9318395073161146e-04
8.6602539702030734e-01 3.9264999738173933e-04
8.6641777994010660e-01 3.9211580188638207e-04
8.6680962854347487e-01 3.9158136457492705e-04
8.6720094258876079e-01 3.9104668577629576e-04
8.6759172183464239e-01 3.9051176582091034e-04
8.6798196604012767e-01 3.8997660503860347e-04
8.6837167496455459e-01 3.8944120375929039e-04
8.6876084836759115e-01 3.8890556231323535e-04
8.6914948600923569e-01 3.8836968103068205e-04
8.6953758764981703e-01 3.8783356024137263e-04
8.6992515304999418e-01 3.8729720027728292e-04
8.7031218197075721e-01 3.8676060146842031e-04
8.7069867417342683e-01 3.8622376414587547e-04
8.7108462941965503e-01 3.8568668864050995e-04
8.7147004747142454e-01 3.8514937528363522e-04
8.7185492809104959e-01 3.8461182440677888e-04
8.7223927104117582e-01 3.8407403634139879e-04
8.7262307608478051e-01 3.8353601141887845e-04
8.7300634298517255e-01 3.8299774997131009e-04
8.7338907150599276e-01 3.8245925233048602e-04
8.7377126141121397e-01 3.8192051882859901e-04
8.7415291246514115e-01 3.8138154979798516e-04
8.7453402443241157e-01 3.8084234557116196e-04
8.7491459707799513e-01 3.8030290647985852e-04
8.7529463016719411e-01 3.7976323285703598e-04
8.7567412346564355e-01 3.7922332503588643e-04
8.7605307673931143e-01 3.7868318334938504e-04
8.7643148975449880e-01 3.7814280813025828e-04
8.7680936227783979e-01 3.7760219971227644e-04
8.7718669407630190e-01 3.7706135842867063e-04
8.7756348491718628e-01 3.7652028461201476e-04
8.7793973456812724e-01 3.7597897859745829e-04
8.7831544279709328e-01 3.7543744071781863e-04
8.7869060937238652e-01 3.7489567130761522e-04
8.7906523406264325e-01 3.7435367070073455e-04
8.7943931663683395e-01 3.7381143923117323e-04
8.7981285686426325e-01 3.7326897723391538e-04
8.8018585451457054e-01 3.7272628504253139e-04
8.8055830935772939e-01 3.7218336299322451e-04
8.8093022116404862e-01 3.7164021141916517e-04
8.8130158970417161e-01 3.7109683065589987e-04
8.8167241474907665e-01 3.7055322103956461e-04
8.8204269607007768e-01 3.7000938290375777e-04
8.8241243343882347e-01 3.6946531658505833e-04
8.8278162662729853e-01 3.6892102241847433e-04
8.8315027540782287e-01 3.6837650073969484e-04
8.8351837955305224e-01 3.6783175188452751e-04
8.8388593883597832e-01 3.6728677618848906e-04
8.8425295302992857e-01 3.6674157398888303e-04
8.8461942190856691e-01 3.6619614562107835e-04
8.8498534524589345e-01 3.6565049142126926e-04
8.8535072281624461e-01 3.6510461172668281e-04
8.8571555439429361e-01 3.6455850687301542e-04
8.8607983975505022e-01 3.6401217719738256e-04
8.8644357867386092e-01 3.6346562303773614e-04
8.8680677092640958e-01 3.6291884472971906e-04
8.8716941628871693e-01 3.6237184261081186e-04
8.8753151453714085e-01 3.6182461701918576e-04
8.8789306544837687e-01 3.6127716829182331e-04
8.8825406879945812e-01 3.6072949676544422e-04
8.8861452436775501e-01 3.6018160277919347e-04
8.8897443193097614e-01 3.5963348667023725e-04
8.8933379126716783e-01 3.5908514877719806e-04
8.8969260215471480e-01 3.5853658943700930e-04
8.9005086437233960e-01 3.5798780898905341e-04
8.9040857769910342e-01 3.5743880777128981e-04
8.9076574191440583e-01 3.5688958612248393e-04
8.9112235679798502e-01 3.5634014438158174e-04
8.9147842212991812e-01 3.5579048288658861e-04
8.9183393769062091e-01 3.5524060197743458e-04
8.9218890326084843e-01 3.5469050199268858e-04
8.9254331862169478e-01 3.5414018327172594e-04
8.9289718355459335e-01 3.5358964615421029e-04
8.9325049784131716e-01 3.5303889097902712e-04
8.9360326126397860e-01 3.5248791808615665e-04
8.9395547360502992e-01 3.5193672781508778e-04
8.9430713464726308e-01 3.5138532050611775e-04
8.9465824417381012e-01 3.5083369649927931e-04
8.9500880196814314e-01 3.5028185613499691e-04
8.9535880781407462e-01 3.4972979975298070e-04
8.9570826149575722e-01 3.4917752769440162e-04
8.9605716279768444e-01 3.4862504029855093e-04
8.9640551150468994e-01 3.4807233790783198e-04
8.9675330740194870e-01 3.4751942086167176e-04
8.9710055027497615e-01 3.4696628950220220e-04
8.9744723990962916e-01 3.4641294416947442e-04
8.9779337609210541e-01 3.4585938520588039e-04
8.9813895860894422e-01 3.4530561295197776e-04
8.9848398724702627e-01 3.4475162774886609e-04
8.9882846179357356e-01 3.4419742993943786e-04
8.9917238203615013e-01 3.4364301986466474e-04
8.9951574776266174e-01 3.4308839786625678e-04
8.9985855876135601e-01 3.4253356428690627e-04
9.0020081482082281e-01 3.4197851946825644e-04
9.0054251572999411e-01 3.4142326375316746e-04
9.0088366127814434e-01 3.4086779748336267e-04
9.0122425125489047e-01 3.4031212100198881e-04
9.0156428545019196e-01 3.3975623465093673e-04
9.0190376365435099e-01 3.3920013877384409e-04
9.0224268565801269e-01 3.3864383371359265e-04
9.0258105125216526e-01 3.3808731981288130e-04
9.0291886022813994e-01 3.3753059741507629e-04
9.0325611237761128e-01 3.3697366686349456e-04
9.0359280749259718e-01 3.3641652850164688e-04
9.0392894536545909e-01 3.3585918267325373e-04
9.0426452578890226e-01 3.3530162972093206e-04
9.0459954855597535e-01 3.3474386998999755e-04
9.0493401346007118e-01 3.3418590382409442e-04
9.0526792029492664e-01 3.3362773156688874e-04
9.0560126885462267e-01 3.3306935356278784e-04
9.0593405893358459e-01 3.3251077015560834e-04
9.0626629032658190e-01 3.3195198169099719e-04
9.0659796282872895e-01 3.3139298851270264e-04
9.0692907623548458e-01 3.3083379096569214e-04
9.0725963034265245e-01 3.3027438939475535e-04
9.0758962494638118e-01 3.2971478414463388e-04
9.0791905984316434e-01 3.2915497556088979e-04
9.0824793482984068e-01 3.2859496398917010e-04
9.0857624970359452e-01 3.2803474977309132e-04
9.0890400426195506e-01 3.2747433326036209e-04
9.0923119830279764e-01 3.2691371479459788e-04
9.0955783162434278e-01 3.2635289472292484e-04
9.0988390402515706e-01 3.2579187339083115e-04
9.1020941530415300e-01 3.2523065114370685e-04
9.1053436526058895e-01 3.2466922832846267e-04
9.1085875369406966e-01 3.2410760529069297e-04
9.1118258040454592e-01 3.2354578237757912e-04
9.1150584519231526e-01 3.2298375993442197e-04
9.1182854785802137e-01 3.2242153830904234e-04
9.1215068820265488e-01 3.2185911784756371e-04
9.1247226602755316e-01 3.2129649889651101e-04
9.1279328113440039e-01 3.2073368180308108e-04
9.1311373332522783e-01 3.2017066691433657e-04
9.1343362240241377e-01 3.1960745457814289e-04
9.1375294816868402e-01 3.1904404514088928e-04
9.1407171042711155e-01 3.1848043895068136e-04
9.1438990898111694e-01 3.1791663635501123e-04
9.1470754363446849e-01 3.1735263770081877e-04
9.1502461419128212e-01 3.1678844333674273e-04
9.1534112045602156e-01 3.1622405361053966e-04
9.1565706223349863e-01 3.1565946887046506e-04
9.1597243932887351e-01 3.1509468946385279e-04
9.1628725154765422e-01 3.1452971573973346e-04
9.1660149869569729e-01 3.1396454804675508e-04
9.1691518057920784e-01 3.1339918673262661e-04
9.1722829700473940e-01 3.1283363214668048e-04
9.1754084777919431e-01 3.1226788463771044e-04
9.1785283270982376e-01 3.1170194455436208e-04
9.1816425160422788e-01 3.1113581224571078e-04
9.1847510427035595e-01 3.1056948806014917e-04
9.1878539051650621e-01 3.1000297234802456e-04
9.1909511015132639e-01 3.0943626545845915e-04
9.1940426298381372e-01 3.0886936774008402e-04
9.1971284882331472e-01 3.0830227954375613e-04
9.2002086747952572e-01 3.0773500121904294e-04
9.2032831876249299e-01 3.0716753311454189e-04
9.2063520248261232e-01 3.0659987558189910e-04
9.2094151845062999e-01 3.0603202896927861e-04
9.2124726647764188e-01 3.0546399362884274e-04
9.2155244637509459e-01 3.0489576990928640e-04
9.2185705795478479e-01 3.0432735816184211e-04
9.2216110102885973e-01 3.0375875873680158e-04
9.2246457540981719e-01 3.0318997198543879e-04
9.2276748091050576e-01 3.0262099825801415e-04
9.2306981734412485e-01 3.0205183790504755e-04
9.2337158452422474e-01 3.0148249127804504e-04
9.2367278226470684e-01 3.0091295872765740e-04
9.2397341037982361e-01 3.0034324060571413e-04
9.2427346868417892e-01 2.9977333726324021e-04
9.2457295699272790e-01 2.9920324905246810e-04
9.2487187512077751e-01 2.9863297632326297e-04
9.2517022288398598e-01 2.9806251942827625e-04
9.2546800009836339e-01 2.9749187871976279e-04
9.2576520658027173e-01 2.9692105454919428e-04
9.2606184214642495e-01 2.9635004726854912e-04
9.2635790661388917e-01 2.9577885722921606e-04
9.2665339980008232e-01 2.9520748478514282e-04
9.2694832152277529e-01 2.9463593028716372e-04
9.2724267160009066e-01 2.9406419408902986e-04
9.2753644985050410e-01 2.9349227654240385e-04
9.2782965609284374e-01 2.9292017799970542e-04
9.2812229014629022e-01 2.9234789881547651e-04
9.2841435183037757e-01 2.9177543934039770e-04
9.2870584096499231e-01 2.9120279992896476e-04
9.2899675737037435e-01 2.9062998093347170e-04
9.2928710086711652e-01 2.9005698270846188e-04
9.2957687127616528e-01 2.8948380560612786e-04
9.2986606841882036e-01 2.8891044998002646e-04
9.3015469211673496e-01 2.8833691618406810e-04
9.3044274219191603e-01 2.8776320457175002e-04
9.3073021846672421e-01 2.8718931549682471e-04
9.3101712076387400e-01 2.8661524931350305e-04
9.3130344890643380e-01 2.8604100637633052e-04
9.3158920271782630e-01 2.8546658703838498e-04
9.3187438202182826e-01 2.8489199165399466e-04
9.3215898664257069e-01 2.8431722057778723e-04
9.3244301640453897e-01 2.8374227416463508e-04
9.3272647113257312e-01 2.8316715276880414e-04
9.3300935065186774e-01 2.8259185674480992e-04
9.3329165478797216e-01 2.8201638644736614e-04
9.3357338336679041e-01 2.8144074223221941e-04
9.3385453621458181e-01 2.8086492445270425e-04
9.3413511315796027e-01 2.8028893346574780e-04
9.3441511402389532e-01 2.7971276962476685e-04
9.3469453863971130e-01 2.7913643328694363e-04
9.3497338683308828e-01 2.7855992480663476e-04
9.3525165843206171e-01 2.7798324453915117e-04
9.3552935326502251e-01 2.7740639284065449e-04
9.3580647116071747e-01 2.7682937006626634e-04
9.3608301194824894e-01 2.7625217657274926e-04
9.3635897545707536e-01 2.7567481271583349e-04
9.3663436151701118e-01 2.7509727885091135e-04
9.3690916995822682e-01 2.7451957533494996e-04
9.3718340061124905e-01 2.7394170252365610e-04
9.3745705330696094e-01 2.7336366077320735e-04
9.3773012787660182e-01 2.7278545044121118e-04
9.3800262415176783e-01 2.7220707188288371e-04
9.3827454196441151e-01 2.7162852545558046e-04
9.3854588114684223e-01 2.7104981151604098e-04
9.3881664153172617e-01 2.7047093042131576e-04
9.3908682295208645e-01 2.6989188252843534e-04
9.3935642524130325e-01 2.6931266819463364e-04
9.3962544823311400e-01 2.6873328777616504e-04
9.3989389176161320e-01 2.6815374163116271e-04
9.4016175566125282e-01 2.6757403011654063e-04
9.4042903976684222e-01 2.6699415359011095e-04
9.4069574391354838e-01 2.6641411240927696e-04
9.4096186793689585e-01 2.6583390693212970e-04
9.4122741167276702e-01 2.6525353751615947e-04
9.4149237495740212e-01 2.6467300451940660e-04
9.4175675762739930e-01 2.6409230830015527e-04
9.4202055951971486e-01 2.6351144921599634e-04
9.4228378047166317e-01 2.6293042762557946e-04
9.4254642032091696e-01 2.6234924388674700e-04
9.4280847890550723e-01 2.6176789835817094e-04
9.4306995606382349e-01 2.6118639139844084e-04
9.4333085163461383e-01 2.6060472336581603e-04
9.4359116545698485e-01 2.6002289462037263e-04
9.4385089737040229e-01 2.5944090551853233e-04
9.4411004721469027e-01 2.5885875642124893e-04
9.4436861483003220e-01 2.5827644768678070e-04
9.4462660005697052e-01 2.5769397967362947e-04
9.4488400273640660e-01 2.5711135274229227e-04
9.4514082270960142e-01 2.5652856725035976e-04
9.4539705981817490e-01 2.5594562355919922e-04
9.4565271390410677e-01 2.5536252202691028e-04
9.4590778480973603e-01 2.5477926301433699e-04
9.4616227237776163e-01 2.5419584687965069e-04
9.4641617645124199e-01 2.5361227398343377e-04
9.4666949687359547e-01 2.5302854468557527e-04
9.4692223348860027e-01 2.5244465934704403e-04
9.4717438614039495e-01 2.5186061832565117e-04
9.4742595467347779e-01 2.5127642198326987e-04
9.4767693893270755e-01 2.5069207067932280e-04
9.4792733876330315e-01 2.5010756477483070e-04
9.4817715401084401e-01 2.4952290463022686e-04
9.4842638452127015e-01 2.4893809060527847e-04
9.4867503014088195e-01 2.4835312306183279e-04
9.4892309071634073e-01 2.4776800235978521e-04
9.4917056609466854e-01 2.4718272885970065e-04
9.4941745612324824e-01 2.4659730292312949e-04
9.4966376064982361e-01 2.4601172491197276e-04
9.4990947952249982e-01 2.4542599518549636e-04
9.5015461258974299e-01 2.4484011410517937e-04
9.5039915970038036e-01 2.4425408203378722e-04
9.5064312070360080e-01 2.4366789933173114e-04
9.5088649544895454e-01 2.4308156636029937e-04
9.5112928378635320e-01 2.4249508348239555e-04
9.5137148556607032e-01 2.4190845105817938e-04
9.5161310063874105e-01 2.4132166944919407e-04
9.5185412885536214e-01 2.4073473901906317e-04
9.5209457006729259e-01 2.4014766012827042e-04
9.5233442412625313e-01 2.3956043314005688e-04
9.5257369088432686e-01 2.3897305841510662e-04
9.5281237019395881e-01 2.3838553631659208e-04
9.5305046190795639e-01 2.3779786720693171e-04
9.5328796587948950e-01 2.3721005144730170e-04
9.5352488196209018e-01 2.3662208940208437e-04
9.5376121000965330e-01 2.3603398143301864e-04
9.5399694987643635e-01 2.3544572790226278e-04
9.5423210141705939e-01 2.3485732917351979e-04
9.5446666448650541e-01 2.3426878560925689e-04
9.5470063894012036e-01 2.3368009757192322e-04
9.5493402463361310e-01 2.3309126542467689e-04
9.5516682142305542e-01 2.3250228953231901e-04
9.5539902916488273e-01 2.3191317025543344e-04
9.5563064771589323e-01 2.3132390795924318e-04
9.5586167693324875e-01 2.3073450300645684e-04
9.5609211667447458e-01 2.3014495575949021e-04
9.5632196679745918e-01 2.2955526658458163e-04
9.5655122716045504e-01 2.2896543584370911e-04
9.5677989762207827e-01 2.2837546390010120e-04
9.5700797804130866e-01 2.2778535111773842e-04
9.5723546827748973e-01 2.2719509786255424e-04
9.5746236819032937e-01 2.2660470449571208e-04
9.5768867763989929e-01 2.2601417138307377e-04
9.5791439648663523e-01 2.2542349888819832e-04
9.5813952459133722e-01 2.2483268737657694e-04
9.5836406181516987e-01 2.2424173721015189e-04
9.5858800801966171e-01 2.2365064875586651e-04
9.5881136306670622e-01 2.2305942237590628e-04
9.5903412681856104e-01 2.2246805843701366e-04
9.5925629913784871e-01 2.2187655730294389e-04
9.5947787988755651e-01 2.2128491933782731e-04
9.5969886893103640e-01 2.2069314490712997e-04
9.5991926613200518e-01 2.2010123437719007e-04
9.6013907135454502e-01 2.1950918811028741e-04
9.6035828446310267e-01 2.1891700647398341e-04
9.6057690532249052e-01 2.1832468983104937e-04
9.6079493379788572e-01 2.1773223854887534e-04
9.6101236975483106e-01 2.1713965299203960e-04
9.6122921305923459e-01 2.1654693352657855e-04
9.6144546357736993e-01 2.1595408051756424e-04
9.6166112117587632e-01 2.1536109432971341e-04
9.6187618572175848e-01 2.1476797532980323e-04
9.6209065708238695e-01 2.1417472388353986e-04
9.6230453512549818e-01 2.1358134035568676e-04
9.6251781971919426e-01 2.1298782511419958e-04
9.6273051073194360e-01 2.1239417852289224e-04
9.6294260803258025e-01 2.1180040095062792e-04
9.6315411149030494e-01 2.1120649276028407e-04
9.6336502097468413e-01 2.1061245432026912e-04
9.6357533635565085e-01 2.1001828599594041e-04
9.6378505750350429e-01 2.0942398815531433e-04
9.6399418428891048e-01 2.0882956116244692e-04
9.6420271658290158e-01 2.0823500538584238e-04
9.6441065425687655e-01 2.0764032119186611e-04
9.6461799718260122e-01 2.0704550894562075e-04
9.6482474523220774e-01 2.0645056901690841e-04
9.6503089827819566e-01 2.0585550176977481e-04
9.6523645619343101e-01 2.0526030757348491e-04
9.6544141885114720e-01 2.0466498679320552e-04
9.6564578612494456e-01 2.0406953979613149e-04
9.6584955788879046e-01 2.0347396695108986e-04
9.6605273401701974e-01 2.0287826862418345e-04
9.6625531438433443e-01 2.0228244518371815e-04
9.6645729886580412e-01 2.0168649699575872e-04
9.6665868733686577e-01 2.0109042442772459e-04
9.6685947967332375e-01 2.0049422784930998e-04
9.6705967575135032e-01 1.9989790762681568e-04
9.6725927544748536e-01 1.9930146412796889e-04
9.6745827863863654e-01 1.9870489772022231e-04
9.6765668520207926e-01 1.9810820877294943e-04
9.6785449501545717e-01 1.9751139765172618e-04
9.6805170795678153e-01 1.9691446472726144e-04
9.6824832390443205e-01 1.9631741036559990e-04
9.6844434273715641e-01 1.9572023493573808e-04
9.6863976433407051e-01 1.9512293880623796e-04
9.6883458857465865e-01 1.9452552234537290e-04
9.6902881533877350e-01 1.9392798592146476e-04
9.6922244450663619e-01 1.9333032990263927e-04
9.6941547595883637e-01 1.9273255465782329e-04
9.6960790957633236e-01 1.9213466055484571e-04
9.6979974524045098e-01 1.9153664796387048e-04
9.6999098283288798e-01 1.9093851725324293e-04
9.7018162223570792e-01 1.9034026879154018e-04
9.7037166333134417e-01 1.8974190294819270e-04
9.7056110600259926e-01 1.8914342009086990e-04
9.7074995013264453e-01 1.8854482058993489e-04
9.7093819560502059e-01 1.8794610481408209e-04
9.7112584230363719e-01 1.8734727313274939e-04
9.7131289011277344e-01 1.8674832591382746e-04
9.7149933891707752e-01 1.8614926352916031e-04
9.7168518860156727e-01 1.8555008634688649e-04
9.7187043905162984e-01 1.8495079473779201e-04
9.7205509015302227e-01 1.8435138906791661e-04
9.7223914179187065e-01 1.8375186971093151e-04
9.7242259385467122e-01 1.8315223703444227e-04
9.7260544622828982e-01 1.8255249140826908e-04
9.7278769879996196e-01 1.8195263320397735e-04
9.7296935145729346e-01 1.8135266278838745e-04
9.7315040408825959e-01 1.8075258053466603e-04
9.7333085658120599e-01 1.8015238681164266e-04
9.7351070882484847e-01 1.7955208198771718e-04
9.7368996070827263e-01 1.7895166643594541e-04
9.7386861212093467e-01 1.7835114052486297e-04
9.7404666295266085e-01 1.7775050462661481e-04
9.7422411309364809e-01 1.7714975910907349e-04
9.7440096243446350e-01 1.7654890434411333e-04
9.7457721086604476e-01 1.7594794070253735e-04
9.7475285827970015e-01 1.7534686855517616e-04
9.7492790456710876e-01 1.7474568827046723e-04
9.7510234962032005e-01 1.7414440022161723e-04
9.7527619333175453e-01 1.7354300477849475e-04
9.7544943559420338e-01 1.7294150231277454e-04
9.7562207630082887e-01 1.7233989319457343e-04
9.7579411534516425e-01 1.7173817779337410e-04
9.7596555262111351e-01 1.7113635648316396e-04
9.7613638802295200e-01 1.7053442963454167e-04
9.7630662144532632e-01 1.6993239761708341e-04
9.7647625278325412e-01 1.6933026080293077e-04
9.7664528193212441e-01 1.6872801956360758e-04
9.7681370878769758e-01 1.6812567427064806e-04
9.7698153324610548e-01 1.6752322529488910e-04
9.7714875520385136e-01 1.6692067300912007e-04
9.7731537455781026e-01 1.6631801778236959e-04
9.7748139120522848e-01 1.6571525998922135e-04
9.7764680504372425e-01 1.6511240000082161e-04
9.7781161597128763e-01 1.6450943818724012e-04
9.7797582388628035e-01 1.6390637492055810e-04
9.7813942868743586e-01 1.6330321057516191e-04
9.7830243027385999e-01 1.6269994551924526e-04
9.7846482854503003e-01 1.6209658012884633e-04
9.7862662340079576e-01 1.6149311477377425e-04
9.7878781474137899e-01 1.6088954982518275e-04
9.7894840246737347e-01 1.6028588565828025e-04
9.7910838647974552e-01 1.5968212264305320e-04
9.7926776667983362e-01 1.5907826115211290e-04
9.7942654296934861e-01 1.5847430155805907e-04
9.7958471525037372e-01 1.5787024423438359e-04
9.7974228342536485e-01 1.5726608955164386e-04
9.7989924739715017e-01 1.5666183788465147e-04
9.8005560706893069e-01 1.5605748960530058e-04
9.8021136234428008e-01 1.5545304508500352e-04
9.8036651312714462e-01 1.5484850469744998e-04
9.8052105932184341e-01 1.5424386881589909e-04
9.8067500083306847e-01 1.5363913781257056e-04
9.8082833756588472e-01 1.5303431205928154e-04
9.8098106942572982e-01 1.5242939193230013e-04
9.8113319631841478e-01 1.5182437780230759e-04
9.8128471815012352e-01 1.5121927004254715e-04
9.8143563482741314e-01 1.5061406902634993e-04
9.8158594625721396e-01 1.5000877512584090e-04
9.8173565234682936e-01 1.4940338871703536e-04
9.8188475300393629e-01 1.4879791017137736e-04
9.8203324813658499e-01 1.4819233986214229e-04
9.8218113765319892e-01 1.4758667816538957e-04
9.8232842146257549e-01 1.4698092545002941e-04
9.8247509947388512e-01 1.4637508209321265e-04
9.8262117159667217e-01 1.4576914846694137e-04
9.8276663774085449e-01 1.4516312494577177e-04
9.8291149781672371e-01 1.4455701190255950e-04
9.8305575173494508e-01 1.4395080971344159e-04
9.8319939940655798e-01 1.4334451874853743e-04
9.8334244074297539e-01 1.4273813938308941e-04
9.8348487565598408e-01 1.4213167199428963e-04
9.8362670405774533e-01 1.4152511695068339e-04
9.8376792586079387e-01 1.4091847463049213e-04
9.8390854097803881e-01 1.4031174540713083e-04
9.8404854932276353e-01 1.3970492965220506e-04
9.8418795080862520e-01 1.3909802774365548e-04
9.8432674534965570e-01 1.3849104005199183e-04
9.8446493286026082e-01 1.3788396695422120e-04
9.8460251325522086e-01 1.3727680882511022e-04
9.8473948644969067e-01 1.3666956603633124e-04
9.8487585235919928e-01 1.3606223896522681e-04
9.8501161089965050e-01 1.3545482798368687e-04
9.8514676198732243e-01 1.3484733346913591e-04
9.8528130553886806e-01 1.3423975579364094e-04
9.8541524147131487e-01 1.3363209533265424e-04
9.8554856970206495e-01 1.3302435246379161e-04
9.8568129014889561e-01 1.3241652755618824e-04
9.8581340272995843e-01 1.3180862098891740e-04
9.8594490736378015e-01 1.3120063313630409e-04
9.8607580396926242e-01 1.3059256437247005e-04
9.8620609246568169e-01 1.2998441507478816e-04
9.8633577277268980e-01 1.2937618561395642e-04
9.8646484481031327e-01 1.2876787636749334e-04
9.8659330849895388e-01 1.2815948771066973e-04
9.8672116375938868e-01 1.2755102001692724e-04
9.8684841051276961e-01 1.2694247366549301e-04
9.8697504868062436e-01 1.2633384902708143e-04
9.8710107818485548e-01 1.2572514648022921e-04
9.8722649894774117e-01 1.2511636639884343e-04
9.8735131089193484e-01 1.2450750916000243e-04
9.8747551394046562e-01 1.2389857513616238e-04
9.8759910801673789e-01 1.2328956470447291e-04
9.8772209304453162e-01 1.2268047824152227e-04
9.8784446894800249e-01 1.2207131612191111e-04
9.8796623565168173e-01 1.2146207872152334e-04
9.8808739308047633e-01 1.2085276641581882e-04
9.8820794115966903e-01 1.2024337957918111e-04
9.8832787981491810e-01 1.1963391859187661e-04
9.8844720897225813e-01 1.1902438382363710e-04
9.8856592855809911e-01 1.1841477565457045e-04
9.8868403849922715e-01 1.1780509446003025e-04
9.8880153872280430e-01 1.1719534061648023e-04
9.8891842915636874e-01 1.1658551449773998e-04
9.8903470972783447e-01 1.1597561648274905e-04
9.8915038036549185e-01 1.1536564694469263e-04
9.8926544099800728e-01 1.1475560625935172e-04
9.8937989155442307e-01 1.1414549480817786e-04
9.8949373196415824e-01 1.1353531296262015e-04
9.8960696215700783e-01 1.1292506109966025e-04
9.8971958206314314e-01 1.1231473959712340e-04
9.8983159161311207e-01 1.1170434882855319e-04
9.8994299073783854e-01 1.1109388917535139e-04
9.9005377936862338e-01 1.1048336100857131e-04
9.9016395743714358e-01 1.0987276470706577e-04
9.9027352487545273e-01 1.0926210064828116e-04
9.9038248161598097e-01 1.0865136920965660e-04
9.9049082759153528e-01 1.0804057076398043e-04
9.9059856273529900e-01 1.0742970569099436e-04
9.9070568698083239e-01 1.0681877436505257e-04
9.9081220026207217e-01 1.0620777716681629e-04
9.9091810251333223e-01 1.0559671446853002e-04
9.9102339366930292e-01 1.0498558665037219e-04
9.9112807366505162e-01 1.0437439408870535e-04
9.9123214243602276e-01 1.0376313715668032e-04
9.9133559991803721e-01 1.0315181623838099e-04
9.9143844604729348e-01 1.0254043170374051e-04
9.9154068076036661e-01 1.0192898393282736e-04
9.9164230399420883e-01 1.0131747330389540e-04
9.9174331568614948e-01 1.0070590019389782e-04
9.9184371577389518e-01 1.0009426497726093e-04
9.9194350419552946e-01 9.9482568034340601e-05
9.9204268088951331e-01 9.8870809739181137e-05
9.9214124579468477e-01 9.8258990471024310e-05
9.9223919885025924e-01 9.7647110607769439e-05
9.9233653999582949e-01 9.7035170525836570e-05
9.9243326917136554e-01 9.6423170604746498e-05
9.9252938631721510e-01 9.5811111216500576e-05
9.9262489137410292e-01 9.5198992742969135e-05
9.9271978428313146e-01 9.4586815560832307e-05
9.9281406498578062e-01 9.3974580047552963e-05
9.9290773342390792e-01 9.3362286579375050e-05
9.9300078953974835e-01 9.2749935535418315e-05
9.9309323327591448e-01 9.2137527295705880e-05
9.9318506457539690e-01 9.1525062230213457e-05
9.9327628338156326e-01 9.0912540726294103e-05
9.9336688963815956e-01 9.0299963154323018e-05
9.9345688328930915e-01 8.9687329895201689e-05
9.9354626427951331e-01 8.9074641326297659e-05
9.9363503255365115e-01 8.8461897825759829e-05
9.9372318805697968e-01 8.7849099769688298e-05
9.9381073073513360e-01 8.7236247539898847e-05
9.9389766053412587e-01 8.6623341509030325e-05
9.9398397740034705e-01 8.6010382060461703e-05
9.9406968128056594e-01 8.5397369570041544e-05
9.9415477212192938e-01 8.4784304413461554e-05
9.9423924987196211e-01 8.4171186970625984e-05
9.9432311447856703e-01 8.3558017619925635e-05
9.9440636589002518e-01 8.2944796739062919e-05
9.9448900405499574e-01 8.2331524706442258e-05
9.9457102892251603e-01 8.1718201901674842e-05
9.9465244044200174e-01 8.1104828700065236e-05
9.9473323856324658e-01 8.0491405483450960e-05
9.9481342323642274e-01 7.9877932627898555e-05
9.9489299441208068e-01 7.9264410511395038e-05
9.9497195204114919e-01 7.8650839510981471e-05
9.9505029607493534e-01 7.8037220007461181e-05
9.9512802646512466e-01 7.7423552379516687e-05
9.9520514316378117e-01 7.6809837004446522e-05
9.9528164612334724e-01 7.6196074262712516e-05
9.9535753529664384e-01 7.5582264531711242e-05
9.9543281063687050e-01 7.4968408186715959e-05
9.9550747209760515e-01 7.4354505608852827e-05
9.9558151963280428e-01 7.3740557179136659e-05
9.9565495319680319e-01 7.3126563272152896e-05
9.9572777274431568e-01 7.2512524267281619e-05
9.9579997823043409e-01 7.1898440547069618e-05
9.9587156961062973e-01 7.1284312485680266e-05
9.9594254684075234e-01 7.0670140464158547e-05
9.9601290987703073e-01 7.0055924861181311e-05
9.9608265867607215e-01 6.9441666054144186e-05
9.9615179319486280e-01 6.8827364423921239e-05
9.9622031339076778e-01 6.8213020346454141e-05
9.9628821922153088e-01 6.7598634202623522e-05
9.9635551064527494e-01 6.6984206368071389e-05
9.9642218762050139e-01 6.6369737230206774e-05
9.9648825010609099e-01 6.5755227160137756e-05
9.9655369806130323e-01 6.5140676538836322e-05
9.9661853144577661e-01 6.4526085744835235e-05
9.9668275021952868e-01 6.3911455156553213e-05
9.9674635434295578e-01 6.3296785159690396e-05
9.9680934377683372e-01 6.2682076124670783e-05
9.9687171848231715e-01 6.2067328431970667e-05
9.9693347842093971e-01 6.1452542464901971e-05
9.9699462355461432e-01 6.0837718601899089e-05
9.9705515384563315e-01 6.0222857217008213e-05
9.9711506925666726e-01 5.9607958694435294e-05
9.9717436975076712e-01 5.8993023411794492e-05
9.9723305529136230e-01 5.8378051749753431e-05
9.9729112584226176e-01 5.7763044083823312e-05
9.9734858136765359e-01 5.7148000794264383e-05
9.9740542183210512e-01 5.6532922263324629e-05
9.9746164720056307e-01 5.5917808870309538e-05
9.9751725743835351e-01 5.5302660993463015e-05
9.9757225251118187e-01 5.4687479009973180e-05
9.9762663238513283e-01 5.4072263302488692e-05
9.9768039702667066e-01 5.3457014244823772e-05
9.9773354640263867e-01 5.2841732228506945e-05
9.9778608048026018e-01 5.2226417617115434e-05
9.9783799922713745e-01 5.1611070799099491e-05
9.9788930261125230e-01 5.0995692158055679e-05
9.9793999060096639e-01 5.0380282062317041e-05
9.9799006316502048e-01 4.9764840897940784e-05
9.9803952027253495e-01 4.9149369048412679e-05
9.9808836189300998e-01 4.8533866884869597e-05
9.9813658799632510e-01 4.7918334787906230e-05
9.9818419855273932e-01 4.7302773145130154e-05
9.9823119353289158e-01 4.6687182326828699e-05
9.9827757290780006e-01 4.6071562723450309e-05
9.9832333664886308e-01 4.5455914698981866e-05
9.9836848472785800e-01 4.4840238650848924e-05
9.9841301711694241e-01 4.4224534945833645e-05
9.9845693378865341e-01 4.3608803961769804e-05
9.9850023471590754e-01 4.2993046090733979e-05
9.9854291987200139e-01 4.2377261707300373e-05
9.9858498923061123e-01 4.1761451189765876e-05
9.9862644276579315e-01 4.1145614911795724e-05
9.9866728045198272e-01 4.0529753266817009e-05
9.9870750226399563e-01 3.9913866625713637e-05
9.9874710817702728e-01 3.9297955367791503e-05
9.9878609816665276e-01 3.8682019875912100e-05
9.9882447220882731e-01 3.8066060527812733e-05
9.9886223027988563e-01 3.7450077704579379e-05
9.9889937235654247e-01 3.6834071790965554e-05
9.9893589841589259e-01 3.6218043159083083e-05
9.9897180843541056e-01 3.5601992185649599e-05
9.9900710239295065e-01 3.4985919263418328e-05
9.9904178026674739e-01 3.4369824761688357e-05
9.9907584203541500e-01 3.3753709067090796e-05
9.9910928767794771e-01 3.3137572561096440e-05
9.9914211717371992e-01 3.2521415611696550e-05
9.9917433050248572e-01 3.1905238607470893e-05
9.9920592764437932e-01 3.1289041926433243e-05
9.9923690857991487e-01 3.0672825953498840e-05
9.9926727328998666e-01 3.0056591062542915e-05
9.9929702175586888e-01 2.9440337637029466e-05
9.9932615395921576e-01 2.8824066061675479e-05
9.9935466988206179e-01 2.8207776703728243e-05
9.9938256950682125e-01 2.7591469951701768e-05
9.9940985281628869e-01 2.6975146179631176e-05
9.9943651979363857e-01 2.6358805776540036e-05
9.9946257042242559e-01 2.5742449117252592e-05
9.9948800468658450e-01 2.5126076584272764e-05
9.9951282257043017e-01 2.4509688557584636e-05
9.9953702405865763e-01 2.3893285416546825e-05
9.9956060913634215e-01 2.3276867529984335e-05
9.9958357778893880e-01 2.2660435302146749e-05
9.9960593000228326e-01 2.2043989093093913e-05
9.9962766576259110e-01 2.1427529290997329e-05
9.9964878505645816e-01 2.0811056277894082e-05
9.9966928787086051e-01 2.0194570429969106e-05
9.9968917419315451e-01 1.9578072119706479e-05
9.9970844401107650e-01 1.8961561741693604e-05
9.9972709731274334e-01 1.8345039667197198e-05
9.9974513408665189e-01 1.7728506297414462e-05
9.9976255432167971e-01 1.7111961976762485e-05
9.9977935800708428e-01 1.6495407107172064e-05
9.9979554513250357e-01 1.5878842069691089e-05
9.9981111568795600e-01 1.5262267235657408e-05
9.9982606966384024e-01 1.4645683001083377e-05
9.9984040705093569e-01 1.4029089728154176e-05
9.9985412784040217e-01 1.3412487793294026e-05
9.9986723202378003e-01 1.2795877606425604e-05
9.9987971959299060e-01 1.2179259534825832e-05
9.9989159054033616e-01 1.1562633952755055e-05
9.9990284485850023e-01 1.0946001224416242e-05
9.9991348254054768e-01 1.0329361761607031e-05
9.9992350357992554e-01 9.7127159657327618e-06
9.9993290797046397e-01 9.0960641612889212e-06
9.9994169570637670e-01 8.4794067739518969e-06
9.9994986678226350e-01 7.8627441711853303e-06
9.9995742119311271e-01 7.2460767558579762e-06
9.9996435893430624e-01 6.6294049427874280e-06
9.9997068000162825e-01 6.0127291039775729e-06
9.9997638439128045e-01 5.3960496824199717e-06
9.9998147209991273e-01 4.7793671173020744e-06
9.9998594312468647e-01 4.1626820497270062e-06
9.9998979746342054e-01 3.5459952331421901e-06
9.9999303511496529e-01 2.9293079877630360e-06
9.9999565608032781e-01 2.3126237401653364e-06
9.9999766036690740e-01 1.6959539439907241e-06
9.9999904801121986e-01 1.0793623201479065e-06
9.9999981932061766e-01 4.6368190066440300e-07
