-9.9999988435941267e-01 2.9677080679720151e-07
-9.9999939069668375e-01 6.9082660870549435e-07
-9.9999850255974598e-01 1.0854651216707559e-06
-9.9999721975168676e-01 1.4801539569484599e-06
-9.9999554224884990e-01 1.8748524191240392e-06
-9.9999347004612738e-01 2.2695531502118043e-06
-9.9999100314241440e-01 2.6642542154492456e-06
-9.9998814153789939e-01 3.0589546781979567e-06
-9.9998488523334295e-01 3.4536542530073883e-06
-9.9998123422983909e-01 3.8483525649140415e-06
-9.9997718852872153e-01 4.2430494128212280e-06
-9.9997274813152304e-01 4.6377446734383644e-06
-9.9996791303995636e-01 5.0324381225698493e-06
-9.9996268325590376e-01 5.4271296294045064e-06
-9.9995705878141206e-01 5.8218189715943852e-06
-9.9995103961868881e-01 6.2165060771692749e-06
-9.9994462577010146e-01 6.6111906824854221e-06
-9.9993781723817499e-01 7.0058727189321060e-06
-9.9993061402559225e-01 7.4005519808354394e-06
-9.9992301613519285e-01 7.7952283145304581e-06
-9.9991502356997297e-01 8.1899015801483616e-06
-9.9990663633308519e-01 8.5845716265228388e-06
-9.9989785442783841e-01 8.9792382832358195e-06
-9.9988867785769764e-01 9.3739013825072460e-06
-9.9987910662628376e-01 9.7685607929676157e-06
-9.9986914073737376e-01 1.0163216356075756e-05
-9.9985878019490060e-01 1.0557867900827951e-05
-9.9984802500295300e-01 1.0952515282881300e-05
-9.9983687516577568e-01 1.1347158336182343e-05
-9.9982533068776913e-01 1.1741796909709066e-05
-9.9981339157348958e-01 1.2136430862595363e-05
-9.9980105782764939e-01 1.2531060006898545e-05
-9.9978832945511631e-01 1.2925684216297065e-05
-9.9977520646091422e-01 1.3320303316817893e-05
-9.9976168885022254e-01 1.3714917172125980e-05
-9.9974777662837666e-01 1.4109525613538066e-05
-9.9973346980086775e-01 1.4504128476153089e-05
-9.9971876837334261e-01 1.4898725612037482e-05
-9.9970367235160384e-01 1.5293316872434823e-05
-9.9968818174160989e-01 1.5687902092482952e-05
-9.9967229654947487e-01 1.6082481121538500e-05
-9.9965601678146865e-01 1.6477053807759167e-05
-9.9963934244401687e-01 1.6871619995715905e-05
-9.9962227354370103e-01 1.7266179516113109e-05
-9.9960481008725821e-01 1.7660732223122843e-05
-9.9958695208158133e-01 1.8055277954492175e-05
-9.9956869953371885e-01 1.8449816570055499e-05
-9.9955005245087536e-01 1.8844347888807816e-05
-9.9953101084041063e-01 1.9238871786463278e-05
-9.9951157470984076e-01 1.9633388075487713e-05
-9.9949174406683705e-01 2.0027896621506929e-05
-9.9947151891922681e-01 2.0422397263343229e-05
-9.9945089927499298e-01 2.0816889845371554e-05
-9.9942988514227427e-01 2.1211374206948384e-05
-9.9940847652936493e-01 2.1605850203565096e-05
-9.9938667344471521e-01 2.2000317664731660e-05
-9.9936447589693078e-01 2.2394776443488574e-05
-9.9934188389477308e-01 2.2789226388460009e-05
-9.9931889744715940e-01 2.3183667330959743e-05
-9.9929551656316251e-01 2.3578099126224546e-05
-9.9927174125201101e-01 2.3972521612022618e-05
-9.9924757152308907e-01 2.4366934638079642e-05
-9.9922300738593661e-01 2.4761338048341841e-05
-9.9919804885024921e-01 2.5155731687533535e-05
-9.9917269592587821e-01 2.5550115392819009e-05
-9.9914694862283049e-01 2.5944489012249674e-05
-9.9912080695126859e-01 2.6338852394072163e-05
-9.9909427092151082e-01 2.6733205378741452e-05
-9.9906734054403101e-01 2.7127547814126286e-05
-9.9904001582945889e-01 2.7521879533893016e-05
-9.9901229678857939e-01 2.7916200401333062e-05
-9.9898418343233364e-01 2.8310510240522185e-05
-9.9895567577181787e-01 2.8704808913202136e-05
-9.9892677381828432e-01 2.9099096256414735e-05
-9.9889747758314085e-01 2.9493372106364083e-05
-9.9886778707795065e-01 2.9887636319210024e-05
-9.9883770231443281e-01 3.0281888734365066e-05
-9.9880722330446181e-01 3.0676129203305616e-05
-9.9877635006006815e-01 3.1070357553236692e-05
-9.9874508259343731e-01 3.1464573651298402e-05
-9.9871342091691107e-01 3.1858777318268420e-05
-9.9868136504298610e-01 3.2252968421675150e-05
-9.9864891498431529e-01 3.2647146789207716e-05
-9.9861607075370684e-01 3.3041312266127877e-05
-9.9858283236412437e-01 3.3435464706295215e-05
-9.9854919982868728e-01 3.3829603952145088e-05
-9.9851517316067062e-01 3.4223729841294809e-05
-9.9848075237350475e-01 3.4617842226259841e-05
-9.9844593748077592e-01 3.5011940941395723e-05
-9.9841072849622559e-01 3.5406025839979753e-05
-9.9837512543375095e-01 3.5800096764070771e-05
-9.9833912830740479e-01 3.6194153555906400e-05
-9.9830273713139517e-01 3.6588196069002142e-05
-9.9826595192008616e-01 3.6982224132463666e-05
-9.9822877268799692e-01 3.7376237599593452e-05
-9.9819119944980228e-01 3.7770236315470880e-05
-9.9815323222033259e-01 3.8164220123945631e-05
-9.9811487101457375e-01 3.8558188867874437e-05
-9.9807611584766709e-01 3.8952142393566267e-05
-9.9803696673490949e-01 3.9346080544774618e-05
-9.9799742369175337e-01 3.9740003163157489e-05
-9.9795748673380646e-01 4.0133910098876913e-05
-9.9791715587683216e-01 4.0527801192815563e-05
-9.9787643113674918e-01 4.0921676293813015e-05
-9.9783531252963198e-01 4.1315535236626226e-05
-9.9779380007171015e-01 4.1709377873100719e-05
-9.9775189377936879e-01 4.2103204051025852e-05
-9.9770959366914869e-01 4.2497013608361796e-05
-9.9766689975774592e-01 4.2890806389202128e-05
-9.9762381206201189e-01 4.3284582242548345e-05
-9.9758033059895357e-01 4.3678341012319820e-05
-9.9753645538573332e-01 4.4072082542188309e-05
-9.9749218643966897e-01 4.4465806674972197e-05
-9.9744752377823365e-01 4.4859513257571723e-05
-9.9740246741905592e-01 4.5253202135207398e-05
-9.9735701737991989e-01 4.5646873147111121e-05
-9.9731117367876476e-01 4.6040526144882362e-05
-9.9726493633368529e-01 4.6434160973059206e-05
-9.9721830536293177e-01 4.6827777469050176e-05
-9.9717128078490957e-01 4.7221375481872985e-05
-9.9712386261817954e-01 4.7614954857159631e-05
-9.9707605088145779e-01 4.8008515441763658e-05
-9.9702784559361612e-01 4.8402057070380135e-05
-9.9697924677368110e-01 4.8795579600443950e-05
-9.9693025444083516e-01 4.9189082867619403e-05
-9.9688086861441572e-01 4.9582566720991730e-05
-9.9683108931391562e-01 4.9976031004632906e-05
-9.9678091655898304e-01 5.0369475562650076e-05
-9.9673035036942148e-01 5.0762900237798620e-05
-9.9667939076518963e-01 5.1156304876469966e-05
-9.9662803776640152e-01 5.1549689323350378e-05
-9.9657629139332637e-01 5.1943053425566563e-05
-9.9652415166638897e-01 5.2336397019797058e-05
-9.9647161860616884e-01 5.2729719961790241e-05
-9.9641869223340118e-01 5.3123022091661352e-05
-9.9636537256897639e-01 5.3516303251024891e-05
-9.9631165963393997e-01 5.3909563286556289e-05
-9.9625755344949263e-01 5.4302802045592833e-05
-9.9620305403699039e-01 5.4696019371535537e-05
-9.9614816141794449e-01 5.5089215107877861e-05
-9.9609287561402127e-01 5.5482389102005541e-05
-9.9603719664704249e-01 5.5875541192493620e-05
-9.9598112453898469e-01 5.6268671232975680e-05
-9.9592465931197993e-01 5.6661779064054809e-05
-9.9586780098831551e-01 5.7054864524719506e-05
-9.9581054959043336e-01 5.7447927471831053e-05
-9.9575290514093118e-01 5.7840967740548987e-05
-9.9569486766256143e-01 5.8233985179296537e-05
-9.9563643717823180e-01 5.8626979633298890e-05
-9.9557761371100506e-01 5.9019950949161679e-05
-9.9551839728409930e-01 5.9412898966262609e-05
-9.9545878792088738e-01 5.9805823535067825e-05
-9.9539878564489748e-01 6.0198724498868425e-05
-9.9533839047981287e-01 6.0591601700407519e-05
-9.9527760244947183e-01 6.0984454985259095e-05
-9.9521642157786772e-01 6.1377284198250049e-05
-9.9515484788914876e-01 6.1770089189608918e-05
-9.9509288140761865e-01 6.2162869797427570e-05
-9.9503052215773580e-01 6.2555625868664728e-05
-9.9496777016411375e-01 6.2948357247848269e-05
-9.9490462545152092e-01 6.3341063784048276e-05
-9.9484108804488103e-01 6.3733745316478112e-05
-9.9477715796927246e-01 6.4126401695333262e-05
-9.9471283524992893e-01 6.4519032760258682e-05
-9.9464811991223878e-01 6.4911638361156622e-05
-9.9458301198174559e-01 6.5304218340387908e-05
-9.9451751148414769e-01 6.5696772546160008e-05
-9.9445161844529861e-01 6.6089300818997896e-05
-9.9438533289120667e-01 6.6481803004617501e-05
-9.9431865484803506e-01 6.6874278950230763e-05
-9.9425158434210181e-01 6.7266728503973932e-05
-9.9418412139988033e-01 6.7659151502442912e-05
-9.9411626604799830e-01 6.8051547798646806e-05
-9.9404801831323875e-01 6.8443917233016816e-05
-9.9397937822253934e-01 6.8836259652688595e-05
-9.9391034580299276e-01 6.9228574900894206e-05
-9.9384092108184641e-01 6.9620862823915493e-05
-9.9377110408650249e-01 7.0013123269655397e-05
-9.9370089484451829e-01 7.0405356079018824e-05
-9.9363029338360565e-01 7.0797561100575189e-05
-9.9355929973163137e-01 7.1189738177843001e-05
-9.9348791391661706e-01 7.1581887155658714e-05
-9.9341613596673906e-01 7.1974007879286971e-05
-9.9334396591032847e-01 7.2366100194380765e-05
-9.9327140377587120e-01 7.2758163946678509e-05
-9.9319844959200787e-01 7.3150198981502962e-05
-9.9312510338753401e-01 7.3542205140927379e-05
-9.9305136519139958e-01 7.3934182274952456e-05
-9.9297723503270952e-01 7.4326130226366223e-05
-9.9290271294072330e-01 7.4718048842504191e-05
-9.9282779894485529e-01 7.5109937966056349e-05
-9.9275249307467439e-01 7.5501797443304133e-05
-9.9267679535990427e-01 7.5893627118562795e-05
-9.9260070583042315e-01 7.6285426838842678e-05
-9.9252422451626399e-01 7.6677196448516279e-05
-9.9244735144761431e-01 7.7068935794317078e-05
-9.9237008665481641e-01 7.7460644719590168e-05
-9.9229243016836699e-01 7.7852323072120366e-05
-9.9221438201891765e-01 7.8243970693140155e-05
-9.9213594223727419e-01 7.8635587433160283e-05
-9.9205711085439729e-01 7.9027173135547864e-05
-9.9197788790140218e-01 7.9418727644181404e-05
-9.9189827340955850e-01 7.9810250805789247e-05
-9.9181826741029044e-01 8.0201742467599974e-05
-9.9173786993517699e-01 8.0593202470384729e-05
-9.9165708101595118e-01 8.0984630665913531e-05
-9.9157590068450108e-01 8.1376026893620890e-05
-9.9149432897286882e-01 8.1767391002873123e-05
-9.9141236591325121e-01 8.2158722838595507e-05
-9.9133001153799949e-01 8.2550022246808170e-05
-9.9124726587961942e-01 8.2941289071011463e-05
-9.9116412897077111e-01 8.3332523158167416e-05
-9.9108060084426919e-01 8.3723724352148844e-05
-9.9099668153308251e-01 8.4114892501718040e-05
-9.9091237107033459e-01 8.4506027449920287e-05
-9.9082766948930323e-01 8.4897129041205886e-05
-9.9074257682342037e-01 8.5288197126737690e-05
-9.9065709310627281e-01 8.5679231545534798e-05
-9.9057121837160123e-01 8.6070232147625214e-05
-9.9048495265330083e-01 8.6461198778565274e-05
-9.9039829598542128e-01 8.6852131281105833e-05
-9.9031124840216633e-01 8.7243029502889787e-05
-9.9022380993789416e-01 8.7633893288665049e-05
-9.9013598062711705e-01 8.8024722487215124e-05
-9.9004776050450183e-01 8.8415516941119102e-05
-9.8995914960486942e-01 8.8806276496522784e-05
-9.8987014796319506e-01 8.9197000997993578e-05
-9.8978075561460799e-01 8.9587690295137560e-05
-9.8969097259439198e-01 8.9978344230513490e-05
-9.8960079893798480e-01 9.0368962651350790e-05
-9.8951023468097843e-01 9.0759545404217492e-05
-9.8941927985911915e-01 9.1150092332601207e-05
-9.8932793450830725e-01 9.1540603283648509e-05
-9.8923619866459722e-01 9.1931078103137698e-05
-9.8914407236419777e-01 9.2321516635069468e-05
-9.8905155564347136e-01 9.2711918730927463e-05
-9.8895864853893511e-01 9.3102284230442599e-05
-9.8886535108725981e-01 9.3492612982595257e-05
-9.8877166332527044e-01 9.3882904833220225e-05
-9.8867758528994609e-01 9.4273159627732985e-05
-9.8858311701841994e-01 9.4663377209843288e-05
-9.8848825854797884e-01 9.5053557431577947e-05
-9.8839300991606416e-01 9.5443700133618427e-05
-9.8829737116027105e-01 9.5833805161695863e-05
-9.8820134231834844e-01 9.6223872365983653e-05
-9.8810492342819956e-01 9.6613901589283799e-05
-9.8800811452788140e-01 9.7003892678479726e-05
-9.8791091565560496e-01 9.7393845479534007e-05
-9.8781332684973511e-01 9.7783759839052513e-05
-9.8771534814879058e-01 9.8173635604580724e-05
-9.8761697959144434e-01 9.8563472617161266e-05
-9.8751822121652266e-01 9.8953270729104932e-05
-9.8741907306300625e-01 9.9343029781411157e-05
-9.8731953517002924e-01 9.9732749623185072e-05
-9.8721960757687977e-01 1.0012243010065377e-04
-9.8711929032299983e-01 1.0051207105866010e-04
-9.8701858344798510e-01 1.0090167234503684e-04
-9.8691748699158521e-01 1.0129123380383762e-04
-9.8681600099370337e-01 1.0168075528321493e-04
-9.8671412549439663e-01 1.0207023662916031e-04
-9.8661186053387595e-01 1.0245967768508779e-04
-9.8650920615250559e-01 1.0284907830187645e-04
-9.8640616239080392e-01 1.0323843832305273e-04
-9.8630272928944285e-01 1.0362775759491505e-04
-9.8619890688924794e-01 1.0401703596423150e-04
-9.8609469523119841e-01 1.0440627327786857e-04
-9.8599009435642715e-01 1.0479546938208843e-04
-9.8588510430622067e-01 1.0518462412315316e-04
-9.8577972512201906e-01 1.0557373734833019e-04
-9.8567395684541614e-01 1.0596280890163595e-04
-9.8556779951815920e-01 1.0635183862984486e-04
-9.8546125318214894e-01 1.0674082638219371e-04
-9.8535431787943994e-01 1.0712977200160855e-04
-9.8524699365224000e-01 1.0751867533695123e-04
-9.8513928054291056e-01 1.0790753623448873e-04
-9.8503117859396649e-01 1.0829635454150233e-04
-9.8492268784807635e-01 1.0868513010210602e-04
-9.8481380834806187e-01 1.0907386276514006e-04
-9.8470454013689845e-01 1.0946255237521531e-04
-9.8459488325771483e-01 1.0985119877935122e-04
-9.8448483775379303e-01 1.1023980182572432e-04
-9.8437440366856876e-01 1.1062836135810357e-04
-9.8426358104563072e-01 1.1101687722700392e-04
-9.8415236992872135e-01 1.1140534927577224e-04
-9.8404077036173621e-01 1.1179377735211973e-04
-9.8392878238872417e-01 1.1218216130360152e-04
-9.8381640605388754e-01 1.1257050097572733e-04
-9.8370364140158173e-01 1.1295879621725209e-04
-9.8359048847631569e-01 1.1334704687221314e-04
-9.8347694732275148e-01 1.1373525278739305e-04
-9.8336301798570425e-01 1.1412341381176143e-04
-9.8324870051014257e-01 1.1451152979084401e-04
-9.8313399494118814e-01 1.1489960057172682e-04
-9.8301890132411585e-01 1.1528762600116591e-04
-9.8290341970435369e-01 1.1567560592680124e-04
-9.8278755012748298e-01 1.1606354019359118e-04
-9.8267129263923803e-01 1.1645142864885288e-04
-9.8255464728550612e-01 1.1683927114180669e-04
-9.8243761411232799e-01 1.1722706751600733e-04
-9.8232019316589714e-01 1.1761481762038814e-04
-9.8220238449256014e-01 1.1800252130291868e-04
-9.8208418813881682e-01 1.1839017840881684e-04
-9.8196560415131995e-01 1.1877778878387917e-04
-9.8184663257687499e-01 1.1916535227950796e-04
-9.8172727346244093e-01 1.1955286873799979e-04
-9.8160752685512931e-01 1.1994033800845301e-04
-9.8148739280220476e-01 1.2032775993757466e-04
-9.8136687135108469e-01 1.2071513437451095e-04
-9.8124596254933982e-01 1.2110246116199625e-04
-9.8112466644469321e-01 1.2148974015167851e-04
-9.8100298308502121e-01 1.2187697118804291e-04
-9.8088091251835285e-01 1.2226415411882975e-04
-9.8075845479287005e-01 1.2265128879102044e-04
-9.8063560995690746e-01 1.2303837505227758e-04
-9.8051237805895253e-01 1.2342541275073163e-04
-9.8038875914764567e-01 1.2381240173138435e-04
-9.8026475327177987e-01 1.2419934184228318e-04
-9.8014036048030073e-01 1.2458623293299818e-04
-9.8001558082230700e-01 1.2497307484700659e-04
-9.7989041434704971e-01 1.2535986743377739e-04
-9.7976486110393268e-01 1.2574661054130410e-04
-9.7963892114251261e-01 1.2613330401425876e-04
-9.7951259451249839e-01 1.2651994770401066e-04
-9.7938588126375203e-01 1.2690654145451217e-04
-9.7925878144628786e-01 1.2729308511399263e-04
-9.7913129511027286e-01 1.2767957852956977e-04
-9.7900342230602644e-01 1.2806602155029126e-04
-9.7887516308402067e-01 1.2845241402358084e-04
-9.7874651749488029e-01 1.2883875579465436e-04
-9.7861748558938222e-01 1.2922504671336043e-04
-9.7848806741845618e-01 1.2961128662509347e-04
-9.7835826303318407e-01 1.2999747537908697e-04
-9.7822807248480037e-01 1.3038361282295243e-04
-9.7809749582469196e-01 1.3076969880424061e-04
-9.7796653310439829e-01 1.3115573316834295e-04
-9.7783518437561079e-01 1.3154171576642526e-04
-9.7770344969017375e-01 1.3192764644202927e-04
-9.7757132910008326e-01 1.3231352504715002e-04
-9.7743882265748816e-01 1.3269935142722807e-04
-9.7730593041468949e-01 1.3308512542894142e-04
-9.7717265242414042e-01 1.3347084690164545e-04
-9.7703898873844641e-01 1.3385651569370946e-04
-9.7690493941036538e-01 1.3424213165066977e-04
-9.7677050449280722e-01 1.3462769462134732e-04
-9.7663568403883394e-01 1.3501320445588659e-04
-9.7650047810166019e-01 1.3539866099759654e-04
-9.7636488673465216e-01 1.3578406409838988e-04
-9.7622890999132861e-01 1.3616941360448270e-04
-9.7609254792536038e-01 1.3655470936201183e-04
-9.7595580059057008e-01 1.3693995122194806e-04
-9.7581866804093265e-01 1.3732513903143566e-04
-9.7568115033057512e-01 1.3771027263702364e-04
-9.7554324751377630e-01 1.3809535188883401e-04
-9.7540495964496732e-01 1.3848037663259072e-04
-9.7526628677873106e-01 1.3886534671701703e-04
-9.7512722896980231e-01 1.3925026199201296e-04
-9.7498778627306804e-01 1.3963512230367087e-04
-9.7484795874356700e-01 1.4001992750020789e-04
-9.7470774643648983e-01 1.4040467743007225e-04
-9.7456714940717903e-01 1.4078937194174284e-04
-9.7442616771112900e-01 1.4117401088320668e-04
-9.7428480140398588e-01 1.4155859410355996e-04
-9.7414305054154793e-01 1.4194312144770165e-04
-9.7400091517976461e-01 1.4232759276839002e-04
-9.7385839537473773e-01 1.4271200791098366e-04
-9.7371549118272060e-01 1.4309636672339154e-04
-9.7357220266011812e-01 1.4348066905589364e-04
-9.7342852986348716e-01 1.4386491475488331e-04
-9.7328447284953601e-01 1.4424910367003753e-04
-9.7314003167512475e-01 1.4463323564951839e-04
-9.7299520639726500e-01 1.4501731054251940e-04
-9.7284999707312025e-01 1.4540132819480410e-04
-9.7270440376000522e-01 1.4578528845699671e-04
-9.7255842651538638e-01 1.4616919117714356e-04
-9.7241206539688174e-01 1.4655303620309543e-04
-9.7226532046226066e-01 1.4693682338542873e-04
-9.7211819176944436e-01 1.4732055256954369e-04
-9.7197067937650516e-01 1.4770422360585442e-04
-9.7182278334166705e-01 1.4808783634194135e-04
-9.7167450372330533e-01 1.4847139062687602e-04
-9.7152584057994662e-01 1.4885488631062970e-04
-9.7137679397026921e-01 1.4923832323977235e-04
-9.7122736395310250e-01 1.4962170126409980e-04
-9.7107755058742729e-01 1.5000502023204115e-04
-9.7092735393237584e-01 1.5038827999058654e-04
-9.7077677404723128e-01 1.5077148039195797e-04
-9.7062581099142842e-01 1.5115462128323642e-04
-9.7047446482455324e-01 1.5153770251196438e-04
-9.7032273560634286e-01 1.5192072392796789e-04
-9.7017062339668536e-01 1.5230368538063377e-04
-9.7001812825562050e-01 1.5268658671756377e-04
-9.6986525024333881e-01 1.5306942778831869e-04
-9.6971198942018189e-01 1.5345220844331742e-04
-9.6955834584664291e-01 1.5383492852758665e-04
-9.6940431958336548e-01 1.5421758789399122e-04
-9.6924991069114474e-01 1.5460018638926987e-04
-9.6909511923092662e-01 1.5498272386346853e-04
-9.6893994526380811e-01 1.5536520016529076e-04
-9.6878438885103724e-01 1.5574761514340805e-04
-9.6862845005401288e-01 1.5612996864740271e-04
-9.6847212893428491e-01 1.5651226052607612e-04
-9.6831542555355421e-01 1.5689449062732970e-04
-9.6815833997367218e-01 1.5727665880305299e-04
-9.6800087225664155e-01 1.5765876489945942e-04
-9.6784302246461551e-01 1.5804080876771138e-04
-9.6768479065989821e-01 1.5842279025667268e-04
-9.6752617690494458e-01 1.5880470921549348e-04
-9.6736718126236032e-01 1.5918656549306859e-04
-9.6720780379490179e-01 1.5956835893936896e-04
-9.6704804456547622e-01 1.5995008940237421e-04
-9.6688790363714128e-01 1.6033175673286972e-04
-9.6672738107310552e-01 1.6071336077920815e-04
-9.6656647693672804e-01 1.6109490139075541e-04
-9.6640519129151847e-01 1.6147637841752924e-04
-9.6624352420113713e-01 1.6185779170894946e-04
-9.6608147572939485e-01 1.6223914111433954e-04
-9.6591904594025302e-01 1.6262042648307044e-04
-9.6575623489782347e-01 1.6300164766526042e-04
-9.6559304266636869e-01 1.6338280450918546e-04
-9.6542946931030149e-01 1.6376389686449815e-04
-9.6526551489418499e-01 1.6414492458230936e-04
-9.6510117948273300e-01 1.6452588751067837e-04
-9.6493646314080950e-01 1.6490678549979128e-04
-9.6477136593342883e-01 1.6528761840012526e-04
-9.6460588792575586e-01 1.6566838605966091e-04
-9.6444002918310545e-01 1.6604908833004847e-04
-9.6427378977094313e-01 1.6642972505863176e-04
-9.6410716975488420e-01 1.6681029609833187e-04
-9.6394016920069470e-01 1.6719080129575433e-04
-9.6377278817429046e-01 1.6757124050263467e-04
-9.6360502674173776e-01 1.6795161356762941e-04
-9.6343688496925284e-01 1.6833192034134634e-04
-9.6326836292320206e-01 1.6871216067450143e-04
-9.6309946067010210e-01 1.6909233441528347e-04
-9.6293017827661953e-01 1.6947244141417013e-04
-9.6276051580957089e-01 1.6985248152206505e-04
-9.6259047333592296e-01 1.7023245458789457e-04
-9.6242005092279226e-01 1.7061236046292714e-04
-9.6224924863744565e-01 1.7099219899447979e-04
-9.6207806654729933e-01 1.7137197003678733e-04
-9.6190650471992012e-01 1.7175167343578187e-04
-9.6173456322302409e-01 1.7213130904478383e-04
-9.6156224212447761e-01 1.7251087671211319e-04
-9.6138954149229661e-01 1.7289037628909218e-04
-9.6121646139464700e-01 1.7326980762511044e-04
-9.6104300189984448e-01 1.7364917056967609e-04
-9.6086916307635428e-01 1.7402846497453376e-04
-9.6069494499279151e-01 1.7440769068967834e-04
-9.6052034771792094e-01 1.7478684756556048e-04
-9.6034537132065712e-01 1.7516593545172866e-04
-9.6017001587006412e-01 1.7554495419853204e-04
-9.5999428143535559e-01 1.7592390365728494e-04
-9.5981816808589482e-01 1.7630278367836513e-04
-9.5964167589119476e-01 1.7668159411132628e-04
-9.5946480492091768e-01 1.7706033480782674e-04
-9.5928755524487563e-01 1.7743900561676277e-04
-9.5910992693302988e-01 1.7781760638996554e-04
-9.5893192005549122e-01 1.7819613697806063e-04
-9.5875353468252000e-01 1.7857459723050361e-04
-9.5857477088452581e-01 1.7895298699864115e-04
-9.5839562873206763e-01 1.7933130613317387e-04
-9.5821610829585380e-01 1.7970955448491028e-04
-9.5803620964674197e-01 1.8008773190457660e-04
-9.5785593285573911e-01 1.8046583824237735e-04
-9.5767527799400143e-01 1.8084387334916645e-04
-9.5749424513283432e-01 1.8122183707573893e-04
-9.5731283434369230e-01 1.8159972927407926e-04
-9.5713104569817931e-01 1.8197754979334634e-04
-9.5694887926804817e-01 1.8235529848548975e-04
-9.5676633512520104e-01 1.8273297520017494e-04
-9.5658341334168884e-01 1.8311057979054126e-04
-9.5640011398971192e-01 1.8348811210572478e-04
-9.5621643714161952e-01 1.8386557199641572e-04
-9.5603238286990966e-01 1.8424295931575150e-04
-9.5584795124722977e-01 1.8462027391203826e-04
-9.5566314234637573e-01 1.8499751563887673e-04
-9.5547795624029275e-01 1.8537468434560314e-04
-9.5529239300207469e-01 1.8575177988401089e-04
-9.5510645270496430e-01 1.8612880210555001e-04
-9.5492013542235332e-01 1.8650575086011492e-04
-9.5473344122778192e-01 1.8688262600110840e-04
-9.5454637019493949e-01 1.8725942737780093e-04
-9.5435892239766384e-01 1.8763615484226347e-04
-9.5417109790994159e-01 1.8801280824608198e-04
-9.5398289680590809e-01 1.8838938743997741e-04
-9.5379431915984725e-01 1.8876589227580820e-04
-9.5360536504619164e-01 1.8914232260505183e-04
-9.5341603453952251e-01 1.8951867827854421e-04
-9.5322632771456961e-01 1.8989495914739228e-04
-9.5303624464621106e-01 1.9027116506476497e-04
-9.5284578540947373e-01 1.9064729588117745e-04
-9.5265495007953305e-01 1.9102335144658607e-04
-9.5246373873171242e-01 1.9139933161539977e-04
-9.5227215144148414e-01 1.9177523623735451e-04
-9.5208018828446861e-01 1.9215106516521258e-04
-9.5188784933643478e-01 1.9252681824969027e-04
-9.5169513467329980e-01 1.9290249534279128e-04
-9.5150204437112917e-01 1.9327809629614696e-04
-9.5130857850613659e-01 1.9365362096204674e-04
-9.5111473715468409e-01 1.9402906919175513e-04
-9.5092052039328190e-01 1.9440444083669475e-04
-9.5072592829858826e-01 1.9477973574994549e-04
-9.5053096094740985e-01 1.9515495378184900e-04
-9.5033561841670122e-01 1.9553009478511082e-04
-9.5013990078356503e-01 1.9590515861217766e-04
-9.4994380812525214e-01 1.9628014511408176e-04
-9.4974734051916132e-01 1.9665505414314394e-04
-9.4955049804283931e-01 1.9702988555182806e-04
-9.4935328077398096e-01 1.9740463919126975e-04
-9.4915568879042889e-01 1.9777931491411890e-04
-9.4895772217017360e-01 1.9815391257330117e-04
-9.4875938099135371e-01 1.9852843201955347e-04
-9.4856066533225547e-01 1.9890287310535875e-04
-9.4836157527131304e-01 1.9927723568255484e-04
-9.4816211088710811e-01 1.9965151960512416e-04
-9.4796227225837049e-01 2.0002572472380110e-04
-9.4776205946397751e-01 2.0039985089138833e-04
-9.4756147258295409e-01 2.0077389795994738e-04
-9.4736051169447300e-01 2.0114786578253777e-04
-9.4715917687785467e-01 2.0152175420984670e-04
-9.4695746821256677e-01 2.0189556309661356e-04
-9.4675538577822493e-01 2.0226929229354702e-04
-9.4655292965459203e-01 2.0264294165386597e-04
-9.4635009992157870e-01 2.0301651103023393e-04
-9.4614689665924279e-01 2.0339000027467104e-04
-9.4594331994778968e-01 2.0376340924015932e-04
-9.4573936986757223e-01 2.0413673777890971e-04
-9.4553504649909059e-01 2.0450998574352223e-04
-9.4533034992299214e-01 2.0488315298781919e-04
-9.4512528022007181e-01 2.0525623936340371e-04
-9.4491983747127173e-01 2.0562924472245764e-04
-9.4471402175768104e-01 2.0600216891955079e-04
-9.4450783316053644e-01 2.0637501180605650e-04
-9.4430127176122158e-01 2.0674777323518917e-04
-9.4409433764126727e-01 2.0712045306056016e-04
-9.4388703088235160e-01 2.0749305113384651e-04
-9.4367935156629956e-01 2.0786556730862987e-04
-9.4347129977508326e-01 2.0823800143795815e-04
-9.4326287559082189e-01 2.0861035337421365e-04
-9.4305407909578154e-01 2.0898262297120124e-04
-9.4284491037237517e-01 2.0935481008135722e-04
-9.4263536950316285e-01 2.0972691455856089e-04
-9.4242545657085142e-01 2.1009893625571069e-04
-9.4221517165829471e-01 2.1047087502506476e-04
-9.4200451484849324e-01 2.1084273072027437e-04
-9.4179348622459425e-01 2.1121450319525390e-04
-9.4158208586989189e-01 2.1158619230282386e-04
-9.4137031386782710e-01 2.1195779789546522e-04
-9.4115817030198712e-01 2.1232931982872427e-04
-9.4094565525610641e-01 2.1270075795352009e-04
-9.4073276881406565e-01 2.1307211212416878e-04
-9.4051951105989229e-01 2.1344338219365816e-04
-9.4030588207776011e-01 2.1381456801684173e-04
-9.4009188195198978e-01 2.1418566944562538e-04
-9.3987751076704806e-01 2.1455668633522810e-04
-9.3966276860754860e-01 2.1492761853729106e-04
-9.3944765555825116e-01 2.1529846590621961e-04
-9.3923217170406192e-01 2.1566922829610493e-04
-9.3901631713003353e-01 2.1603990556028166e-04
-9.3880009192136493e-01 2.1641049755223560e-04
-9.3858349616340131e-01 2.1678100412601459e-04
-9.3836652994163416e-01 2.1715142513516710e-04
-9.3814919334170122e-01 2.1752176043327194e-04
-9.3793148644938629e-01 2.1789200987479485e-04
-9.3771340935061953e-01 2.1826217331262458e-04
-9.3749496213147698e-01 2.1863225060181414e-04
-9.3727614487818101e-01 2.1900224159547449e-04
-9.3705695767709984e-01 2.1937214614802693e-04
-9.3683740061474796e-01 2.1974196411243935e-04
-9.3661747377778548e-01 2.2011169534427795e-04
-9.3639717725301874e-01 2.2048133969714042e-04
-9.3617651112740008e-01 2.2085089702428585e-04
-9.3595547548802727e-01 2.2122036718098662e-04
-9.3573407042214451e-01 2.2158975002037156e-04
-9.3551229601714148e-01 2.2195904539682026e-04
-9.3529015236055357e-01 2.2232825316538502e-04
-9.3506763954006211e-01 2.2269737317996094e-04
-9.3484475764349417e-01 2.2306640529393972e-04
-9.3462150675882216e-01 2.2343534936362705e-04
-9.3439788697416459e-01 2.2380420524159008e-04
-9.3417389837778531e-01 2.2417297278268285e-04
-9.3394954105809369e-01 2.2454165184201120e-04
-9.3372481510364491e-01 2.2491024227269541e-04
-9.3349972060313924e-01 2.2527874393122411e-04
-9.3327425764542293e-01 2.2564715666984535e-04
-9.3304842631948715e-01 2.2601548034513550e-04
-9.3282222671446879e-01 2.2638371481083704e-04
-9.3259565891965002e-01 2.2675185992181729e-04
-9.3236872302445828e-01 2.2711991553296212e-04
-9.3214141911846649e-01 2.2748788149795572e-04
-9.3191374729139254e-01 2.2785575767278406e-04
-9.3168570763309977e-01 2.2822354391150229e-04
-9.3145730023359663e-01 2.2859124006897289e-04
-9.3122852518303656e-01 2.2895884600124719e-04
-9.3099938257171855e-01 2.2932636156098359e-04
-9.3076987249008614e-01 2.2969378660505586e-04
-9.3053999502872820e-01 2.3006112098810437e-04
-9.3030975027837859e-01 2.3042836456485961e-04
-9.3007913832991618e-01 2.3079551718996035e-04
-9.2984815927436471e-01 2.3116257871844616e-04
-9.2961681320289269e-01 2.3152954900638916e-04
-9.2938510020681364e-01 2.3189642790884984e-04
-9.2915302037758607e-01 2.3226321527962550e-04
-9.2892057380681292e-01 2.3262991097530337e-04
-9.2868776058624214e-01 2.3299651485059295e-04
-9.2845458080776622e-01 2.3336302676158508e-04
-9.2822103456342253e-01 2.3372944656278248e-04
-9.2798712194539312e-01 2.3409577410867882e-04
-9.2775284304600425e-01 2.3446200925681258e-04
-9.2751819795772716e-01 2.3482815186140024e-04
-9.2728318677317756e-01 2.3519420177760654e-04
-9.2704780958511546e-01 2.3556015886185046e-04
-9.2681206648644543e-01 2.3592602296987870e-04
-9.2657595757021671e-01 2.3629179395577750e-04
-9.2633948292962254e-01 2.3665747167658893e-04
-9.2610264265800080e-01 2.3702305598707164e-04
-9.2586543684883349e-01 2.3738854674366762e-04
-9.2562786559574706e-01 2.3775394380155137e-04
-9.2538992899251216e-01 2.3811924701618104e-04
-9.2515162713304344e-01 2.3848445624459778e-04
-9.2491296011140001e-01 2.3884957134186630e-04
-9.2467392802178494e-01 2.3921459216406159e-04
-9.2443453095854555e-01 2.3957951856644157e-04
-9.2419476901617292e-01 2.3994435040633824e-04
-9.2395464228930257e-01 2.4030908753804861e-04
-9.2371415087271358e-01 2.4067372981910517e-04
-9.2347329486132923e-01 2.4103827710495406e-04
-9.2323207435021670e-01 2.4140272925141901e-04
-9.2299048943458684e-01 2.4176708611572091e-04
-9.2274854020979469e-01 2.4213134755237043e-04
-9.2250622677133864e-01 2.4249551341931126e-04
-9.2226354921486131e-01 2.4285958357116337e-04
-9.2202050763614862e-01 2.4322355786541785e-04
-9.2177710213113029e-01 2.4358743615894194e-04
-9.2153333279588001e-01 2.4395121830598571e-04
-9.2128919972661460e-01 2.4431490416460552e-04
-9.2104470301969465e-01 2.4467849359131839e-04
-9.2079984277162441e-01 2.4504198644170229e-04
-9.2055461907905145e-01 2.4540538257259218e-04
-9.2030903203876679e-01 2.4576868184087613e-04
-9.2006308174770490e-01 2.4613188410341344e-04
-9.1981676830294379e-01 2.4649498921570652e-04
-9.1957009180170446e-01 2.4685799703587970e-04
-9.1932305234135159e-01 2.4722090741939362e-04
-9.1907565001939284e-01 2.4758372022368744e-04
-9.1882788493347933e-01 2.4794643530469829e-04
-9.1857975718140505e-01 2.4830905252052645e-04
-9.1833126686110733e-01 2.4867157172803325e-04
-9.1808241407066671e-01 2.4903399278322879e-04
-9.1783319890830672e-01 2.4939631554278378e-04
-9.1758362147239370e-01 2.4975853986519296e-04
-9.1733368186143738e-01 2.5012066560570412e-04
-9.1708338017409008e-01 2.5048269262258754e-04
-9.1683271650914711e-01 2.5084462077350932e-04
-9.1658169096554698e-01 2.5120644991365426e-04
-9.1633030364237056e-01 2.5156817990192390e-04
-9.1607855463884191e-01 2.5192981059423211e-04
-9.1582644405432745e-01 2.5229134184954111e-04
-9.1557397198833679e-01 2.5265277352331318e-04
-9.1532113854052177e-01 2.5301410547435036e-04
-9.1506794381067724e-01 2.5337533755883756e-04
-9.1481438789874037e-01 2.5373646963502630e-04
-9.1456047090479098e-01 2.5409750156042476e-04
-9.1430619292905158e-01 2.5445843319158655e-04
-9.1405155407188687e-01 2.5481926438693545e-04
-9.1379655443380425e-01 2.5517999500339279e-04
-9.1354119411545320e-01 2.5554062489999173e-04
-9.1328547321762610e-01 2.5590115393208046e-04
-9.1302939184125698e-01 2.5626158195972149e-04
-9.1277295008742265e-01 2.5662190883952876e-04
-9.1251614805734216e-01 2.5698213442836265e-04
-9.1225898585237630e-01 2.5734225858606866e-04
-9.1200146357402856e-01 2.5770228116902243e-04
-9.1174358132394429e-01 2.5806220203536650e-04
-9.1148533920391095e-01 2.5842202104302362e-04
-9.1122673731585790e-01 2.5878173805107319e-04
-9.1096777576185695e-01 2.5914135291562273e-04
-9.1070845464412131e-01 2.5950086549634470e-04
-9.1044877406500657e-01 2.5986027565015477e-04
-9.1018873412700985e-01 2.6021958323632811e-04
-9.0992833493277037e-01 2.6057878811223424e-04
-9.0966757658506903e-01 2.6093789013629821e-04
-9.0940645918682850e-01 2.6129688916684931e-04
-9.0914498284111311e-01 2.6165578506264365e-04
-9.0888314765112910e-01 2.6201457768099909e-04
-9.0862095372022411e-01 2.6237326688067261e-04
-9.0835840115188737e-01 2.6273185252077494e-04
-9.0809549004974988e-01 2.6309033445889336e-04
-9.0783222051758394e-01 2.6344871255393437e-04
-9.0756859265930345e-01 2.6380698666431904e-04
-9.0730460657896361e-01 2.6416515664921727e-04
-9.0704026238076130e-01 2.6452322236593493e-04
-9.0677556016903438e-01 2.6488118367427497e-04
-9.0651050004826217e-01 2.6523904043311677e-04
-9.0624508212306543e-01 2.6559679250028263e-04
-9.0597930649820591e-01 2.6595443973510710e-04
-9.0571317327858669e-01 2.6631198199603037e-04
-9.0544668256925187e-01 2.6666941914251597e-04
-9.0517983447538675e-01 2.6702675103326728e-04
-9.0491262910231762e-01 2.6738397752743676e-04
-9.0464506655551202e-01 2.6774109848289837e-04
-9.0437714694057803e-01 2.6809811376043795e-04
-9.0410887036326515e-01 2.6845502321745982e-04
-9.0384023692946336e-01 2.6881182671441224e-04
-9.0357124674520384e-01 2.6916852410937268e-04
-9.0330189991665821e-01 2.6952511526288269e-04
-9.0303219655013922e-01 2.6988160003330150e-04
-9.0276213675210026e-01 2.7023797827938208e-04
-9.0249172062913519e-01 2.7059424986161402e-04
-9.0222094828797872e-01 2.7095041463883916e-04
-9.0194981983550615e-01 2.7130647247026519e-04
-9.0167833537873321e-01 2.7166242321593803e-04
-9.0140649502481629e-01 2.7201826673494632e-04
-9.0113429888105212e-01 2.7237400288732171e-04
-9.0086174705487809e-01 2.7272963153168533e-04
-9.0058883965387171e-01 2.7308515252846816e-04
-9.0031557678575103e-01 2.7344056573683125e-04
-9.0004195855837421e-01 2.7379587101720093e-04
-8.9976798507973987e-01 2.7415106822891718e-04
-8.9949365645798685e-01 2.7450615723134322e-04
-8.9921897280139396e-01 2.7486113788494489e-04
-8.9894393421838037e-01 2.7521601004913834e-04
-8.9866854081750513e-01 2.7557077358449544e-04
-8.9839279270746752e-01 2.7592542835066635e-04
-8.9811668999710670e-01 2.7627997420797605e-04
-8.9784023279540204e-01 2.7663441101528398e-04
-8.9756342121147237e-01 2.7698873863439105e-04
-8.9728625535457696e-01 2.7734295692357567e-04
-8.9700873533411429e-01 2.7769706574510400e-04
-8.9673086125962320e-01 2.7805106495776603e-04
-8.9645263324078206e-01 2.7840495442197911e-04
-8.9617405138740869e-01 2.7875873399849240e-04
-8.9589511580946102e-01 2.7911240354731962e-04
-8.9561582661703620e-01 2.7946596292961068e-04
-8.9533618392037140e-01 2.7981941200423346e-04
-8.9505618782984275e-01 2.8017275063342740e-04
-8.9477583845596631e-01 2.8052597867695876e-04
-8.9449513590939744e-01 2.8087909599535288e-04
-8.9421408030093097e-01 2.8123210244882337e-04
-8.9393267174150082e-01 2.8158499789923274e-04
-8.9365091034218058e-01 2.8193778220624580e-04
-8.9336879621418297e-01 2.8229045523052719e-04
-8.9308632946885969e-01 2.8264301683420293e-04
-8.9280351021770210e-01 2.8299546687643521e-04
-8.9252033857234025e-01 2.8334780521929297e-04
-8.9223681464454363e-01 2.8370003172274255e-04
-8.9195293854622038e-01 2.8405214624919740e-04
-8.9166871038941808e-01 2.8440414865828597e-04
-8.9138413028632302e-01 2.8475603881156556e-04
-8.9109919834926044e-01 2.8510781657006297e-04
-8.9081391469069449e-01 2.8545948179478978e-04
-8.9052827942322799e-01 2.8581103434776738e-04
-8.9024229265960275e-01 2.8616247408935628e-04
-8.8995595451269938e-01 2.8651380088107415e-04
-8.8966926509553679e-01 2.8686501458468971e-04
-8.8938222452127302e-01 2.8721611506050216e-04
-8.8909483290320435e-01 2.8756710217083556e-04
-8.8880709035476568e-01 2.8791797577742246e-04
-8.8851899698953063e-01 2.8826873574113902e-04
-8.8823055292121122e-01 2.8861938192300391e-04
-8.8794175826365762e-01 2.8896991418594643e-04
-8.8765261313085875e-01 2.8932033239064049e-04
-8.8736311763694153e-01 2.8967063639972015e-04
-8.8707327189617158e-01 2.9002082607362399e-04
-8.8678307602295237e-01 2.9037090127499043e-04
-8.8649253013182583e-01 2.9072086186498016e-04
-8.8620163433747179e-01 2.9107070770640399e-04
-8.8591038875470840e-01 2.9142043866082096e-04
-8.8561879349849182e-01 2.9177005459012475e-04
-8.8532684868391631e-01 2.9211955535575582e-04
-8.8503455442621382e-01 2.9246894082095981e-04
-8.8474191084075460e-01 2.9281821084668085e-04
-8.8444891804304648e-01 2.9316736529579138e-04
-8.8415557614873541e-01 2.9351640402957527e-04
-8.8386188527360476e-01 2.9386532691138770e-04
-8.8356784553357592e-01 2.9421413380320002e-04
-8.8327345704470794e-01 2.9456282456708210e-04
-8.8297871992319754e-01 2.9491139906517806e-04
-8.8268363428537888e-01 2.9525985716055274e-04
-8.8238820024772391e-01 2.9560819871507152e-04
-8.8209241792684190e-01 2.9595642359140381e-04
-8.8179628743947980e-01 2.9630453165234151e-04
-8.8149980890252166e-01 2.9665252276065302e-04
-8.8120298243298933e-01 2.9700039677802294e-04
-8.8090580814804165e-01 2.9734815356794396e-04
-8.8060828616497477e-01 2.9769579299343730e-04
-8.8031041660122233e-01 2.9804331491652553e-04
-8.8001219957435495e-01 2.9839071920032223e-04
-8.7971363520208035e-01 2.9873800570822464e-04
-8.7941472360224360e-01 2.9908517430226900e-04
-8.7911546489282666e-01 2.9943222484545885e-04
-8.7881585919194838e-01 2.9977915720156716e-04
-8.7851590661786472e-01 3.0012597123348295e-04
-8.7821560728896864e-01 3.0047266680367443e-04
-8.7791496132378966e-01 3.0081924377639774e-04
-8.7761396884099452e-01 3.0116570201362257e-04
-8.7731262995938641e-01 3.0151204137928540e-04
-8.7701094479790531e-01 3.0185826173699033e-04
-8.7670891347562807e-01 3.0220436294924003e-04
-8.7640653611176800e-01 3.0255034487961928e-04
-8.7610381282567495e-01 3.0289620739189872e-04
-8.7580074373683536e-01 3.0324195034977028e-04
-8.7549732896487220e-01 3.0358757361664731e-04
-8.7519356862954500e-01 3.0393307705528467e-04
-8.7488946285074931e-01 3.0427846053073508e-04
-8.7458501174851755e-01 3.0462372390505251e-04
-8.7428021544301793e-01 3.0496886704322771e-04
-8.7397507405455521e-01 3.0531388980861978e-04
-8.7366958770357028e-01 3.0565879206518871e-04
-8.7336375651064024e-01 3.0600357367646479e-04
-8.7305758059647831e-01 3.0634823450615957e-04
-8.7275106008193359e-01 3.0669277441885810e-04
-8.7244419508799131e-01 3.0703719327876487e-04
-8.7213698573577281e-01 3.0738149094919630e-04
-8.7182943214653519e-01 3.0772566729440676e-04
-8.7152153444167146e-01 3.0806972217854988e-04
-8.7121329274271042e-01 3.0841365546603773e-04
-8.7090470717131663e-01 3.0875746702138310e-04
-8.7059577784929054e-01 3.0910115670814147e-04
-8.7028650489856807e-01 3.0944472439129253e-04
-8.6997688844122090e-01 3.0978816993500457e-04
-8.6966692859945627e-01 3.1013149320367192e-04
-8.6935662549561687e-01 3.1047469406218981e-04
-8.6904597925218119e-01 3.1081777237387305e-04
-8.6873498999176257e-01 3.1116072800513447e-04
-8.6842365783711040e-01 3.1150356081905762e-04
-8.6811198291110903e-01 3.1184627068063563e-04
-8.6779996533677806e-01 3.1218885745528980e-04
-8.6748760523727253e-01 3.1253132100734924e-04
-8.6717490273588260e-01 3.1287366120172783e-04
-8.6686185795603365e-01 3.1321587790284524e-04
-8.6654847102128596e-01 3.1355797097641484e-04
-8.6623474205533502e-01 3.1389994028714906e-04
-8.6592067118201144e-01 3.1424178569927419e-04
-8.6560625852528039e-01 3.1458350707915856e-04
-8.6529150420924239e-01 3.1492510429088178e-04
-8.6497640835813239e-01 3.1526657720076302e-04
-8.6466097109632067e-01 3.1560792567236567e-04
-8.6434519254831177e-01 3.1594914957210681e-04
-8.6402907283874508e-01 3.1629024876542086e-04
-8.6371261209239480e-01 3.1663122311722923e-04
-8.6339581043416969e-01 3.1697207249270064e-04
-8.6307866798911292e-01 3.1731279675767810e-04
-8.6276118488240217e-01 3.1765339577839155e-04
-8.6244336123934995e-01 3.1799386941877778e-04
-8.6212519718540270e-01 3.1833421754564201e-04
-8.6180669284614153e-01 3.1867444002419424e-04
-8.6148784834728165e-01 3.1901453672066385e-04
-8.6116866381467283e-01 3.1935450749987626e-04
-8.6084913937429863e-01 3.1969435222892141e-04
-8.6052927515227728e-01 3.2003407077223499e-04
-8.6020907127486068e-01 3.2037366299671248e-04
-8.5988852786843506e-01 3.2071312876780618e-04
-8.5956764505952044e-01 3.2105246795227264e-04
-8.5924642297477105e-01 3.2139168041549969e-04
-8.5892486174097493e-01 3.2173076602366138e-04
-8.5860296148505399e-01 3.2206972464279593e-04
-8.5828072233406394e-01 3.2240855613917827e-04
-8.5795814441519413e-01 3.2274726037965991e-04
-8.5763522785576785e-01 3.2308583723007864e-04
-8.5731197278324189e-01 3.2342428655699460e-04
-8.5698837932520688e-01 3.2376260822607200e-04
-8.5666444760938665e-01 3.2410080210479823e-04
-8.5634017776363880e-01 3.2443886805928680e-04
-8.5601556991595440e-01 3.2477680595578018e-04
-8.5569062419445774e-01 3.2511461566153612e-04
-8.5536534072740678e-01 3.2545229704224253e-04
-8.5503971964319236e-01 3.2578984996577939e-04
-8.5471376107033903e-01 3.2612727429798911e-04
-8.5438746513750419e-01 3.2646456990636499e-04
-8.5406083197347860e-01 3.2680173665752262e-04
-8.5373386170718613e-01 3.2713877441805500e-04
-8.5340655446768354e-01 3.2747568305549327e-04
-8.5307891038416084e-01 3.2781246243628157e-04
-8.5275092958594079e-01 3.2814911242774107e-04
-8.5242261220247906e-01 3.2848563289732699e-04
-8.5209395836336432e-01 3.2882202371178372e-04
-8.5176496819831793e-01 3.2915828473851306e-04
-8.5143564183719400e-01 3.2949441584485741e-04
-8.5110597940997945e-01 3.2983041689771012e-04
-8.5077598104679364e-01 3.3016628776511220e-04
-8.5044564687788871e-01 3.3050202831411504e-04
-8.5011497703364924e-01 3.3083763841234621e-04
-8.4978397164459252e-01 3.3117311792660867e-04
-8.4945263084136780e-01 3.3150846672589870e-04
-8.4912095475475724e-01 3.3184368467676051e-04
-8.4878894351567513e-01 3.3217877164689626e-04
-8.4845659725516798e-01 3.3251372750434208e-04
-8.4812391610441451e-01 3.3284855211726750e-04
-8.4779090019472580e-01 3.3318324535303370e-04
-8.4745754965754494e-01 3.3351780707973217e-04
-8.4712386462444722e-01 3.3385223716478850e-04
-8.4678984522713974e-01 3.3418653547686499e-04
-8.4645549159746170e-01 3.3452070188398826e-04
-8.4612080386738431e-01 3.3485473625377967e-04
-8.4578578216901046e-01 3.3518863845496982e-04
-8.4545042663457515e-01 3.3552240835479674e-04
-8.4511473739644472e-01 3.3585604582275660e-04
-8.4477871458711762e-01 3.3618955072630107e-04
-8.4444235833922365e-01 3.3652292293463059e-04
-8.4410566878552462e-01 3.3685616231498303e-04
-8.4376864605891344e-01 3.3718926873682392e-04
-8.4343129029241493e-01 3.3752224206777960e-04
-8.4309360161918490e-01 3.3785508217771951e-04
-8.4275558017251107e-01 3.3818778893409236e-04
-8.4241722608581227e-01 3.3852036220558565e-04
-8.4207853949263844e-01 3.3885280186180216e-04
-8.4173952052667111e-01 3.3918510777080388e-04
-8.4140016932172268e-01 3.3951727980214446e-04
-8.4106048601173700e-01 3.3984931782393273e-04
-8.4072047073078882e-01 3.4018122170520427e-04
-8.4038012361308390e-01 3.4051299131521368e-04
-8.4003944479295900e-01 3.4084462652308599e-04
-8.3969843440488179e-01 3.4117612719815034e-04
-8.3935709258345104e-01 3.4150749320865286e-04
-8.3901541946339597e-01 3.4183872442457227e-04
-8.3867341517957672e-01 3.4216982071537741e-04
-8.3833107986698430e-01 3.4250078194971410e-04
-8.3798841366074028e-01 3.4283160799673188e-04
-8.3764541669609660e-01 3.4316229872685471e-04
-8.3730208910843607e-01 3.4349285400899870e-04
-8.3695843103327194e-01 3.4382327371234569e-04
-8.3661444260624773e-01 3.4415355770710233e-04
-8.3627012396313749e-01 3.4448370586275971e-04
-8.3592547523984562e-01 3.4481371804885607e-04
-8.3558049657240674e-01 3.4514359413522340e-04
-8.3523518809698583e-01 3.4547333399123891e-04
-8.3488954994987785e-01 3.4580293748717039e-04
-8.3454358226750791e-01 3.4613240449330211e-04
-8.3419728518643144e-01 3.4646173487872824e-04
-8.3385065884333354e-01 3.4679092851420848e-04
-8.3350370337502944e-01 3.4711998526980857e-04
-8.3315641891846448e-01 3.4744890501468628e-04
-8.3280880561071347e-01 3.4777768761983804e-04
-8.3246086358898119e-01 3.4810633295549487e-04
-8.3211259299060225e-01 3.4843484089160987e-04
-8.3176399395304079e-01 3.4876321129890582e-04
-8.3141506661389075e-01 3.4909144404738924e-04
-8.3106581111087552e-01 3.4941953900773364e-04
-8.3071622758184815e-01 3.4974749605003972e-04
-8.3036631616479095e-01 3.5007531504557246e-04
-8.3001607699781588e-01 3.5040299586439641e-04
-8.2966551021916413e-01 3.5073053837736574e-04
-8.2931461596720624e-01 3.5105794245517591e-04
-8.2896339438044198e-01 3.5138520796872510e-04
-8.2861184559750045e-01 3.5171233478830066e-04
-8.2825996975713967e-01 3.5203932278541277e-04
-8.2790776699824686e-01 3.5236617183097117e-04
-8.2755523745983839e-01 3.5269288179554879e-04
-8.2720238128105950e-01 3.5301945255018482e-04
-8.2684919860118422e-01 3.5334588396665007e-04
-8.2649568955961583e-01 3.5367217591503620e-04
-8.2614185429588594e-01 3.5399832826776769e-04
-8.2578769294965537e-01 3.5432434089510901e-04
-8.2543320566071332e-01 3.5465021366908815e-04
-8.2507839256897786e-01 3.5497594646063870e-04
-8.2472325381449552e-01 3.5530153914139150e-04
-8.2436778953744139e-01 3.5562699158301172e-04
-8.2401199987811924e-01 3.5595230365622997e-04
-8.2365588497696085e-01 3.5627747523386019e-04
-8.2329944497452690e-01 3.5660250618634438e-04
-8.2294268001150594e-01 3.5692739638609679e-04
-8.2258559022871502e-01 3.5725214570473058e-04
-8.2222817576709928e-01 3.5757675401434545e-04
-8.2187043676773208e-01 3.5790122118668229e-04
-8.2151237337181504e-01 3.5822554709299536e-04
-8.2115398572067744e-01 3.5854973160619565e-04
-8.2079527395577689e-01 3.5887377459766032e-04
-8.2043623821869871e-01 3.5919767593999696e-04
-8.2007687865115619e-01 3.5952143550521464e-04
-8.1971719539499055e-01 3.5984505316499841e-04
-8.1935718859217044e-01 3.6016852879254302e-04
-8.1899685838479264e-01 3.6049186225923006e-04
-8.1863620491508116e-01 3.6081505343827757e-04
-8.1827522832538790e-01 3.6113810220172972e-04
-8.1791392875819224e-01 3.6146100842196575e-04
-8.1755230635610099e-01 3.6178377197157452e-04
-8.1719036126184830e-01 3.6210639272358911e-04
-8.1682809361829589e-01 3.6242887055015126e-04
-8.1646550356843273e-01 3.6275120532391902e-04
-8.1610259125537488e-01 3.6307339691814359e-04
-8.1573935682236587e-01 3.6339544520500337e-04
-8.1537580041277602e-01 3.6371735005831345e-04
-8.1501192217010310e-01 3.6403911135032992e-04
-8.1464772223797177e-01 3.6436072895392309e-04
-8.1428320076013350e-01 3.6468220274286499e-04
-8.1391835788046696e-01 3.6500353258955322e-04
-8.1355319374297741e-01 3.6532471836778761e-04
-8.1318770849179722e-01 3.6564575994995079e-04
-8.1282190227118523e-01 3.6596665720983648e-04
-8.1245577522552692e-01 3.6628741002129656e-04
-8.1208932749933482e-01 3.6660801825662471e-04
-8.1172255923724757e-01 3.6692848179010025e-04
-8.1135547058403046e-01 3.6724880049540128e-04
-8.1098806168457549e-01 3.6756897424531569e-04
-8.1062033268390077e-01 3.6788900291391031e-04
-8.1025228372715097e-01 3.6820888637433533e-04
-8.0988391495959666e-01 3.6852862450152419e-04
-8.0951522652663521e-01 3.6884821716801200e-04
-8.0914621857378977e-01 3.6916766424811419e-04
-8.0877689124670959e-01 3.6948696561613206e-04
-8.0840724469117020e-01 3.6980612114568336e-04
-8.0803727905307299e-01 3.7012513071091698e-04
-8.0766699447844537e-01 3.7044399418571095e-04
-8.0729639111344054e-01 3.7076271144443571e-04
-8.0692546910433771e-01 3.7108128236073499e-04
-8.0655422859754156e-01 3.7139970680966663e-04
-8.0618266973958275e-01 3.7171798466509591e-04
-8.0581079267711742e-01 3.7203611580173876e-04
-8.0543859755692748e-01 3.7235410009360705e-04
-8.0506608452592021e-01 3.7267193741557093e-04
-8.0469325373112854e-01 3.7298962764174625e-04
-8.0432010531971065e-01 3.7330717064710189e-04
-8.0394663943895028e-01 3.7362456630580322e-04
-8.0357285623625618e-01 3.7394181449334812e-04
-8.0319875585916267e-01 3.7425891508392073e-04
-8.0282433845532908e-01 3.7457586795254364e-04
-8.0244960417253985e-01 3.7489267297431412e-04
-8.0207455315870468e-01 3.7520933002377599e-04
-8.0169918556185804e-01 3.7552583897641057e-04
-8.0132350153015963e-01 3.7584219970662194e-04
-8.0094750121189373e-01 3.7615841209030391e-04
-8.0057118475546973e-01 3.7647447600215042e-04
-8.0019455230942160e-01 3.7679039131764946e-04
-7.9981760402240831e-01 3.7710615791204183e-04
-7.9944034004321318e-01 3.7742177566053934e-04
-7.9906276052074432e-01 3.7773724443864354e-04
-7.9868486560403429e-01 3.7805256412198836e-04
-7.9830665544224022e-01 3.7836773458598964e-04
-7.9792813018464359e-01 3.7868275570643447e-04
-7.9754928998065044e-01 3.7899762735836546e-04
-7.9717013497979072e-01 3.7931234941859256e-04
-7.9679066533171916e-01 3.7962692176175009e-04
-7.9641088118621417e-01 3.7994134426464182e-04
-7.9603078269317873e-01 3.8025561680236452e-04
-7.9565037000263961e-01 3.8056973925126652e-04
-7.9526964326474769e-01 3.8088371148727637e-04
-7.9488860262977790e-01 3.8119753338638584e-04
-7.9450724824812868e-01 3.8151120482509326e-04
-7.9412558027032287e-01 3.8182472567925368e-04
-7.9374359884700674e-01 3.8213809582516889e-04
-7.9336130412895034e-01 3.8245131513912992e-04
-7.9297869626704742e-01 3.8276438349743288e-04
-7.9259577541231518e-01 3.8307730077700145e-04
-7.9221254171589461e-01 3.8339006685378791e-04
-7.9182899532905004e-01 3.8370268160435909e-04
-7.9144513640316916e-01 3.8401514490566155e-04
-7.9106096508976309e-01 3.8432745663430736e-04
-7.9067648154046632e-01 3.8463961666676202e-04
-7.9029168590703658e-01 3.8495162487960723e-04
-7.8990657834135447e-01 3.8526348115059447e-04
-7.8952115899542419e-01 3.8557518535574473e-04
-7.8913542802137260e-01 3.8588673737266922e-04
-7.8874938557144991e-01 3.8619813707765064e-04
-7.8836303179802891e-01 3.8650938434854729e-04
-7.8797636685360561e-01 3.8682047906182196e-04
-7.8758939089079849e-01 3.8713142109550013e-04
-7.8720210406234914e-01 3.8744221032619190e-04
-7.8681450652112173e-01 3.8775284663107259e-04
-7.8642659842010276e-01 3.8806332988858277e-04
-7.8603837991240189e-01 3.8837365997502137e-04
-7.8564985115125086e-01 3.8868383676836122e-04
-7.8526101229000400e-01 3.8899386014615788e-04
-7.8487186348213800e-01 3.8930372998626108e-04
-7.8448240488125209e-01 3.8961344616565149e-04
-7.8409263664106732e-01 3.8992300856327403e-04
-7.8370255891542751e-01 3.9023241705590420e-04
-7.8331217185829827e-01 3.9054167152178485e-04
-7.8292147562376746e-01 3.9085077183869228e-04
-7.8253047036604484e-01 3.9115971788493143e-04
-7.8213915623946229e-01 3.9146850953833309e-04
-7.8174753339847358e-01 3.9177714667676676e-04
-7.8135560199765408e-01 3.9208562917931246e-04
-7.8096336219170137e-01 3.9239395692339409e-04
-7.8057081413543450e-01 3.9270212978745529e-04
-7.8017795798379430e-01 3.9301014764960593e-04
-7.7978479389184296e-01 3.9331801038898712e-04
-7.7939132201476446e-01 3.9362571788387749e-04
-7.7899754250786435e-01 3.9393327001225421e-04
-7.7860345552656929e-01 3.9424066665332447e-04
-7.7820906122642752e-01 3.9454790768556330e-04
-7.7781435976310853e-01 3.9485499298773092e-04
-7.7741935129240314e-01 3.9516192243824183e-04
-7.7702403597022307e-01 3.9546869591664463e-04
-7.7662841395260152e-01 3.9577531330120335e-04
-7.7623248539569245e-01 3.9608177447126279e-04
-7.7583625045577098e-01 3.9638807930573430e-04
-7.7543970928923300e-01 3.9669422768408595e-04
-7.7504286205259554e-01 3.9700021948491120e-04
-7.7464570890249618e-01 3.9730605458774149e-04
-7.7424824999569342e-01 3.9761173287157151e-04
-7.7385048548906621e-01 3.9791725421634461e-04
-7.7345241553961441e-01 3.9822261850095135e-04
-7.7305404030445835e-01 3.9852782560474156e-04
-7.7265535994083867e-01 3.9883287540771908e-04
-7.7225637460611662e-01 3.9913776778942501e-04
-7.7185708445777390e-01 3.9944250262910253e-04
-7.7145748965341221e-01 3.9974707980724674e-04
-7.7105759035075394e-01 4.0005149920272875e-04
-7.7065738670764139e-01 4.0035576069556711e-04
-7.7025687888203687e-01 4.0065986416625460e-04
-7.6985606703202303e-01 4.0096380949429083e-04
-7.6945495131580233e-01 4.0126759655997733e-04
-7.6905353189169734e-01 4.0157122524300863e-04
-7.6865180891815021e-01 4.0187469542425825e-04
-7.6824978255372334e-01 4.0217800698306820e-04
-7.6784745295709855e-01 4.0248115979996124e-04
-7.6744482028707728e-01 4.0278415375591501e-04
-7.6704188470258095e-01 4.0308698873052907e-04
-7.6663864636265022e-01 4.0338966460467173e-04
-7.6623510542644546e-01 4.0369218125861926e-04
-7.6583126205324625e-01 4.0399453857341310e-04
-7.6542711640245176e-01 4.0429673642944933e-04
-7.6502266863358037e-01 4.0459877470742862e-04
-7.6461791890626973e-01 4.0490065328817028e-04
-7.6421286738027672e-01 4.0520237205235026e-04
-7.6380751421547721e-01 4.0550393088111593e-04
-7.6340185957186624e-01 4.0580532965540982e-04
-7.6299590360955782e-01 4.0610656825614921e-04
-7.6258964648878491e-01 4.0640764656442202e-04
-7.6218308836989923e-01 4.0670856446169509e-04
-7.6177622941337142e-01 4.0700932182908411e-04
-7.6136906977979091e-01 4.0730991854756821e-04
-7.6096160962986570e-01 4.0761035449863979e-04
-7.6055384912442237e-01 4.0791062956397673e-04
-7.6014578842440617e-01 4.0821074362484789e-04
-7.5973742769088082e-01 4.0851069656268498e-04
-7.5932876708502839e-01 4.0881048825923752e-04
-7.5891980676814941e-01 4.0911011859601280e-04
-7.5851054690166253e-01 4.0940958745513630e-04
-7.5810098764710487e-01 4.0970889471799127e-04
-7.5769112916613157e-01 4.1000804026662815e-04
-7.5728097162051589e-01 4.1030702398300097e-04
-7.5687051517214921e-01 4.1060584574887906e-04
-7.5645975998304071e-01 4.1090450544674790e-04
-7.5604870621531772e-01 4.1120300295838127e-04
-7.5563735403122523e-01 4.1150133816622261e-04
-7.5522570359312624e-01 4.1179951095192933e-04
-7.5481375506350112e-01 4.1209752119858987e-04
-7.5440150860494826e-01 4.1239536878805193e-04
-7.5398896438018337e-01 4.1269305360311880e-04
-7.5357612255203998e-01 4.1299057552569146e-04
-7.5316298328346876e-01 4.1328793443894959e-04
-7.5274954673753802e-01 4.1358513022510154e-04
-7.5233581307743325e-01 4.1388216276722729e-04
-7.5192178246645724e-01 4.1417903194813129e-04
-7.5150745506803018e-01 4.1447573765020766e-04
-7.5109283104568925e-01 4.1477227975634195e-04
-7.5067791056308852e-01 4.1506865815011930e-04
-7.5026269378399957e-01 4.1536487271357078e-04
-7.4984718087231039e-01 4.1566092333057149e-04
-7.4943137199202614e-01 4.1595680988414400e-04
-7.4901526730726875e-01 4.1625253225750856e-04
-7.4859886698227696e-01 4.1654809033376064e-04
-7.4818217118140617e-01 4.1684348399614174e-04
-7.4776518006912829e-01 4.1713871312849441e-04
-7.4734789381003208e-01 4.1743377761350607e-04
-7.4693031256882236e-01 4.1772867733562836e-04
-7.4651243651032073e-01 4.1802341217809548e-04
-7.4609426579946514e-01 4.1831798202424271e-04
-7.4567580060130956e-01 4.1861238675848620e-04
-7.4525704108102453e-01 4.1890662626410853e-04
-7.4483798740389662e-01 4.1920070042497556e-04
-7.4441863973532851e-01 4.1949460912496728e-04
-7.4399899824083870e-01 4.1978835224885979e-04
-7.4357906308606225e-01 4.2008192967940452e-04
-7.4315883443674946e-01 4.2037534130174209e-04
-7.4273831245876687e-01 4.2066858699971800e-04
-7.4231749731809660e-01 4.2096166665774308e-04
-7.4189638918083678e-01 4.2125458016001641e-04
-7.4147498821320090e-01 4.2154732739063298e-04
-7.4105329458151803e-01 4.2183990823463813e-04
-7.4063130845223302e-01 4.2213232257588075e-04
-7.4020902999190585e-01 4.2242457029943958e-04
-7.3978645936721210e-01 4.2271665128975261e-04
-7.3936359674494256e-01 4.2300856543167593e-04
-7.3894044229200329e-01 4.2330031261012847e-04
-7.3851699617541566e-01 4.2359189270946659e-04
-7.3809325856231600e-01 4.2388330561494579e-04
-7.3766922961995574e-01 4.2417455121157046e-04
-7.3724490951570143e-01 4.2446562938394401e-04
-7.3682029841703423e-01 4.2475654001793178e-04
-7.3639539649155050e-01 4.2504728299814685e-04
-7.3597020390696122e-01 4.2533785820998747e-04
-7.3554472083109212e-01 4.2562826553869791e-04
-7.3511894743188366e-01 4.2591850486949995e-04
-7.3469288387739062e-01 4.2620857608848027e-04
-7.3426653033578271e-01 4.2649847908047178e-04
-7.3383988697534386e-01 4.2678821373115224e-04
-7.3341295396447237e-01 4.2707777992635960e-04
-7.3298573147168089e-01 4.2736717755198462e-04
-7.3255821966559642e-01 4.2765640649356353e-04
-7.3213041871496021e-01 4.2794546663660441e-04
-7.3170232878862729e-01 4.2823435786778607e-04
-7.3127395005556728e-01 4.2852308007210573e-04
-7.3084528268486326e-01 4.2881163313641713e-04
-7.3041632684571256e-01 4.2910001694657155e-04
-7.2998708270742629e-01 4.2938823138869814e-04
-7.2955755043942938e-01 4.2967627634897488e-04
-7.2912773021126043e-01 4.2996415171379855e-04
-7.2869762219257173e-01 4.3025185736950610e-04
-7.2826722655312914e-01 4.3053939320259024e-04
-7.2783654346281212e-01 4.3082675909942035e-04
-7.2740557309161347e-01 4.3111395494679737e-04
-7.2697431560963943e-01 4.3140098063133375e-04
-7.2654277118710964e-01 4.3168783603960039e-04
-7.2611093999435694e-01 4.3197452105831906e-04
-7.2567882220182733e-01 4.3226103557444782e-04
-7.2524641798007994e-01 4.3254737947494689e-04
-7.2481372749978690e-01 4.3283355264702849e-04
-7.2438075093173360e-01 4.3311955497708603e-04
-7.2394748844681800e-01 4.3340538635271381e-04
-7.2351394021605120e-01 4.3369104666064745e-04
-7.2308010641055676e-01 4.3397653578878853e-04
-7.2264598720157125e-01 4.3426185362405872e-04
-7.2221158276044373e-01 4.3454700005409174e-04
-7.2177689325863603e-01 4.3483197496585929e-04
-7.2134191886772225e-01 4.3511677824725921e-04
-7.2090665975938906e-01 4.3540140978590809e-04
-7.2047111610543546e-01 4.3568586946953484e-04
-7.2003528807777295e-01 4.3597015718539696e-04
-7.1959917584842503e-01 4.3625427282161590e-04
-7.1916277958952757e-01 4.3653821626573344e-04
-7.1872609947332822e-01 4.3682198740640653e-04
-7.1828913567218711e-01 4.3710558613093835e-04
-7.1785188835857605e-01 4.3738901232766997e-04
-7.1741435770507889e-01 4.3767226588458318e-04
-7.1697654388439125e-01 4.3795534668989160e-04
-7.1653844706932046e-01 4.3823825463208855e-04
-7.1610006743278565e-01 4.3852098959942733e-04
-7.1566140514781762e-01 4.3880355148004152e-04
-7.1522246038755855e-01 4.3908594016281346e-04
-7.1478323332526239e-01 4.3936815553571656e-04
-7.1434372413429414e-01 4.3965019748806662e-04
-7.1390393298813049e-01 4.3993206590819397e-04
-7.1346386006035933e-01 4.4021376068467720e-04
-7.1302350552467975e-01 4.4049528170637362e-04
-7.1258286955490180e-01 4.4077662886267405e-04
-7.1214195232494704e-01 4.4105780204180934e-04
-7.1170075400884769e-01 4.4133880113313200e-04
-7.1125927478074691e-01 4.4161962602611748e-04
-7.1081751481489908e-01 4.4190027660919335e-04
-7.1037547428566905e-01 4.4218075277194908e-04
-7.0993315336753249e-01 4.4246105440379002e-04
-7.0949055223507584e-01 4.4274118139385444e-04
-7.0904767106299615e-01 4.4302113363136854e-04
-7.0860451002610070e-01 4.4330091100658082e-04
-7.0816106929930767e-01 4.4358051340835636e-04
-7.0771734905764527e-01 4.4385994072682874e-04
-7.0727334947625242e-01 4.4413919285106338e-04
-7.0682907073037782e-01 4.4441826967158034e-04
-7.0638451299538074e-01 4.4469717107780885e-04
-7.0593967644673039e-01 4.4497589695985401e-04
-7.0549456126000620e-01 4.4525444720728359e-04
-7.0504916761089731e-01 4.4553282171064208e-04
-7.0460349567520297e-01 4.4581102035982912e-04
-7.0415754562883215e-01 4.4608904304534538e-04
-7.0371131764780381e-01 4.4636688965689873e-04
-7.0326481190824641e-01 4.4664456008503819e-04
-7.0281802858639797e-01 4.4692205422053332e-04
-7.0237096785860631e-01 4.4719937195353033e-04
-7.0192362990132873e-01 4.4747651317423123e-04
-7.0147601489113165e-01 4.4775347777391273e-04
-7.0102812300469108e-01 4.4803026564314201e-04
-7.0057995441879251e-01 4.4830687667202831e-04
-7.0013150931033019e-01 4.4858331075217975e-04
-6.9968278785630778e-01 4.4885956777394263e-04
-6.9923379023383803e-01 4.4913564762859840e-04
-6.9878451662014263e-01 4.4941155020705210e-04
-6.9833496719255217e-01 4.4968727540056259e-04
-6.9788514212850616e-01 4.4996282310026203e-04
-6.9743504160555303e-01 4.5023819319703958e-04
-6.9698466580134977e-01 4.5051338558229530e-04
-6.9653401489366196e-01 4.5078840014768417e-04
-6.9608308906036387e-01 4.5106323678466108e-04
-6.9563188847943835e-01 4.5133789538451448e-04
-6.9518041332897651e-01 4.5161237583922422e-04
-6.9472866378717812e-01 4.5188667803988414e-04
-6.9427664003235101e-01 4.5216080187847829e-04
-6.9382434224291123e-01 4.5243474724702840e-04
-6.9337177059738320e-01 4.5270851403708088e-04
-6.9291892527439913e-01 4.5298210214105619e-04
-6.9246580645269973e-01 4.5325551145015302e-04
-6.9201241431113314e-01 4.5352874185705438e-04
-6.9155874902865555e-01 4.5380179325410649e-04
-6.9110481078433117e-01 4.5407466553309424e-04
-6.9065059975733178e-01 4.5434735858629392e-04
-6.9019611612693688e-01 4.5461987230602447e-04
-6.8974136007253328e-01 4.5489220658540480e-04
-6.8928633177361587e-01 4.5516436131611384e-04
-6.8883103140978652e-01 4.5543633639118236e-04
-6.8837545916075471e-01 4.5570813170315623e-04
-6.8791961520633715e-01 4.5597974714482590e-04
-6.8746349972645793e-01 4.5625118260871875e-04
-6.8700711290114802e-01 4.5652243798821216e-04
-6.8655045491054589e-01 4.5679351317564845e-04
-6.8609352593489670e-01 4.5706440806444625e-04
-6.8563632615455283e-01 4.5733512254723187e-04
-6.8517885574997328e-01 4.5760565651764161e-04
-6.8472111490172405e-01 4.5787600986871486e-04
-6.8426310379047783e-01 4.5814618249377935e-04
-6.8380482259701403e-01 4.5841617428613659e-04
-6.8334627150221849e-01 4.5868598513955296e-04
-6.8288745068708401e-01 4.5895561494674184e-04
-6.8242836033270937e-01 4.5922506360180786e-04
-6.8196900062029986e-01 4.5949433099862685e-04
-6.8150937173116732e-01 4.5976341703038491e-04
-6.8104947384672954e-01 4.6003232159132109e-04
-6.8058930714851074e-01 4.6030104457488587e-04
-6.8012887181814097e-01 4.6056958587542665e-04
-6.7966816803735663e-01 4.6083794538647437e-04
-6.7920719598799972e-01 4.6110612300266526e-04
-6.7874595585201847e-01 4.6137411861767820e-04
-6.7828444781146668e-01 4.6164193212597145e-04
-6.7782267204850399e-01 4.6190956342182069e-04
-6.7736062874539571e-01 4.6217701239960362e-04
-6.7689831808451273e-01 4.6244427895376753e-04
-6.7643574024833153e-01 4.6271136297865287e-04
-6.7597289541943395e-01 4.6297826436900961e-04
-6.7550978378050730e-01 4.6324498301935399e-04
-6.7504640551434414e-01 4.6351151882448256e-04
-6.7458276080384227e-01 4.6377787167921873e-04
-6.7411884983200476e-01 4.6404404147822915e-04
-6.7365467278193958e-01 4.6431002811678462e-04
-6.7319022983685983e-01 4.6457583148985088e-04
-6.7272552118008366e-01 4.6484145149227962e-04
-6.7226054699503390e-01 4.6510688801951736e-04
-6.7179530746523841e-01 4.6537214096644639e-04
-6.7132980277432952e-01 4.6563721022875847e-04
-6.7086403310604448e-01 4.6590209570150117e-04
-6.7039799864422500e-01 4.6616679728012073e-04
-6.6993169957281717e-01 4.6643131486056634e-04
-6.6946513607587188e-01 4.6669564833783718e-04
-6.6899830833754392e-01 4.6695979760830479e-04
-6.6853121654209291e-01 4.6722376256695593e-04
-6.6806386087388225e-01 4.6748754311004136e-04
-6.6759624151737973e-01 4.6775113913329438e-04
-6.6712835865715703e-01 4.6801455053297429e-04
-6.6666021247789009e-01 4.6827777720475109e-04
-6.6619180316435866e-01 4.6854081904468145e-04
-6.6572313090144630e-01 4.6880367594908897e-04
-6.6525419587414025e-01 4.6906634781460749e-04
-6.6478499826753190e-01 4.6932883453677435e-04
-6.6431553826681577e-01 4.6959113601257327e-04
-6.6384581605729021e-01 4.6985325213843454e-04
-6.6337583182435711e-01 4.7011518281059669e-04
-6.6290558575352165e-01 4.7037692792582428e-04
-6.6243507803039237e-01 4.7063848738097683e-04
-6.6196430884068125e-01 4.7089986107237258e-04
-6.6149327837020311e-01 4.7116104889755099e-04
-6.6102198680487634e-01 4.7142205075284928e-04
-6.6055043433072214e-01 4.7168286653534382e-04
-6.6007862113386473e-01 4.7194349614209258e-04
-6.5960654740053126e-01 4.7220393947018473e-04
-6.5913421331705158e-01 4.7246419641715638e-04
-6.5866161906985854e-01 4.7272426687989698e-04
-6.5818876484548750e-01 4.7298415075596692e-04
-6.5771565083057648e-01 4.7324384794275267e-04
-6.5724227721186612e-01 4.7350335833760325e-04
-6.5676864417619929e-01 4.7376268183854311e-04
-6.5629475191052167e-01 4.7402181834252426e-04
-6.5582060060188085e-01 4.7428076774768649e-04
-6.5534619043742681e-01 4.7453952995189823e-04
-6.5487152160441187e-01 4.7479810485261142e-04
-6.5439659429019004e-01 4.7505649234841541e-04
-6.5392140868221782e-01 4.7531469233676930e-04
-6.5344596496805341e-01 4.7557270471588103e-04
-6.5297026333535690e-01 4.7583052938395248e-04
-6.5249430397189023e-01 4.7608816623919060e-04
-6.5201808706551700e-01 4.7634561517999910e-04
-6.5154161280420253e-01 4.7660287610472361e-04
-6.5106488137601370e-01 4.7685994891177944e-04
-6.5058789296911890e-01 4.7711683349972944e-04
-6.5011064777178795e-01 4.7737352976710655e-04
-6.4963314597239197e-01 4.7763003761277188e-04
-6.4915538775940340e-01 4.7788635693545424e-04
-6.4867737332139597e-01 4.7814248763387103e-04
-6.4819910284704452e-01 4.7839842960673750e-04
-6.4772057652512471e-01 4.7865418275354360e-04
-6.4724179454451358e-01 4.7890974697286482e-04
-6.4676275709418884e-01 4.7916512216384754e-04
-6.4628346436322892e-01 4.7942030822616116e-04
-6.4580391654081326e-01 4.7967530505877131e-04
-6.4532411381622201e-01 4.7993011256072549e-04
-6.4484405637883557e-01 4.8018473063208043e-04
-6.4436374441813526e-01 4.8043915917195251e-04
-6.4388317812370277e-01 4.8069339807979940e-04
-6.4340235768522003e-01 4.8094744725550446e-04
-6.4292128329246934e-01 4.8120130659887953e-04
-6.4243995513533336e-01 4.8145497600948268e-04
-6.4195837340379480e-01 4.8170845538731137e-04
-6.4147653828793638e-01 4.8196174463253433e-04
-6.4099444997794119e-01 4.8221484364450431e-04
-6.4051210866409169e-01 4.8246775232417018e-04
-6.4002951453677082e-01 4.8272047057091699e-04
-6.3954666778646074e-01 4.8297299828560351e-04
-6.3906356860374369e-01 4.8322533536834550e-04
-6.3858021717930147e-01 4.8347748171943730e-04
-6.3809661370391535e-01 4.8372943723950108e-04
-6.3761275836846620e-01 4.8398120182894134e-04
-6.3712865136393415e-01 4.8423277538866817e-04
-6.3664429288139890e-01 4.8448415781898372e-04
-6.3615968311203919e-01 4.8473534902089847e-04
-6.3567482224713301e-01 4.8498634889529711e-04
-6.3518971047805750e-01 4.8523715734303277e-04
-6.3470434799628872e-01 4.8548777426534910e-04
-6.3421873499340198e-01 4.8573819956278865e-04
-6.3373287166107106e-01 4.8598843313702947e-04
-6.3324675819106890e-01 4.8623847488892170e-04
-6.3276039477526691e-01 4.8648832472010002e-04
-6.3227378160563530e-01 4.8673798253182543e-04
-6.3178691887424288e-01 4.8698744822544236e-04
-6.3129980677325692e-01 4.8723672170243647e-04
-6.3081244549494297e-01 4.8748580286477495e-04
-6.3032483523166516e-01 4.8773469161396188e-04
-6.2983697617588585e-01 4.8798338785159448e-04
-6.2934886852016547e-01 4.8823189147973649e-04
-6.2886051245716279e-01 4.8848020239998567e-04
-6.2837190817963440e-01 4.8872832051457551e-04
-6.2788305588043491e-01 4.8897624572565230e-04
-6.2739395575251689e-01 4.8922397793539098e-04
-6.2690460798893077e-01 4.8947151704577621e-04
-6.2641501278282474e-01 4.8971886295899527e-04
-6.2592517032744432e-01 4.8996601557803028e-04
-6.2543508081613319e-01 4.9021297480458608e-04
-6.2494474444233206e-01 4.9045974054164575e-04
-6.2445416139957932e-01 4.9070631269157222e-04
-6.2396333188151065e-01 4.9095269115714260e-04
-6.2347225608185897e-01 4.9119887584121388e-04
-6.2298093419445444e-01 4.9144486664664524e-04
-6.2248936641322450e-01 4.9169066347604475e-04
-6.2199755293219339e-01 4.9193626623271198e-04
-6.2150549394548249e-01 4.9218167481960163e-04
-6.2101318964731012e-01 4.9242688913973603e-04
-6.2052064023199138e-01 4.9267190909619337e-04
-6.2002784589393789e-01 4.9291673459283072e-04
-6.1953480682765838e-01 4.9316136553239124e-04
-6.1904152322775774e-01 4.9340580181883836e-04
-6.1854799528893778e-01 4.9365004335521080e-04
-6.1805422320599646e-01 4.9389409004531966e-04
-6.1756020717382809e-01 4.9413794179307730e-04
-6.1706594738742360e-01 4.9438159850174611e-04
-6.1657144404186970e-01 4.9462506007560427e-04
-6.1607669733234949e-01 4.9486832641846320e-04
-6.1558170745414220e-01 4.9511139743398200e-04
-6.1508647460262278e-01 4.9535427302659454e-04
-6.1459099897326230e-01 4.9559695310020710e-04
-6.1409528076162756e-01 4.9583943755909527e-04
-6.1359932016338103e-01 4.9608172630775623e-04
-6.1310311737428114e-01 4.9632381925013996e-04
-6.1260667259018153e-01 4.9656571629106826e-04
-6.1210998600703170e-01 4.9680741733475707e-04
-6.1161305782087627e-01 4.9704892228619234e-04
-6.1111588822785556e-01 4.9729023104961960e-04
-6.1061847742420483e-01 4.9753134353023893e-04
-6.1012082560625491e-01 4.9777225963238227e-04
-6.0962293297043146e-01 4.9801297926125308e-04
-6.0912479971325528e-01 4.9825350232189257e-04
-6.0862642603134220e-01 4.9849382871924863e-04
-6.0812781212140288e-01 4.9873395835860310e-04
-6.0762895818024287e-01 4.9897389114500707e-04
-6.0712986440476246e-01 4.9921362698372674e-04
-6.0663053099195652e-01 4.9945316578024930e-04
-6.0613095813891460e-01 4.9969250743988139e-04
-6.0563114604282053e-01 4.9993165186860598e-04
-6.0513109490095307e-01 5.0017059897128390e-04
-6.0463080491068466e-01 5.0040934865443524e-04
-6.0413027626948268e-01 5.0064790082310177e-04
-6.0362950917490821e-01 5.0088625538355401e-04
-6.0312850382461669e-01 5.0112441224156698e-04
-6.0262726041635761e-01 5.0136237130301556e-04
-6.0212577914797416e-01 5.0160013247444585e-04
-6.0162406021740389e-01 5.0183769566134882e-04
-6.0112210382267761e-01 5.0207506077058685e-04
-6.0061991016192040e-01 5.0231222770783293e-04
-6.0011747943335048e-01 5.0254919638006870e-04
-5.9961481183527998e-01 5.0278596669346795e-04
-5.9911190756611443e-01 5.0302253855460033e-04
-5.9860876682435271e-01 5.0325891187023776e-04
-5.9810538980858718e-01 5.0349508654684658e-04
-5.9760177671750336e-01 5.0373106249129392e-04
-5.9709792774987991e-01 5.0396683961053497e-04
-5.9659384310458874e-01 5.0420241781129471e-04
-5.9608952298059459e-01 5.0443779700080893e-04
-5.9558496757695523e-01 5.0467297708622861e-04
-5.9508017709282146e-01 5.0490795797436072e-04
-5.9457515172743658e-01 5.0514273957279047e-04
-5.9406989168013669e-01 5.0537732178895995e-04
-5.9356439715035081e-01 5.0561170452969640e-04
-5.9305866833760001e-01 5.0584588770309082e-04
-5.9255270544149830e-01 5.0607987121627099e-04
-5.9204650866175168e-01 5.0631365497726556e-04
-5.9154007819815879e-01 5.0654723889354599e-04
-5.9103341425061029e-01 5.0678062287309812e-04
-5.9052651701908920e-01 5.0701380682353198e-04
-5.9001938670367038e-01 5.0724679065311366e-04
-5.8951202350452092e-01 5.0747957426961181e-04
-5.8900442762189964e-01 5.0771215758133818e-04
-5.8849659925615727e-01 5.0794454049652566e-04
-5.8798853860773648e-01 5.0817672292308624e-04
-5.8748024587717118e-01 5.0840870476997460e-04
-5.8697172126508745e-01 5.0864048594501793e-04
-5.8646296497220241e-01 5.0887206635718239e-04
-5.8595397719932496e-01 5.0910344591470068e-04
-5.8544475814735508e-01 5.0933462452662297e-04
-5.8493530801728433e-01 5.0956560210138515e-04
-5.8442562701019518e-01 5.0979637854814657e-04
-5.8391571532726161e-01 5.1002695377531644e-04
-5.8340557316974817e-01 5.1025732769245462e-04
-5.8289520073901080e-01 5.1048750020826240e-04
-5.8238459823649613e-01 5.1071747123193297e-04
-5.8187376586374162e-01 5.1094724067274658e-04
-5.8136270382237543e-01 5.1117680844012052e-04
-5.8085141231411652e-01 5.1140617444314521e-04
-5.8033989154077414e-01 5.1163533859174685e-04
-5.7982814170424835e-01 5.1186430079515799e-04
-5.7931616300652955e-01 5.1209306096279257e-04
-5.7880395564969822e-01 5.1232161900481479e-04
-5.7829151983592531e-01 5.1254997483093879e-04
-5.7777885576747201e-01 5.1277812835077150e-04
-5.7726596364668947e-01 5.1300607947436360e-04
-5.7675284367601876e-01 5.1323382811203075e-04
-5.7623949605799130e-01 5.1346137417332654e-04
-5.7572592099522768e-01 5.1368871756894761e-04
-5.7521211869043898e-01 5.1391585820882767e-04
-5.7469808934642552e-01 5.1414279600347351e-04
-5.7418383316607746e-01 5.1436953086311614e-04
-5.7366935035237421e-01 5.1459606269865267e-04
-5.7315464110838499e-01 5.1482239142031387e-04
-5.7263970563726807e-01 5.1504851693908555e-04
-5.7212454414227143e-01 5.1527443916516195e-04
-5.7160915682673163e-01 5.1550015801003714e-04
-5.7109354389407507e-01 5.1572567338427995e-04
-5.7057770554781673e-01 5.1595098519878545e-04
-5.7006164199156062e-01 5.1617609336490210e-04
-5.6954535342899992e-01 5.1640099779334326e-04
-5.6902884006391619e-01 5.1662569839586473e-04
-5.6851210210018011e-01 5.1685019508340300e-04
-5.6799513974175075e-01 5.1707448776755450e-04
-5.6747795319267591e-01 5.1729857635969816e-04
-5.6696054265709184e-01 5.1752246077133252e-04
-5.6644290833922306e-01 5.1774614091431301e-04
-5.6592505044338270e-01 5.1796961670001512e-04
-5.6540696917397193e-01 5.1819288804035664e-04
-5.6488866473548005e-01 5.1841595484734154e-04
-5.6437013733248453e-01 5.1863881703292990e-04
-5.6385138716965089e-01 5.1886147450908450e-04
-5.6333241445173254e-01 5.1908392718782515e-04
-5.6281321938357076e-01 5.1930617498132531e-04
-5.6229380217009439e-01 5.1952821780216780e-04
-5.6177416301632033e-01 5.1975005556231118e-04
-5.6125430212735261e-01 5.1997168817464882e-04
-5.6073421970838333e-01 5.2019311555114272e-04
-5.6021391596469150e-01 5.2041433760488792e-04
-5.5969339110164373e-01 5.2063535424850594e-04
-5.5917264532469413e-01 5.2085616539432485e-04
-5.5865167883938349e-01 5.2107677095576720e-04
-5.5813049185134023e-01 5.2129717084528117e-04
-5.5760908456627944e-01 5.2151736497613285e-04
-5.5708745719000330e-01 5.2173735326144677e-04
-5.5656560992840087e-01 5.2195713561432606e-04
-5.5604354298744807e-01 5.2217671194787257e-04
-5.5552125657320739e-01 5.2239608217552133e-04
-5.5499875089182793e-01 5.2261524621084038e-04
-5.5447602614954550e-01 5.2283420396714863e-04
-5.5395308255268216e-01 5.2305295535824226e-04
-5.5342992030764671e-01 5.2327150029733867e-04
-5.5290653962093383e-01 5.2348983869852949e-04
-5.5238294069912464e-01 5.2370797047560775e-04
-5.5185912374888646e-01 5.2392589554223570e-04
-5.5133508897697237e-01 5.2414361381287642e-04
-5.5081083659022190e-01 5.2436112520097317e-04
-5.5028636679555998e-01 5.2457842962116616e-04
-5.4976167979999768e-01 5.2479552698746321e-04
-5.4923677581063157e-01 5.2501241721443893e-04
-5.4871165503464425e-01 5.2522910021594871e-04
-5.4818631767930337e-01 5.2544557590699867e-04
-5.4766076395196239e-01 5.2566184420202769e-04
-5.4713499406006028e-01 5.2587790501533145e-04
-5.4660900821112091e-01 5.2609375826209183e-04
-5.4608280661275388e-01 5.2630940385664461e-04
-5.4555638947265350e-01 5.2652484171429950e-04
-5.4502975699859946e-01 5.2674007174984255e-04
-5.4450290939845625e-01 5.2695509387848275e-04
-5.4397584688017353e-01 5.2716990801502522e-04
-5.4344856965178556e-01 5.2738451407481699e-04
-5.4292107792141142e-01 5.2759891197315064e-04
-5.4239337189725478e-01 5.2781310162553397e-04
-5.4186545178760392e-01 5.2802708294750231e-04
-5.4133731780083194e-01 5.2824085585404261e-04
-5.4080897014539575e-01 5.2845442026145273e-04
-5.4028040902983709e-01 5.2866777608507178e-04
-5.3975163466278175e-01 5.2888092324081064e-04
-5.3922264725293978e-01 5.2909386164443322e-04
-5.3869344700910526e-01 5.2930659121189357e-04
-5.3816403414015623e-01 5.2951911185935457e-04
-5.3763440885505476e-01 5.2973142350284756e-04
-5.3710457136284673e-01 5.2994352605852156e-04
-5.3657452187266164e-01 5.3015541944290091e-04
-5.3604426059371302e-01 5.3036710357190736e-04
-5.3551378773529756e-01 5.3057857836237403e-04
-5.3498310350679568e-01 5.3078984373083535e-04
-5.3445220811767136e-01 5.3100089959358572e-04
-5.3392110177747165e-01 5.3121174586758164e-04
-5.3338978469582699e-01 5.3142238246961699e-04
-5.3285825708245105e-01 5.3163280931645400e-04
-5.3232651914714069e-01 5.3184302632476685e-04
-5.3179457109977535e-01 5.3205303341218361e-04
-5.3126241315031786e-01 5.3226283049547310e-04
-5.3073004550881386e-01 5.3247241749159889e-04
-5.3019746838539139e-01 5.3268179431833172e-04
-5.2966468199026162e-01 5.3289096089262724e-04
-5.2913168653371800e-01 5.3309991713215851e-04
-5.2859848222613670e-01 5.3330866295429749e-04
-5.2806506927797614e-01 5.3351719827685789e-04
-5.2753144789977735e-01 5.3372552301719594e-04
-5.2699761830216330e-01 5.3393363709346023e-04
-5.2646358069583943e-01 5.3414154042324979e-04
-5.2592933529159314e-01 5.3434923292458992e-04
-5.2539488230029385e-01 5.3455671451552525e-04
-5.2486022193289295e-01 5.3476398511421205e-04
-5.2432535440042372e-01 5.3497104463869289e-04
-5.2379027991400118e-01 5.3517789300724906e-04
-5.2325499868482195e-01 5.3538453013835961e-04
-5.2271951092416435e-01 5.3559095595040321e-04
-5.2218381684338822e-01 5.3579717036190901e-04
-5.2164791665393473e-01 5.3600317329156476e-04
-5.2111181056732669e-01 5.3620896465769036e-04
-5.2057549879516773e-01 5.3641454437951578e-04
-5.2003898154914296e-01 5.3661991237580241e-04
-5.1950225904101865e-01 5.3682506856526360e-04
-5.1896533148264179e-01 5.3703001286728176e-04
-5.1842819908594073e-01 5.3723474520047981e-04
-5.1789086206292423e-01 5.3743926548447058e-04
-5.1735332062568207e-01 5.3764357363840335e-04
-5.1681557498638475e-01 5.3784766958145250e-04
-5.1627762535728317e-01 5.3805155323330032e-04
-5.1573947195070879e-01 5.3825522451356796e-04
-5.1520111497907384e-01 5.3845868334137493e-04
-5.1466255465487032e-01 5.3866192963697272e-04
-5.1412379119067098e-01 5.3886496331982442e-04
-5.1358482479912848e-01 5.3906778430992599e-04
-5.1304565569297578e-01 5.3927039252705091e-04
-5.1250628408502563e-01 5.3947278789139887e-04
-5.1196671018817086e-01 5.3967497032302611e-04
-5.1142693421538410e-01 5.3987693974213969e-04
-5.1088695637971782e-01 5.4007869606885809e-04
-5.1034677689430397e-01 5.4028023922378301e-04
-5.0980639597235422e-01 5.4048156912733314e-04
-5.0926581382715974e-01 5.4068268570006358e-04
-5.0872503067209129e-01 5.4088358886226736e-04
-5.0818404672059858e-01 5.4108427853508318e-04
-5.0764286218621091e-01 5.4128475463906928e-04
-5.0710147728253663e-01 5.4148501709511707e-04
-5.0655989222326314e-01 5.4168506582426073e-04
-5.0601810722215690e-01 5.4188490074755225e-04
-5.0547612249306340e-01 5.4208452178585885e-04
-5.0493393824990673e-01 5.4228392886056926e-04
-5.0439155470668973e-01 5.4248312189325001e-04
-5.0384897207749424e-01 5.4268210080480608e-04
-5.0330619057648041e-01 5.4288086551681147e-04
-5.0276321041788674e-01 5.4307941595114334e-04
-5.0222003181603059e-01 5.4327775202896655e-04
-5.0167665498530711e-01 5.4347587367250486e-04
-5.0113308014019031e-01 5.4367378080295273e-04
-5.0058930749523167e-01 5.4387147334281115e-04
-5.0004533726506140e-01 5.4406895121350714e-04
-4.9950116966438712e-01 5.4426621433754398e-04
-4.9895680490799477e-01 5.4446326263684491e-04
-4.9841224321074795e-01 5.4466009603359696e-04
-4.9786748478758802e-01 5.4485671445011206e-04
-4.9732252985353387e-01 5.4505311780897838e-04
-4.9677737862368215e-01 5.4524930603246438e-04
-4.9623203131320692e-01 5.4544527904312322e-04
-4.9568648813735949e-01 5.4564103676380655e-04
-4.9514074931146868e-01 5.4583657911712454e-04
-4.9459481505094050e-01 5.4603190602575842e-04
-4.9404868557125792e-01 5.4622701741288281e-04
-4.9350236108798118e-01 5.4642191320132549e-04
-4.9295584181674740e-01 5.4661659331417198e-04
-4.9240912797327058e-01 5.4681105767459288e-04
-4.9186221977334149e-01 5.4700530620589000e-04
-4.9131511743282774e-01 5.4719933883125510e-04
-4.9076782116767337e-01 5.4739315547427437e-04
-4.9022033119389918e-01 5.4758675605825092e-04
-4.8967264772760222e-01 5.4778014050698516e-04
-4.8912477098495610e-01 5.4797330874394316e-04
-4.8857670118221053e-01 5.4816626069307921e-04
-4.8802843853569161e-01 5.4835899627807413e-04
-4.8747998326180147e-01 5.4855151542284838e-04
-4.8693133557701818e-01 5.4874381805158164e-04
-4.8638249569789593e-01 5.4893590408818839e-04
-4.8583346384106463e-01 5.4912777345699176e-04
-4.8528424022323002e-01 5.4931942608220645e-04
-4.8473482506117360e-01 5.4951086188809466e-04
-4.8418521857175228e-01 5.4970208079929857e-04
-4.8363542097189877e-01 5.4989308274008852e-04
-4.8308543247862090e-01 5.5008386763529004e-04
-4.8253525330900204e-01 5.5027443540954393e-04
-4.8198488368020082e-01 5.5046478598759366e-04
-4.8143432380945100e-01 5.5065491929425479e-04
-4.8088357391406139e-01 5.5084483525460744e-04
-4.8033263421141592e-01 5.5103453379355184e-04
-4.7978150491897326e-01 5.5122401483639644e-04
-4.7923018625426711e-01 5.5141327830817203e-04
-4.7867867843490580e-01 5.5160232413422824e-04
-4.7812698167857232e-01 5.5179115224001404e-04
-4.7757509620302424e-01 5.5197976255099638e-04
-4.7702302222609372e-01 5.5216815499260546e-04
-4.7647075996568716e-01 5.5235632949059957e-04
-4.7591830963978538e-01 5.5254428597068450e-04
-4.7536567146644343e-01 5.5273202435863057e-04
-4.7481284566379045e-01 5.5291954458037181e-04
-4.7425983245002967e-01 5.5310684656189549e-04
-4.7370663204343832e-01 5.5329393022924710e-04
-4.7315324466236747e-01 5.5348079550860676e-04
-4.7259967052524199e-01 5.5366744232621850e-04
-4.7204590985056055e-01 5.5385387060830397e-04
-4.7149196285689526e-01 5.5404008028149630e-04
-4.7093782976289200e-01 5.5422607127210281e-04
-4.7038351078726992e-01 5.5441184350682416e-04
-4.6982900614882162e-01 5.5459739691234348e-04
-4.6927431606641301e-01 5.5478273141532878e-04
-4.6871944075898314e-01 5.5496784694269313e-04
-4.6816438044554420e-01 5.5515274342133453e-04
-4.6760913534518139e-01 5.5533742077828845e-04
-4.6705370567705284e-01 5.5552187894066548e-04
-4.6649809166038958e-01 5.5570611783559512e-04
-4.6594229351449529e-01 5.5589013739048990e-04
-4.6538631145874643e-01 5.5607393753263771e-04
-4.6483014571259201e-01 5.5625751818949684e-04
-4.6427379649555356e-01 5.5644087928864087e-04
-4.6371726402722502e-01 5.5662402075766612e-04
-4.6316054852727268e-01 5.5680694252424839e-04
-4.6260365021543504e-01 5.5698964451621311e-04
-4.6204656931152271e-01 5.5717212666152641e-04
-4.6148930603541855e-01 5.5735438888802316e-04
-4.6093186060707719e-01 5.5753643112383625e-04
-4.6037423324652527e-01 5.5771825329714966e-04
-4.5981642417386120e-01 5.5789985533617466e-04
-4.5925843360925517e-01 5.5808123716920830e-04
-4.5870026177294898e-01 5.5826239872461421e-04
-4.5814190888525591e-01 5.5844333993097935e-04
-4.5758337516656078e-01 5.5862406071686835e-04
-4.5702466083731980e-01 5.5880456101088389e-04
-4.5646576611806039e-01 5.5898484074182067e-04
-4.5590669122938121e-01 5.5916489983856674e-04
-4.5534743639195208e-01 5.5934473822994812e-04
-4.5478800182651374e-01 5.5952435584509215e-04
-4.5422838775387803e-01 5.5970375261295985e-04
-4.5366859439492740e-01 5.5988292846294448e-04
-4.5310862197061536e-01 5.6006188332413025e-04
-4.5254847070196580e-01 5.6024061712607479e-04
-4.5198814081007349e-01 5.6041912979801938e-04
-4.5142763251610346e-01 5.6059742126966447e-04
-4.5086694604129129e-01 5.6077549147059177e-04
-4.5030608160694285e-01 5.6095334033048948e-04
-4.4974503943443433e-01 5.6113096777918238e-04
-4.4918381974521193e-01 5.6130837374652445e-04
-4.4862242276079201e-01 5.6148555816252946e-04
-4.4806084870276086e-01 5.6166252095725953e-04
-4.4749909779277469e-01 5.6183926206092771e-04
-4.4693717025255958e-01 5.6201578140364623e-04
-4.4637506630391122e-01 5.6219207891579468e-04
-4.4581278616869496e-01 5.6236815452782385e-04
-4.4525033006884573e-01 5.6254400817018393e-04
-4.4468769822636789e-01 5.6271963977348510e-04
-4.4412489086333512e-01 5.6289504926843503e-04
-4.4356190820189045e-01 5.6307023658578161e-04
-4.4299875046424608e-01 5.6324520165635739e-04
-4.4243541787268331e-01 5.6341994441111562e-04
-4.4187191064955245e-01 5.6359446478107316e-04
-4.4130822901727274e-01 5.6376876269731565e-04
-4.4074437319833226e-01 5.6394283809115681e-04
-4.4018034341528789e-01 5.6411669089372063e-04
-4.3961613989076503e-01 5.6429032103654561e-04
-4.3905176284745784e-01 5.6446372845101692e-04
-4.3848721250812878e-01 5.6463691306879720e-04
-4.3792248909560894e-01 5.6480987482137668e-04
-4.3735759283279757e-01 5.6498261364048739e-04
-4.3679252394266210e-01 5.6515512945809791e-04
-4.3622728264823823e-01 5.6532742220601463e-04
-4.3566186917262967e-01 5.6549949181620019e-04
-4.3509628373900799e-01 5.6567133822082853e-04
-4.3453052657061281e-01 5.6584296135198022e-04
-4.3396459789075131e-01 5.6601436114204324e-04
-4.3339849792279861e-01 5.6618553752324041e-04
-4.3283222689019729e-01 5.6635649042801977e-04
-4.3226578501645740e-01 5.6652721978903402e-04
-4.3169917252515666e-01 5.6669772553868535e-04
-4.3113238963993983e-01 5.6686800760986792e-04
-4.3056543658451918e-01 5.6703806593521699e-04
-4.2999831358267393e-01 5.6720790044776682e-04
-4.2943102085825058e-01 5.6737751108035521e-04
-4.2886355863516251e-01 5.6754689776605674e-04
-4.2829592713739001e-01 5.6771606043803978e-04
-4.2772812658898013e-01 5.6788499902962069e-04
-4.2716015721404682e-01 5.6805371347395093e-04
-4.2659201923677054e-01 5.6822220370448780e-04
-4.2602371288139823e-01 5.6839046965480745e-04
-4.2545523837224342e-01 5.6855851125846377e-04
-4.2488659593368600e-01 5.6872632844906382e-04
-4.2431778579017210e-01 5.6889392116036891e-04
-4.2374880816621396e-01 5.6906128932638148e-04
-4.2317966328639012e-01 5.6922843288089104e-04
-4.2261035137534503e-01 5.6939535175792031e-04
-4.2204087265778900e-01 5.6956204589170224e-04
-4.2147122735849835e-01 5.6972851521629284e-04
-4.2090141570231493e-01 5.6989475966616129e-04
-4.2033143791414646e-01 5.7006077917555963e-04
-4.1976129421896613e-01 5.7022657367898904e-04
-4.1919098484181266e-01 5.7039214311096988e-04
-4.1862051000779010e-01 5.7055748740620737e-04
-4.1804986994206783e-01 5.7072260649945956e-04
-4.1747906486988046e-01 5.7088750032556262e-04
-4.1690809501652776e-01 5.7105216881935916e-04
-4.1633696060737452e-01 5.7121661191586069e-04
-4.1576566186785047e-01 5.7138082955016469e-04
-4.1519419902345017e-01 5.7154482165749649e-04
-4.1462257229973298e-01 5.7170858817313605e-04
-4.1405078192232303e-01 5.7187212903235171e-04
-4.1347882811690884e-01 5.7203544417074211e-04
-4.1290671110924371e-01 5.7219853352365061e-04
-4.1233443112514506e-01 5.7236139702689743e-04
-4.1176198839049488e-01 5.7252403461609204e-04
-4.1118938313123932e-01 5.7268644622699967e-04
-4.1061661557338858e-01 5.7284863179565533e-04
-4.1004368594301704e-01 5.7301059125796098e-04
-4.0947059446626305e-01 5.7317232454997082e-04
-4.0889734136932876e-01 5.7333383160788518e-04
-4.0832392687848018e-01 5.7349511236795428e-04
-4.0775035122004699e-01 5.7365616676652124e-04
-4.0717661462042254e-01 5.7381699473995360e-04
-4.0660271730606362e-01 5.7397759622483332e-04
-4.0602865950349049e-01 5.7413797115776993e-04
-4.0545444143928677e-01 5.7429811947544917e-04
-4.0488006334009929e-01 5.7445804111471257e-04
-4.0430552543263815e-01 5.7461773601235851e-04
-4.0373082794367643e-01 5.7477720410537502e-04
-4.0315597110005019e-01 5.7493644533086860e-04
-4.0258095512865849e-01 5.7509545962591520e-04
-4.0200578025646311e-01 5.7525424692778939e-04
-4.0143044671048861e-01 5.7541280717373754e-04
-4.0085495471782207e-01 5.7557114030134951e-04
-4.0027930450561316e-01 5.7572924624799940e-04
-3.9970349630107416e-01 5.7588712495126155e-04
-3.9912753033147941e-01 5.7604477634896900e-04
-3.9855140682416584e-01 5.7620220037869188e-04
-3.9797512600653229e-01 5.7635939697846326e-04
-3.9739868810603984e-01 5.7651636608616909e-04
-3.9682209335021151e-01 5.7667310763989297e-04
-3.9624534196663236e-01 5.7682962157765453e-04
-3.9566843418294906e-01 5.7698590783780116e-04
-3.9509137022687019e-01 5.7714196635856325e-04
-3.9451415032616582e-01 5.7729779707844237e-04
-3.9393677470866778e-01 5.7745339993580324e-04
-3.9335924360226915e-01 5.7760877486932784e-04
-3.9278155723492447e-01 5.7776392181766649e-04
-3.9220371583464964e-01 5.7791884071952402e-04
-3.9162571962952158e-01 5.7807353151383904e-04
-3.9104756884767850e-01 5.7822799413947707e-04
-3.9046926371731944e-01 5.7838222853555084e-04
-3.8989080446670449e-01 5.7853623464114337e-04
-3.8931219132415457e-01 5.7869001239543741e-04
-3.8873342451805126e-01 5.7884356173777056e-04
-3.8815450427683684e-01 5.7899688260756052e-04
-3.8757543082901424e-01 5.7914997494418880e-04
-3.8699620440314664e-01 5.7930283868732485e-04
-3.8641682522785775e-01 5.7945547377666752e-04
-3.8583729353183166e-01 5.7960788015184604e-04
-3.8525760954381244e-01 5.7976005775282468e-04
-3.8467777349260446e-01 5.7991200651945178e-04
-3.8409778560707203e-01 5.8006372639174972e-04
-3.8351764611613937e-01 5.8021521730987130e-04
-3.8293735524879052e-01 5.8036647921407307e-04
-3.8235691323406940e-01 5.8051751204456475e-04
-3.8177632030107944e-01 5.8066831574177735e-04
-3.8119557667898374e-01 5.8081889024616540e-04
-3.8061468259700482e-01 5.8096923549830258e-04
-3.8003363828442460e-01 5.8111935143884933e-04
-3.7945244397058431e-01 5.8126923800856602e-04
-3.7887109988488432e-01 5.8141889514834184e-04
-3.7828960625678432e-01 5.8156832279894217e-04
-3.7770796331580275e-01 5.8171752090153234e-04
-3.7712617129151715e-01 5.8186648939718803e-04
-3.7654423041356389e-01 5.8201522822709409e-04
-3.7596214091163799e-01 5.8216373733262206e-04
-3.7537990301549334e-01 5.8231201665498889e-04
-3.7479751695494218e-01 5.8246006613583230e-04
-3.7421498295985539e-01 5.8260788571658803e-04
-3.7363230126016217e-01 5.8275547533895463e-04
-3.7304947208584993e-01 5.8290283494477732e-04
-3.7246649566696449e-01 5.8304996447577678e-04
-3.7188337223360968e-01 5.8319686387388889e-04
-3.7130010201594732e-01 5.8334353308116434e-04
-3.7071668524419721e-01 5.8348997203973578e-04
-3.7013312214863703e-01 5.8363618069172938e-04
-3.6954941295960214e-01 5.8378215897950505e-04
-3.6896555790748564e-01 5.8392790684539612e-04
-3.6838155722273813e-01 5.8407342423191181e-04
-3.6779741113586778e-01 5.8421871108155752e-04
-3.6721311987744004e-01 5.8436376733705605e-04
-3.6662868367807772e-01 5.8450859294116955e-04
-3.6604410276846089e-01 5.8465318783663825e-04
-3.6545937737932666e-01 5.8479755196643509e-04
-3.6487450774146912e-01 5.8494168527365993e-04
-3.6428949408573952e-01 5.8508558770125859e-04
-3.6370433664304569e-01 5.8522925919256058e-04
-3.6311903564435233e-01 5.8537269969083784e-04
-3.6253359132068080e-01 5.8551590913947951e-04
-3.6194800390310911e-01 5.8565888748187973e-04
-3.6136227362277157e-01 5.8580163466169207e-04
-3.6077640071085904e-01 5.8594415062253053e-04
-3.6019038539861858e-01 5.8608643530814932e-04
-3.5960422791735352e-01 5.8622848866238795e-04
-3.5901792849842329e-01 5.8637031062916476e-04
-3.5843148737324326e-01 5.8651190115255726e-04
-3.5784490477328484e-01 5.8665326017664772e-04
-3.5725818093007522e-01 5.8679438764564049e-04
-3.5667131607519748e-01 5.8693528350378557e-04
-3.5608431044029010e-01 5.8707594769553029e-04
-3.5549716425704730e-01 5.8721638016534744e-04
-3.5490987775721877e-01 5.8735658085779365e-04
-3.5432245117260952e-01 5.8749654971756353e-04
-3.5373488473507997e-01 5.8763628668931573e-04
-3.5314717867654555e-01 5.8777579171801560e-04
-3.5255933322897703e-01 5.8791506474845708e-04
-3.5197134862439994e-01 5.8805410572584937e-04
-3.5138322509489495e-01 5.8819291459519469e-04
-3.5079496287259748e-01 5.8833149130170254e-04
-3.5020656218969770e-01 5.8846983579071430e-04
-3.4961802327844044e-01 5.8860794800758541e-04
-3.4902934637112504e-01 5.8874582789784696e-04
-3.4844053170010536e-01 5.8888347540707233e-04
-3.4785157949778961e-01 5.8902089048094343e-04
-3.4726248999664039e-01 5.8915807306510843e-04
-3.4667326342917426e-01 5.8929502310559165e-04
-3.4608390002796213e-01 5.8943174054820941e-04
-3.4549440002562876e-01 5.8956822533905466e-04
-3.4490476365485290e-01 5.8970447742422518e-04
-3.4431499114836706e-01 5.8984049675000181e-04
-3.4372508273895758e-01 5.8997628326262178e-04
-3.4313503865946432e-01 5.9011183690857027e-04
-3.4254485914278082e-01 5.9024715763427728e-04
-3.4195454442185402e-01 5.9038224538631096e-04
-3.4136409472968421e-01 5.9051710011138981e-04
-3.4077351029932490e-01 5.9065172175634814e-04
-3.4018279136388291e-01 5.9078611026795855e-04
-3.3959193815651806e-01 5.9092026559322589e-04
-3.3900095091044324e-01 5.9105418767914396e-04
-3.3840982985892415e-01 5.9118787647290702e-04
-3.3781857523527936e-01 5.9132133192174607e-04
-3.3722718727288020e-01 5.9145455397292498e-04
-3.3663566620515051e-01 5.9158754257394896e-04
-3.3604401226556679e-01 5.9172029767227562e-04
-3.3545222568765792e-01 5.9185281921551717e-04
-3.3486030670500516e-01 5.9198510715137334e-04
-3.3426825555124201e-01 5.9211716142762015e-04
-3.3367607246005421e-01 5.9224898199208007e-04
-3.3308375766517945e-01 5.9238056879278717e-04
-3.3249131140040744e-01 5.9251192177784968e-04
-3.3189873389957991e-01 5.9264304089531091e-04
-3.3130602539659021e-01 5.9277392609349854e-04
-3.3071318612538353e-01 5.9290457732070199e-04
-3.3012021631995658e-01 5.9303499452539356e-04
-3.2952711621435765e-01 5.9316517765610358e-04
-3.2893388604268647e-01 5.9329512666139359e-04
-3.2834052603909408e-01 5.9342484148998897e-04
-3.2774703643778275e-01 5.9355432209073282e-04
-3.2715341747300591e-01 5.9368356841248517e-04
-3.2655966937906816e-01 5.9381258040417132e-04
-3.2596579239032480e-01 5.9394135801502546e-04
-3.2537178674118233e-01 5.9406990119407544e-04
-3.2477765266609782e-01 5.9419820989064121e-04
-3.2418339039957905e-01 5.9432628405409421e-04
-3.2358900017618453e-01 5.9445412363382866e-04
-3.2299448223052313e-01 5.9458172857941051e-04
-3.2239983679725415e-01 5.9470909884052953e-04
-3.2180506411108728e-01 5.9483623436684663e-04
-3.2121016440678241e-01 5.9496313510820707e-04
-3.2061513791914958e-01 5.9508980101447397e-04
-3.2001998488304884e-01 5.9521623203568957e-04
-3.1942470553339014e-01 5.9534242812197733e-04
-3.1882930010513338e-01 5.9546838922351294e-04
-3.1823376883328819e-01 5.9559411529058217e-04
-3.1763811195291392e-01 5.9571960627349070e-04
-3.1704232969911939e-01 5.9584486212278603e-04
-3.1644642230706294e-01 5.9596988278904099e-04
-3.1585039001195242e-01 5.9609466822282302e-04
-3.1525423304904476e-01 5.9621921837499326e-04
-3.1465795165364635e-01 5.9634353319628058e-04
-3.1406154606111253e-01 5.9646761263765636e-04
-3.1346501650684766e-01 5.9659145665017139e-04
-3.1286836322630512e-01 5.9671506518488499e-04
-3.1227158645498704e-01 5.9683843819308125e-04
-3.1167468642844431e-01 5.9696157562604153e-04
-3.1107766338227649e-01 5.9708447743516714e-04
-3.1048051755213174e-01 5.9720714357190327e-04
-3.0988324917370663e-01 5.9732957398783649e-04
-3.0928585848274603e-01 5.9745176863472437e-04
-3.0868834571504322e-01 5.9757372746427567e-04
-3.0809071110643960e-01 5.9769545042835930e-04
-3.0749295489282469e-01 5.9781693747889967e-04
-3.0689507731013593e-01 5.9793818856801646e-04
-3.0629707859435878e-01 5.9805920364778176e-04
-3.0569895898152644e-01 5.9817998267045836e-04
-3.0510071870771982e-01 5.9830052558836955e-04
-3.0450235800906750e-01 5.9842083235394511e-04
-3.0390387712174555e-01 5.9854090291969393e-04
-3.0330527628197751e-01 5.9866073723823193e-04
-3.0270655572603428e-01 5.9878033526222850e-04
-3.0210771569023392e-01 5.9889969694453113e-04
-3.0150875641094177e-01 5.9901882223801052e-04
-3.0090967812457020e-01 5.9913771109559107e-04
-3.0031048106757846e-01 5.9925636347043728e-04
-2.9971116547647281e-01 5.9937477931566697e-04
-2.9911173158780630e-01 5.9949295858447924e-04
-2.9851217963817844e-01 5.9961090123038642e-04
-2.9791250986423573e-01 5.9972860720664434e-04
-2.9731272250267077e-01 5.9984607646697112e-04
-2.9671281779022285e-01 5.9996330896490760e-04
-2.9611279596367751e-01 6.0008030465415988e-04
-2.9551265725986647e-01 6.0019706348859265e-04
-2.9491240191566759e-01 6.0031358542212245e-04
-2.9431203016800478e-01 6.0042987040877173e-04
-2.9371154225384793e-01 6.0054591840260285e-04
-2.9311093841021274e-01 6.0066172935783493e-04
-2.9251021887416073e-01 6.0077730322870878e-04
-2.9190938388279897e-01 6.0089263996967101e-04
-2.9130843367328019e-01 6.0100773953517038e-04
-2.9070736848280254e-01 6.0112260187980039e-04
-2.9010618854860964e-01 6.0123722695817872e-04
-2.8950489410799035e-01 6.0135161472507832e-04
-2.8890348539827870e-01 6.0146576513534780e-04
-2.8830196265685382e-01 6.0157967814398474e-04
-2.8770032612113988e-01 6.0169335370597416e-04
-2.8709857602860600e-01 6.0180679177645417e-04
-2.8649671261676607e-01 6.0191999231064784e-04
-2.8589473612317873e-01 6.0203295526385767e-04
-2.8529264678544719e-01 6.0214568059154786e-04
-2.8469044484121930e-01 6.0225816824918427e-04
-2.8408813052818732e-01 6.0237041819235994e-04
-2.8348570408408780e-01 6.0248243037681979e-04
-2.8288316574670164e-01 6.0259420475830539e-04
-2.8228051575385382e-01 6.0270574129272039e-04
-2.8167775434341352e-01 6.0281703993604217e-04
-2.8107488175329376e-01 6.0292810064432390e-04
-2.8047189822145152e-01 6.0303892337371611e-04
-2.7986880398588748e-01 6.0314950808054062e-04
-2.7926559928464617e-01 6.0325985472108328e-04
-2.7866228435581558e-01 6.0336996325182181e-04
-2.7805885943752728e-01 6.0347983362928038e-04
-2.7745532476795626e-01 6.0358946581008156e-04
-2.7685168058532073e-01 6.0369885975101220e-04
-2.7624792712788226e-01 6.0380801540881946e-04
-2.7564406463394547e-01 6.0391693274046844e-04
-2.7504009334185803e-01 6.0402561170295977e-04
-2.7443601349001062e-01 6.0413405225334096e-04
-2.7383182531683659e-01 6.0424225434893022e-04
-2.7322752906081227e-01 6.0435021794691217e-04
-2.7262312496045654e-01 6.0445794300467552e-04
-2.7201861325433074e-01 6.0456542947981179e-04
-2.7141399418103895e-01 6.0467267732975608e-04
-2.7080926797922739e-01 6.0477968651225411e-04
-2.7020443488758461e-01 6.0488645698508422e-04
-2.6959949514484149e-01 6.0499298870603073e-04
-2.6899444898977082e-01 6.0509928163311960e-04
-2.6838929666118749e-01 6.0520533572436047e-04
-2.6778403839794834e-01 6.0531115093786657e-04
-2.6717867443895188e-01 6.0541672723193418e-04
-2.6657320502313847e-01 6.0552206456485947e-04
-2.6596763038949006e-01 6.0562716289503705e-04
-2.6536195077703006e-01 6.0573202218105668e-04
-2.6475616642482347e-01 6.0583664238146443e-04
-2.6415027757197640e-01 6.0594102345499915e-04
-2.6354428445763645e-01 6.0604516536045313e-04
-2.6293818732099228e-01 6.0614906805666908e-04
-2.6233198640127348e-01 6.0625273150274178e-04
-2.6172568193775081e-01 6.0635615565767203e-04
-2.6111927416973579e-01 6.0645934048064666e-04
-2.6051276333658069e-01 6.0656228593099096e-04
-2.5990614967767856e-01 6.0666499196800928e-04
-2.5929943343246292e-01 6.0676745855120528e-04
-2.5869261484040784e-01 6.0686968564014113e-04
-2.5808569414102783e-01 6.0697167319441470e-04
-2.5747867157387766e-01 6.0707342117379264e-04
-2.5687154737855222e-01 6.0717492953815818e-04
-2.5626432179468672e-01 6.0727619824737372e-04
-2.5565699506195616e-01 6.0737722726152946e-04
-2.5504956742007567e-01 6.0747801654068175e-04
-2.5444203910879998e-01 6.0757856604516018e-04
-2.5383441036792381e-01 6.0767887573514928e-04
-2.5322668143728133e-01 6.0777894557113832e-04
-2.5261885255674632e-01 6.0787877551361726e-04
-2.5201092396623204e-01 6.0797836552315635e-04
-2.5140289590569104e-01 6.0807771556047323e-04
-2.5079476861511518e-01 6.0817682558634764e-04
-2.5018654233453552e-01 6.0827569556163045e-04
-2.4957821730402208e-01 6.0837432544735295e-04
-2.4896979376368397e-01 6.0847271520453143e-04
-2.4836127195366911e-01 6.0857086479436861e-04
-2.4775265211416425e-01 6.0866877417809482e-04
-2.4714393448539482e-01 6.0876644331708709e-04
-2.4653511930762481e-01 6.0886387217279152e-04
-2.4592620682115679e-01 6.0896106070675179e-04
-2.4531719726633169e-01 6.0905800888058333e-04
-2.4470809088352874e-01 6.0915471665605610e-04
-2.4409888791316539e-01 6.0925118399498689e-04
-2.4348958859569728e-01 6.0934741085928907e-04
-2.4288019317161802e-01 6.0944339721097395e-04
-2.4227070188145911e-01 6.0953914301221013e-04
-2.4166111496579001e-01 6.0963464822512534e-04
-2.4105143266521784e-01 6.0972991281208031e-04
-2.4044165522038735e-01 6.0982493673545615e-04
-2.3983178287198090e-01 6.0991971995776105e-04
-2.3922181586071831e-01 6.1001426244154558e-04
-2.3861175442735671e-01 6.1010856414953323e-04
-2.3800159881269056e-01 6.1020262504448374e-04
-2.3739134925755143e-01 6.1029644508928083e-04
-2.3678100600280805e-01 6.1039002424686465e-04
-2.3617056928936603e-01 6.1048336248035301e-04
-2.3556003935816799e-01 6.1057645975283817e-04
-2.3494941645019321e-01 6.1066931602764447e-04
-2.3433870080645780e-01 6.1076193126806259e-04
-2.3372789266801439e-01 6.1085430543756270e-04
-2.3311699227595215e-01 6.1094643849966476e-04
-2.3250599987139661e-01 6.1103833041804248e-04
-2.3189491569550968e-01 6.1112998115640186e-04
-2.3128373998948951e-01 6.1122139067856676e-04
-2.3067247299457030e-01 6.1131255894844951e-04
-2.3006111495202233e-01 6.1140348593008507e-04
-2.2944966610315182e-01 6.1149417158757799e-04
-2.2883812668930081e-01 6.1158461588511751e-04
-2.2822649695184710e-01 6.1167481878702590e-04
-2.2761477713220415e-01 6.1176478025769298e-04
-2.2700296747182097e-01 6.1185450026159929e-04
-2.2639106821218200e-01 6.1194397876334337e-04
-2.2577907959480709e-01 6.1203321572761936e-04
-2.2516700186125130e-01 6.1212221111918983e-04
-2.2455483525310496e-01 6.1221096490291578e-04
-2.2394258001199341e-01 6.1229947704378443e-04
-2.2333023637957697e-01 6.1238774750686027e-04
-2.2271780459755089e-01 6.1247577625729197e-04
-2.2210528490764520e-01 6.1256356326033518e-04
-2.2149267755162455e-01 6.1265110848135148e-04
-2.2087998277128834e-01 6.1273841188576783e-04
-2.2026720080847034e-01 6.1282547343914715e-04
-2.1965433190503883e-01 6.1291229310710452e-04
-2.1904137630289633e-01 6.1299887085539400e-04
-2.1842833424397964e-01 6.1308520664981800e-04
-2.1781520597025966e-01 6.1317130045631600e-04
-2.1720199172374130e-01 6.1325715224090302e-04
-2.1658869174646342e-01 6.1334276196969915e-04
-2.1597530628049874e-01 6.1342812960889779e-04
-2.1536183556795371e-01 6.1351325512481352e-04
-2.1474827985096839e-01 6.1359813848384573e-04
-2.1413463937171645e-01 6.1368277965249821e-04
-2.1352091437240500e-01 6.1376717859733579e-04
-2.1290710509527447e-01 6.1385133528508171e-04
-2.1229321178259858e-01 6.1393524968250571e-04
-2.1167923467668423e-01 6.1401892175648399e-04
-2.1106517401987143e-01 6.1410235147397064e-04
-2.1045103005453308e-01 6.1418553880206628e-04
-2.0983680302307500e-01 6.1426848370793726e-04
-2.0922249316793584e-01 6.1435118615881901e-04
-2.0860810073158689e-01 6.1443364612208439e-04
-2.0799362595653206e-01 6.1451586356518165e-04
-2.0737906908530773e-01 6.1459783845565683e-04
-2.0676443036048273e-01 6.1467957076115755e-04
-2.0614971002465812e-01 6.1476106044944018e-04
-2.0553490832046728e-01 6.1484230748831128e-04
-2.0492002549057564e-01 6.1492331184571176e-04
-2.0430506177768062e-01 6.1500407348970005e-04
-2.0369001742451168e-01 6.1508459238833685e-04
-2.0307489267382997e-01 6.1516486850988962e-04
-2.0245968776842846e-01 6.1524490182266660e-04
-2.0184440295113176e-01 6.1532469229505537e-04
-2.0122903846479598e-01 6.1540423989557807e-04
-2.0061359455230868e-01 6.1548354459284001e-04
-1.9999807145658877e-01 6.1556260635555805e-04
-1.9938246942058649e-01 6.1564142515246369e-04
-1.9876678868728312e-01 6.1572000095250743e-04
-1.9815102949969107e-01 6.1579833372465531e-04
-1.9753519210085371e-01 6.1587642343799160e-04
-1.9691927673384529e-01 6.1595427006168042e-04
-1.9630328364177083e-01 6.1603187356499081e-04
-1.9568721306776596e-01 6.1610923391732300e-04
-1.9507106525499698e-01 6.1618635108813275e-04
-1.9445484044666064e-01 6.1626322504697414e-04
-1.9383853888598412e-01 6.1633985576349168e-04
-1.9322216081622484e-01 6.1641624320745109e-04
-1.9260570648067044e-01 6.1649238734871490e-04
-1.9198917612263866e-01 6.1656828815720422e-04
-1.9137256998547725e-01 6.1664394560297586e-04
-1.9075588831256385e-01 6.1671935965618824e-04
-1.9013913134730598e-01 6.1679453028702722e-04
-1.8952229933314080e-01 6.1686945746585006e-04
-1.8890539251353514e-01 6.1694414116307582e-04
-1.8828841113198533e-01 6.1701858134923686e-04
-1.8767135543201716e-01 6.1709277799493699e-04
-1.8705422565718569e-01 6.1716673107090904e-04
-1.8643702205107532e-01 6.1724044054792889e-04
-1.8581974485729949e-01 6.1731390639694576e-04
-1.8520239431950072e-01 6.1738712858895118e-04
-1.8458497068135055e-01 6.1746010709501896e-04
-1.8396747418654927e-01 6.1753284188635822e-04
-1.8334990507882598e-01 6.1760533293426004e-04
-1.8273226360193839e-01 6.1767758021013554e-04
-1.8211454999967289e-01 6.1774958368542357e-04
-1.8149676451584418e-01 6.1782134333174927e-04
-1.8087890739429549e-01 6.1789285912074209e-04
-1.8026097887889819e-01 6.1796413102421994e-04
-1.7964297921355191e-01 6.1803515901402250e-04
-1.7902490864218434e-01 6.1810594306212793e-04
-1.7840676740875119e-01 6.1817648314058593e-04
-1.7778855575723598e-01 6.1824677922156838e-04
-1.7717027393165014e-01 6.1831683127730366e-04
-1.7655192217603266e-01 6.1838663928017476e-04
-1.7593350073445022e-01 6.1845620320261584e-04
-1.7531500985099704e-01 6.1852552301715474e-04
-1.7469644976979465e-01 6.1859459869645025e-04
-1.7407782073499198e-01 6.1866343021321161e-04
-1.7345912299076507e-01 6.1873201754032280e-04
-1.7284035678131723e-01 6.1880036065065937e-04
-1.7222152235087868e-01 6.1886845951725797e-04
-1.7160261994370657e-01 6.1893631411325662e-04
-1.7098364980408495e-01 6.1900392441185839e-04
-1.7036461217632456e-01 6.1907129038636882e-04
-1.6974550730476276e-01 6.1913841201022681e-04
-1.6912633543376346e-01 6.1920528925692630e-04
-1.6850709680771708e-01 6.1927192210005561e-04
-1.6788779167104029e-01 6.1933831051333064e-04
-1.6726842026817609e-01 6.1940445447053883e-04
-1.6664898284359358e-01 6.1947035394558552e-04
-1.6602947964178799e-01 6.1953600891243943e-04
-1.6540991090728038e-01 6.1960141934520830e-04
-1.6479027688461786e-01 6.1966658521805040e-04
-1.6417057781837316e-01 6.1973150650526470e-04
-1.6355081395314472e-01 6.1979618318122468e-04
-1.6293098553355662e-01 6.1986061522039076e-04
-1.6231109280425832e-01 6.1992480259734459e-04
-1.6169113600992474e-01 6.1998874528674782e-04
-1.6107111539525606e-01 6.2005244326335165e-04
-1.6045103120497767e-01 6.2011589650201951e-04
-1.5983088368384002e-01 6.2017910497770491e-04
-1.5921067307661857e-01 6.2024206866545940e-04
-1.5859039962811367e-01 6.2030478754044216e-04
-1.5797006358315052e-01 6.2036726157787625e-04
-1.5734966518657897e-01 6.2042949075312068e-04
-1.5672920468327350e-01 6.2049147504161231e-04
-1.5610868231813313e-01 6.2055321441888101e-04
-1.5548809833608124e-01 6.2061470886056488e-04
-1.5486745298206561e-01 6.2067595834237269e-04
-1.5424674650105819e-01 6.2073696284013302e-04
-1.5362597913805504e-01 6.2079772232978905e-04
-1.5300515113807628e-01 6.2085823678734891e-04
-1.5238426274616601e-01 6.2091850618889747e-04
-1.5176331420739206e-01 6.2097853051069397e-04
-1.5114230576684606e-01 6.2103830972903124e-04
-1.5052123766964334e-01 6.2109784382028755e-04
-1.4990011016092267e-01 6.2115713276099285e-04
-1.4927892348584632e-01 6.2121617652773444e-04
-1.4865767788959994e-01 6.2127497509721326e-04
-1.4803637361739239e-01 6.2133352844621328e-04
-1.4741501091445569e-01 6.2139183655162485e-04
-1.4679359002604497e-01 6.2144989939044498e-04
-1.4617211119743831e-01 6.2150771693973413e-04
-1.4555057467393659e-01 6.2156528917670290e-04
-1.4492898070086357e-01 6.2162261607859488e-04
-1.4430732952356562e-01 6.2167969762279805e-04
-1.4368562138741170e-01 6.2173653378678562e-04
-1.4306385653779324e-01 6.2179312454811730e-04
-1.4244203522012411e-01 6.2184946988446050e-04
-1.4182015767984041e-01 6.2190556977356347e-04
-1.4119822416240044e-01 6.2196142419329592e-04
-1.4057623491328461e-01 6.2201703312160506e-04
-1.3995419017799532e-01 6.2207239653655445e-04
-1.3933209020205686e-01 6.2212751441628863e-04
-1.3870993523101538e-01 6.2218238673903694e-04
-1.3808772551043866e-01 6.2223701348315110e-04
-1.3746546128591611e-01 6.2229139462708076e-04
-1.3684314280305870e-01 6.2234553014933497e-04
-1.3622077030749880e-01 6.2239942002856069e-04
-1.3559834404489002e-01 6.2245306424348729e-04
-1.3497586426090727e-01 6.2250646277295471e-04
-1.3435333120124660e-01 6.2255961559586298e-04
-1.3373074511162505e-01 6.2261252269124340e-04
-1.3310810623778058e-01 6.2266518403821262e-04
-1.3248541482547199e-01 6.2271759961599472e-04
-1.3186267112047889e-01 6.2276976940386756e-04
-1.3123987536860141e-01 6.2282169338128215e-04
-1.3061702781566029e-01 6.2287337152772365e-04
-1.2999412870749674e-01 6.2292480382278130e-04
-1.2937117828997227e-01 6.2297599024617423e-04
-1.2874817680896866e-01 6.2302693077770030e-04
-1.2812512451038782e-01 6.2307762539724309e-04
-1.2750202164015181e-01 6.2312807408479453e-04
-1.2687886844420254e-01 6.2317827682043848e-04
-1.2625566516850181e-01 6.2322823358437339e-04
-1.2563241205903125e-01 6.2327794435686949e-04
-1.2500910936179208e-01 6.2332740911830761e-04
-1.2438575732280513e-01 6.2337662784917014e-04
-1.2376235618811073e-01 6.2342560053001985e-04
-1.2313890620376854e-01 6.2347432714152985e-04
-1.2251540761585751e-01 6.2352280766447604e-04
-1.2189186067047580e-01 6.2357104207971098e-04
-1.2126826561374066e-01 6.2361903036820161e-04
-1.2064462269178829e-01 6.2366677251100931e-04
-1.2002093215077381e-01 6.2371426848928510e-04
-1.1939719423687113e-01 6.2376151828428422e-04
-1.1877340919627287e-01 6.2380852187735719e-04
-1.1814957727519022e-01 6.2385527924995387e-04
-1.1752569871985291e-01 6.2390179038362113e-04
-1.1690177377650907e-01 6.2394805525999139e-04
-1.1627780269142511e-01 6.2399407386080539e-04
-1.1565378571088568e-01 6.2403984616790772e-04
-1.1502972308119355e-01 6.2408537216322149e-04
-1.1440561504866947e-01 6.2413065182878602e-04
-1.1378146185965217e-01 6.2417568514672769e-04
-1.1315726376049816e-01 6.2422047209925832e-04
-1.1253302099758167e-01 6.2426501266872299e-04
-1.1190873381729459e-01 6.2430930683752368e-04
-1.1128440246604632e-01 6.2435335458818728e-04
-1.1066002719026372e-01 6.2439715590331755e-04
-1.1003560823639094e-01 6.2444071076563459e-04
-1.0941114585088942e-01 6.2448401915795432e-04
-1.0878664028023773e-01 6.2452708106316122e-04
-1.0816209177093145e-01 6.2456989646427808e-04
-1.0753750056948315e-01 6.2461246534439732e-04
-1.0691286692242224e-01 6.2465478768671391e-04
-1.0628819107629489e-01 6.2469686347451910e-04
-1.0566347327766390e-01 6.2473869269121960e-04
-1.0503871377310864e-01 6.2478027532030520e-04
-1.0441391280922496e-01 6.2482161134534827e-04
-1.0378907063262505e-01 6.2486270075004101e-04
-1.0316418748993739e-01 6.2490354351816570e-04
-1.0253926362780660e-01 6.2494413963360416e-04
-1.0191429929289342e-01 6.2498448908032461e-04
-1.0128929473187449e-01 6.2502459184240675e-04
-1.0066425019144240e-01 6.2506444790402522e-04
-1.0003916591830550e-01 6.2510405724943373e-04
-9.9414042159187782e-02 6.2514341986302639e-04
-9.8788879160828888e-02 6.2518253572923989e-04
-9.8163677169983893e-02 6.2522140483264378e-04
-9.7538436433423303e-02 6.2526002715790384e-04
-9.6913157197932892e-02 6.2529840268975517e-04
-9.6287839710313627e-02 6.2533653141307293e-04
-9.5662484217381591e-02 6.2537441331279571e-04
-9.5037090965967866e-02 6.2541204837397724e-04
-9.4411660202918427e-02 6.2544943658175841e-04
-9.3786192175094055e-02 6.2548657792137804e-04
-9.3160687129370257e-02 6.2552347237818801e-04
-9.2535145312637124e-02 6.2556011993761913e-04
-9.1909566971799292e-02 6.2559652058520284e-04
-9.1283952353775774e-02 6.2563267430658463e-04
-9.0658301705499933e-02 6.2566858108747036e-04
-9.0032615273919356e-02 6.2570424091372022e-04
-8.9406893305995730e-02 6.2573965377123251e-04
-8.8781136048704787e-02 6.2577481964603806e-04
-8.8155343749036177e-02 6.2580973852425234e-04
-8.7529516653993403e-02 6.2584441039209831e-04
-8.6903655010593647e-02 6.2587883523589451e-04
-8.6277759065867807e-02 6.2591301304204831e-04
-8.5651829066860252e-02 6.2594694379706757e-04
-8.5025865260628830e-02 6.2598062748756239e-04
-8.4399867894244723e-02 6.2601406410023894e-04
-8.3773837214792354e-02 6.2604725362190008e-04
-8.3147773469369288e-02 6.2608019603943967e-04
-8.2521676905086175e-02 6.2611289133985800e-04
-8.1895547769066573e-02 6.2614533951025307e-04
-8.1269386308446934e-02 6.2617754053781536e-04
-8.0643192770376459e-02 6.2620949440982327e-04
-8.0016967402016984e-02 6.2624120111369301e-04
-7.9390710450542940e-02 6.2627266063689316e-04
-7.8764422163141223e-02 6.2630387296699322e-04
-7.8138102787011082e-02 6.2633483809169845e-04
-7.7511752569364031e-02 6.2636555599876725e-04
-7.6885371757423784e-02 6.2639602667608092e-04
-7.6258960598426115e-02 6.2642625011162154e-04
-7.5632519339618773e-02 6.2645622629344650e-04
-7.5006048228261388e-02 6.2648595520973615e-04
-7.4379547511625385e-02 6.2651543684874795e-04
-7.3753017436993862e-02 6.2654467119884383e-04
-7.3126458251661502e-02 6.2657365824848931e-04
-7.2499870202934497e-02 6.2660239798624214e-04
-7.1873253538130413e-02 6.2663089040076406e-04
-7.1246608504578118e-02 6.2665913548080193e-04
-7.0619935349617677e-02 6.2668713321520310e-04
-6.9993234320600242e-02 6.2671488359293168e-04
-6.9366505664888001e-02 6.2674238660302261e-04
-6.8739749629854019e-02 6.2676964223461933e-04
-6.8112966462882174e-02 6.2679665047697089e-04
-6.7486156411367029e-02 6.2682341131941417e-04
-6.6859319722713820e-02 6.2684992475138806e-04
-6.6232456644338231e-02 6.2687619076242111e-04
-6.5605567423666397e-02 6.2690220934215736e-04
-6.4978652308134766e-02 6.2692798048030935e-04
-6.4351711545190010e-02 6.2695350416672071e-04
-6.3724745382288922e-02 6.2697878039132203e-04
-6.3097754066898298e-02 6.2700380914411586e-04
-6.2470737846494907e-02 6.2702859041523305e-04
-6.1843696968565308e-02 6.2705312419490027e-04
-6.1216631680605808e-02 6.2707741047342606e-04
-6.0589542230122348e-02 6.2710144924122747e-04
-5.9962428864630421e-02 6.2712524048881384e-04
-5.9335291831654924e-02 6.2714878420678621e-04
-5.8708131378730127e-02 6.2717208038587239e-04
-5.8080947753399531e-02 6.2719512901686294e-04
-5.7453741203215787e-02 6.2721793009065966e-04
-5.6826511975740596e-02 6.2724048359827356e-04
-5.6199260318544601e-02 6.2726278953079118e-04
-5.5571986479207303e-02 6.2728484787940967e-04
-5.4944690705316969e-02 6.2730665863542560e-04
-5.4317373244470508e-02 6.2732822179023128e-04
-5.3690034344273392e-02 6.2734953733531733e-04
-5.3062674252339570e-02 6.2737060526227469e-04
-5.2435293216291326e-02 6.2739142556276660e-04
-5.1807891483759243e-02 6.2741199822859410e-04
-5.1180469302382056e-02 6.2743232325163188e-04
-5.0553026919806572e-02 6.2745240062386169e-04
-4.9925564583687569e-02 6.2747223033734806e-04
-4.9298082541687716e-02 6.2749181238427507e-04
-4.8670581041477437e-02 6.2751114675691161e-04
-4.8043060330734855e-02 6.2753023344762435e-04
-4.7415520657145674e-02 6.2754907244886942e-04
-4.6787962268403066e-02 6.2756766375323065e-04
-4.6160385412207613e-02 6.2758600735335704e-04
-4.5532790336267170e-02 6.2760410324201588e-04
-4.4905177288296787e-02 6.2762195141205458e-04
-4.4277546516018604e-02 6.2763955185643234e-04
-4.3649898267161778e-02 6.2765690456820461e-04
-4.3022232789462329e-02 6.2767400954052510e-04
-4.2394550330663111e-02 6.2769086676663761e-04
-4.1766851138513660e-02 6.2770747623989499e-04
-4.1139135460770117e-02 6.2772383795373175e-04
-4.0511403545195147e-02 6.2773995190169201e-04
-3.9883655639557800e-02 6.2775581807741616e-04
-3.9255891991633464e-02 6.2777143647464782e-04
-3.8628112849203713e-02 6.2778680708721636e-04
-3.8000318460056255e-02 6.2780192990905426e-04
-3.7372509071984819e-02 6.2781680493419981e-04
-3.6744684932789033e-02 6.2783143215677524e-04
-3.6116846290274375e-02 6.2784581157100162e-04
-3.5488993392252019e-02 6.2785994317121922e-04
-3.4861126486538795e-02 6.2787382695183430e-04
-3.4233245820957034e-02 6.2788746290737122e-04
-3.3605351643334516e-02 6.2790085103246100e-04
-3.2977444201504350e-02 6.2791399132180092e-04
-3.2349523743304881e-02 6.2792688377021327e-04
-3.1721590516579586e-02 6.2793952837260543e-04
-3.1093644769176990e-02 6.2795192512399300e-04
-3.0465686748950553e-02 6.2796407401947800e-04
-2.9837716703758586e-02 6.2797597505427475e-04
-2.9209734881464142e-02 6.2798762822365679e-04
-2.8581741529934920e-02 6.2799903352305918e-04
-2.7953736897043176e-02 6.2801019094796515e-04
-2.7325721230665612e-02 6.2802110049397402e-04
-2.6697694778683292e-02 6.2803176215677316e-04
-2.6069657788981532e-02 6.2804217593215761e-04
-2.5441610509449812e-02 6.2805234181601791e-04
-2.4813553187981667e-02 6.2806225980434230e-04
-2.4185486072474598e-02 6.2807192989322027e-04
-2.3557409410829976e-02 6.2808135207882460e-04
-2.2929323450952933e-02 6.2809052635744622e-04
-2.2301228440752278e-02 6.2809945272545111e-04
-2.1673124628140389e-02 6.2810813117933817e-04
-2.1045012261033121e-02 6.2811656171566027e-04
-2.0416891587349696e-02 6.2812474433109522e-04
-1.9788762855012621e-02 6.2813267902241772e-04
-1.9160626311947593e-02 6.2814036578650060e-04
-1.8532482206083379e-02 6.2814780462029087e-04
-1.7904330785351731e-02 6.2815499552087430e-04
-1.7276172297687298e-02 6.2816193848540334e-04
-1.6648006991027510e-02 6.2816863351113290e-04
-1.6019835113312491e-02 6.2817508059543009e-04
-1.5391656912484963e-02 6.2818127973574760e-04
-1.4763472636490135e-02 6.2818723092962828e-04
-1.4135282533275621e-02 6.2819293417473428e-04
-1.3507086850791331e-02 6.2819838946880687e-04
-1.2878885836989384e-02 6.2820359680970065e-04
-1.2250679739823991e-02 6.2820855619536190e-04
-1.1622468807251381e-02 6.2821326762382260e-04
-1.0994253287229685e-02 6.2821773109322896e-04
-1.0366033427718848e-02 6.2822194660182100e-04
-9.7378094766805284e-03 6.2822591414792874e-04
-9.1095816820779933e-03 6.2822963372999416e-04
-8.4813502918760341e-03 6.2823310534654406e-04
-7.8531155540408591e-03 6.2823632899620583e-04
-7.2248777165399968e-03 6.2823930467771150e-04
-6.5966370273422004e-03 6.2824203238988395e-04
-5.9683937344173479e-03 6.2824451213165243e-04
-5.3401480857363445e-03 6.2824674390203313e-04
-4.7119003292710251e-03 6.2824872770014773e-04
-4.0836507129940599e-03 6.2825046352520922e-04
-3.4553994848788494e-03 6.2825195137652782e-04
-2.8271468928994319e-03 6.2825319125352956e-04
-2.1988931850303829e-03 6.2825418315571452e-04
-1.5706386092467200e-03 6.2825492708269812e-04
-9.4238341352380285e-04 6.2825542303418665e-04
-3.1412784583723471e-04 6.2825567100997879e-04
3.1412784583723471e-04 6.2825567100997879e-04
9.4238341352380285e-04 6.2825542303418665e-04
1.5706386092467200e-03 6.2825492708269812e-04
2.1988931850303829e-03 6.2825418315571452e-04
2.8271468928994319e-03 6.2825319125352956e-04
3.4553994848788494e-03 6.2825195137652782e-04
4.0836507129940599e-03 6.2825046352520922e-04
4.7119003292710251e-03 6.2824872770014773e-04
5.3401480857363445e-03 6.2824674390203313e-04
5.9683937344173479e-03 6.2824451213165243e-04
6.5966370273422004e-03 6.2824203238988395e-04
7.2248777165399968e-03 6.2823930467771150e-04
7.8531155540408591e-03 6.2823632899620583e-04
8.4813502918760341e-03 6.2823310534654406e-04
9.1095816820779933e-03 6.2822963372999416e-04
9.7378094766805284e-03 6.2822591414792874e-04
1.0366033427718848e-02 6.2822194660182100e-04
1.0994253287229685e-02 6.2821773109322896e-04
1.1622468807251381e-02 6.2821326762382260e-04
1.2250679739823991e-02 6.2820855619536190e-04
1.2878885836989384e-02 6.2820359680970065e-04
1.3507086850791331e-02 6.2819838946880687e-04
1.4135282533275621e-02 6.2819293417473428e-04
1.4763472636490135e-02 6.2818723092962828e-04
1.5391656912484963e-02 6.2818127973574760e-04
1.6019835113312491e-02 6.2817508059543009e-04
1.6648006991027510e-02 6.2816863351113290e-04
1.7276172297687298e-02 6.2816193848540334e-04
1.7904330785351731e-02 6.2815499552087430e-04
1.8532482206083379e-02 6.2814780462029087e-04
1.9160626311947593e-02 6.2814036578650060e-04
1.9788762855012621e-02 6.2813267902241772e-04
2.0416891587349696e-02 6.2812474433109522e-04
2.1045012261033121e-02 6.2811656171566027e-04
2.1673124628140389e-02 6.2810813117933817e-04
2.2301228440752278e-02 6.2809945272545111e-04
2.2929323450952933e-02 6.2809052635744622e-04
2.3557409410829976e-02 6.2808135207882460e-04
2.4185486072474598e-02 6.2807192989322027e-04
2.4813553187981667e-02 6.2806225980434230e-04
2.5441610509449812e-02 6.2805234181601791e-04
2.6069657788981532e-02 6.2804217593215761e-04
2.6697694778683292e-02 6.2803176215677316e-04
2.7325721230665612e-02 6.2802110049397402e-04
2.7953736897043176e-02 6.2801019094796515e-04
2.8581741529934920e-02 6.2799903352305918e-04
2.9209734881464142e-02 6.2798762822365679e-04
2.9837716703758586e-02 6.2797597505427475e-04
3.0465686748950553e-02 6.2796407401947800e-04
3.1093644769176990e-02 6.2795192512399300e-04
3.1721590516579586e-02 6.2793952837260543e-04
3.2349523743304881e-02 6.2792688377021327e-04
3.2977444201504350e-02 6.2791399132180092e-04
3.3605351643334516e-02 6.2790085103246100e-04
3.4233245820957034e-02 6.2788746290737122e-04
3.4861126486538795e-02 6.2787382695183430e-04
3.5488993392252019e-02 6.2785994317121922e-04
3.6116846290274375e-02 6.2784581157100162e-04
3.6744684932789033e-02 6.2783143215677524e-04
3.7372509071984819e-02 6.2781680493419981e-04
3.8000318460056255e-02 6.2780192990905426e-04
3.8628112849203713e-02 6.2778680708721636e-04
3.9255891991633464e-02 6.2777143647464782e-04
3.9883655639557800e-02 6.2775581807741616e-04
4.0511403545195147e-02 6.2773995190169201e-04
4.1139135460770117e-02 6.2772383795373175e-04
4.1766851138513660e-02 6.2770747623989499e-04
4.2394550330663111e-02 6.2769086676663761e-04
4.3022232789462329e-02 6.2767400954052510e-04
4.3649898267161778e-02 6.2765690456820461e-04
4.4277546516018604e-02 6.2763955185643234e-04
4.4905177288296787e-02 6.2762195141205458e-04
4.5532790336267170e-02 6.2760410324201588e-04
4.6160385412207613e-02 6.2758600735335704e-04
4.6787962268403066e-02 6.2756766375323065e-04
4.7415520657145674e-02 6.2754907244886942e-04
4.8043060330734855e-02 6.2753023344762435e-04
4.8670581041477437e-02 6.2751114675691161e-04
4.9298082541687716e-02 6.2749181238427507e-04
4.9925564583687569e-02 6.2747223033734806e-04
5.0553026919806572e-02 6.2745240062386169e-04
5.1180469302382056e-02 6.2743232325163188e-04
5.1807891483759243e-02 6.2741199822859410e-04
5.2435293216291326e-02 6.2739142556276660e-04
5.3062674252339570e-02 6.2737060526227469e-04
5.3690034344273392e-02 6.2734953733531733e-04
5.4317373244470508e-02 6.2732822179023128e-04
5.4944690705316969e-02 6.2730665863542560e-04
5.5571986479207303e-02 6.2728484787940967e-04
5.6199260318544601e-02 6.2726278953079118e-04
5.6826511975740596e-02 6.2724048359827356e-04
5.7453741203215787e-02 6.2721793009065966e-04
5.8080947753399531e-02 6.2719512901686294e-04
5.8708131378730127e-02 6.2717208038587239e-04
5.9335291831654924e-02 6.2714878420678621e-04
5.9962428864630421e-02 6.2712524048881384e-04
6.0589542230122348e-02 6.2710144924122747e-04
6.1216631680605808e-02 6.2707741047342606e-04
6.1843696968565308e-02 6.2705312419490027e-04
6.2470737846494907e-02 6.2702859041523305e-04
6.3097754066898298e-02 6.2700380914411586e-04
6.3724745382288922e-02 6.2697878039132203e-04
6.4351711545190010e-02 6.2695350416672071e-04
6.4978652308134766e-02 6.2692798048030935e-04
6.5605567423666397e-02 6.2690220934215736e-04
6.6232456644338231e-02 6.2687619076242111e-04
6.6859319722713820e-02 6.2684992475138806e-04
6.7486156411367029e-02 6.2682341131941417e-04
6.8112966462882174e-02 6.2679665047697089e-04
6.8739749629854019e-02 6.2676964223461933e-04
6.9366505664888001e-02 6.2674238660302261e-04
6.9993234320600242e-02 6.2671488359293168e-04
7.0619935349617677e-02 6.2668713321520310e-04
7.1246608504578118e-02 6.2665913548080193e-04
7.1873253538130413e-02 6.2663089040076406e-04
7.2499870202934497e-02 6.2660239798624214e-04
7.3126458251661502e-02 6.2657365824848931e-04
7.3753017436993862e-02 6.2654467119884383e-04
7.4379547511625385e-02 6.2651543684874795e-04
7.5006048228261388e-02 6.2648595520973615e-04
7.5632519339618773e-02 6.2645622629344650e-04
7.6258960598426115e-02 6.2642625011162154e-04
7.6885371757423784e-02 6.2639602667608092e-04
7.7511752569364031e-02 6.2636555599876725e-04
7.8138102787011082e-02 6.2633483809169845e-04
7.8764422163141223e-02 6.2630387296699322e-04
7.9390710450542940e-02 6.2627266063689316e-04
8.0016967402016984e-02 6.2624120111369301e-04
8.0643192770376459e-02 6.2620949440982327e-04
8.1269386308446934e-02 6.2617754053781536e-04
8.1895547769066573e-02 6.2614533951025307e-04
8.2521676905086175e-02 6.2611289133985800e-04
8.3147773469369288e-02 6.2608019603943967e-04
8.3773837214792354e-02 6.2604725362190008e-04
8.4399867894244723e-02 6.2601406410023894e-04
8.5025865260628830e-02 6.2598062748756239e-04
8.5651829066860252e-02 6.2594694379706757e-04
8.6277759065867807e-02 6.2591301304204831e-04
8.6903655010593647e-02 6.2587883523589451e-04
8.7529516653993403e-02 6.2584441039209831e-04
8.8155343749036177e-02 6.2580973852425234e-04
8.8781136048704787e-02 6.2577481964603806e-04
8.9406893305995730e-02 6.2573965377123251e-04
9.0032615273919356e-02 6.2570424091372022e-04
9.0658301705499933e-02 6.2566858108747036e-04
9.1283952353775774e-02 6.2563267430658463e-04
9.1909566971799292e-02 6.2559652058520284e-04
9.2535145312637124e-02 6.2556011993761913e-04
9.3160687129370257e-02 6.2552347237818801e-04
9.3786192175094055e-02 6.2548657792137804e-04
9.4411660202918427e-02 6.2544943658175841e-04
9.5037090965967866e-02 6.2541204837397724e-04
9.5662484217381591e-02 6.2537441331279571e-04
9.6287839710313627e-02 6.2533653141307293e-04
9.6913157197932892e-02 6.2529840268975517e-04
9.7538436433423303e-02 6.2526002715790384e-04
9.8163677169983893e-02 6.2522140483264378e-04
9.8788879160828888e-02 6.2518253572923989e-04
9.9414042159187782e-02 6.2514341986302639e-04
1.0003916591830550e-01 6.2510405724943373e-04
1.0066425019144240e-01 6.2506444790402522e-04
1.0128929473187449e-01 6.2502459184240675e-04
1.0191429929289342e-01 6.2498448908032461e-04
1.0253926362780660e-01 6.2494413963360416e-04
1.0316418748993739e-01 6.2490354351816570e-04
1.0378907063262505e-01 6.2486270075004101e-04
1.0441391280922496e-01 6.2482161134534827e-04
1.0503871377310864e-01 6.2478027532030520e-04
1.0566347327766390e-01 6.2473869269121960e-04
1.0628819107629489e-01 6.2469686347451910e-04
1.0691286692242224e-01 6.2465478768671391e-04
1.0753750056948315e-01 6.2461246534439732e-04
1.0816209177093145e-01 6.2456989646427808e-04
1.0878664028023773e-01 6.2452708106316122e-04
1.0941114585088942e-01 6.2448401915795432e-04
1.1003560823639094e-01 6.2444071076563459e-04
1.1066002719026372e-01 6.2439715590331755e-04
1.1128440246604632e-01 6.2435335458818728e-04
1.1190873381729459e-01 6.2430930683752368e-04
1.1253302099758167e-01 6.2426501266872299e-04
1.1315726376049816e-01 6.2422047209925832e-04
1.1378146185965217e-01 6.2417568514672769e-04
1.1440561504866947e-01 6.2413065182878602e-04
1.1502972308119355e-01 6.2408537216322149e-04
1.1565378571088568e-01 6.2403984616790772e-04
1.1627780269142511e-01 6.2399407386080539e-04
1.1690177377650907e-01 6.2394805525999139e-04
1.1752569871985291e-01 6.2390179038362113e-04
1.1814957727519022e-01 6.2385527924995387e-04
1.1877340919627287e-01 6.2380852187735719e-04
1.1939719423687113e-01 6.2376151828428422e-04
1.2002093215077381e-01 6.2371426848928510e-04
1.2064462269178829e-01 6.2366677251100931e-04
1.2126826561374066e-01 6.2361903036820161e-04
1.2189186067047580e-01 6.2357104207971098e-04
1.2251540761585751e-01 6.2352280766447604e-04
1.2313890620376854e-01 6.2347432714152985e-04
1.2376235618811073e-01 6.2342560053001985e-04
1.2438575732280513e-01 6.2337662784917014e-04
1.2500910936179208e-01 6.2332740911830761e-04
1.2563241205903125e-01 6.2327794435686949e-04
1.2625566516850181e-01 6.2322823358437339e-04
1.2687886844420254e-01 6.2317827682043848e-04
1.2750202164015181e-01 6.2312807408479453e-04
1.2812512451038782e-01 6.2307762539724309e-04
1.2874817680896866e-01 6.2302693077770030e-04
1.2937117828997227e-01 6.2297599024617423e-04
1.2999412870749674e-01 6.2292480382278130e-04
1.3061702781566029e-01 6.2287337152772365e-04
1.3123987536860141e-01 6.2282169338128215e-04
1.3186267112047889e-01 6.2276976940386756e-04
1.3248541482547199e-01 6.2271759961599472e-04
1.3310810623778058e-01 6.2266518403821262e-04
1.3373074511162505e-01 6.2261252269124340e-04
1.3435333120124660e-01 6.2255961559586298e-04
1.3497586426090727e-01 6.2250646277295471e-04
1.3559834404489002e-01 6.2245306424348729e-04
1.3622077030749880e-01 6.2239942002856069e-04
1.3684314280305870e-01 6.2234553014933497e-04
1.3746546128591611e-01 6.2229139462708076e-04
1.3808772551043866e-01 6.2223701348315110e-04
1.3870993523101538e-01 6.2218238673903694e-04
1.3933209020205686e-01 6.2212751441628863e-04
1.3995419017799532e-01 6.2207239653655445e-04
1.4057623491328461e-01 6.2201703312160506e-04
1.4119822416240044e-01 6.2196142419329592e-04
1.4182015767984041e-01 6.2190556977356347e-04
1.4244203522012411e-01 6.2184946988446050e-04
1.4306385653779324e-01 6.2179312454811730e-04
1.4368562138741170e-01 6.2173653378678562e-04
1.4430732952356562e-01 6.2167969762279805e-04
1.4492898070086357e-01 6.2162261607859488e-04
1.4555057467393659e-01 6.2156528917670290e-04
1.4617211119743831e-01 6.2150771693973413e-04
1.4679359002604497e-01 6.2144989939044498e-04
1.4741501091445569e-01 6.2139183655162485e-04
1.4803637361739239e-01 6.2133352844621328e-04
1.4865767788959994e-01 6.2127497509721326e-04
1.4927892348584632e-01 6.2121617652773444e-04
1.4990011016092267e-01 6.2115713276099285e-04
1.5052123766964334e-01 6.2109784382028755e-04
1.5114230576684606e-01 6.2103830972903124e-04
1.5176331420739206e-01 6.2097853051069397e-04
1.5238426274616601e-01 6.2091850618889747e-04
1.5300515113807628e-01 6.2085823678734891e-04
1.5362597913805504e-01 6.2079772232978905e-04
1.5424674650105819e-01 6.2073696284013302e-04
1.5486745298206561e-01 6.2067595834237269e-04
1.5548809833608124e-01 6.2061470886056488e-04
1.5610868231813313e-01 6.2055321441888101e-04
1.5672920468327350e-01 6.2049147504161231e-04
1.5734966518657897e-01 6.2042949075312068e-04
1.5797006358315052e-01 6.2036726157787625e-04
1.5859039962811367e-01 6.2030478754044216e-04
1.5921067307661857e-01 6.2024206866545940e-04
1.5983088368384002e-01 6.2017910497770491e-04
1.6045103120497767e-01 6.2011589650201951e-04
1.6107111539525606e-01 6.2005244326335165e-04
1.6169113600992474e-01 6.1998874528674782e-04
1.6231109280425832e-01 6.1992480259734459e-04
1.6293098553355662e-01 6.1986061522039076e-04
1.6355081395314472e-01 6.1979618318122468e-04
1.6417057781837316e-01 6.1973150650526470e-04
1.6479027688461786e-01 6.1966658521805040e-04
1.6540991090728038e-01 6.1960141934520830e-04
1.6602947964178799e-01 6.1953600891243943e-04
1.6664898284359358e-01 6.1947035394558552e-04
1.6726842026817609e-01 6.1940445447053883e-04
1.6788779167104029e-01 6.1933831051333064e-04
1.6850709680771708e-01 6.1927192210005561e-04
1.6912633543376346e-01 6.1920528925692630e-04
1.6974550730476276e-01 6.1913841201022681e-04
1.7036461217632456e-01 6.1907129038636882e-04
1.7098364980408495e-01 6.1900392441185839e-04
1.7160261994370657e-01 6.1893631411325662e-04
1.7222152235087868e-01 6.1886845951725797e-04
1.7284035678131723e-01 6.1880036065065937e-04
1.7345912299076507e-01 6.1873201754032280e-04
1.7407782073499198e-01 6.1866343021321161e-04
1.7469644976979465e-01 6.1859459869645025e-04
1.7531500985099704e-01 6.1852552301715474e-04
1.7593350073445022e-01 6.1845620320261584e-04
1.7655192217603266e-01 6.1838663928017476e-04
1.7717027393165014e-01 6.1831683127730366e-04
1.7778855575723598e-01 6.1824677922156838e-04
1.7840676740875119e-01 6.1817648314058593e-04
1.7902490864218434e-01 6.1810594306212793e-04
1.7964297921355191e-01 6.1803515901402250e-04
1.8026097887889819e-01 6.1796413102421994e-04
1.8087890739429549e-01 6.1789285912074209e-04
1.8149676451584418e-01 6.1782134333174927e-04
1.8211454999967289e-01 6.1774958368542357e-04
1.8273226360193839e-01 6.1767758021013554e-04
1.8334990507882598e-01 6.1760533293426004e-04
1.8396747418654927e-01 6.1753284188635822e-04
1.8458497068135055e-01 6.1746010709501896e-04
1.8520239431950072e-01 6.1738712858895118e-04
1.8581974485729949e-01 6.1731390639694576e-04
1.8643702205107532e-01 6.1724044054792889e-04
1.8705422565718569e-01 6.1716673107090904e-04
1.8767135543201716e-01 6.1709277799493699e-04
1.8828841113198533e-01 6.1701858134923686e-04
1.8890539251353514e-01 6.1694414116307582e-04
1.8952229933314080e-01 6.1686945746585006e-04
1.9013913134730598e-01 6.1679453028702722e-04
1.9075588831256385e-01 6.1671935965618824e-04
1.9137256998547725e-01 6.1664394560297586e-04
1.9198917612263866e-01 6.1656828815720422e-04
1.9260570648067044e-01 6.1649238734871490e-04
1.9322216081622484e-01 6.1641624320745109e-04
1.9383853888598412e-01 6.1633985576349168e-04
1.9445484044666064e-01 6.1626322504697414e-04
1.9507106525499698e-01 6.1618635108813275e-04
1.9568721306776596e-01 6.1610923391732300e-04
1.9630328364177083e-01 6.1603187356499081e-04
1.9691927673384529e-01 6.1595427006168042e-04
1.9753519210085371e-01 6.1587642343799160e-04
1.9815102949969107e-01 6.1579833372465531e-04
1.9876678868728312e-01 6.1572000095250743e-04
1.9938246942058649e-01 6.1564142515246369e-04
1.9999807145658877e-01 6.1556260635555805e-04
2.0061359455230868e-01 6.1548354459284001e-04
2.0122903846479598e-01 6.1540423989557807e-04
2.0184440295113176e-01 6.1532469229505537e-04
2.0245968776842846e-01 6.1524490182266660e-04
2.0307489267382997e-01 6.1516486850988962e-04
2.0369001742451168e-01 6.1508459238833685e-04
2.0430506177768062e-01 6.1500407348970005e-04
2.0492002549057564e-01 6.1492331184571176e-04
2.0553490832046728e-01 6.1484230748831128e-04
2.0614971002465812e-01 6.1476106044944018e-04
2.0676443036048273e-01 6.1467957076115755e-04
2.0737906908530773e-01 6.1459783845565683e-04
2.0799362595653206e-01 6.1451586356518165e-04
2.0860810073158689e-01 6.1443364612208439e-04
2.0922249316793584e-01 6.1435118615881901e-04
2.0983680302307500e-01 6.1426848370793726e-04
2.1045103005453308e-01 6.1418553880206628e-04
2.1106517401987143e-01 6.1410235147397064e-04
2.1167923467668423e-01 6.1401892175648399e-04
2.1229321178259858e-01 6.1393524968250571e-04
2.1290710509527447e-01 6.1385133528508171e-04
2.1352091437240500e-01 6.1376717859733579e-04
2.1413463937171645e-01 6.1368277965249821e-04
2.1474827985096839e-01 6.1359813848384573e-04
2.1536183556795371e-01 6.1351325512481352e-04
2.1597530628049874e-01 6.1342812960889779e-04
2.1658869174646342e-01 6.1334276196969915e-04
2.1720199172374130e-01 6.1325715224090302e-04
2.1781520597025966e-01 6.1317130045631600e-04
2.1842833424397964e-01 6.1308520664981800e-04
2.1904137630289633e-01 6.1299887085539400e-04
2.1965433190503883e-01 6.1291229310710452e-04
2.2026720080847034e-01 6.1282547343914715e-04
2.2087998277128834e-01 6.1273841188576783e-04
2.2149267755162455e-01 6.1265110848135148e-04
2.2210528490764520e-01 6.1256356326033518e-04
2.2271780459755089e-01 6.1247577625729197e-04
2.2333023637957697e-01 6.1238774750686027e-04
2.2394258001199341e-01 6.1229947704378443e-04
2.2455483525310496e-01 6.1221096490291578e-04
2.2516700186125130e-01 6.1212221111918983e-04
2.2577907959480709e-01 6.1203321572761936e-04
2.2639106821218200e-01 6.1194397876334337e-04
2.2700296747182097e-01 6.1185450026159929e-04
2.2761477713220415e-01 6.1176478025769298e-04
2.2822649695184710e-01 6.1167481878702590e-04
2.2883812668930081e-01 6.1158461588511751e-04
2.2944966610315182e-01 6.1149417158757799e-04
2.3006111495202233e-01 6.1140348593008507e-04
2.3067247299457030e-01 6.1131255894844951e-04
2.3128373998948951e-01 6.1122139067856676e-04
2.3189491569550968e-01 6.1112998115640186e-04
2.3250599987139661e-01 6.1103833041804248e-04
2.3311699227595215e-01 6.1094643849966476e-04
2.3372789266801439e-01 6.1085430543756270e-04
2.3433870080645780e-01 6.1076193126806259e-04
2.3494941645019321e-01 6.1066931602764447e-04
2.3556003935816799e-01 6.1057645975283817e-04
2.3617056928936603e-01 6.1048336248035301e-04
2.3678100600280805e-01 6.1039002424686465e-04
2.3739134925755143e-01 6.1029644508928083e-04
2.3800159881269056e-01 6.1020262504448374e-04
2.3861175442735671e-01 6.1010856414953323e-04
2.3922181586071831e-01 6.1001426244154558e-04
2.3983178287198090e-01 6.0991971995776105e-04
2.4044165522038735e-01 6.0982493673545615e-04
2.4105143266521784e-01 6.0972991281208031e-04
2.4166111496579001e-01 6.0963464822512534e-04
2.4227070188145911e-01 6.0953914301221013e-04
2.4288019317161802e-01 6.0944339721097395e-04
2.4348958859569728e-01 6.0934741085928907e-04
2.4409888791316539e-01 6.0925118399498689e-04
2.4470809088352874e-01 6.0915471665605610e-04
2.4531719726633169e-01 6.0905800888058333e-04
2.4592620682115679e-01 6.0896106070675179e-04
2.4653511930762481e-01 6.0886387217279152e-04
2.4714393448539482e-01 6.0876644331708709e-04
2.4775265211416425e-01 6.0866877417809482e-04
2.4836127195366911e-01 6.0857086479436861e-04
2.4896979376368397e-01 6.0847271520453143e-04
2.4957821730402208e-01 6.0837432544735295e-04
2.5018654233453552e-01 6.0827569556163045e-04
2.5079476861511518e-01 6.0817682558634764e-04
2.5140289590569104e-01 6.0807771556047323e-04
2.5201092396623204e-01 6.0797836552315635e-04
2.5261885255674632e-01 6.0787877551361726e-04
2.5322668143728133e-01 6.0777894557113832e-04
2.5383441036792381e-01 6.0767887573514928e-04
2.5444203910879998e-01 6.0757856604516018e-04
2.5504956742007567e-01 6.0747801654068175e-04
2.5565699506195616e-01 6.0737722726152946e-04
2.5626432179468672e-01 6.0727619824737372e-04
2.5687154737855222e-01 6.0717492953815818e-04
2.5747867157387766e-01 6.0707342117379264e-04
2.5808569414102783e-01 6.0697167319441470e-04
2.5869261484040784e-01 6.0686968564014113e-04
2.5929943343246292e-01 6.0676745855120528e-04
2.5990614967767856e-01 6.0666499196800928e-04
2.6051276333658069e-01 6.0656228593099096e-04
2.6111927416973579e-01 6.0645934048064666e-04
2.6172568193775081e-01 6.0635615565767203e-04
2.6233198640127348e-01 6.0625273150274178e-04
2.6293818732099228e-01 6.0614906805666908e-04
2.6354428445763645e-01 6.0604516536045313e-04
2.6415027757197640e-01 6.0594102345499915e-04
2.6475616642482347e-01 6.0583664238146443e-04
2.6536195077703006e-01 6.0573202218105668e-04
2.6596763038949006e-01 6.0562716289503705e-04
2.6657320502313847e-01 6.0552206456485947e-04
2.6717867443895188e-01 6.0541672723193418e-04
2.6778403839794834e-01 6.0531115093786657e-04
2.6838929666118749e-01 6.0520533572436047e-04
2.6899444898977082e-01 6.0509928163311960e-04
2.6959949514484149e-01 6.0499298870603073e-04
2.7020443488758461e-01 6.0488645698508422e-04
2.7080926797922739e-01 6.0477968651225411e-04
2.7141399418103895e-01 6.0467267732975608e-04
2.7201861325433074e-01 6.0456542947981179e-04
2.7262312496045654e-01 6.0445794300467552e-04
2.7322752906081227e-01 6.0435021794691217e-04
2.7383182531683659e-01 6.0424225434893022e-04
2.7443601349001062e-01 6.0413405225334096e-04
2.7504009334185803e-01 6.0402561170295977e-04
2.7564406463394547e-01 6.0391693274046844e-04
2.7624792712788226e-01 6.0380801540881946e-04
2.7685168058532073e-01 6.0369885975101220e-04
2.7745532476795626e-01 6.0358946581008156e-04
2.7805885943752728e-01 6.0347983362928038e-04
2.7866228435581558e-01 6.0336996325182181e-04
2.7926559928464617e-01 6.0325985472108328e-04
2.7986880398588748e-01 6.0314950808054062e-04
2.8047189822145152e-01 6.0303892337371611e-04
2.8107488175329376e-01 6.0292810064432390e-04
2.8167775434341352e-01 6.0281703993604217e-04
2.8228051575385382e-01 6.0270574129272039e-04
2.8288316574670164e-01 6.0259420475830539e-04
2.8348570408408780e-01 6.0248243037681979e-04
2.8408813052818732e-01 6.0237041819235994e-04
2.8469044484121930e-01 6.0225816824918427e-04
2.8529264678544719e-01 6.0214568059154786e-04
2.8589473612317873e-01 6.0203295526385767e-04
2.8649671261676607e-01 6.0191999231064784e-04
2.8709857602860600e-01 6.0180679177645417e-04
2.8770032612113988e-01 6.0169335370597416e-04
2.8830196265685382e-01 6.0157967814398474e-04
2.8890348539827870e-01 6.0146576513534780e-04
2.8950489410799035e-01 6.0135161472507832e-04
2.9010618854860964e-01 6.0123722695817872e-04
2.9070736848280254e-01 6.0112260187980039e-04
2.9130843367328019e-01 6.0100773953517038e-04
2.9190938388279897e-01 6.0089263996967101e-04
2.9251021887416073e-01 6.0077730322870878e-04
2.9311093841021274e-01 6.0066172935783493e-04
2.9371154225384793e-01 6.0054591840260285e-04
2.9431203016800478e-01 6.0042987040877173e-04
2.9491240191566759e-01 6.0031358542212245e-04
2.9551265725986647e-01 6.0019706348859265e-04
2.9611279596367751e-01 6.0008030465415988e-04
2.9671281779022285e-01 5.9996330896490760e-04
2.9731272250267077e-01 5.9984607646697112e-04
2.9791250986423573e-01 5.9972860720664434e-04
2.9851217963817844e-01 5.9961090123038642e-04
2.9911173158780630e-01 5.9949295858447924e-04
2.9971116547647281e-01 5.9937477931566697e-04
3.0031048106757846e-01 5.9925636347043728e-04
3.0090967812457020e-01 5.9913771109559107e-04
3.0150875641094177e-01 5.9901882223801052e-04
3.0210771569023392e-01 5.9889969694453113e-04
3.0270655572603428e-01 5.9878033526222850e-04
3.0330527628197751e-01 5.9866073723823193e-04
3.0390387712174555e-01 5.9854090291969393e-04
3.0450235800906750e-01 5.9842083235394511e-04
3.0510071870771982e-01 5.9830052558836955e-04
3.0569895898152644e-01 5.9817998267045836e-04
3.0629707859435878e-01 5.9805920364778176e-04
3.0689507731013593e-01 5.9793818856801646e-04
3.0749295489282469e-01 5.9781693747889967e-04
3.0809071110643960e-01 5.9769545042835930e-04
3.0868834571504322e-01 5.9757372746427567e-04
3.0928585848274603e-01 5.9745176863472437e-04
3.0988324917370663e-01 5.9732957398783649e-04
3.1048051755213174e-01 5.9720714357190327e-04
3.1107766338227649e-01 5.9708447743516714e-04
3.1167468642844431e-01 5.9696157562604153e-04
3.1227158645498704e-01 5.9683843819308125e-04
3.1286836322630512e-01 5.9671506518488499e-04
3.1346501650684766e-01 5.9659145665017139e-04
3.1406154606111253e-01 5.9646761263765636e-04
3.1465795165364635e-01 5.9634353319628058e-04
3.1525423304904476e-01 5.9621921837499326e-04
3.1585039001195242e-01 5.9609466822282302e-04
3.1644642230706294e-01 5.9596988278904099e-04
3.1704232969911939e-01 5.9584486212278603e-04
3.1763811195291392e-01 5.9571960627349070e-04
3.1823376883328819e-01 5.9559411529058217e-04
3.1882930010513338e-01 5.9546838922351294e-04
3.1942470553339014e-01 5.9534242812197733e-04
3.2001998488304884e-01 5.9521623203568957e-04
3.2061513791914958e-01 5.9508980101447397e-04
3.2121016440678241e-01 5.9496313510820707e-04
3.2180506411108728e-01 5.9483623436684663e-04
3.2239983679725415e-01 5.9470909884052953e-04
3.2299448223052313e-01 5.9458172857941051e-04
3.2358900017618453e-01 5.9445412363382866e-04
3.2418339039957905e-01 5.9432628405409421e-04
3.2477765266609782e-01 5.9419820989064121e-04
3.2537178674118233e-01 5.9406990119407544e-04
3.2596579239032480e-01 5.9394135801502546e-04
3.2655966937906816e-01 5.9381258040417132e-04
3.2715341747300591e-01 5.9368356841248517e-04
3.2774703643778275e-01 5.9355432209073282e-04
3.2834052603909408e-01 5.9342484148998897e-04
3.2893388604268647e-01 5.9329512666139359e-04
3.2952711621435765e-01 5.9316517765610358e-04
3.3012021631995658e-01 5.9303499452539356e-04
3.3071318612538353e-01 5.9290457732070199e-04
3.3130602539659021e-01 5.9277392609349854e-04
3.3189873389957991e-01 5.9264304089531091e-04
3.3249131140040744e-01 5.9251192177784968e-04
3.3308375766517945e-01 5.9238056879278717e-04
3.3367607246005421e-01 5.9224898199208007e-04
3.3426825555124201e-01 5.9211716142762015e-04
3.3486030670500516e-01 5.9198510715137334e-04
3.3545222568765792e-01 5.9185281921551717e-04
3.3604401226556679e-01 5.9172029767227562e-04
3.3663566620515051e-01 5.9158754257394896e-04
3.3722718727288020e-01 5.9145455397292498e-04
3.3781857523527936e-01 5.9132133192174607e-04
3.3840982985892415e-01 5.9118787647290702e-04
3.3900095091044324e-01 5.9105418767914396e-04
3.3959193815651806e-01 5.9092026559322589e-04
3.4018279136388291e-01 5.9078611026795855e-04
3.4077351029932490e-01 5.9065172175634814e-04
3.4136409472968421e-01 5.9051710011138981e-04
3.4195454442185402e-01 5.9038224538631096e-04
3.4254485914278082e-01 5.9024715763427728e-04
3.4313503865946432e-01 5.9011183690857027e-04
3.4372508273895758e-01 5.8997628326262178e-04
3.4431499114836706e-01 5.8984049675000181e-04
3.4490476365485290e-01 5.8970447742422518e-04
3.4549440002562876e-01 5.8956822533905466e-04
3.4608390002796213e-01 5.8943174054820941e-04
3.4667326342917426e-01 5.8929502310559165e-04
3.4726248999664039e-01 5.8915807306510843e-04
3.4785157949778961e-01 5.8902089048094343e-04
3.4844053170010536e-01 5.8888347540707233e-04
3.4902934637112504e-01 5.8874582789784696e-04
3.4961802327844044e-01 5.8860794800758541e-04
3.5020656218969770e-01 5.8846983579071430e-04
3.5079496287259748e-01 5.8833149130170254e-04
3.5138322509489495e-01 5.8819291459519469e-04
3.5197134862439994e-01 5.8805410572584937e-04
3.5255933322897703e-01 5.8791506474845708e-04
3.5314717867654555e-01 5.8777579171801560e-04
3.5373488473507997e-01 5.8763628668931573e-04
3.5432245117260952e-01 5.8749654971756353e-04
3.5490987775721877e-01 5.8735658085779365e-04
3.5549716425704730e-01 5.8721638016534744e-04
3.5608431044029010e-01 5.8707594769553029e-04
3.5667131607519748e-01 5.8693528350378557e-04
3.5725818093007522e-01 5.8679438764564049e-04
3.5784490477328484e-01 5.8665326017664772e-04
3.5843148737324326e-01 5.8651190115255726e-04
3.5901792849842329e-01 5.8637031062916476e-04
3.5960422791735352e-01 5.8622848866238795e-04
3.6019038539861858e-01 5.8608643530814932e-04
3.6077640071085904e-01 5.8594415062253053e-04
3.6136227362277157e-01 5.8580163466169207e-04
3.6194800390310911e-01 5.8565888748187973e-04
3.6253359132068080e-01 5.8551590913947951e-04
3.6311903564435233e-01 5.8537269969083784e-04
3.6370433664304569e-01 5.8522925919256058e-04
3.6428949408573952e-01 5.8508558770125859e-04
3.6487450774146912e-01 5.8494168527365993e-04
3.6545937737932666e-01 5.8479755196643509e-04
3.6604410276846089e-01 5.8465318783663825e-04
3.6662868367807772e-01 5.8450859294116955e-04
3.6721311987744004e-01 5.8436376733705605e-04
3.6779741113586778e-01 5.8421871108155752e-04
3.6838155722273813e-01 5.8407342423191181e-04
3.6896555790748564e-01 5.8392790684539612e-04
3.6954941295960214e-01 5.8378215897950505e-04
3.7013312214863703e-01 5.8363618069172938e-04
3.7071668524419721e-01 5.8348997203973578e-04
3.7130010201594732e-01 5.8334353308116434e-04
3.7188337223360968e-01 5.8319686387388889e-04
3.7246649566696449e-01 5.8304996447577678e-04
3.7304947208584993e-01 5.8290283494477732e-04
3.7363230126016217e-01 5.8275547533895463e-04
3.7421498295985539e-01 5.8260788571658803e-04
3.7479751695494218e-01 5.8246006613583230e-04
3.7537990301549334e-01 5.8231201665498889e-04
3.7596214091163799e-01 5.8216373733262206e-04
3.7654423041356389e-01 5.8201522822709409e-04
3.7712617129151715e-01 5.8186648939718803e-04
3.7770796331580275e-01 5.8171752090153234e-04
3.7828960625678432e-01 5.8156832279894217e-04
3.7887109988488432e-01 5.8141889514834184e-04
3.7945244397058431e-01 5.8126923800856602e-04
3.8003363828442460e-01 5.8111935143884933e-04
3.8061468259700482e-01 5.8096923549830258e-04
3.8119557667898374e-01 5.8081889024616540e-04
3.8177632030107944e-01 5.8066831574177735e-04
3.8235691323406940e-01 5.8051751204456475e-04
3.8293735524879052e-01 5.8036647921407307e-04
3.8351764611613937e-01 5.8021521730987130e-04
3.8409778560707203e-01 5.8006372639174972e-04
3.8467777349260446e-01 5.7991200651945178e-04
3.8525760954381244e-01 5.7976005775282468e-04
3.8583729353183166e-01 5.7960788015184604e-04
3.8641682522785775e-01 5.7945547377666752e-04
3.8699620440314664e-01 5.7930283868732485e-04
3.8757543082901424e-01 5.7914997494418880e-04
3.8815450427683684e-01 5.7899688260756052e-04
3.8873342451805126e-01 5.7884356173777056e-04
3.8931219132415457e-01 5.7869001239543741e-04
3.8989080446670449e-01 5.7853623464114337e-04
3.9046926371731944e-01 5.7838222853555084e-04
3.9104756884767850e-01 5.7822799413947707e-04
3.9162571962952158e-01 5.7807353151383904e-04
3.9220371583464964e-01 5.7791884071952402e-04
3.9278155723492447e-01 5.7776392181766649e-04
3.9335924360226915e-01 5.7760877486932784e-04
3.9393677470866778e-01 5.7745339993580324e-04
3.9451415032616582e-01 5.7729779707844237e-04
3.9509137022687019e-01 5.7714196635856325e-04
3.9566843418294906e-01 5.7698590783780116e-04
3.9624534196663236e-01 5.7682962157765453e-04
3.9682209335021151e-01 5.7667310763989297e-04
3.9739868810603984e-01 5.7651636608616909e-04
3.9797512600653229e-01 5.7635939697846326e-04
3.9855140682416584e-01 5.7620220037869188e-04
3.9912753033147941e-01 5.7604477634896900e-04
3.9970349630107416e-01 5.7588712495126155e-04
4.0027930450561316e-01 5.7572924624799940e-04
4.0085495471782207e-01 5.7557114030134951e-04
4.0143044671048861e-01 5.7541280717373754e-04
4.0200578025646311e-01 5.7525424692778939e-04
4.0258095512865849e-01 5.7509545962591520e-04
4.0315597110005019e-01 5.7493644533086860e-04
4.0373082794367643e-01 5.7477720410537502e-04
4.0430552543263815e-01 5.7461773601235851e-04
4.0488006334009929e-01 5.7445804111471257e-04
4.0545444143928677e-01 5.7429811947544917e-04
4.0602865950349049e-01 5.7413797115776993e-04
4.0660271730606362e-01 5.7397759622483332e-04
4.0717661462042254e-01 5.7381699473995360e-04
4.0775035122004699e-01 5.7365616676652124e-04
4.0832392687848018e-01 5.7349511236795428e-04
4.0889734136932876e-01 5.7333383160788518e-04
4.0947059446626305e-01 5.7317232454997082e-04
4.1004368594301704e-01 5.7301059125796098e-04
4.1061661557338858e-01 5.7284863179565533e-04
4.1118938313123932e-01 5.7268644622699967e-04
4.1176198839049488e-01 5.7252403461609204e-04
4.1233443112514506e-01 5.7236139702689743e-04
4.1290671110924371e-01 5.7219853352365061e-04
4.1347882811690884e-01 5.7203544417074211e-04
4.1405078192232303e-01 5.7187212903235171e-04
4.1462257229973298e-01 5.7170858817313605e-04
4.1519419902345017e-01 5.7154482165749649e-04
4.1576566186785047e-01 5.7138082955016469e-04
4.1633696060737452e-01 5.7121661191586069e-04
4.1690809501652776e-01 5.7105216881935916e-04
4.1747906486988046e-01 5.7088750032556262e-04
4.1804986994206783e-01 5.7072260649945956e-04
4.1862051000779010e-01 5.7055748740620737e-04
4.1919098484181266e-01 5.7039214311096988e-04
4.1976129421896613e-01 5.7022657367898904e-04
4.2033143791414646e-01 5.7006077917555963e-04
4.2090141570231493e-01 5.6989475966616129e-04
4.2147122735849835e-01 5.6972851521629284e-04
4.2204087265778900e-01 5.6956204589170224e-04
4.2261035137534503e-01 5.6939535175792031e-04
4.2317966328639012e-01 5.6922843288089104e-04
4.2374880816621396e-01 5.6906128932638148e-04
4.2431778579017210e-01 5.6889392116036891e-04
4.2488659593368600e-01 5.6872632844906382e-04
4.2545523837224342e-01 5.6855851125846377e-04
4.2602371288139823e-01 5.6839046965480745e-04
4.2659201923677054e-01 5.6822220370448780e-04
4.2716015721404682e-01 5.6805371347395093e-04
4.2772812658898013e-01 5.6788499902962069e-04
4.2829592713739001e-01 5.6771606043803978e-04
4.2886355863516251e-01 5.6754689776605674e-04
4.2943102085825058e-01 5.6737751108035521e-04
4.2999831358267393e-01 5.6720790044776682e-04
4.3056543658451918e-01 5.6703806593521699e-04
4.3113238963993983e-01 5.6686800760986792e-04
4.3169917252515666e-01 5.6669772553868535e-04
4.3226578501645740e-01 5.6652721978903402e-04
4.3283222689019729e-01 5.6635649042801977e-04
4.3339849792279861e-01 5.6618553752324041e-04
4.3396459789075131e-01 5.6601436114204324e-04
4.3453052657061281e-01 5.6584296135198022e-04
4.3509628373900799e-01 5.6567133822082853e-04
4.3566186917262967e-01 5.6549949181620019e-04
4.3622728264823823e-01 5.6532742220601463e-04
4.3679252394266210e-01 5.6515512945809791e-04
4.3735759283279757e-01 5.6498261364048739e-04
4.3792248909560894e-01 5.6480987482137668e-04
4.3848721250812878e-01 5.6463691306879720e-04
4.3905176284745784e-01 5.6446372845101692e-04
4.3961613989076503e-01 5.6429032103654561e-04
4.4018034341528789e-01 5.6411669089372063e-04
4.4074437319833226e-01 5.6394283809115681e-04
4.4130822901727274e-01 5.6376876269731565e-04
4.4187191064955245e-01 5.6359446478107316e-04
4.4243541787268331e-01 5.6341994441111562e-04
4.4299875046424608e-01 5.6324520165635739e-04
4.4356190820189045e-01 5.6307023658578161e-04
4.4412489086333512e-01 5.6289504926843503e-04
4.4468769822636789e-01 5.6271963977348510e-04
4.4525033006884573e-01 5.6254400817018393e-04
4.4581278616869496e-01 5.6236815452782385e-04
4.4637506630391122e-01 5.6219207891579468e-04
4.4693717025255958e-01 5.6201578140364623e-04
4.4749909779277469e-01 5.6183926206092771e-04
4.4806084870276086e-01 5.6166252095725953e-04
4.4862242276079201e-01 5.6148555816252946e-04
4.4918381974521193e-01 5.6130837374652445e-04
4.4974503943443433e-01 5.6113096777918238e-04
4.5030608160694285e-01 5.6095334033048948e-04
4.5086694604129129e-01 5.6077549147059177e-04
4.5142763251610346e-01 5.6059742126966447e-04
4.5198814081007349e-01 5.6041912979801938e-04
4.5254847070196580e-01 5.6024061712607479e-04
4.5310862197061536e-01 5.6006188332413025e-04
4.5366859439492740e-01 5.5988292846294448e-04
4.5422838775387803e-01 5.5970375261295985e-04
4.5478800182651374e-01 5.5952435584509215e-04
4.5534743639195208e-01 5.5934473822994812e-04
4.5590669122938121e-01 5.5916489983856674e-04
4.5646576611806039e-01 5.5898484074182067e-04
4.5702466083731980e-01 5.5880456101088389e-04
4.5758337516656078e-01 5.5862406071686835e-04
4.5814190888525591e-01 5.5844333993097935e-04
4.5870026177294898e-01 5.5826239872461421e-04
4.5925843360925517e-01 5.5808123716920830e-04
4.5981642417386120e-01 5.5789985533617466e-04
4.6037423324652527e-01 5.5771825329714966e-04
4.6093186060707719e-01 5.5753643112383625e-04
4.6148930603541855e-01 5.5735438888802316e-04
4.6204656931152271e-01 5.5717212666152641e-04
4.6260365021543504e-01 5.5698964451621311e-04
4.6316054852727268e-01 5.5680694252424839e-04
4.6371726402722502e-01 5.5662402075766612e-04
4.6427379649555356e-01 5.5644087928864087e-04
4.6483014571259201e-01 5.5625751818949684e-04
4.6538631145874643e-01 5.5607393753263771e-04
4.6594229351449529e-01 5.5589013739048990e-04
4.6649809166038958e-01 5.5570611783559512e-04
4.6705370567705284e-01 5.5552187894066548e-04
4.6760913534518139e-01 5.5533742077828845e-04
4.6816438044554420e-01 5.5515274342133453e-04
4.6871944075898314e-01 5.5496784694269313e-04
4.6927431606641301e-01 5.5478273141532878e-04
4.6982900614882162e-01 5.5459739691234348e-04
4.7038351078726992e-01 5.5441184350682416e-04
4.7093782976289200e-01 5.5422607127210281e-04
4.7149196285689526e-01 5.5404008028149630e-04
4.7204590985056055e-01 5.5385387060830397e-04
4.7259967052524199e-01 5.5366744232621850e-04
4.7315324466236747e-01 5.5348079550860676e-04
4.7370663204343832e-01 5.5329393022924710e-04
4.7425983245002967e-01 5.5310684656189549e-04
4.7481284566379045e-01 5.5291954458037181e-04
4.7536567146644343e-01 5.5273202435863057e-04
4.7591830963978538e-01 5.5254428597068450e-04
4.7647075996568716e-01 5.5235632949059957e-04
4.7702302222609372e-01 5.5216815499260546e-04
4.7757509620302424e-01 5.5197976255099638e-04
4.7812698167857232e-01 5.5179115224001404e-04
4.7867867843490580e-01 5.5160232413422824e-04
4.7923018625426711e-01 5.5141327830817203e-04
4.7978150491897326e-01 5.5122401483639644e-04
4.8033263421141592e-01 5.5103453379355184e-04
4.8088357391406139e-01 5.5084483525460744e-04
4.8143432380945100e-01 5.5065491929425479e-04
4.8198488368020082e-01 5.5046478598759366e-04
4.8253525330900204e-01 5.5027443540954393e-04
4.8308543247862090e-01 5.5008386763529004e-04
4.8363542097189877e-01 5.4989308274008852e-04
4.8418521857175228e-01 5.4970208079929857e-04
4.8473482506117360e-01 5.4951086188809466e-04
4.8528424022323002e-01 5.4931942608220645e-04
4.8583346384106463e-01 5.4912777345699176e-04
4.8638249569789593e-01 5.4893590408818839e-04
4.8693133557701818e-01 5.4874381805158164e-04
4.8747998326180147e-01 5.4855151542284838e-04
4.8802843853569161e-01 5.4835899627807413e-04
4.8857670118221053e-01 5.4816626069307921e-04
4.8912477098495610e-01 5.4797330874394316e-04
4.8967264772760222e-01 5.4778014050698516e-04
4.9022033119389918e-01 5.4758675605825092e-04
4.9076782116767337e-01 5.4739315547427437e-04
4.9131511743282774e-01 5.4719933883125510e-04
4.9186221977334149e-01 5.4700530620589000e-04
4.9240912797327058e-01 5.4681105767459288e-04
4.9295584181674740e-01 5.4661659331417198e-04
4.9350236108798118e-01 5.4642191320132549e-04
4.9404868557125792e-01 5.4622701741288281e-04
4.9459481505094050e-01 5.4603190602575842e-04
4.9514074931146868e-01 5.4583657911712454e-04
4.9568648813735949e-01 5.4564103676380655e-04
4.9623203131320692e-01 5.4544527904312322e-04
4.9677737862368215e-01 5.4524930603246438e-04
4.9732252985353387e-01 5.4505311780897838e-04
4.9786748478758802e-01 5.4485671445011206e-04
4.9841224321074795e-01 5.4466009603359696e-04
4.9895680490799477e-01 5.4446326263684491e-04
4.9950116966438712e-01 5.4426621433754398e-04
5.0004533726506140e-01 5.4406895121350714e-04
5.0058930749523167e-01 5.4387147334281115e-04
5.0113308014019031e-01 5.4367378080295273e-04
5.0167665498530711e-01 5.4347587367250486e-04
5.0222003181603059e-01 5.4327775202896655e-04
5.0276321041788674e-01 5.4307941595114334e-04
5.0330619057648041e-01 5.4288086551681147e-04
5.0384897207749424e-01 5.4268210080480608e-04
5.0439155470668973e-01 5.4248312189325001e-04
5.0493393824990673e-01 5.4228392886056926e-04
5.0547612249306340e-01 5.4208452178585885e-04
5.0601810722215690e-01 5.4188490074755225e-04
5.0655989222326314e-01 5.4168506582426073e-04
5.0710147728253663e-01 5.4148501709511707e-04
5.0764286218621091e-01 5.4128475463906928e-04
5.0818404672059858e-01 5.4108427853508318e-04
5.0872503067209129e-01 5.4088358886226736e-04
5.0926581382715974e-01 5.4068268570006358e-04
5.0980639597235422e-01 5.4048156912733314e-04
5.1034677689430397e-01 5.4028023922378301e-04
5.1088695637971782e-01 5.4007869606885809e-04
5.1142693421538410e-01 5.3987693974213969e-04
5.1196671018817086e-01 5.3967497032302611e-04
5.1250628408502563e-01 5.3947278789139887e-04
5.1304565569297578e-01 5.3927039252705091e-04
5.1358482479912848e-01 5.3906778430992599e-04
5.1412379119067098e-01 5.3886496331982442e-04
5.1466255465487032e-01 5.3866192963697272e-04
5.1520111497907384e-01 5.3845868334137493e-04
5.1573947195070879e-01 5.3825522451356796e-04
5.1627762535728317e-01 5.3805155323330032e-04
5.1681557498638475e-01 5.3784766958145250e-04
5.1735332062568207e-01 5.3764357363840335e-04
5.1789086206292423e-01 5.3743926548447058e-04
5.1842819908594073e-01 5.3723474520047981e-04
5.1896533148264179e-01 5.3703001286728176e-04
5.1950225904101865e-01 5.3682506856526360e-04
5.2003898154914296e-01 5.3661991237580241e-04
5.2057549879516773e-01 5.3641454437951578e-04
5.2111181056732669e-01 5.3620896465769036e-04
5.2164791665393473e-01 5.3600317329156476e-04
5.2218381684338822e-01 5.3579717036190901e-04
5.2271951092416435e-01 5.3559095595040321e-04
5.2325499868482195e-01 5.3538453013835961e-04
5.2379027991400118e-01 5.3517789300724906e-04
5.2432535440042372e-01 5.3497104463869289e-04
5.2486022193289295e-01 5.3476398511421205e-04
5.2539488230029385e-01 5.3455671451552525e-04
5.2592933529159314e-01 5.3434923292458992e-04
5.2646358069583943e-01 5.3414154042324979e-04
5.2699761830216330e-01 5.3393363709346023e-04
5.2753144789977735e-01 5.3372552301719594e-04
5.2806506927797614e-01 5.3351719827685789e-04
5.2859848222613670e-01 5.3330866295429749e-04
5.2913168653371800e-01 5.3309991713215851e-04
5.2966468199026162e-01 5.3289096089262724e-04
5.3019746838539139e-01 5.3268179431833172e-04
5.3073004550881386e-01 5.3247241749159889e-04
5.3126241315031786e-01 5.3226283049547310e-04
5.3179457109977535e-01 5.3205303341218361e-04
5.3232651914714069e-01 5.3184302632476685e-04
5.3285825708245105e-01 5.3163280931645400e-04
5.3338978469582699e-01 5.3142238246961699e-04
5.3392110177747165e-01 5.3121174586758164e-04
5.3445220811767136e-01 5.3100089959358572e-04
5.3498310350679568e-01 5.3078984373083535e-04
5.3551378773529756e-01 5.3057857836237403e-04
5.3604426059371302e-01 5.3036710357190736e-04
5.3657452187266164e-01 5.3015541944290091e-04
5.3710457136284673e-01 5.2994352605852156e-04
5.3763440885505476e-01 5.2973142350284756e-04
5.3816403414015623e-01 5.2951911185935457e-04
5.3869344700910526e-01 5.2930659121189357e-04
5.3922264725293978e-01 5.2909386164443322e-04
5.3975163466278175e-01 5.2888092324081064e-04
5.4028040902983709e-01 5.2866777608507178e-04
5.4080897014539575e-01 5.2845442026145273e-04
5.4133731780083194e-01 5.2824085585404261e-04
5.4186545178760392e-01 5.2802708294750231e-04
5.4239337189725478e-01 5.2781310162553397e-04
5.4292107792141142e-01 5.2759891197315064e-04
5.4344856965178556e-01 5.2738451407481699e-04
5.4397584688017353e-01 5.2716990801502522e-04
5.4450290939845625e-01 5.2695509387848275e-04
5.4502975699859946e-01 5.2674007174984255e-04
5.4555638947265350e-01 5.2652484171429950e-04
5.4608280661275388e-01 5.2630940385664461e-04
5.4660900821112091e-01 5.2609375826209183e-04
5.4713499406006028e-01 5.2587790501533145e-04
5.4766076395196239e-01 5.2566184420202769e-04
5.4818631767930337e-01 5.2544557590699867e-04
5.4871165503464425e-01 5.2522910021594871e-04
5.4923677581063157e-01 5.2501241721443893e-04
5.4976167979999768e-01 5.2479552698746321e-04
5.5028636679555998e-01 5.2457842962116616e-04
5.5081083659022190e-01 5.2436112520097317e-04
5.5133508897697237e-01 5.2414361381287642e-04
5.5185912374888646e-01 5.2392589554223570e-04
5.5238294069912464e-01 5.2370797047560775e-04
5.5290653962093383e-01 5.2348983869852949e-04
5.5342992030764671e-01 5.2327150029733867e-04
5.5395308255268216e-01 5.2305295535824226e-04
5.5447602614954550e-01 5.2283420396714863e-04
5.5499875089182793e-01 5.2261524621084038e-04
5.5552125657320739e-01 5.2239608217552133e-04
5.5604354298744807e-01 5.2217671194787257e-04
5.5656560992840087e-01 5.2195713561432606e-04
5.5708745719000330e-01 5.2173735326144677e-04
5.5760908456627944e-01 5.2151736497613285e-04
5.5813049185134023e-01 5.2129717084528117e-04
5.5865167883938349e-01 5.2107677095576720e-04
5.5917264532469413e-01 5.2085616539432485e-04
5.5969339110164373e-01 5.2063535424850594e-04
5.6021391596469150e-01 5.2041433760488792e-04
5.6073421970838333e-01 5.2019311555114272e-04
5.6125430212735261e-01 5.1997168817464882e-04
5.6177416301632033e-01 5.1975005556231118e-04
5.6229380217009439e-01 5.1952821780216780e-04
5.6281321938357076e-01 5.1930617498132531e-04
5.6333241445173254e-01 5.1908392718782515e-04
5.6385138716965089e-01 5.1886147450908450e-04
5.6437013733248453e-01 5.1863881703292990e-04
5.6488866473548005e-01 5.1841595484734154e-04
5.6540696917397193e-01 5.1819288804035664e-04
5.6592505044338270e-01 5.1796961670001512e-04
5.6644290833922306e-01 5.1774614091431301e-04
5.6696054265709184e-01 5.1752246077133252e-04
5.6747795319267591e-01 5.1729857635969816e-04
5.6799513974175075e-01 5.1707448776755450e-04
5.6851210210018011e-01 5.1685019508340300e-04
5.6902884006391619e-01 5.1662569839586473e-04
5.6954535342899992e-01 5.1640099779334326e-04
5.7006164199156062e-01 5.1617609336490210e-04
5.7057770554781673e-01 5.1595098519878545e-04
5.7109354389407507e-01 5.1572567338427995e-04
5.7160915682673163e-01 5.1550015801003714e-04
5.7212454414227143e-01 5.1527443916516195e-04
5.7263970563726807e-01 5.1504851693908555e-04
5.7315464110838499e-01 5.1482239142031387e-04
5.7366935035237421e-01 5.1459606269865267e-04
5.7418383316607746e-01 5.1436953086311614e-04
5.7469808934642552e-01 5.1414279600347351e-04
5.7521211869043898e-01 5.1391585820882767e-04
5.7572592099522768e-01 5.1368871756894761e-04
5.7623949605799130e-01 5.1346137417332654e-04
5.7675284367601876e-01 5.1323382811203075e-04
5.7726596364668947e-01 5.1300607947436360e-04
5.7777885576747201e-01 5.1277812835077150e-04
5.7829151983592531e-01 5.1254997483093879e-04
5.7880395564969822e-01 5.1232161900481479e-04
5.7931616300652955e-01 5.1209306096279257e-04
5.7982814170424835e-01 5.1186430079515799e-04
5.8033989154077414e-01 5.1163533859174685e-04
5.8085141231411652e-01 5.1140617444314521e-04
5.8136270382237543e-01 5.1117680844012052e-04
5.8187376586374162e-01 5.1094724067274658e-04
5.8238459823649613e-01 5.1071747123193297e-04
5.8289520073901080e-01 5.1048750020826240e-04
5.8340557316974817e-01 5.1025732769245462e-04
5.8391571532726161e-01 5.1002695377531644e-04
5.8442562701019518e-01 5.0979637854814657e-04
5.8493530801728433e-01 5.0956560210138515e-04
5.8544475814735508e-01 5.0933462452662297e-04
5.8595397719932496e-01 5.0910344591470068e-04
5.8646296497220241e-01 5.0887206635718239e-04
5.8697172126508745e-01 5.0864048594501793e-04
5.8748024587717118e-01 5.0840870476997460e-04
5.8798853860773648e-01 5.0817672292308624e-04
5.8849659925615727e-01 5.0794454049652566e-04
5.8900442762189964e-01 5.0771215758133818e-04
5.8951202350452092e-01 5.0747957426961181e-04
5.9001938670367038e-01 5.0724679065311366e-04
5.9052651701908920e-01 5.0701380682353198e-04
5.9103341425061029e-01 5.0678062287309812e-04
5.9154007819815879e-01 5.0654723889354599e-04
5.9204650866175168e-01 5.0631365497726556e-04
5.9255270544149830e-01 5.0607987121627099e-04
5.9305866833760001e-01 5.0584588770309082e-04
5.9356439715035081e-01 5.0561170452969640e-04
5.9406989168013669e-01 5.0537732178895995e-04
5.9457515172743658e-01 5.0514273957279047e-04
5.9508017709282146e-01 5.0490795797436072e-04
5.9558496757695523e-01 5.0467297708622861e-04
5.9608952298059459e-01 5.0443779700080893e-04
5.9659384310458874e-01 5.0420241781129471e-04
5.9709792774987991e-01 5.0396683961053497e-04
5.9760177671750336e-01 5.0373106249129392e-04
5.9810538980858718e-01 5.0349508654684658e-04
5.9860876682435271e-01 5.0325891187023776e-04
5.9911190756611443e-01 5.0302253855460033e-04
5.9961481183527998e-01 5.0278596669346795e-04
6.0011747943335048e-01 5.0254919638006870e-04
6.0061991016192040e-01 5.0231222770783293e-04
6.0112210382267761e-01 5.0207506077058685e-04
6.0162406021740389e-01 5.0183769566134882e-04
6.0212577914797416e-01 5.0160013247444585e-04
6.0262726041635761e-01 5.0136237130301556e-04
6.0312850382461669e-01 5.0112441224156698e-04
6.0362950917490821e-01 5.0088625538355401e-04
6.0413027626948268e-01 5.0064790082310177e-04
6.0463080491068466e-01 5.0040934865443524e-04
6.0513109490095307e-01 5.0017059897128390e-04
6.0563114604282053e-01 4.9993165186860598e-04
6.0613095813891460e-01 4.9969250743988139e-04
6.0663053099195652e-01 4.9945316578024930e-04
6.0712986440476246e-01 4.9921362698372674e-04
6.0762895818024287e-01 4.9897389114500707e-04
6.0812781212140288e-01 4.9873395835860310e-04
6.0862642603134220e-01 4.9849382871924863e-04
6.0912479971325528e-01 4.9825350232189257e-04
6.0962293297043146e-01 4.9801297926125308e-04
6.1012082560625491e-01 4.9777225963238227e-04
6.1061847742420483e-01 4.9753134353023893e-04
6.1111588822785556e-01 4.9729023104961960e-04
6.1161305782087627e-01 4.9704892228619234e-04
6.1210998600703170e-01 4.9680741733475707e-04
6.1260667259018153e-01 4.9656571629106826e-04
6.1310311737428114e-01 4.9632381925013996e-04
6.1359932016338103e-01 4.9608172630775623e-04
6.1409528076162756e-01 4.9583943755909527e-04
6.1459099897326230e-01 4.9559695310020710e-04
6.1508647460262278e-01 4.9535427302659454e-04
6.1558170745414220e-01 4.9511139743398200e-04
6.1607669733234949e-01 4.9486832641846320e-04
6.1657144404186970e-01 4.9462506007560427e-04
6.1706594738742360e-01 4.9438159850174611e-04
6.1756020717382809e-01 4.9413794179307730e-04
6.1805422320599646e-01 4.9389409004531966e-04
6.1854799528893778e-01 4.9365004335521080e-04
6.1904152322775774e-01 4.9340580181883836e-04
6.1953480682765838e-01 4.9316136553239124e-04
6.2002784589393789e-01 4.9291673459283072e-04
6.2052064023199138e-01 4.9267190909619337e-04
6.2101318964731012e-01 4.9242688913973603e-04
6.2150549394548249e-01 4.9218167481960163e-04
6.2199755293219339e-01 4.9193626623271198e-04
6.2248936641322450e-01 4.9169066347604475e-04
6.2298093419445444e-01 4.9144486664664524e-04
6.2347225608185897e-01 4.9119887584121388e-04
6.2396333188151065e-01 4.9095269115714260e-04
6.2445416139957932e-01 4.9070631269157222e-04
6.2494474444233206e-01 4.9045974054164575e-04
6.2543508081613319e-01 4.9021297480458608e-04
6.2592517032744432e-01 4.8996601557803028e-04
6.2641501278282474e-01 4.8971886295899527e-04
6.2690460798893077e-01 4.8947151704577621e-04
6.2739395575251689e-01 4.8922397793539098e-04
6.2788305588043491e-01 4.8897624572565230e-04
6.2837190817963440e-01 4.8872832051457551e-04
6.2886051245716279e-01 4.8848020239998567e-04
6.2934886852016547e-01 4.8823189147973649e-04
6.2983697617588585e-01 4.8798338785159448e-04
6.3032483523166516e-01 4.8773469161396188e-04
6.3081244549494297e-01 4.8748580286477495e-04
6.3129980677325692e-01 4.8723672170243647e-04
6.3178691887424288e-01 4.8698744822544236e-04
6.3227378160563530e-01 4.8673798253182543e-04
6.3276039477526691e-01 4.8648832472010002e-04
6.3324675819106890e-01 4.8623847488892170e-04
6.3373287166107106e-01 4.8598843313702947e-04
6.3421873499340198e-01 4.8573819956278865e-04
6.3470434799628872e-01 4.8548777426534910e-04
6.3518971047805750e-01 4.8523715734303277e-04
6.3567482224713301e-01 4.8498634889529711e-04
6.3615968311203919e-01 4.8473534902089847e-04
6.3664429288139890e-01 4.8448415781898372e-04
6.3712865136393415e-01 4.8423277538866817e-04
6.3761275836846620e-01 4.8398120182894134e-04
6.3809661370391535e-01 4.8372943723950108e-04
6.3858021717930147e-01 4.8347748171943730e-04
6.3906356860374369e-01 4.8322533536834550e-04
6.3954666778646074e-01 4.8297299828560351e-04
6.4002951453677082e-01 4.8272047057091699e-04
6.4051210866409169e-01 4.8246775232417018e-04
6.4099444997794119e-01 4.8221484364450431e-04
6.4147653828793638e-01 4.8196174463253433e-04
6.4195837340379480e-01 4.8170845538731137e-04
6.4243995513533336e-01 4.8145497600948268e-04
6.4292128329246934e-01 4.8120130659887953e-04
6.4340235768522003e-01 4.8094744725550446e-04
6.4388317812370277e-01 4.8069339807979940e-04
6.4436374441813526e-01 4.8043915917195251e-04
6.4484405637883557e-01 4.8018473063208043e-04
6.4532411381622201e-01 4.7993011256072549e-04
6.4580391654081326e-01 4.7967530505877131e-04
6.4628346436322892e-01 4.7942030822616116e-04
6.4676275709418884e-01 4.7916512216384754e-04
6.4724179454451358e-01 4.7890974697286482e-04
6.4772057652512471e-01 4.7865418275354360e-04
6.4819910284704452e-01 4.7839842960673750e-04
6.4867737332139597e-01 4.7814248763387103e-04
6.4915538775940340e-01 4.7788635693545424e-04
6.4963314597239197e-01 4.7763003761277188e-04
6.5011064777178795e-01 4.7737352976710655e-04
6.5058789296911890e-01 4.7711683349972944e-04
6.5106488137601370e-01 4.7685994891177944e-04
6.5154161280420253e-01 4.7660287610472361e-04
6.5201808706551700e-01 4.7634561517999910e-04
6.5249430397189023e-01 4.7608816623919060e-04
6.5297026333535690e-01 4.7583052938395248e-04
6.5344596496805341e-01 4.7557270471588103e-04
6.5392140868221782e-01 4.7531469233676930e-04
6.5439659429019004e-01 4.7505649234841541e-04
6.5487152160441187e-01 4.7479810485261142e-04
6.5534619043742681e-01 4.7453952995189823e-04
6.5582060060188085e-01 4.7428076774768649e-04
6.5629475191052167e-01 4.7402181834252426e-04
6.5676864417619929e-01 4.7376268183854311e-04
6.5724227721186612e-01 4.7350335833760325e-04
6.5771565083057648e-01 4.7324384794275267e-04
6.5818876484548750e-01 4.7298415075596692e-04
6.5866161906985854e-01 4.7272426687989698e-04
6.5913421331705158e-01 4.7246419641715638e-04
6.5960654740053126e-01 4.7220393947018473e-04
6.6007862113386473e-01 4.7194349614209258e-04
6.6055043433072214e-01 4.7168286653534382e-04
6.6102198680487634e-01 4.7142205075284928e-04
6.6149327837020311e-01 4.7116104889755099e-04
6.6196430884068125e-01 4.7089986107237258e-04
6.6243507803039237e-01 4.7063848738097683e-04
6.6290558575352165e-01 4.7037692792582428e-04
6.6337583182435711e-01 4.7011518281059669e-04
6.6384581605729021e-01 4.6985325213843454e-04
6.6431553826681577e-01 4.6959113601257327e-04
6.6478499826753190e-01 4.6932883453677435e-04
6.6525419587414025e-01 4.6906634781460749e-04
6.6572313090144630e-01 4.6880367594908897e-04
6.6619180316435866e-01 4.6854081904468145e-04
6.6666021247789009e-01 4.6827777720475109e-04
6.6712835865715703e-01 4.6801455053297429e-04
6.6759624151737973e-01 4.6775113913329438e-04
6.6806386087388225e-01 4.6748754311004136e-04
6.6853121654209291e-01 4.6722376256695593e-04
6.6899830833754392e-01 4.6695979760830479e-04
6.6946513607587188e-01 4.6669564833783718e-04
6.6993169957281717e-01 4.6643131486056634e-04
6.7039799864422500e-01 4.6616679728012073e-04
6.7086403310604448e-01 4.6590209570150117e-04
6.7132980277432952e-01 4.6563721022875847e-04
6.7179530746523841e-01 4.6537214096644639e-04
6.7226054699503390e-01 4.6510688801951736e-04
6.7272552118008366e-01 4.6484145149227962e-04
6.7319022983685983e-01 4.6457583148985088e-04
6.7365467278193958e-01 4.6431002811678462e-04
6.7411884983200476e-01 4.6404404147822915e-04
6.7458276080384227e-01 4.6377787167921873e-04
6.7504640551434414e-01 4.6351151882448256e-04
6.7550978378050730e-01 4.6324498301935399e-04
6.7597289541943395e-01 4.6297826436900961e-04
6.7643574024833153e-01 4.6271136297865287e-04
6.7689831808451273e-01 4.6244427895376753e-04
6.7736062874539571e-01 4.6217701239960362e-04
6.7782267204850399e-01 4.6190956342182069e-04
6.7828444781146668e-01 4.6164193212597145e-04
6.7874595585201847e-01 4.6137411861767820e-04
6.7920719598799972e-01 4.6110612300266526e-04
6.7966816803735663e-01 4.6083794538647437e-04
6.8012887181814097e-01 4.6056958587542665e-04
6.8058930714851074e-01 4.6030104457488587e-04
6.8104947384672954e-01 4.6003232159132109e-04
6.8150937173116732e-01 4.5976341703038491e-04
6.8196900062029986e-01 4.5949433099862685e-04
6.8242836033270937e-01 4.5922506360180786e-04
6.8288745068708401e-01 4.5895561494674184e-04
6.8334627150221849e-01 4.5868598513955296e-04
6.8380482259701403e-01 4.5841617428613659e-04
6.8426310379047783e-01 4.5814618249377935e-04
6.8472111490172405e-01 4.5787600986871486e-04
6.8517885574997328e-01 4.5760565651764161e-04
6.8563632615455283e-01 4.5733512254723187e-04
6.8609352593489670e-01 4.5706440806444625e-04
6.8655045491054589e-01 4.5679351317564845e-04
6.8700711290114802e-01 4.5652243798821216e-04
6.8746349972645793e-01 4.5625118260871875e-04
6.8791961520633715e-01 4.5597974714482590e-04
6.8837545916075471e-01 4.5570813170315623e-04
6.8883103140978652e-01 4.5543633639118236e-04
6.8928633177361587e-01 4.5516436131611384e-04
6.8974136007253328e-01 4.5489220658540480e-04
6.9019611612693688e-01 4.5461987230602447e-04
6.9065059975733178e-01 4.5434735858629392e-04
6.9110481078433117e-01 4.5407466553309424e-04
6.9155874902865555e-01 4.5380179325410649e-04
6.9201241431113314e-01 4.5352874185705438e-04
6.9246580645269973e-01 4.5325551145015302e-04
6.9291892527439913e-01 4.5298210214105619e-04
6.9337177059738320e-01 4.5270851403708088e-04
6.9382434224291123e-01 4.5243474724702840e-04
6.9427664003235101e-01 4.5216080187847829e-04
6.9472866378717812e-01 4.5188667803988414e-04
6.9518041332897651e-01 4.5161237583922422e-04
6.9563188847943835e-01 4.5133789538451448e-04
6.9608308906036387e-01 4.5106323678466108e-04
6.9653401489366196e-01 4.5078840014768417e-04
6.9698466580134977e-01 4.5051338558229530e-04
6.9743504160555303e-01 4.5023819319703958e-04
6.9788514212850616e-01 4.4996282310026203e-04
6.9833496719255217e-01 4.4968727540056259e-04
6.9878451662014263e-01 4.4941155020705210e-04
6.9923379023383803e-01 4.4913564762859840e-04
6.9968278785630778e-01 4.4885956777394263e-04
7.0013150931033019e-01 4.4858331075217975e-04
7.0057995441879251e-01 4.4830687667202831e-04
7.0102812300469108e-01 4.4803026564314201e-04
7.0147601489113165e-01 4.4775347777391273e-04
7.0192362990132873e-01 4.4747651317423123e-04
7.0237096785860631e-01 4.4719937195353033e-04
7.0281802858639797e-01 4.4692205422053332e-04
7.0326481190824641e-01 4.4664456008503819e-04
7.0371131764780381e-01 4.4636688965689873e-04
7.0415754562883215e-01 4.4608904304534538e-04
7.0460349567520297e-01 4.4581102035982912e-04
7.0504916761089731e-01 4.4553282171064208e-04
7.0549456126000620e-01 4.4525444720728359e-04
7.0593967644673039e-01 4.4497589695985401e-04
7.0638451299538074e-01 4.4469717107780885e-04
7.0682907073037782e-01 4.4441826967158034e-04
7.0727334947625242e-01 4.4413919285106338e-04
7.0771734905764527e-01 4.4385994072682874e-04
7.0816106929930767e-01 4.4358051340835636e-04
7.0860451002610070e-01 4.4330091100658082e-04
7.0904767106299615e-01 4.4302113363136854e-04
7.0949055223507584e-01 4.4274118139385444e-04
7.0993315336753249e-01 4.4246105440379002e-04
7.1037547428566905e-01 4.4218075277194908e-04
7.1081751481489908e-01 4.4190027660919335e-04
7.1125927478074691e-01 4.4161962602611748e-04
7.1170075400884769e-01 4.4133880113313200e-04
7.1214195232494704e-01 4.4105780204180934e-04
7.1258286955490180e-01 4.4077662886267405e-04
7.1302350552467975e-01 4.4049528170637362e-04
7.1346386006035933e-01 4.4021376068467720e-04
7.1390393298813049e-01 4.3993206590819397e-04
7.1434372413429414e-01 4.3965019748806662e-04
7.1478323332526239e-01 4.3936815553571656e-04
7.1522246038755855e-01 4.3908594016281346e-04
7.1566140514781762e-01 4.3880355148004152e-04
7.1610006743278565e-01 4.3852098959942733e-04
7.1653844706932046e-01 4.3823825463208855e-04
7.1697654388439125e-01 4.3795534668989160e-04
7.1741435770507889e-01 4.3767226588458318e-04
7.1785188835857605e-01 4.3738901232766997e-04
7.1828913567218711e-01 4.3710558613093835e-04
7.1872609947332822e-01 4.3682198740640653e-04
7.1916277958952757e-01 4.3653821626573344e-04
7.1959917584842503e-01 4.3625427282161590e-04
7.2003528807777295e-01 4.3597015718539696e-04
7.2047111610543546e-01 4.3568586946953484e-04
7.2090665975938906e-01 4.3540140978590809e-04
7.2134191886772225e-01 4.3511677824725921e-04
7.2177689325863603e-01 4.3483197496585929e-04
7.2221158276044373e-01 4.3454700005409174e-04
7.2264598720157125e-01 4.3426185362405872e-04
7.2308010641055676e-01 4.3397653578878853e-04
7.2351394021605120e-01 4.3369104666064745e-04
7.2394748844681800e-01 4.3340538635271381e-04
7.2438075093173360e-01 4.3311955497708603e-04
7.2481372749978690e-01 4.3283355264702849e-04
7.2524641798007994e-01 4.3254737947494689e-04
7.2567882220182733e-01 4.3226103557444782e-04
7.2611093999435694e-01 4.3197452105831906e-04
7.2654277118710964e-01 4.3168783603960039e-04
7.2697431560963943e-01 4.3140098063133375e-04
7.2740557309161347e-01 4.3111395494679737e-04
7.2783654346281212e-01 4.3082675909942035e-04
7.2826722655312914e-01 4.3053939320259024e-04
7.2869762219257173e-01 4.3025185736950610e-04
7.2912773021126043e-01 4.2996415171379855e-04
7.2955755043942938e-01 4.2967627634897488e-04
7.2998708270742629e-01 4.2938823138869814e-04
7.3041632684571256e-01 4.2910001694657155e-04
7.3084528268486326e-01 4.2881163313641713e-04
7.3127395005556728e-01 4.2852308007210573e-04
7.3170232878862729e-01 4.2823435786778607e-04
7.3213041871496021e-01 4.2794546663660441e-04
7.3255821966559642e-01 4.2765640649356353e-04
7.3298573147168089e-01 4.2736717755198462e-04
7.3341295396447237e-01 4.2707777992635960e-04
7.3383988697534386e-01 4.2678821373115224e-04
7.3426653033578271e-01 4.2649847908047178e-04
7.3469288387739062e-01 4.2620857608848027e-04
7.3511894743188366e-01 4.2591850486949995e-04
7.3554472083109212e-01 4.2562826553869791e-04
7.3597020390696122e-01 4.2533785820998747e-04
7.3639539649155050e-01 4.2504728299814685e-04
7.3682029841703423e-01 4.2475654001793178e-04
7.3724490951570143e-01 4.2446562938394401e-04
7.3766922961995574e-01 4.2417455121157046e-04
7.3809325856231600e-01 4.2388330561494579e-04
7.3851699617541566e-01 4.2359189270946659e-04
7.3894044229200329e-01 4.2330031261012847e-04
7.3936359674494256e-01 4.2300856543167593e-04
7.3978645936721210e-01 4.2271665128975261e-04
7.4020902999190585e-01 4.2242457029943958e-04
7.4063130845223302e-01 4.2213232257588075e-04
7.4105329458151803e-01 4.2183990823463813e-04
7.4147498821320090e-01 4.2154732739063298e-04
7.4189638918083678e-01 4.2125458016001641e-04
7.4231749731809660e-01 4.2096166665774308e-04
7.4273831245876687e-01 4.2066858699971800e-04
7.4315883443674946e-01 4.2037534130174209e-04
7.4357906308606225e-01 4.2008192967940452e-04
7.4399899824083870e-01 4.1978835224885979e-04
7.4441863973532851e-01 4.1949460912496728e-04
7.4483798740389662e-01 4.1920070042497556e-04
7.4525704108102453e-01 4.1890662626410853e-04
7.4567580060130956e-01 4.1861238675848620e-04
7.4609426579946514e-01 4.1831798202424271e-04
7.4651243651032073e-01 4.1802341217809548e-04
7.4693031256882236e-01 4.1772867733562836e-04
7.4734789381003208e-01 4.1743377761350607e-04
7.4776518006912829e-01 4.1713871312849441e-04
7.4818217118140617e-01 4.1684348399614174e-04
7.4859886698227696e-01 4.1654809033376064e-04
7.4901526730726875e-01 4.1625253225750856e-04
7.4943137199202614e-01 4.1595680988414400e-04
7.4984718087231039e-01 4.1566092333057149e-04
7.5026269378399957e-01 4.1536487271357078e-04
7.5067791056308852e-01 4.1506865815011930e-04
7.5109283104568925e-01 4.1477227975634195e-04
7.5150745506803018e-01 4.1447573765020766e-04
7.5192178246645724e-01 4.1417903194813129e-04
7.5233581307743325e-01 4.1388216276722729e-04
7.5274954673753802e-01 4.1358513022510154e-04
7.5316298328346876e-01 4.1328793443894959e-04
7.5357612255203998e-01 4.1299057552569146e-04
7.5398896438018337e-01 4.1269305360311880e-04
7.5440150860494826e-01 4.1239536878805193e-04
7.5481375506350112e-01 4.1209752119858987e-04
7.5522570359312624e-01 4.1179951095192933e-04
7.5563735403122523e-01 4.1150133816622261e-04
7.5604870621531772e-01 4.1120300295838127e-04
7.5645975998304071e-01 4.1090450544674790e-04
7.5687051517214921e-01 4.1060584574887906e-04
7.5728097162051589e-01 4.1030702398300097e-04
7.5769112916613157e-01 4.1000804026662815e-04
7.5810098764710487e-01 4.0970889471799127e-04
7.5851054690166253e-01 4.0940958745513630e-04
7.5891980676814941e-01 4.0911011859601280e-04
7.5932876708502839e-01 4.0881048825923752e-04
7.5973742769088082e-01 4.0851069656268498e-04
7.6014578842440617e-01 4.0821074362484789e-04
7.6055384912442237e-01 4.0791062956397673e-04
7.6096160962986570e-01 4.0761035449863979e-04
7.6136906977979091e-01 4.0730991854756821e-04
7.6177622941337142e-01 4.0700932182908411e-04
7.6218308836989923e-01 4.0670856446169509e-04
7.6258964648878491e-01 4.0640764656442202e-04
7.6299590360955782e-01 4.0610656825614921e-04
7.6340185957186624e-01 4.0580532965540982e-04
7.6380751421547721e-01 4.0550393088111593e-04
7.6421286738027672e-01 4.0520237205235026e-04
7.6461791890626973e-01 4.0490065328817028e-04
7.6502266863358037e-01 4.0459877470742862e-04
7.6542711640245176e-01 4.0429673642944933e-04
7.6583126205324625e-01 4.0399453857341310e-04
7.6623510542644546e-01 4.0369218125861926e-04
7.6663864636265022e-01 4.0338966460467173e-04
7.6704188470258095e-01 4.0308698873052907e-04
7.6744482028707728e-01 4.0278415375591501e-04
7.6784745295709855e-01 4.0248115979996124e-04
7.6824978255372334e-01 4.0217800698306820e-04
7.6865180891815021e-01 4.0187469542425825e-04
7.6905353189169734e-01 4.0157122524300863e-04
7.6945495131580233e-01 4.0126759655997733e-04
7.6985606703202303e-01 4.0096380949429083e-04
7.7025687888203687e-01 4.0065986416625460e-04
7.7065738670764139e-01 4.0035576069556711e-04
7.7105759035075394e-01 4.0005149920272875e-04
7.7145748965341221e-01 3.9974707980724674e-04
7.7185708445777390e-01 3.9944250262910253e-04
7.7225637460611662e-01 3.9913776778942501e-04
7.7265535994083867e-01 3.9883287540771908e-04
7.7305404030445835e-01 3.9852782560474156e-04
7.7345241553961441e-01 3.9822261850095135e-04
7.7385048548906621e-01 3.9791725421634461e-04
7.7424824999569342e-01 3.9761173287157151e-04
7.7464570890249618e-01 3.9730605458774149e-04
7.7504286205259554e-01 3.9700021948491120e-04
7.7543970928923300e-01 3.9669422768408595e-04
7.7583625045577098e-01 3.9638807930573430e-04
7.7623248539569245e-01 3.9608177447126279e-04
7.7662841395260152e-01 3.9577531330120335e-04
7.7702403597022307e-01 3.9546869591664463e-04
7.7741935129240314e-01 3.9516192243824183e-04
7.7781435976310853e-01 3.9485499298773092e-04
7.7820906122642752e-01 3.9454790768556330e-04
7.7860345552656929e-01 3.9424066665332447e-04
7.7899754250786435e-01 3.9393327001225421e-04
7.7939132201476446e-01 3.9362571788387749e-04
7.7978479389184296e-01 3.9331801038898712e-04
7.8017795798379430e-01 3.9301014764960593e-04
7.8057081413543450e-01 3.9270212978745529e-04
7.8096336219170137e-01 3.9239395692339409e-04
7.8135560199765408e-01 3.9208562917931246e-04
7.8174753339847358e-01 3.9177714667676676e-04
7.8213915623946229e-01 3.9146850953833309e-04
7.8253047036604484e-01 3.9115971788493143e-04
7.8292147562376746e-01 3.9085077183869228e-04
7.8331217185829827e-01 3.9054167152178485e-04
7.8370255891542751e-01 3.9023241705590420e-04
7.8409263664106732e-01 3.8992300856327403e-04
7.8448240488125209e-01 3.8961344616565149e-04
7.8487186348213800e-01 3.8930372998626108e-04
7.8526101229000400e-01 3.8899386014615788e-04
7.8564985115125086e-01 3.8868383676836122e-04
7.8603837991240189e-01 3.8837365997502137e-04
7.8642659842010276e-01 3.8806332988858277e-04
7.8681450652112173e-01 3.8775284663107259e-04
7.8720210406234914e-01 3.8744221032619190e-04
7.8758939089079849e-01 3.8713142109550013e-04
7.8797636685360561e-01 3.8682047906182196e-04
7.8836303179802891e-01 3.8650938434854729e-04
7.8874938557144991e-01 3.8619813707765064e-04
7.8913542802137260e-01 3.8588673737266922e-04
7.8952115899542419e-01 3.8557518535574473e-04
7.8990657834135447e-01 3.8526348115059447e-04
7.9029168590703658e-01 3.8495162487960723e-04
7.9067648154046632e-01 3.8463961666676202e-04
7.9106096508976309e-01 3.8432745663430736e-04
7.9144513640316916e-01 3.8401514490566155e-04
7.9182899532905004e-01 3.8370268160435909e-04
7.9221254171589461e-01 3.8339006685378791e-04
7.9259577541231518e-01 3.8307730077700145e-04
7.9297869626704742e-01 3.8276438349743288e-04
7.9336130412895034e-01 3.8245131513912992e-04
7.9374359884700674e-01 3.8213809582516889e-04
7.9412558027032287e-01 3.8182472567925368e-04
7.9450724824812868e-01 3.8151120482509326e-04
7.9488860262977790e-01 3.8119753338638584e-04
7.9526964326474769e-01 3.8088371148727637e-04
7.9565037000263961e-01 3.8056973925126652e-04
7.9603078269317873e-01 3.8025561680236452e-04
7.9641088118621417e-01 3.7994134426464182e-04
7.9679066533171916e-01 3.7962692176175009e-04
7.9717013497979072e-01 3.7931234941859256e-04
7.9754928998065044e-01 3.7899762735836546e-04
7.9792813018464359e-01 3.7868275570643447e-04
7.9830665544224022e-01 3.7836773458598964e-04
7.9868486560403429e-01 3.7805256412198836e-04
7.9906276052074432e-01 3.7773724443864354e-04
7.9944034004321318e-01 3.7742177566053934e-04
7.9981760402240831e-01 3.7710615791204183e-04
8.0019455230942160e-01 3.7679039131764946e-04
8.0057118475546973e-01 3.7647447600215042e-04
8.0094750121189373e-01 3.7615841209030391e-04
8.0132350153015963e-01 3.7584219970662194e-04
8.0169918556185804e-01 3.7552583897641057e-04
8.0207455315870468e-01 3.7520933002377599e-04
8.0244960417253985e-01 3.7489267297431412e-04
8.0282433845532908e-01 3.7457586795254364e-04
8.0319875585916267e-01 3.7425891508392073e-04
8.0357285623625618e-01 3.7394181449334812e-04
8.0394663943895028e-01 3.7362456630580322e-04
8.0432010531971065e-01 3.7330717064710189e-04
8.0469325373112854e-01 3.7298962764174625e-04
8.0506608452592021e-01 3.7267193741557093e-04
8.0543859755692748e-01 3.7235410009360705e-04
8.0581079267711742e-01 3.7203611580173876e-04
8.0618266973958275e-01 3.7171798466509591e-04
8.0655422859754156e-01 3.7139970680966663e-04
8.0692546910433771e-01 3.7108128236073499e-04
8.0729639111344054e-01 3.7076271144443571e-04
8.0766699447844537e-01 3.7044399418571095e-04
8.0803727905307299e-01 3.7012513071091698e-04
8.0840724469117020e-01 3.6980612114568336e-04
8.0877689124670959e-01 3.6948696561613206e-04
8.0914621857378977e-01 3.6916766424811419e-04
8.0951522652663521e-01 3.6884821716801200e-04
8.0988391495959666e-01 3.6852862450152419e-04
8.1025228372715097e-01 3.6820888637433533e-04
8.1062033268390077e-01 3.6788900291391031e-04
8.1098806168457549e-01 3.6756897424531569e-04
8.1135547058403046e-01 3.6724880049540128e-04
8.1172255923724757e-01 3.6692848179010025e-04
8.1208932749933482e-01 3.6660801825662471e-04
8.1245577522552692e-01 3.6628741002129656e-04
8.1282190227118523e-01 3.6596665720983648e-04
8.1318770849179722e-01 3.6564575994995079e-04
8.1355319374297741e-01 3.6532471836778761e-04
8.1391835788046696e-01 3.6500353258955322e-04
8.1428320076013350e-01 3.6468220274286499e-04
8.1464772223797177e-01 3.6436072895392309e-04
8.1501192217010310e-01 3.6403911135032992e-04
8.1537580041277602e-01 3.6371735005831345e-04
8.1573935682236587e-01 3.6339544520500337e-04
8.1610259125537488e-01 3.6307339691814359e-04
8.1646550356843273e-01 3.6275120532391902e-04
8.1682809361829589e-01 3.6242887055015126e-04
8.1719036126184830e-01 3.6210639272358911e-04
8.1755230635610099e-01 3.6178377197157452e-04
8.1791392875819224e-01 3.6146100842196575e-04
8.1827522832538790e-01 3.6113810220172972e-04
8.1863620491508116e-01 3.6081505343827757e-04
8.1899685838479264e-01 3.6049186225923006e-04
8.1935718859217044e-01 3.6016852879254302e-04
8.1971719539499055e-01 3.5984505316499841e-04
8.2007687865115619e-01 3.5952143550521464e-04
8.2043623821869871e-01 3.5919767593999696e-04
8.2079527395577689e-01 3.5887377459766032e-04
8.2115398572067744e-01 3.5854973160619565e-04
8.2151237337181504e-01 3.5822554709299536e-04
8.2187043676773208e-01 3.5790122118668229e-04
8.2222817576709928e-01 3.5757675401434545e-04
8.2258559022871502e-01 3.5725214570473058e-04
8.2294268001150594e-01 3.5692739638609679e-04
8.2329944497452690e-01 3.5660250618634438e-04
8.2365588497696085e-01 3.5627747523386019e-04
8.2401199987811924e-01 3.5595230365622997e-04
8.2436778953744139e-01 3.5562699158301172e-04
8.2472325381449552e-01 3.5530153914139150e-04
8.2507839256897786e-01 3.5497594646063870e-04
8.2543320566071332e-01 3.5465021366908815e-04
8.2578769294965537e-01 3.5432434089510901e-04
8.2614185429588594e-01 3.5399832826776769e-04
8.2649568955961583e-01 3.5367217591503620e-04
8.2684919860118422e-01 3.5334588396665007e-04
8.2720238128105950e-01 3.5301945255018482e-04
8.2755523745983839e-01 3.5269288179554879e-04
8.2790776699824686e-01 3.5236617183097117e-04
8.2825996975713967e-01 3.5203932278541277e-04
8.2861184559750045e-01 3.5171233478830066e-04
8.2896339438044198e-01 3.5138520796872510e-04
8.2931461596720624e-01 3.5105794245517591e-04
8.2966551021916413e-01 3.5073053837736574e-04
8.3001607699781588e-01 3.5040299586439641e-04
8.3036631616479095e-01 3.5007531504557246e-04
8.3071622758184815e-01 3.4974749605003972e-04
8.3106581111087552e-01 3.4941953900773364e-04
8.3141506661389075e-01 3.4909144404738924e-04
8.3176399395304079e-01 3.4876321129890582e-04
8.3211259299060225e-01 3.4843484089160987e-04
8.3246086358898119e-01 3.4810633295549487e-04
8.3280880561071347e-01 3.4777768761983804e-04
8.3315641891846448e-01 3.4744890501468628e-04
8.3350370337502944e-01 3.4711998526980857e-04
8.3385065884333354e-01 3.4679092851420848e-04
8.3419728518643144e-01 3.4646173487872824e-04
8.3454358226750791e-01 3.4613240449330211e-04
8.3488954994987785e-01 3.4580293748717039e-04
8.3523518809698583e-01 3.4547333399123891e-04
8.3558049657240674e-01 3.4514359413522340e-04
8.3592547523984562e-01 3.4481371804885607e-04
8.3627012396313749e-01 3.4448370586275971e-04
8.3661444260624773e-01 3.4415355770710233e-04
8.3695843103327194e-01 3.4382327371234569e-04
8.3730208910843607e-01 3.4349285400899870e-04
8.3764541669609660e-01 3.4316229872685471e-04
8.3798841366074028e-01 3.4283160799673188e-04
8.3833107986698430e-01 3.4250078194971410e-04
8.3867341517957672e-01 3.4216982071537741e-04
8.3901541946339597e-01 3.4183872442457227e-04
8.3935709258345104e-01 3.4150749320865286e-04
8.3969843440488179e-01 3.4117612719815034e-04
8.4003944479295900e-01 3.4084462652308599e-04
8.4038012361308390e-01 3.4051299131521368e-04
8.4072047073078882e-01 3.4018122170520427e-04
8.4106048601173700e-01 3.3984931782393273e-04
8.4140016932172268e-01 3.3951727980214446e-04
8.4173952052667111e-01 3.3918510777080388e-04
8.4207853949263844e-01 3.3885280186180216e-04
8.4241722608581227e-01 3.3852036220558565e-04
8.4275558017251107e-01 3.3818778893409236e-04
8.4309360161918490e-01 3.3785508217771951e-04
8.4343129029241493e-01 3.3752224206777960e-04
8.4376864605891344e-01 3.3718926873682392e-04
8.4410566878552462e-01 3.3685616231498303e-04
8.4444235833922365e-01 3.3652292293463059e-04
8.4477871458711762e-01 3.3618955072630107e-04
8.4511473739644472e-01 3.3585604582275660e-04
8.4545042663457515e-01 3.3552240835479674e-04
8.4578578216901046e-01 3.3518863845496982e-04
8.4612080386738431e-01 3.3485473625377967e-04
8.4645549159746170e-01 3.3452070188398826e-04
8.4678984522713974e-01 3.3418653547686499e-04
8.4712386462444722e-01 3.3385223716478850e-04
8.4745754965754494e-01 3.3351780707973217e-04
8.4779090019472580e-01 3.3318324535303370e-04
8.4812391610441451e-01 3.3284855211726750e-04
8.4845659725516798e-01 3.3251372750434208e-04
8.4878894351567513e-01 3.3217877164689626e-04
8.4912095475475724e-01 3.3184368467676051e-04
8.4945263084136780e-01 3.3150846672589870e-04
8.4978397164459252e-01 3.3117311792660867e-04
8.5011497703364924e-01 3.3083763841234621e-04
8.5044564687788871e-01 3.3050202831411504e-04
8.5077598104679364e-01 3.3016628776511220e-04
8.5110597940997945e-01 3.2983041689771012e-04
8.5143564183719400e-01 3.2949441584485741e-04
8.5176496819831793e-01 3.2915828473851306e-04
8.5209395836336432e-01 3.2882202371178372e-04
8.5242261220247906e-01 3.2848563289732699e-04
8.5275092958594079e-01 3.2814911242774107e-04
8.5307891038416084e-01 3.2781246243628157e-04
8.5340655446768354e-01 3.2747568305549327e-04
8.5373386170718613e-01 3.2713877441805500e-04
8.5406083197347860e-01 3.2680173665752262e-04
8.5438746513750419e-01 3.2646456990636499e-04
8.5471376107033903e-01 3.2612727429798911e-04
8.5503971964319236e-01 3.2578984996577939e-04
8.5536534072740678e-01 3.2545229704224253e-04
8.5569062419445774e-01 3.2511461566153612e-04
8.5601556991595440e-01 3.2477680595578018e-04
8.5634017776363880e-01 3.2443886805928680e-04
8.5666444760938665e-01 3.2410080210479823e-04
8.5698837932520688e-01 3.2376260822607200e-04
8.5731197278324189e-01 3.2342428655699460e-04
8.5763522785576785e-01 3.2308583723007864e-04
8.5795814441519413e-01 3.2274726037965991e-04
8.5828072233406394e-01 3.2240855613917827e-04
8.5860296148505399e-01 3.2206972464279593e-04
8.5892486174097493e-01 3.2173076602366138e-04
8.5924642297477105e-01 3.2139168041549969e-04
8.5956764505952044e-01 3.2105246795227264e-04
8.5988852786843506e-01 3.2071312876780618e-04
8.6020907127486068e-01 3.2037366299671248e-04
8.6052927515227728e-01 3.2003407077223499e-04
8.6084913937429863e-01 3.1969435222892141e-04
8.6116866381467283e-01 3.1935450749987626e-04
8.6148784834728165e-01 3.1901453672066385e-04
8.6180669284614153e-01 3.1867444002419424e-04
8.6212519718540270e-01 3.1833421754564201e-04
8.6244336123934995e-01 3.1799386941877778e-04
8.6276118488240217e-01 3.1765339577839155e-04
8.6307866798911292e-01 3.1731279675767810e-04
8.6339581043416969e-01 3.1697207249270064e-04
8.6371261209239480e-01 3.1663122311722923e-04
8.6402907283874508e-01 3.1629024876542086e-04
8.6434519254831177e-01 3.1594914957210681e-04
8.6466097109632067e-01 3.1560792567236567e-04
8.6497640835813239e-01 3.1526657720076302e-04
8.6529150420924239e-01 3.1492510429088178e-04
8.6560625852528039e-01 3.1458350707915856e-04
8.6592067118201144e-01 3.1424178569927419e-04
8.6623474205533502e-01 3.1389994028714906e-04
8.6654847102128596e-01 3.1355797097641484e-04
8.6686185795603365e-01 3.1321587790284524e-04
8.6717490273588260e-01 3.1287366120172783e-04
8.6748760523727253e-01 3.1253132100734924e-04
8.6779996533677806e-01 3.1218885745528980e-04
8.6811198291110903e-01 3.1184627068063563e-04
8.6842365783711040e-01 3.1150356081905762e-04
8.6873498999176257e-01 3.1116072800513447e-04
8.6904597925218119e-01 3.1081777237387305e-04
8.6935662549561687e-01 3.1047469406218981e-04
8.6966692859945627e-01 3.1013149320367192e-04
8.6997688844122090e-01 3.0978816993500457e-04
8.7028650489856807e-01 3.0944472439129253e-04
8.7059577784929054e-01 3.0910115670814147e-04
8.7090470717131663e-01 3.0875746702138310e-04
8.7121329274271042e-01 3.0841365546603773e-04
8.7152153444167146e-01 3.0806972217854988e-04
8.7182943214653519e-01 3.0772566729440676e-04
8.7213698573577281e-01 3.0738149094919630e-04
8.7244419508799131e-01 3.0703719327876487e-04
8.7275106008193359e-01 3.0669277441885810e-04
8.7305758059647831e-01 3.0634823450615957e-04
8.7336375651064024e-01 3.0600357367646479e-04
8.7366958770357028e-01 3.0565879206518871e-04
8.7397507405455521e-01 3.0531388980861978e-04
8.7428021544301793e-01 3.0496886704322771e-04
8.7458501174851755e-01 3.0462372390505251e-04
8.7488946285074931e-01 3.0427846053073508e-04
8.7519356862954500e-01 3.0393307705528467e-04
8.7549732896487220e-01 3.0358757361664731e-04
8.7580074373683536e-01 3.0324195034977028e-04
8.7610381282567495e-01 3.0289620739189872e-04
8.7640653611176800e-01 3.0255034487961928e-04
8.7670891347562807e-01 3.0220436294924003e-04
8.7701094479790531e-01 3.0185826173699033e-04
8.7731262995938641e-01 3.0151204137928540e-04
8.7761396884099452e-01 3.0116570201362257e-04
8.7791496132378966e-01 3.0081924377639774e-04
8.7821560728896864e-01 3.0047266680367443e-04
8.7851590661786472e-01 3.0012597123348295e-04
8.7881585919194838e-01 2.9977915720156716e-04
8.7911546489282666e-01 2.9943222484545885e-04
8.7941472360224360e-01 2.9908517430226900e-04
8.7971363520208035e-01 2.9873800570822464e-04
8.8001219957435495e-01 2.9839071920032223e-04
8.8031041660122233e-01 2.9804331491652553e-04
8.8060828616497477e-01 2.9769579299343730e-04
8.8090580814804165e-01 2.9734815356794396e-04
8.8120298243298933e-01 2.9700039677802294e-04
8.8149980890252166e-01 2.9665252276065302e-04
8.8179628743947980e-01 2.9630453165234151e-04
8.8209241792684190e-01 2.9595642359140381e-04
8.8238820024772391e-01 2.9560819871507152e-04
8.8268363428537888e-01 2.9525985716055274e-04
8.8297871992319754e-01 2.9491139906517806e-04
8.8327345704470794e-01 2.9456282456708210e-04
8.8356784553357592e-01 2.9421413380320002e-04
8.8386188527360476e-01 2.9386532691138770e-04
8.8415557614873541e-01 2.9351640402957527e-04
8.8444891804304648e-01 2.9316736529579138e-04
8.8474191084075460e-01 2.9281821084668085e-04
8.8503455442621382e-01 2.9246894082095981e-04
8.8532684868391631e-01 2.9211955535575582e-04
8.8561879349849182e-01 2.9177005459012475e-04
8.8591038875470840e-01 2.9142043866082096e-04
8.8620163433747179e-01 2.9107070770640399e-04
8.8649253013182583e-01 2.9072086186498016e-04
8.8678307602295237e-01 2.9037090127499043e-04
8.8707327189617158e-01 2.9002082607362399e-04
8.8736311763694153e-01 2.8967063639972015e-04
8.8765261313085875e-01 2.8932033239064049e-04
8.8794175826365762e-01 2.8896991418594643e-04
8.8823055292121122e-01 2.8861938192300391e-04
8.8851899698953063e-01 2.8826873574113902e-04
8.8880709035476568e-01 2.8791797577742246e-04
8.8909483290320435e-01 2.8756710217083556e-04
8.8938222452127302e-01 2.8721611506050216e-04
8.8966926509553679e-01 2.8686501458468971e-04
8.8995595451269938e-01 2.8651380088107415e-04
8.9024229265960275e-01 2.8616247408935628e-04
8.9052827942322799e-01 2.8581103434776738e-04
8.9081391469069449e-01 2.8545948179478978e-04
8.9109919834926044e-01 2.8510781657006297e-04
8.9138413028632302e-01 2.8475603881156556e-04
8.9166871038941808e-01 2.8440414865828597e-04
8.9195293854622038e-01 2.8405214624919740e-04
8.9223681464454363e-01 2.8370003172274255e-04
8.9252033857234025e-01 2.8334780521929297e-04
8.9280351021770210e-01 2.8299546687643521e-04
8.9308632946885969e-01 2.8264301683420293e-04
8.9336879621418297e-01 2.8229045523052719e-04
8.9365091034218058e-01 2.8193778220624580e-04
8.9393267174150082e-01 2.8158499789923274e-04
8.9421408030093097e-01 2.8123210244882337e-04
8.9449513590939744e-01 2.8087909599535288e-04
8.9477583845596631e-01 2.8052597867695876e-04
8.9505618782984275e-01 2.8017275063342740e-04
8.9533618392037140e-01 2.7981941200423346e-04
8.9561582661703620e-01 2.7946596292961068e-04
8.9589511580946102e-01 2.7911240354731962e-04
8.9617405138740869e-01 2.7875873399849240e-04
8.9645263324078206e-01 2.7840495442197911e-04
8.9673086125962320e-01 2.7805106495776603e-04
8.9700873533411429e-01 2.7769706574510400e-04
8.9728625535457696e-01 2.7734295692357567e-04
8.9756342121147237e-01 2.7698873863439105e-04
8.9784023279540204e-01 2.7663441101528398e-04
8.9811668999710670e-01 2.7627997420797605e-04
8.9839279270746752e-01 2.7592542835066635e-04
8.9866854081750513e-01 2.7557077358449544e-04
8.9894393421838037e-01 2.7521601004913834e-04
8.9921897280139396e-01 2.7486113788494489e-04
8.9949365645798685e-01 2.7450615723134322e-04
8.9976798507973987e-01 2.7415106822891718e-04
9.0004195855837421e-01 2.7379587101720093e-04
9.0031557678575103e-01 2.7344056573683125e-04
9.0058883965387171e-01 2.7308515252846816e-04
9.0086174705487809e-01 2.7272963153168533e-04
9.0113429888105212e-01 2.7237400288732171e-04
9.0140649502481629e-01 2.7201826673494632e-04
9.0167833537873321e-01 2.7166242321593803e-04
9.0194981983550615e-01 2.7130647247026519e-04
9.0222094828797872e-01 2.7095041463883916e-04
9.0249172062913519e-01 2.7059424986161402e-04
9.0276213675210026e-01 2.7023797827938208e-04
9.0303219655013922e-01 2.6988160003330150e-04
9.0330189991665821e-01 2.6952511526288269e-04
9.0357124674520384e-01 2.6916852410937268e-04
9.0384023692946336e-01 2.6881182671441224e-04
9.0410887036326515e-01 2.6845502321745982e-04
9.0437714694057803e-01 2.6809811376043795e-04
9.0464506655551202e-01 2.6774109848289837e-04
9.0491262910231762e-01 2.6738397752743676e-04
9.0517983447538675e-01 2.6702675103326728e-04
9.0544668256925187e-01 2.6666941914251597e-04
9.0571317327858669e-01 2.6631198199603037e-04
9.0597930649820591e-01 2.6595443973510710e-04
9.0624508212306543e-01 2.6559679250028263e-04
9.0651050004826217e-01 2.6523904043311677e-04
9.0677556016903438e-01 2.6488118367427497e-04
9.0704026238076130e-01 2.6452322236593493e-04
9.0730460657896361e-01 2.6416515664921727e-04
9.0756859265930345e-01 2.6380698666431904e-04
9.0783222051758394e-01 2.6344871255393437e-04
9.0809549004974988e-01 2.6309033445889336e-04
9.0835840115188737e-01 2.6273185252077494e-04
9.0862095372022411e-01 2.6237326688067261e-04
9.0888314765112910e-01 2.6201457768099909e-04
9.0914498284111311e-01 2.6165578506264365e-04
9.0940645918682850e-01 2.6129688916684931e-04
9.0966757658506903e-01 2.6093789013629821e-04
9.0992833493277037e-01 2.6057878811223424e-04
9.1018873412700985e-01 2.6021958323632811e-04
9.1044877406500657e-01 2.5986027565015477e-04
9.1070845464412131e-01 2.5950086549634470e-04
9.1096777576185695e-01 2.5914135291562273e-04
9.1122673731585790e-01 2.5878173805107319e-04
9.1148533920391095e-01 2.5842202104302362e-04
9.1174358132394429e-01 2.5806220203536650e-04
9.1200146357402856e-01 2.5770228116902243e-04
9.1225898585237630e-01 2.5734225858606866e-04
9.1251614805734216e-01 2.5698213442836265e-04
9.1277295008742265e-01 2.5662190883952876e-04
9.1302939184125698e-01 2.5626158195972149e-04
9.1328547321762610e-01 2.5590115393208046e-04
9.1354119411545320e-01 2.5554062489999173e-04
9.1379655443380425e-01 2.5517999500339279e-04
9.1405155407188687e-01 2.5481926438693545e-04
9.1430619292905158e-01 2.5445843319158655e-04
9.1456047090479098e-01 2.5409750156042476e-04
9.1481438789874037e-01 2.5373646963502630e-04
9.1506794381067724e-01 2.5337533755883756e-04
9.1532113854052177e-01 2.5301410547435036e-04
9.1557397198833679e-01 2.5265277352331318e-04
9.1582644405432745e-01 2.5229134184954111e-04
9.1607855463884191e-01 2.5192981059423211e-04
9.1633030364237056e-01 2.5156817990192390e-04
9.1658169096554698e-01 2.5120644991365426e-04
9.1683271650914711e-01 2.5084462077350932e-04
9.1708338017409008e-01 2.5048269262258754e-04
9.1733368186143738e-01 2.5012066560570412e-04
9.1758362147239370e-01 2.4975853986519296e-04
9.1783319890830672e-01 2.4939631554278378e-04
9.1808241407066671e-01 2.4903399278322879e-04
9.1833126686110733e-01 2.4867157172803325e-04
9.1857975718140505e-01 2.4830905252052645e-04
9.1882788493347933e-01 2.4794643530469829e-04
9.1907565001939284e-01 2.4758372022368744e-04
9.1932305234135159e-01 2.4722090741939362e-04
9.1957009180170446e-01 2.4685799703587970e-04
9.1981676830294379e-01 2.4649498921570652e-04
9.2006308174770490e-01 2.4613188410341344e-04
9.2030903203876679e-01 2.4576868184087613e-04
9.2055461907905145e-01 2.4540538257259218e-04
9.2079984277162441e-01 2.4504198644170229e-04
9.2104470301969465e-01 2.4467849359131839e-04
9.2128919972661460e-01 2.4431490416460552e-04
9.2153333279588001e-01 2.4395121830598571e-04
9.2177710213113029e-01 2.4358743615894194e-04
9.2202050763614862e-01 2.4322355786541785e-04
9.2226354921486131e-01 2.4285958357116337e-04
9.2250622677133864e-01 2.4249551341931126e-04
9.2274854020979469e-01 2.4213134755237043e-04
9.2299048943458684e-01 2.4176708611572091e-04
9.2323207435021670e-01 2.4140272925141901e-04
9.2347329486132923e-01 2.4103827710495406e-04
9.2371415087271358e-01 2.4067372981910517e-04
9.2395464228930257e-01 2.4030908753804861e-04
9.2419476901617292e-01 2.3994435040633824e-04
9.2443453095854555e-01 2.3957951856644157e-04
9.2467392802178494e-01 2.3921459216406159e-04
9.2491296011140001e-01 2.3884957134186630e-04
9.2515162713304344e-01 2.3848445624459778e-04
9.2538992899251216e-01 2.3811924701618104e-04
9.2562786559574706e-01 2.3775394380155137e-04
9.2586543684883349e-01 2.3738854674366762e-04
9.2610264265800080e-01 2.3702305598707164e-04
9.2633948292962254e-01 2.3665747167658893e-04
9.2657595757021671e-01 2.3629179395577750e-04
9.2681206648644543e-01 2.3592602296987870e-04
9.2704780958511546e-01 2.3556015886185046e-04
9.2728318677317756e-01 2.3519420177760654e-04
9.2751819795772716e-01 2.3482815186140024e-04
9.2775284304600425e-01 2.3446200925681258e-04
9.2798712194539312e-01 2.3409577410867882e-04
9.2822103456342253e-01 2.3372944656278248e-04
9.2845458080776622e-01 2.3336302676158508e-04
9.2868776058624214e-01 2.3299651485059295e-04
9.2892057380681292e-01 2.3262991097530337e-04
9.2915302037758607e-01 2.3226321527962550e-04
9.2938510020681364e-01 2.3189642790884984e-04
9.2961681320289269e-01 2.3152954900638916e-04
9.2984815927436471e-01 2.3116257871844616e-04
9.3007913832991618e-01 2.3079551718996035e-04
9.3030975027837859e-01 2.3042836456485961e-04
9.3053999502872820e-01 2.3006112098810437e-04
9.3076987249008614e-01 2.2969378660505586e-04
9.3099938257171855e-01 2.2932636156098359e-04
9.3122852518303656e-01 2.2895884600124719e-04
9.3145730023359663e-01 2.2859124006897289e-04
9.3168570763309977e-01 2.2822354391150229e-04
9.3191374729139254e-01 2.2785575767278406e-04
9.3214141911846649e-01 2.2748788149795572e-04
9.3236872302445828e-01 2.2711991553296212e-04
9.3259565891965002e-01 2.2675185992181729e-04
9.3282222671446879e-01 2.2638371481083704e-04
9.3304842631948715e-01 2.2601548034513550e-04
9.3327425764542293e-01 2.2564715666984535e-04
9.3349972060313924e-01 2.2527874393122411e-04
9.3372481510364491e-01 2.2491024227269541e-04
9.3394954105809369e-01 2.2454165184201120e-04
9.3417389837778531e-01 2.2417297278268285e-04
9.3439788697416459e-01 2.2380420524159008e-04
9.3462150675882216e-01 2.2343534936362705e-04
9.3484475764349417e-01 2.2306640529393972e-04
9.3506763954006211e-01 2.2269737317996094e-04
9.3529015236055357e-01 2.2232825316538502e-04
9.3551229601714148e-01 2.2195904539682026e-04
9.3573407042214451e-01 2.2158975002037156e-04
9.3595547548802727e-01 2.2122036718098662e-04
9.3617651112740008e-01 2.2085089702428585e-04
9.3639717725301874e-01 2.2048133969714042e-04
9.3661747377778548e-01 2.2011169534427795e-04
9.3683740061474796e-01 2.1974196411243935e-04
9.3705695767709984e-01 2.1937214614802693e-04
9.3727614487818101e-01 2.1900224159547449e-04
9.3749496213147698e-01 2.1863225060181414e-04
9.3771340935061953e-01 2.1826217331262458e-04
9.3793148644938629e-01 2.1789200987479485e-04
9.3814919334170122e-01 2.1752176043327194e-04
9.3836652994163416e-01 2.1715142513516710e-04
9.3858349616340131e-01 2.1678100412601459e-04
9.3880009192136493e-01 2.1641049755223560e-04
9.3901631713003353e-01 2.1603990556028166e-04
9.3923217170406192e-01 2.1566922829610493e-04
9.3944765555825116e-01 2.1529846590621961e-04
9.3966276860754860e-01 2.1492761853729106e-04
9.3987751076704806e-01 2.1455668633522810e-04
9.4009188195198978e-01 2.1418566944562538e-04
9.4030588207776011e-01 2.1381456801684173e-04
9.4051951105989229e-01 2.1344338219365816e-04
9.4073276881406565e-01 2.1307211212416878e-04
9.4094565525610641e-01 2.1270075795352009e-04
9.4115817030198712e-01 2.1232931982872427e-04
9.4137031386782710e-01 2.1195779789546522e-04
9.4158208586989189e-01 2.1158619230282386e-04
9.4179348622459425e-01 2.1121450319525390e-04
9.4200451484849324e-01 2.1084273072027437e-04
9.4221517165829471e-01 2.1047087502506476e-04
9.4242545657085142e-01 2.1009893625571069e-04
9.4263536950316285e-01 2.0972691455856089e-04
9.4284491037237517e-01 2.0935481008135722e-04
9.4305407909578154e-01 2.0898262297120124e-04
9.4326287559082189e-01 2.0861035337421365e-04
9.4347129977508326e-01 2.0823800143795815e-04
9.4367935156629956e-01 2.0786556730862987e-04
9.4388703088235160e-01 2.0749305113384651e-04
9.4409433764126727e-01 2.0712045306056016e-04
9.4430127176122158e-01 2.0674777323518917e-04
9.4450783316053644e-01 2.0637501180605650e-04
9.4471402175768104e-01 2.0600216891955079e-04
9.4491983747127173e-01 2.0562924472245764e-04
9.4512528022007181e-01 2.0525623936340371e-04
9.4533034992299214e-01 2.0488315298781919e-04
9.4553504649909059e-01 2.0450998574352223e-04
9.4573936986757223e-01 2.0413673777890971e-04
9.4594331994778968e-01 2.0376340924015932e-04
9.4614689665924279e-01 2.0339000027467104e-04
9.4635009992157870e-01 2.0301651103023393e-04
9.4655292965459203e-01 2.0264294165386597e-04
9.4675538577822493e-01 2.0226929229354702e-04
9.4695746821256677e-01 2.0189556309661356e-04
9.4715917687785467e-01 2.0152175420984670e-04
9.4736051169447300e-01 2.0114786578253777e-04
9.4756147258295409e-01 2.0077389795994738e-04
9.4776205946397751e-01 2.0039985089138833e-04
9.4796227225837049e-01 2.0002572472380110e-04
9.4816211088710811e-01 1.9965151960512416e-04
9.4836157527131304e-01 1.9927723568255484e-04
9.4856066533225547e-01 1.9890287310535875e-04
9.4875938099135371e-01 1.9852843201955347e-04
9.4895772217017360e-01 1.9815391257330117e-04
9.4915568879042889e-01 1.9777931491411890e-04
9.4935328077398096e-01 1.9740463919126975e-04
9.4955049804283931e-01 1.9702988555182806e-04
9.4974734051916132e-01 1.9665505414314394e-04
9.4994380812525214e-01 1.9628014511408176e-04
9.5013990078356503e-01 1.9590515861217766e-04
9.5033561841670122e-01 1.9553009478511082e-04
9.5053096094740985e-01 1.9515495378184900e-04
9.5072592829858826e-01 1.9477973574994549e-04
9.5092052039328190e-01 1.9440444083669475e-04
9.5111473715468409e-01 1.9402906919175513e-04
9.5130857850613659e-01 1.9365362096204674e-04
9.5150204437112917e-01 1.9327809629614696e-04
9.5169513467329980e-01 1.9290249534279128e-04
9.5188784933643478e-01 1.9252681824969027e-04
9.5208018828446861e-01 1.9215106516521258e-04
9.5227215144148414e-01 1.9177523623735451e-04
9.5246373873171242e-01 1.9139933161539977e-04
9.5265495007953305e-01 1.9102335144658607e-04
9.5284578540947373e-01 1.9064729588117745e-04
9.5303624464621106e-01 1.9027116506476497e-04
9.5322632771456961e-01 1.8989495914739228e-04
9.5341603453952251e-01 1.8951867827854421e-04
9.5360536504619164e-01 1.8914232260505183e-04
9.5379431915984725e-01 1.8876589227580820e-04
9.5398289680590809e-01 1.8838938743997741e-04
9.5417109790994159e-01 1.8801280824608198e-04
9.5435892239766384e-01 1.8763615484226347e-04
9.5454637019493949e-01 1.8725942737780093e-04
9.5473344122778192e-01 1.8688262600110840e-04
9.5492013542235332e-01 1.8650575086011492e-04
9.5510645270496430e-01 1.8612880210555001e-04
9.5529239300207469e-01 1.8575177988401089e-04
9.5547795624029275e-01 1.8537468434560314e-04
9.5566314234637573e-01 1.8499751563887673e-04
9.5584795124722977e-01 1.8462027391203826e-04
9.5603238286990966e-01 1.8424295931575150e-04
9.5621643714161952e-01 1.8386557199641572e-04
9.5640011398971192e-01 1.8348811210572478e-04
9.5658341334168884e-01 1.8311057979054126e-04
9.5676633512520104e-01 1.8273297520017494e-04
9.5694887926804817e-01 1.8235529848548975e-04
9.5713104569817931e-01 1.8197754979334634e-04
9.5731283434369230e-01 1.8159972927407926e-04
9.5749424513283432e-01 1.8122183707573893e-04
9.5767527799400143e-01 1.8084387334916645e-04
9.5785593285573911e-01 1.8046583824237735e-04
9.5803620964674197e-01 1.8008773190457660e-04
9.5821610829585380e-01 1.7970955448491028e-04
9.5839562873206763e-01 1.7933130613317387e-04
9.5857477088452581e-01 1.7895298699864115e-04
9.5875353468252000e-01 1.7857459723050361e-04
9.5893192005549122e-01 1.7819613697806063e-04
9.5910992693302988e-01 1.7781760638996554e-04
9.5928755524487563e-01 1.7743900561676277e-04
9.5946480492091768e-01 1.7706033480782674e-04
9.5964167589119476e-01 1.7668159411132628e-04
9.5981816808589482e-01 1.7630278367836513e-04
9.5999428143535559e-01 1.7592390365728494e-04
9.6017001587006412e-01 1.7554495419853204e-04
9.6034537132065712e-01 1.7516593545172866e-04
9.6052034771792094e-01 1.7478684756556048e-04
9.6069494499279151e-01 1.7440769068967834e-04
9.6086916307635428e-01 1.7402846497453376e-04
9.6104300189984448e-01 1.7364917056967609e-04
9.6121646139464700e-01 1.7326980762511044e-04
9.6138954149229661e-01 1.7289037628909218e-04
9.6156224212447761e-01 1.7251087671211319e-04
9.6173456322302409e-01 1.7213130904478383e-04
9.6190650471992012e-01 1.7175167343578187e-04
9.6207806654729933e-01 1.7137197003678733e-04
9.6224924863744565e-01 1.7099219899447979e-04
9.6242005092279226e-01 1.7061236046292714e-04
9.6259047333592296e-01 1.7023245458789457e-04
9.6276051580957089e-01 1.6985248152206505e-04
9.6293017827661953e-01 1.6947244141417013e-04
9.6309946067010210e-01 1.6909233441528347e-04
9.6326836292320206e-01 1.6871216067450143e-04
9.6343688496925284e-01 1.6833192034134634e-04
9.6360502674173776e-01 1.6795161356762941e-04
9.6377278817429046e-01 1.6757124050263467e-04
9.6394016920069470e-01 1.6719080129575433e-04
9.6410716975488420e-01 1.6681029609833187e-04
9.6427378977094313e-01 1.6642972505863176e-04
9.6444002918310545e-01 1.6604908833004847e-04
9.6460588792575586e-01 1.6566838605966091e-04
9.6477136593342883e-01 1.6528761840012526e-04
9.6493646314080950e-01 1.6490678549979128e-04
9.6510117948273300e-01 1.6452588751067837e-04
9.6526551489418499e-01 1.6414492458230936e-04
9.6542946931030149e-01 1.6376389686449815e-04
9.6559304266636869e-01 1.6338280450918546e-04
9.6575623489782347e-01 1.6300164766526042e-04
9.6591904594025302e-01 1.6262042648307044e-04
9.6608147572939485e-01 1.6223914111433954e-04
9.6624352420113713e-01 1.6185779170894946e-04
9.6640519129151847e-01 1.6147637841752924e-04
9.6656647693672804e-01 1.6109490139075541e-04
9.6672738107310552e-01 1.6071336077920815e-04
9.6688790363714128e-01 1.6033175673286972e-04
9.6704804456547622e-01 1.5995008940237421e-04
9.6720780379490179e-01 1.5956835893936896e-04
9.6736718126236032e-01 1.5918656549306859e-04
9.6752617690494458e-01 1.5880470921549348e-04
9.6768479065989821e-01 1.5842279025667268e-04
9.6784302246461551e-01 1.5804080876771138e-04
9.6800087225664155e-01 1.5765876489945942e-04
9.6815833997367218e-01 1.5727665880305299e-04
9.6831542555355421e-01 1.5689449062732970e-04
9.6847212893428491e-01 1.5651226052607612e-04
9.6862845005401288e-01 1.5612996864740271e-04
9.6878438885103724e-01 1.5574761514340805e-04
9.6893994526380811e-01 1.5536520016529076e-04
9.6909511923092662e-01 1.5498272386346853e-04
9.6924991069114474e-01 1.5460018638926987e-04
9.6940431958336548e-01 1.5421758789399122e-04
9.6955834584664291e-01 1.5383492852758665e-04
9.6971198942018189e-01 1.5345220844331742e-04
9.6986525024333881e-01 1.5306942778831869e-04
9.7001812825562050e-01 1.5268658671756377e-04
9.7017062339668536e-01 1.5230368538063377e-04
9.7032273560634286e-01 1.5192072392796789e-04
9.7047446482455324e-01 1.5153770251196438e-04
9.7062581099142842e-01 1.5115462128323642e-04
9.7077677404723128e-01 1.5077148039195797e-04
9.7092735393237584e-01 1.5038827999058654e-04
9.7107755058742729e-01 1.5000502023204115e-04
9.7122736395310250e-01 1.4962170126409980e-04
9.7137679397026921e-01 1.4923832323977235e-04
9.7152584057994662e-01 1.4885488631062970e-04
9.7167450372330533e-01 1.4847139062687602e-04
9.7182278334166705e-01 1.4808783634194135e-04
9.7197067937650516e-01 1.4770422360585442e-04
9.7211819176944436e-01 1.4732055256954369e-04
9.7226532046226066e-01 1.4693682338542873e-04
9.7241206539688174e-01 1.4655303620309543e-04
9.7255842651538638e-01 1.4616919117714356e-04
9.7270440376000522e-01 1.4578528845699671e-04
9.7284999707312025e-01 1.4540132819480410e-04
9.7299520639726500e-01 1.4501731054251940e-04
9.7314003167512475e-01 1.4463323564951839e-04
9.7328447284953601e-01 1.4424910367003753e-04
9.7342852986348716e-01 1.4386491475488331e-04
9.7357220266011812e-01 1.4348066905589364e-04
9.7371549118272060e-01 1.4309636672339154e-04
9.7385839537473773e-01 1.4271200791098366e-04
9.7400091517976461e-01 1.4232759276839002e-04
9.7414305054154793e-01 1.4194312144770165e-04
9.7428480140398588e-01 1.4155859410355996e-04
9.7442616771112900e-01 1.4117401088320668e-04
9.7456714940717903e-01 1.4078937194174284e-04
9.7470774643648983e-01 1.4040467743007225e-04
9.7484795874356700e-01 1.4001992750020789e-04
9.7498778627306804e-01 1.3963512230367087e-04
9.7512722896980231e-01 1.3925026199201296e-04
9.7526628677873106e-01 1.3886534671701703e-04
9.7540495964496732e-01 1.3848037663259072e-04
9.7554324751377630e-01 1.3809535188883401e-04
9.7568115033057512e-01 1.3771027263702364e-04
9.7581866804093265e-01 1.3732513903143566e-04
9.7595580059057008e-01 1.3693995122194806e-04
9.7609254792536038e-01 1.3655470936201183e-04
9.7622890999132861e-01 1.3616941360448270e-04
9.7636488673465216e-01 1.3578406409838988e-04
9.7650047810166019e-01 1.3539866099759654e-04
9.7663568403883394e-01 1.3501320445588659e-04
9.7677050449280722e-01 1.3462769462134732e-04
9.7690493941036538e-01 1.3424213165066977e-04
9.7703898873844641e-01 1.3385651569370946e-04
9.7717265242414042e-01 1.3347084690164545e-04
9.7730593041468949e-01 1.3308512542894142e-04
9.7743882265748816e-01 1.3269935142722807e-04
9.7757132910008326e-01 1.3231352504715002e-04
9.7770344969017375e-01 1.3192764644202927e-04
9.7783518437561079e-01 1.3154171576642526e-04
9.7796653310439829e-01 1.3115573316834295e-04
9.7809749582469196e-01 1.3076969880424061e-04
9.7822807248480037e-01 1.3038361282295243e-04
9.7835826303318407e-01 1.2999747537908697e-04
9.7848806741845618e-01 1.2961128662509347e-04
9.7861748558938222e-01 1.2922504671336043e-04
9.7874651749488029e-01 1.2883875579465436e-04
9.7887516308402067e-01 1.2845241402358084e-04
9.7900342230602644e-01 1.2806602155029126e-04
9.7913129511027286e-01 1.2767957852956977e-04
9.7925878144628786e-01 1.2729308511399263e-04
9.7938588126375203e-01 1.2690654145451217e-04
9.7951259451249839e-01 1.2651994770401066e-04
9.7963892114251261e-01 1.2613330401425876e-04
9.7976486110393268e-01 1.2574661054130410e-04
9.7989041434704971e-01 1.2535986743377739e-04
9.8001558082230700e-01 1.2497307484700659e-04
9.8014036048030073e-01 1.2458623293299818e-04
9.8026475327177987e-01 1.2419934184228318e-04
9.8038875914764567e-01 1.2381240173138435e-04
9.8051237805895253e-01 1.2342541275073163e-04
9.8063560995690746e-01 1.2303837505227758e-04
9.8075845479287005e-01 1.2265128879102044e-04
9.8088091251835285e-01 1.2226415411882975e-04
9.8100298308502121e-01 1.2187697118804291e-04
9.8112466644469321e-01 1.2148974015167851e-04
9.8124596254933982e-01 1.2110246116199625e-04
9.8136687135108469e-01 1.2071513437451095e-04
9.8148739280220476e-01 1.2032775993757466e-04
9.8160752685512931e-01 1.1994033800845301e-04
9.8172727346244093e-01 1.1955286873799979e-04
9.8184663257687499e-01 1.1916535227950796e-04
9.8196560415131995e-01 1.1877778878387917e-04
9.8208418813881682e-01 1.1839017840881684e-04
9.8220238449256014e-01 1.1800252130291868e-04
9.8232019316589714e-01 1.1761481762038814e-04
9.8243761411232799e-01 1.1722706751600733e-04
9.8255464728550612e-01 1.1683927114180669e-04
9.8267129263923803e-01 1.1645142864885288e-04
9.8278755012748298e-01 1.1606354019359118e-04
9.8290341970435369e-01 1.1567560592680124e-04
9.8301890132411585e-01 1.1528762600116591e-04
9.8313399494118814e-01 1.1489960057172682e-04
9.8324870051014257e-01 1.1451152979084401e-04
9.8336301798570425e-01 1.1412341381176143e-04
9.8347694732275148e-01 1.1373525278739305e-04
9.8359048847631569e-01 1.1334704687221314e-04
9.8370364140158173e-01 1.1295879621725209e-04
9.8381640605388754e-01 1.1257050097572733e-04
9.8392878238872417e-01 1.1218216130360152e-04
9.8404077036173621e-01 1.1179377735211973e-04
9.8415236992872135e-01 1.1140534927577224e-04
9.8426358104563072e-01 1.1101687722700392e-04
9.8437440366856876e-01 1.1062836135810357e-04
9.8448483775379303e-01 1.1023980182572432e-04
9.8459488325771483e-01 1.0985119877935122e-04
9.8470454013689845e-01 1.0946255237521531e-04
9.8481380834806187e-01 1.0907386276514006e-04
9.8492268784807635e-01 1.0868513010210602e-04
9.8503117859396649e-01 1.0829635454150233e-04
9.8513928054291056e-01 1.0790753623448873e-04
9.8524699365224000e-01 1.0751867533695123e-04
9.8535431787943994e-01 1.0712977200160855e-04
9.8546125318214894e-01 1.0674082638219371e-04
9.8556779951815920e-01 1.0635183862984486e-04
9.8567395684541614e-01 1.0596280890163595e-04
9.8577972512201906e-01 1.0557373734833019e-04
9.8588510430622067e-01 1.0518462412315316e-04
9.8599009435642715e-01 1.0479546938208843e-04
9.8609469523119841e-01 1.0440627327786857e-04
9.8619890688924794e-01 1.0401703596423150e-04
9.8630272928944285e-01 1.0362775759491505e-04
9.8640616239080392e-01 1.0323843832305273e-04
9.8650920615250559e-01 1.0284907830187645e-04
9.8661186053387595e-01 1.0245967768508779e-04
9.8671412549439663e-01 1.0207023662916031e-04
9.8681600099370337e-01 1.0168075528321493e-04
9.8691748699158521e-01 1.0129123380383762e-04
9.8701858344798510e-01 1.0090167234503684e-04
9.8711929032299983e-01 1.0051207105866010e-04
9.8721960757687977e-01 1.0012243010065377e-04
9.8731953517002924e-01 9.9732749623185072e-05
9.8741907306300625e-01 9.9343029781411157e-05
9.8751822121652266e-01 9.8953270729104932e-05
9.8761697959144434e-01 9.8563472617161266e-05
9.8771534814879058e-01 9.8173635604580724e-05
9.8781332684973511e-01 9.7783759839052513e-05
9.8791091565560496e-01 9.7393845479534007e-05
9.8800811452788140e-01 9.7003892678479726e-05
9.8810492342819956e-01 9.6613901589283799e-05
9.8820134231834844e-01 9.6223872365983653e-05
9.8829737116027105e-01 9.5833805161695863e-05
9.8839300991606416e-01 9.5443700133618427e-05
9.8848825854797884e-01 9.5053557431577947e-05
9.8858311701841994e-01 9.4663377209843288e-05
9.8867758528994609e-01 9.4273159627732985e-05
9.8877166332527044e-01 9.3882904833220225e-05
9.8886535108725981e-01 9.3492612982595257e-05
9.8895864853893511e-01 9.3102284230442599e-05
9.8905155564347136e-01 9.2711918730927463e-05
9.8914407236419777e-01 9.2321516635069468e-05
9.8923619866459722e-01 9.1931078103137698e-05
9.8932793450830725e-01 9.1540603283648509e-05
9.8941927985911915e-01 9.1150092332601207e-05
9.8951023468097843e-01 9.0759545404217492e-05
9.8960079893798480e-01 9.0368962651350790e-05
9.8969097259439198e-01 8.9978344230513490e-05
9.8978075561460799e-01 8.9587690295137560e-05
9.8987014796319506e-01 8.9197000997993578e-05
9.8995914960486942e-01 8.8806276496522784e-05
9.9004776050450183e-01 8.8415516941119102e-05
9.9013598062711705e-01 8.8024722487215124e-05
9.9022380993789416e-01 8.7633893288665049e-05
9.9031124840216633e-01 8.7243029502889787e-05
9.9039829598542128e-01 8.6852131281105833e-05
9.9048495265330083e-01 8.6461198778565274e-05
9.9057121837160123e-01 8.6070232147625214e-05
9.9065709310627281e-01 8.5679231545534798e-05
9.9074257682342037e-01 8.5288197126737690e-05
9.9082766948930323e-01 8.4897129041205886e-05
9.9091237107033459e-01 8.4506027449920287e-05
9.9099668153308251e-01 8.4114892501718040e-05
9.9108060084426919e-01 8.3723724352148844e-05
9.9116412897077111e-01 8.3332523158167416e-05
9.9124726587961942e-01 8.2941289071011463e-05
9.9133001153799949e-01 8.2550022246808170e-05
9.9141236591325121e-01 8.2158722838595507e-05
9.9149432897286882e-01 8.1767391002873123e-05
9.9157590068450108e-01 8.1376026893620890e-05
9.9165708101595118e-01 8.0984630665913531e-05
9.9173786993517699e-01 8.0593202470384729e-05
9.9181826741029044e-01 8.0201742467599974e-05
9.9189827340955850e-01 7.9810250805789247e-05
9.9197788790140218e-01 7.9418727644181404e-05
9.9205711085439729e-01 7.9027173135547864e-05
9.9213594223727419e-01 7.8635587433160283e-05
9.9221438201891765e-01 7.8243970693140155e-05
9.9229243016836699e-01 7.7852323072120366e-05
9.9237008665481641e-01 7.7460644719590168e-05
9.9244735144761431e-01 7.7068935794317078e-05
9.9252422451626399e-01 7.6677196448516279e-05
9.9260070583042315e-01 7.6285426838842678e-05
9.9267679535990427e-01 7.5893627118562795e-05
9.9275249307467439e-01 7.5501797443304133e-05
9.9282779894485529e-01 7.5109937966056349e-05
9.9290271294072330e-01 7.4718048842504191e-05
9.9297723503270952e-01 7.4326130226366223e-05
9.9305136519139958e-01 7.3934182274952456e-05
9.9312510338753401e-01 7.3542205140927379e-05
9.9319844959200787e-01 7.3150198981502962e-05
9.9327140377587120e-01 7.2758163946678509e-05
9.9334396591032847e-01 7.2366100194380765e-05
9.9341613596673906e-01 7.1974007879286971e-05
9.9348791391661706e-01 7.1581887155658714e-05
9.9355929973163137e-01 7.1189738177843001e-05
9.9363029338360565e-01 7.0797561100575189e-05
9.9370089484451829e-01 7.0405356079018824e-05
9.9377110408650249e-01 7.0013123269655397e-05
9.9384092108184641e-01 6.9620862823915493e-05
9.9391034580299276e-01 6.9228574900894206e-05
9.9397937822253934e-01 6.8836259652688595e-05
9.9404801831323875e-01 6.8443917233016816e-05
9.9411626604799830e-01 6.8051547798646806e-05
9.9418412139988033e-01 6.7659151502442912e-05
9.9425158434210181e-01 6.7266728503973932e-05
9.9431865484803506e-01 6.6874278950230763e-05
9.9438533289120667e-01 6.6481803004617501e-05
9.9445161844529861e-01 6.6089300818997896e-05
9.9451751148414769e-01 6.5696772546160008e-05
9.9458301198174559e-01 6.5304218340387908e-05
9.9464811991223878e-01 6.4911638361156622e-05
9.9471283524992893e-01 6.4519032760258682e-05
9.9477715796927246e-01 6.4126401695333262e-05
9.9484108804488103e-01 6.3733745316478112e-05
9.9490462545152092e-01 6.3341063784048276e-05
9.9496777016411375e-01 6.2948357247848269e-05
9.9503052215773580e-01 6.2555625868664728e-05
9.9509288140761865e-01 6.2162869797427570e-05
9.9515484788914876e-01 6.1770089189608918e-05
9.9521642157786772e-01 6.1377284198250049e-05
9.9527760244947183e-01 6.0984454985259095e-05
9.9533839047981287e-01 6.0591601700407519e-05
9.9539878564489748e-01 6.0198724498868425e-05
9.9545878792088738e-01 5.9805823535067825e-05
9.9551839728409930e-01 5.9412898966262609e-05
9.9557761371100506e-01 5.9019950949161679e-05
9.9563643717823180e-01 5.8626979633298890e-05
9.9569486766256143e-01 5.8233985179296537e-05
9.9575290514093118e-01 5.7840967740548987e-05
9.9581054959043336e-01 5.7447927471831053e-05
9.9586780098831551e-01 5.7054864524719506e-05
9.9592465931197993e-01 5.6661779064054809e-05
9.9598112453898469e-01 5.6268671232975680e-05
9.9603719664704249e-01 5.5875541192493620e-05
9.9609287561402127e-01 5.5482389102005541e-05
9.9614816141794449e-01 5.5089215107877861e-05
9.9620305403699039e-01 5.4696019371535537e-05
9.9625755344949263e-01 5.4302802045592833e-05
9.9631165963393997e-01 5.3909563286556289e-05
9.9636537256897639e-01 5.3516303251024891e-05
9.9641869223340118e-01 5.3123022091661352e-05
9.9647161860616884e-01 5.2729719961790241e-05
9.9652415166638897e-01 5.2336397019797058e-05
9.9657629139332637e-01 5.1943053425566563e-05
9.9662803776640152e-01 5.1549689323350378e-05
9.9667939076518963e-01 5.1156304876469966e-05
9.9673035036942148e-01 5.0762900237798620e-05
9.9678091655898304e-01 5.0369475562650076e-05
9.9683108931391562e-01 4.9976031004632906e-05
9.9688086861441572e-01 4.9582566720991730e-05
9.9693025444083516e-01 4.9189082867619403e-05
9.9697924677368110e-01 4.8795579600443950e-05
9.9702784559361612e-01 4.8402057070380135e-05
9.9707605088145779e-01 4.8008515441763658e-05
9.9712386261817954e-01 4.7614954857159631e-05
9.9717128078490957e-01 4.7221375481872985e-05
9.9721830536293177e-01 4.6827777469050176e-05
9.9726493633368529e-01 4.6434160973059206e-05
9.9731117367876476e-01 4.6040526144882362e-05
9.9735701737991989e-01 4.5646873147111121e-05
9.9740246741905592e-01 4.5253202135207398e-05
9.9744752377823365e-01 4.4859513257571723e-05
9.9749218643966897e-01 4.4465806674972197e-05
9.9753645538573332e-01 4.4072082542188309e-05
9.9758033059895357e-01 4.3678341012319820e-05
9.9762381206201189e-01 4.3284582242548345e-05
9.9766689975774592e-01 4.2890806389202128e-05
9.9770959366914869e-01 4.2497013608361796e-05
9.9775189377936879e-01 4.2103204051025852e-05
9.9779380007171015e-01 4.1709377873100719e-05
9.9783531252963198e-01 4.1315535236626226e-05
9.9787643113674918e-01 4.0921676293813015e-05
9.9791715587683216e-01 4.0527801192815563e-05
9.9795748673380646e-01 4.0133910098876913e-05
9.9799742369175337e-01 3.9740003163157489e-05
9.9803696673490949e-01 3.9346080544774618e-05
9.9807611584766709e-01 3.8952142393566267e-05
9.9811487101457375e-01 3.8558188867874437e-05
9.9815323222033259e-01 3.8164220123945631e-05
9.9819119944980228e-01 3.7770236315470880e-05
9.9822877268799692e-01 3.7376237599593452e-05
9.9826595192008616e-01 3.6982224132463666e-05
9.9830273713139517e-01 3.6588196069002142e-05
9.9833912830740479e-01 3.6194153555906400e-05
9.9837512543375095e-01 3.5800096764070771e-05
9.9841072849622559e-01 3.5406025839979753e-05
9.9844593748077592e-01 3.5011940941395723e-05
9.9848075237350475e-01 3.4617842226259841e-05
9.9851517316067062e-01 3.4223729841294809e-05
9.9854919982868728e-01 3.3829603952145088e-05
9.9858283236412437e-01 3.3435464706295215e-05
9.9861607075370684e-01 3.3041312266127877e-05
9.9864891498431529e-01 3.2647146789207716e-05
9.9868136504298610e-01 3.2252968421675150e-05
9.9871342091691107e-01 3.1858777318268420e-05
9.9874508259343731e-01 3.1464573651298402e-05
9.9877635006006815e-01 3.1070357553236692e-05
9.9880722330446181e-01 3.0676129203305616e-05
9.9883770231443281e-01 3.0281888734365066e-05
9.9886778707795065e-01 2.9887636319210024e-05
9.9889747758314085e-01 2.9493372106364083e-05
9.9892677381828432e-01 2.9099096256414735e-05
9.9895567577181787e-01 2.8704808913202136e-05
9.9898418343233364e-01 2.8310510240522185e-05
9.9901229678857939e-01 2.7916200401333062e-05
9.9904001582945889e-01 2.7521879533893016e-05
9.9906734054403101e-01 2.7127547814126286e-05
9.9909427092151082e-01 2.6733205378741452e-05
9.9912080695126859e-01 2.6338852394072163e-05
9.9914694862283049e-01 2.5944489012249674e-05
9.9917269592587821e-01 2.5550115392819009e-05
9.9919804885024921e-01 2.5155731687533535e-05
9.9922300738593661e-01 2.4761338048341841e-05
9.9924757152308907e-01 2.4366934638079642e-05
9.9927174125201101e-01 2.3972521612022618e-05
9.9929551656316251e-01 2.3578099126224546e-05
9.9931889744715940e-01 2.3183667330959743e-05
9.9934188389477308e-01 2.2789226388460009e-05
9.9936447589693078e-01 2.2394776443488574e-05
9.9938667344471521e-01 2.2000317664731660e-05
9.9940847652936493e-01 2.1605850203565096e-05
9.9942988514227427e-01 2.1211374206948384e-05
9.9945089927499298e-01 2.0816889845371554e-05
9.9947151891922681e-01 2.0422397263343229e-05
9.9949174406683705e-01 2.0027896621506929e-05
9.9951157470984076e-01 1.9633388075487713e-05
9.9953101084041063e-01 1.9238871786463278e-05
9.9955005245087536e-01 1.8844347888807816e-05
9.9956869953371885e-01 1.8449816570055499e-05
9.9958695208158133e-01 1.8055277954492175e-05
9.9960481008725821e-01 1.7660732223122843e-05
9.9962227354370103e-01 1.7266179516113109e-05
9.9963934244401687e-01 1.6871619995715905e-05
9.9965601678146865e-01 1.6477053807759167e-05
9.9967229654947487e-01 1.6082481121538500e-05
9.9968818174160989e-01 1.5687902092482952e-05
9.9970367235160384e-01 1.5293316872434823e-05
9.9971876837334261e-01 1.4898725612037482e-05
9.9973346980086775e-01 1.4504128476153089e-05
9.9974777662837666e-01 1.4109525613538066e-05
9.9976168885022254e-01 1.3714917172125980e-05
9.9977520646091422e-01 1.3320303316817893e-05
9.9978832945511631e-01 1.2925684216297065e-05
9.9980105782764939e-01 1.2531060006898545e-05
9.9981339157348958e-01 1.2136430862595363e-05
9.9982533068776913e-01 1.1741796909709066e-05
9.9983687516577568e-01 1.1347158336182343e-05
9.9984802500295300e-01 1.0952515282881300e-05
9.9985878019490060e-01 1.0557867900827951e-05
9.9986914073737376e-01 1.0163216356075756e-05
9.9987910662628376e-01 9.7685607929676157e-06
9.9988867785769764e-01 9.3739013825072460e-06
9.9989785442783841e-01 8.9792382832358195e-06
9.9990663633308519e-01 8.5845716265228388e-06
9.9991502356997297e-01 8.1899015801483616e-06
9.9992301613519285e-01 7.7952283145304581e-06
9.9993061402559225e-01 7.4005519808354394e-06
9.9993781723817499e-01 7.0058727189321060e-06
9.9994462577010146e-01 6.6111906824854221e-06
9.9995103961868881e-01 6.2165060771692749e-06
9.9995705878141206e-01 5.8218189715943852e-06
9.9996268325590376e-01 5.4271296294045064e-06
9.9996791303995636e-01 5.0324381225698493e-06
9.9997274813152304e-01 4.6377446734383644e-06
9.9997718852872153e-01 4.2430494128212280e-06
9.9998123422983909e-01 3.8483525649140415e-06
9.9998488523334295e-01 3.4536542530073883e-06
9.9998814153789939e-01 3.0589546781979567e-06
9.9999100314241440e-01 2.6642542154492456e-06
9.9999347004612738e-01 2.2695531502118043e-06
9.9999554224884990e-01 1.8748524191240392e-06
9.9999721975168676e-01 1.4801539569484599e-06
9.9999850255974598e-01 1.0854651216707559e-06
9.9999939069668375e-01 6.9082660870549435e-07
9.9999988435941267e-01 2.9677080679720151e-07
