-9.9999991969135937e-01 2.0609754472539701e-07
-9.9999957685858032e-01 4.7975669601403892e-07
-9.9999896007619404e-01 7.5382034237795370e-07
-9.9999806920737655e-01 1.0279193252955368e-06
-9.9999690423559229e-01 1.3020248094149255e-06
-9.9999546515715310e-01 1.5761321957067573e-06
-9.9999375197111839e-01 1.8502399289788199e-06
-9.9999176467741235e-01 2.1243474616926547e-06
-9.9998950327632352e-01 2.3984546585849466e-06
-9.9998696776833895e-01 2.6725612627230332e-06
-9.9998415815407915e-01 2.9466671432180288e-06
-9.9998107443426965e-01 3.2207723162118430e-06
-9.9997771660972812e-01 3.4948765899732695e-06
-9.9997408468135673e-01 3.7689799511686210e-06
-9.9997017865013893e-01 4.0430822759428176e-06
-9.9996599851713686e-01 4.3171835124806525e-06
-9.9996154428349038e-01 4.5912835557542279e-06
-9.9995681595041597e-01 4.8653823627757757e-06
-9.9995181351920659e-01 5.1394798140524080e-06
-9.9994653699123082e-01 5.4135758984796804e-06
-9.9994098636793338e-01 5.6876704581726558e-06
-9.9993516165083418e-01 5.9617634609875314e-06
-9.9992906284152860e-01 6.2358548532968583e-06
-9.9992268994168754e-01 6.5099445430944302e-06
-9.9991604295305725e-01 6.7840324251653315e-06
-9.9990912187745906e-01 7.0581184511871464e-06
-9.9990192671678957e-01 7.3322025577092966e-06
-9.9989445747302075e-01 7.6062846437258232e-06
-9.9988671414819963e-01 7.8803646439634760e-06
-9.9987869674444840e-01 8.1544424935779120e-06
-9.9987040526396465e-01 8.4285180990743114e-06
-9.9986183970902065e-01 8.7025914073469017e-06
-9.9985300008196454e-01 8.9766623033360299e-06
-9.9984388638521882e-01 9.2507307719739000e-06
-9.9983449862128182e-01 9.5247966835127503e-06
-9.9982483679272660e-01 9.7988599853028443e-06
-9.9981490090220138e-01 1.0072920617333751e-05
-9.9980469095242985e-01 1.0346978462609676e-05
-9.9979420694621035e-01 1.0621033487969348e-05
-9.9978344888641668e-01 1.0895085602059591e-05
-9.9977241677599771e-01 1.1169134726052096e-05
-9.9976111061797734e-01 1.1443180791624735e-05
-9.9974953041545467e-01 1.1717223726445410e-05
-9.9973767617160403e-01 1.1991263435782560e-05
-9.9972554788967460e-01 1.2265299865890096e-05
-9.9971314557299096e-01 1.2539332927165384e-05
-9.9970046922495248e-01 1.2813362568154012e-05
-9.9968751884903406e-01 1.3087388687774427e-05
-9.9967429444878553e-01 1.3361411209270874e-05
-9.9966079602783164e-01 1.3635430076482866e-05
-9.9964702358987245e-01 1.3909445213227062e-05
-9.9963297713868327e-01 1.4183456524818460e-05
-9.9961865667811411e-01 1.4457463962546453e-05
-9.9960406221209064e-01 1.4731467420651955e-05
-9.9958919374461308e-01 1.5005466850236349e-05
-9.9957405127975707e-01 1.5279462171583882e-05
-9.9955863482167340e-01 1.5553453297873855e-05
-9.9954294437458779e-01 1.5827440161569505e-05
-9.9952697994280115e-01 1.6101422688626387e-05
-9.9951074153068953e-01 1.6375400798326522e-05
-9.9949422914270403e-01 1.6649374415320894e-05
-9.9947744278337070e-01 1.6923343480224861e-05
-9.9946038245729096e-01 1.7197307905159568e-05
-9.9944304816914131e-01 1.7471267607848701e-05
-9.9942543992367316e-01 1.7745222519956874e-05
-9.9940755772571299e-01 1.8019172577600663e-05
-9.9938940158016265e-01 1.8293117689912553e-05
-9.9937097149199883e-01 1.8567057790073281e-05
-9.9935226746627337e-01 1.8840992804442317e-05
-9.9933328950811329e-01 1.9114922653347923e-05
-9.9931403762272064e-01 1.9388847260408508e-05
-9.9929451181537254e-01 1.9662766552105688e-05
-9.9927471209142127e-01 1.9936680448725486e-05
-9.9925463845629392e-01 2.0210588891239868e-05
-9.9923429091549310e-01 2.0484491786880281e-05
-9.9921366947459622e-01 2.0758389063186761e-05
-9.9919277413925567e-01 2.1032280659424796e-05
-9.9917160491519919e-01 2.1306166489522668e-05
-9.9915016180822958e-01 2.1580046470026662e-05
-9.9912844482422436e-01 2.1853920544914868e-05
-9.9910645396913655e-01 2.2127788625728682e-05
-9.9908418924899400e-01 2.2401650642521337e-05
-9.9906165066989971e-01 2.2675506518181790e-05
-9.9903883823803175e-01 2.2949356177110277e-05
-9.9901575195964321e-01 2.3223199544168347e-05
-9.9899239184106225e-01 2.3497036546106099e-05
-9.9896875788869210e-01 2.3770867109718810e-05
-9.9894485010901113e-01 2.4044691154823656e-05
-9.9892066850857253e-01 2.4318508617375830e-05
-9.9889621309400500e-01 2.4592319402814613e-05
-9.9887148387201175e-01 2.4866123455515195e-05
-9.9884648084937144e-01 2.5139920688950715e-05
-9.9882120403293773e-01 2.5413711025265987e-05
-9.9879565342963905e-01 2.5687494400170631e-05
-9.9876982904647915e-01 2.5961270734894546e-05
-9.9874373089053670e-01 2.6235039957591860e-05
-9.9871735896896563e-01 2.6508801982020812e-05
-9.9869071328899461e-01 2.6782556742174679e-05
-9.9866379385792747e-01 2.7056304164014027e-05
-9.9863660068314319e-01 2.7330044166732731e-05
-9.9860913377209570e-01 2.7603776674704622e-05
-9.9858139313231387e-01 2.7877501618347368e-05
-9.9855337877140160e-01 2.8151218926343585e-05
-9.9852509069703810e-01 2.8424928513372235e-05
-9.9849652891697738e-01 2.8698630306351517e-05
-9.9846769343904840e-01 2.8972324235805095e-05
-9.9843858427115539e-01 2.9246010219225389e-05
-9.9840920142127731e-01 2.9519688190462689e-05
-9.9837954489746839e-01 2.9793358069615680e-05
-9.9834961470785777e-01 3.0067019780431859e-05
-9.9831941086064957e-01 3.0340673251727277e-05
-9.9828893336412294e-01 3.0614318409158166e-05
-9.9825818222663221e-01 3.0887955170495003e-05
-9.9822715745660651e-01 3.1161583463716214e-05
-9.9819585906254993e-01 3.1435203219626043e-05
-9.9816428705304183e-01 3.1708814354918008e-05
-9.9813244143673630e-01 3.1982416801192599e-05
-9.9810032222236256e-01 3.2256010481241909e-05
-9.9806792941872491e-01 3.2529595315657698e-05
-9.9803526303470236e-01 3.2803171238307758e-05
-9.9800232307924930e-01 3.3076738163778298e-05
-9.9796910956139473e-01 3.3350296025746279e-05
-9.9793562249024281e-01 3.3623844748623536e-05
-9.9790186187497287e-01 3.3897384248675038e-05
-9.9786782772483884e-01 3.4170914460134467e-05
-9.9783352004916981e-01 3.4444435308253769e-05
-9.9779893885737003e-01 3.4717946709778788e-05
-9.9776408415891837e-01 3.4991448598436756e-05
-9.9772895596336897e-01 3.5264940893801774e-05
-9.9769355428035078e-01 3.5538423522251175e-05
-9.9765787911956771e-01 3.5811896411009244e-05
-9.9762193049079873e-01 3.6085359483248959e-05
-9.9758570840389771e-01 3.6358812663558660e-05
-9.9754921286879350e-01 3.6632255876821140e-05
-9.9751244389548988e-01 3.6905689048707238e-05
-9.9747540149406555e-01 3.7179112105526181e-05
-9.9743808567467418e-01 3.7452524973898289e-05
-9.9740049644754458e-01 3.7725927570874278e-05
-9.9736263382298018e-01 3.7999319828654913e-05
-9.9732449781135957e-01 3.8272701669390866e-05
-9.9728608842313615e-01 3.8546073020132435e-05
-9.9724740566883829e-01 3.8819433807813275e-05
-9.9720844955906951e-01 3.9092783949261665e-05
-9.9716922010450781e-01 3.9366123379989922e-05
-9.9712971731590661e-01 3.9639452016041063e-05
-9.9708994120409378e-01 3.9912769791492547e-05
-9.9704989177997261e-01 4.0186076621195030e-05
-9.9700956905452087e-01 4.0459372437212364e-05
-9.9696897303879140e-01 4.0732657166233834e-05
-9.9692810374391216e-01 4.1005930724616360e-05
-9.9688696118108566e-01 4.1279193045380831e-05
-9.9684554536158954e-01 4.1552444051382129e-05
-9.9680385629677626e-01 4.1825683668258792e-05
-9.9676189399807325e-01 4.2098911820011994e-05
-9.9671965847698274e-01 4.2372128433501898e-05
-9.9667714974508204e-01 4.2645333429232015e-05
-9.9663436781402315e-01 4.2918526734382231e-05
-9.9659131269553292e-01 4.3191708278687470e-05
-9.9654798440141334e-01 4.3464877980660392e-05
-9.9650438294354104e-01 4.3738035769457485e-05
-9.9646050833386757e-01 4.4011181571967825e-05
-9.9641636058441951e-01 4.4284315308490768e-05
-9.9637193970729820e-01 4.4557436904645214e-05
-9.9632724571467979e-01 4.4830546287677186e-05
-9.9628227861881524e-01 4.5103643386059373e-05
-9.9623703843203071e-01 4.5376728117444918e-05
-9.9619152516672682e-01 4.5649800412158810e-05
-9.9614573883537927e-01 4.5922860193901885e-05
-9.9609967945053857e-01 4.6195907386760470e-05
-9.9605334702483006e-01 4.6468941915847988e-05
-9.9600674157095392e-01 4.6741963706234143e-05
-9.9595986310168505e-01 4.7014972687843554e-05
-9.9591271162987338e-01 4.7287968782651346e-05
-9.9586528716844369e-01 4.7560951912987710e-05
-9.9581758973039547e-01 4.7833922004949461e-05
-9.9576961932880292e-01 4.8106878988398103e-05
-9.9572137597681543e-01 4.8379822781545185e-05
-9.9567285968765673e-01 4.8652753317314020e-05
-9.9562407047462576e-01 4.8925670517004350e-05
-9.9557500835109625e-01 4.9198574301074753e-05
-9.9552567333051634e-01 4.9471464604369335e-05
-9.9547606542640954e-01 4.9744341342345479e-05
-9.9542618465237365e-01 5.0017204447823504e-05
-9.9537603102208150e-01 5.0290053845354378e-05
-9.9532560454928087e-01 5.0562889454361246e-05
-9.9527490524779405e-01 5.0835711204263508e-05
-9.9522393313151825e-01 5.1108519019377958e-05
-9.9517268821442539e-01 5.1381312825659990e-05
-9.9512117051056226e-01 5.1654092547738987e-05
-9.9506938003405032e-01 5.1926858112042195e-05
-9.9501731679908600e-01 5.2199609439506943e-05
-9.9496498081994023e-01 5.2472346459625036e-05
-9.9491237211095873e-01 5.2745069099693833e-05
-9.9485949068656232e-01 5.3017777277954244e-05
-9.9480633656124617e-01 5.3290470924174696e-05
-9.9475290974958031e-01 5.3563149965505422e-05
-9.9469921026620967e-01 5.3835814323228473e-05
-9.9464523812585381e-01 5.4108463922992088e-05
-9.9459099334330692e-01 5.4381098693854819e-05
-9.9453647593343819e-01 5.4653718555871563e-05
-9.9448168591119135e-01 5.4926323435720700e-05
-9.9442662329158482e-01 5.5198913260800848e-05
-9.9437128808971176e-01 5.5471487958124134e-05
-9.9431568032074036e-01 5.5744047445056923e-05
-9.9425979999991299e-01 5.6016591655235540e-05
-9.9420364714254705e-01 5.6289120512098377e-05
-9.9414722176403481e-01 5.6561633935625229e-05
-9.9409052387984276e-01 5.6834131858180114e-05
-9.9403355350551248e-01 5.7106614201774379e-05
-9.9397631065666026e-01 5.7379080887865132e-05
-9.9391879534897665e-01 5.7651531849597485e-05
-9.9386100759822726e-01 5.7923967009686133e-05
-9.9380294742025244e-01 5.8196386289710041e-05
-9.9374461483096699e-01 5.8468789616719669e-05
-9.9368600984636035e-01 5.8741176918844550e-05
-9.9362713248249690e-01 5.9013548117115374e-05
-9.9356798275551528e-01 5.9285903143141740e-05
-9.9350856068162929e-01 5.9558241914687041e-05
-9.9344886627712692e-01 5.9830564362828519e-05
-9.9338889955837106e-01 6.0102870410831255e-05
-9.9332866054179925e-01 6.0375159982840408e-05
-9.9326814924392359e-01 6.0647433004114014e-05
-9.9320736568133072e-01 6.0919689403393514e-05
-9.9314630987068209e-01 6.1191929104348027e-05
-9.9308498182871374e-01 6.1464152030822020e-05
-9.9302338157223624e-01 6.1736358110511032e-05
-9.9296150911813497e-01 6.2008547264823607e-05
-9.9289936448336957e-01 6.2280719424707748e-05
-9.9283694768497466e-01 6.2552874512150771e-05
-9.9277425874005920e-01 6.2825012454575873e-05
-9.9271129766580701e-01 6.3097133173858249e-05
-9.9264806447947618e-01 6.3369236599874291e-05
-9.9258455919839972e-01 6.3641322653426691e-05
-9.9252078183998493e-01 6.3913391263458098e-05
-9.9245673242171395e-01 6.4185442352316584e-05
-9.9239241096114317e-01 6.4457475850373546e-05
-9.9232781747590393e-01 6.4729491678009013e-05
-9.9226295198370185e-01 6.5001489763516902e-05
-9.9219781450231725e-01 6.5273470030908790e-05
-9.9213240504960498e-01 6.5545432405749780e-05
-9.9206672364349435e-01 6.5817376815166997e-05
-9.9200077030198941e-01 6.6089303181420450e-05
-9.9193454504316847e-01 6.6361211434193474e-05
-9.9186804788518468e-01 6.6633101495104988e-05
-9.9180127884626545e-01 6.6904973292665343e-05
-9.9173423794471294e-01 6.7176826750364209e-05
-9.9166692519890376e-01 6.7448661792500936e-05
-9.9159934062728883e-01 6.7720478349028162e-05
-9.9153148424839388e-01 6.7992276342302755e-05
-9.9146335608081915e-01 6.8264055694908248e-05
-9.9139495614323891e-01 6.8535816340301923e-05
-9.9132628445440263e-01 6.8807558195575096e-05
-9.9125734103313368e-01 6.9079281191383323e-05
-9.9118812589833016e-01 6.9350985252719272e-05
-9.9111863906896469e-01 6.9622670303884100e-05
-9.9104888056408436e-01 6.9894336269199449e-05
-9.9097885040281053e-01 7.0165983077074840e-05
-9.9090854860433919e-01 7.0437610652722768e-05
-9.9083797518794081e-01 7.0709218920862670e-05
-9.9076713017296036e-01 7.0980807804495836e-05
-9.9069601357881698e-01 7.1252377233950947e-05
-9.9062462542500462e-01 7.1523927130231921e-05
-9.9055296573109131e-01 7.1795457423257041e-05
-9.9048103451671987e-01 7.2066968033951417e-05
-9.9040883180160721e-01 7.2338458891776057e-05
-9.9033635760554484e-01 7.2609929921853004e-05
-9.9026361194839874e-01 7.2881381047658198e-05
-9.9019059485010918e-01 7.3152812195656847e-05
-9.9011730633069084e-01 7.3424223292746456e-05
-9.9004374641023285e-01 7.3695614263675547e-05
-9.8996991510889876e-01 7.3966985033409782e-05
-9.8989581244692648e-01 7.4238335527047799e-05
-9.8982143844462822e-01 7.4509665672004919e-05
-9.8974679312239067e-01 7.4780975393151785e-05
-9.8967187650067490e-01 7.5052264614951803e-05
-9.8959668860001615e-01 7.5323533266561169e-05
-9.8952122944102439e-01 7.5594781269084293e-05
-9.8944549904438350e-01 7.5866008552656950e-05
-9.8936949743085212e-01 7.6137215039670539e-05
-9.8929322462126301e-01 7.6408400656099027e-05
-9.8921668063652335e-01 7.6679565327125758e-05
-9.8913986549761446e-01 7.6950708981375114e-05
-9.8906277922559227e-01 7.7221831541617909e-05
-9.8898542184158689e-01 7.7492932933985486e-05
-9.8890779336680257e-01 7.7764013087755417e-05
-9.8882989382251829e-01 7.8035071923606848e-05
-9.8875172323008709e-01 7.8306109367511255e-05
-9.8867328161093604e-01 7.8577125350437797e-05
-9.8859456898656706e-01 7.8848119792475704e-05
-9.8851558537855588e-01 7.9119092621666805e-05
-9.8843633080855287e-01 7.9390043764049890e-05
-9.8835680529828240e-01 7.9660973143382547e-05
-9.8827700886954317e-01 7.9931880687779205e-05
-9.8819694154420812e-01 8.0202766324035982e-05
-9.8811660334422469e-01 8.0473629974013656e-05
-9.8803599429161426e-01 8.0744471565761996e-05
-9.8795511440847272e-01 8.1015291022440598e-05
-9.8787396371696978e-01 8.1286088275313607e-05
-9.8779254223934987e-01 8.1556863245820410e-05
-9.8771084999793146e-01 8.1827615858895837e-05
-9.8762888701510698e-01 8.2098346045187811e-05
-9.8754665331334357e-01 8.2369053725065639e-05
-9.8746414891518208e-01 8.2639738828689112e-05
-9.8738137384323799e-01 8.2910401278267129e-05
-9.8729832812020057e-01 8.3181041003128290e-05
-9.8721501176883375e-01 8.3451657924270509e-05
-9.8713142481197502e-01 8.3722251974169105e-05
-9.8704756727253673e-01 8.3992823072320835e-05
-9.8696343917350493e-01 8.4263371147215571e-05
-9.8687904053793984e-01 8.4533896127196047e-05
-9.8679437138897630e-01 8.4804397931968704e-05
-9.8670943174982262e-01 8.5074876493827691e-05
-9.8662422164376185e-01 8.5345331734020506e-05
-9.8653874109415074e-01 8.5615763581880762e-05
-9.8645299012442045e-01 8.5886171961854069e-05
-9.8636696875807628e-01 8.6156556797711907e-05
-9.8628067701869737e-01 8.6426918018621193e-05
-9.8619411492993736e-01 8.6697255546716099e-05
-9.8610728251552349e-01 8.6967569313207033e-05
-9.8602017979925760e-01 8.7237859239990009e-05
-9.8593280680501538e-01 8.7508125253822481e-05
-9.8584516355674667e-01 8.7778367279979730e-05
-9.8575725007847526e-01 8.8048585246426362e-05
-9.8566906639429919e-01 8.8318779077244493e-05
-9.8558061252839047e-01 8.8588948699024788e-05
-9.8549188850499514e-01 8.8859094038342635e-05
-9.8540289434843342e-01 8.9129215019934075e-05
-9.8531363008309947e-01 8.9399311570252429e-05
-9.8522409573346148e-01 8.9669383615753893e-05
-9.8513429132406172e-01 8.9939431082357887e-05
-9.8504421687951660e-01 9.0209453893656171e-05
-9.8495387242451626e-01 9.0479451978574358e-05
-9.8486325798382501e-01 9.0749425263439394e-05
-9.8477237358228131e-01 9.1019373671667072e-05
-9.8468121924479735e-01 9.1289297131740463e-05
-9.8458979499635957e-01 9.1559195567168480e-05
-9.8449810086202816e-01 9.1829068906103132e-05
-9.8440613686693745e-01 9.2098917073478841e-05
-9.8431390303629562e-01 9.2368739996727937e-05
-9.8422139939538500e-01 9.2638537599906381e-05
-9.8412862596956174e-01 9.2908309809232399e-05
-9.8403558278425585e-01 9.3178056552894456e-05
-9.8394226986497157e-01 9.3447777753653989e-05
-9.8384868723728680e-01 9.3717473339764219e-05
-9.8375483492685334e-01 9.3987143239271349e-05
-9.8366071295939728e-01 9.4256787374396098e-05
-9.8356632136071831e-01 9.4526405672386724e-05
-9.8347166015669008e-01 9.4795998060151116e-05
-9.8337672937326015e-01 9.5065564463866706e-05
-9.8328152903645005e-01 9.5335104808870575e-05
-9.8318605917235524e-01 9.5604619019702482e-05
-9.8309031980714467e-01 9.5874107027211133e-05
-9.8299431096706169e-01 9.6143568753880192e-05
-9.8289803267842335e-01 9.6413004124480840e-05
-9.8280148496762021e-01 9.6682413069995249e-05
-9.8270466786111721e-01 9.6951795512262482e-05
-9.8260758138545268e-01 9.7221151380931129e-05
-9.8251022556723921e-01 9.7490480598406060e-05
-9.8241260043316281e-01 9.7759783094549191e-05
-9.8231470600998372e-01 9.8029058791417541e-05
-9.8221654232453548e-01 9.8298307620315031e-05
-9.8211810940372601e-01 9.8567529502880080e-05
-9.8201940727453663e-01 9.8836724367746517e-05
-9.8192043596402268e-01 9.9105892139060415e-05
-9.8182119549931302e-01 9.9375032745780063e-05
-9.8172168590761055e-01 9.9644146112579253e-05
-9.8162190721619180e-01 9.9913232166509505e-05
-9.8152185945240722e-01 1.0018229083191934e-04
-9.8142154264368076e-01 1.0045132203730327e-04
-9.8132095681751030e-01 1.0072032570798749e-04
-9.8122010200146748e-01 1.0098930176981166e-04
-9.8111897822319749e-01 1.0125825015045683e-04
-9.8101758551041951e-01 1.0152717077429259e-04
-9.8091592389092619e-01 1.0179606356912128e-04
-9.8081399339258413e-01 1.0206492845916618e-04
-9.8071179404333331e-01 1.0233376537361610e-04
-9.8060932587118776e-01 1.0260257423604029e-04
-9.8050658890423492e-01 1.0287135497473575e-04
-9.8040358317063603e-01 1.0314010751571419e-04
-9.8030030869862594e-01 1.0340883178599285e-04
-9.8019676551651336e-01 1.0367752770986791e-04
-9.8009295365268045e-01 1.0394619521421847e-04
-9.7998887313558303e-01 1.0421483422667934e-04
-9.7988452399375070e-01 1.0448344467179709e-04
-9.7977990625578648e-01 1.0475202647793781e-04
-9.7967501995036732e-01 1.0502057956865715e-04
-9.7956986510624333e-01 1.0528910387460670e-04
-9.7946444175223879e-01 1.0555759931778413e-04
-9.7935874991725103e-01 1.0582606582858122e-04
-9.7925278963025142e-01 1.0609450333048464e-04
-9.7914656092028474e-01 1.0636291175008050e-04
-9.7904006381646924e-01 1.0663129101500446e-04
-9.7893329834799681e-01 1.0689964105247818e-04
-9.7882626454413313e-01 1.0716796178562418e-04
-9.7871896243421708e-01 1.0743625314341227e-04
-9.7861139204766112e-01 1.0770451505393013e-04
-9.7850355341395168e-01 1.0797274743924358e-04
-9.7839544656264821e-01 1.0824095022850388e-04
-9.7828707152338379e-01 1.0850912334869309e-04
-9.7817842832586532e-01 1.0877726672553922e-04
-9.7806951699987288e-01 1.0904538028475977e-04
-9.7796033757526013e-01 1.0931346395385109e-04
-9.7785089008195436e-01 1.0958151765764068e-04
-9.7774117454995602e-01 1.0984954132563778e-04
-9.7763119100933937e-01 1.1011753488214907e-04
-9.7752093949025187e-01 1.1038549825582175e-04
-9.7741042002291478e-01 1.1065343136990712e-04
-9.7729963263762243e-01 1.1092133415340459e-04
-9.7718857736474274e-01 1.1118920653281207e-04
-9.7707725423471714e-01 1.1145704843373987e-04
-9.7696566327806045e-01 1.1172485978230255e-04
-9.7685380452536075e-01 1.1199264050667897e-04
-9.7674167800727973e-01 1.1226039053289823e-04
-9.7662928375455227e-01 1.1252810978716844e-04
-9.7651662179798682e-01 1.1279579819727299e-04
-9.7640369216846523e-01 1.1306345568792668e-04
-9.7629049489694264e-01 1.1333108218592707e-04
-9.7617703001444733e-01 1.1359867762081336e-04
-9.7606329755208143e-01 1.1386624191559756e-04
-9.7594929754102000e-01 1.1413377499888095e-04
-9.7583503001251160e-01 1.1440127679705657e-04
-9.7572049499787805e-01 1.1466874723745162e-04
-9.7560569252851470e-01 1.1493618624457652e-04
-9.7549062263588993e-01 1.1520359374697215e-04
-9.7537528535154550e-01 1.1547096967177625e-04
-9.7525968070709657e-01 1.1573831394495548e-04
-9.7514380873423157e-01 1.1600562649266752e-04
-9.7502766946471220e-01 1.1627290724106145e-04
-9.7491126293037322e-01 1.1654015611931978e-04
-9.7479458916312300e-01 1.1680737305184952e-04
-9.7467764819494296e-01 1.1707455796574420e-04
-9.7456044005788767e-01 1.1734171078921736e-04
-9.7444296478408510e-01 1.1760883144842662e-04
-9.7432522240573638e-01 1.1787591987033568e-04
-9.7420721295511603e-01 1.1814297597963291e-04
-9.7408893646457140e-01 1.1840999970612253e-04
-9.7397039296652343e-01 1.1867699097407042e-04
-9.7385158249346593e-01 1.1894394971262433e-04
-9.7373250507796616e-01 1.1921087584655309e-04
-9.7361316075266435e-01 1.1947776930397589e-04
-9.7349354955027401e-01 1.1974463001127929e-04
-9.7337367150358167e-01 1.2001145789627446e-04
-9.7325352664544729e-01 1.2027825288366624e-04
-9.7313311500880362e-01 1.2054501490210491e-04
-9.7301243662665671e-01 1.2081174387831110e-04
-9.7289149153208576e-01 1.2107843973847996e-04
-9.7277027975824304e-01 1.2134510240945324e-04
-9.7264880133835385e-01 1.2161173181873602e-04
-9.7252705630571668e-01 1.2187832789289850e-04
-9.7240504469370292e-01 1.2214489056038073e-04
-9.7228276653575740e-01 1.2241141974539413e-04
-9.7216022186539774e-01 1.2267791537541440e-04
-9.7203741071621441e-01 1.2294437738053372e-04
-9.7191433312187148e-01 1.2321080568378521e-04
-9.7179098911610562e-01 1.2347720021370153e-04
-9.7166737873272668e-01 1.2374356089688682e-04
-9.7154350200561734e-01 1.2400988766258058e-04
-9.7141935896873377e-01 1.2427618043354071e-04
-9.7129494965610452e-01 1.2454243914049627e-04
-9.7117027410183154e-01 1.2480866370909703e-04
-9.7104533234008961e-01 1.2507485406683714e-04
-9.7092012440512665e-01 1.2534101013880687e-04
-9.7079465033126322e-01 1.2560713185459478e-04
-9.7066891015289303e-01 1.2587321914112309e-04
-9.7054290390448283e-01 1.2613927192378768e-04
-9.7041663162057223e-01 1.2640529012937908e-04
-9.7029009333577354e-01 1.2667127368734448e-04
-9.7016328908477234e-01 1.2693722252246617e-04
-9.7003621890232683e-01 1.2720313656326698e-04
-9.6990888282326826e-01 1.2746901573633266e-04
-9.6978128088250071e-01 1.2773485996889536e-04
-9.6965341311500108e-01 1.2800066918881121e-04
-9.6952527955581935e-01 1.2826644332159532e-04
-9.6939688024007808e-01 1.2853218229577694e-04
-9.6926821520297290e-01 1.2879788603746513e-04
-9.6913928447977216e-01 1.2906355447417939e-04
-9.6901008810581701e-01 1.2932918753335315e-04
-9.6888062611652148e-01 1.2959478514234257e-04
-9.6875089854737240e-01 1.2986034722814953e-04
-9.6862090543392931e-01 1.3012587371886717e-04
-9.6849064681182484e-01 1.3039136453920001e-04
-9.6836012271676397e-01 1.3065681961887122e-04
-9.6822933318452475e-01 1.3092223888395724e-04
-9.6809827825095784e-01 1.3118762226240469e-04
-9.6796695795198684e-01 1.3145296967995236e-04
-9.6783537232360772e-01 1.3171828106645769e-04
-9.6770352140188964e-01 1.3198355634671990e-04
-9.6757140522297413e-01 1.3224879544939370e-04
-9.6743902382307567e-01 1.3251399830044075e-04
-9.6730637723848123e-01 1.3277916482828342e-04
-9.6717346550555050e-01 1.3304429496094103e-04
-9.6704028866071601e-01 1.3330938862465656e-04
-9.6690684674048288e-01 1.3357444574636613e-04
-9.6677313978142887e-01 1.3383946625372464e-04
-9.6663916782020431e-01 1.3410445007487281e-04
-9.6650493089353229e-01 1.3436939713690397e-04
-9.6637042903820858e-01 1.3463430736596418e-04
-9.6623566229110136e-01 1.3489918069092469e-04
-9.6610063068915153e-01 1.3516401703936792e-04
-9.6596533426937270e-01 1.3542881633750133e-04
-9.6582977306885098e-01 1.3569357851256838e-04
-9.6569394712474488e-01 1.3595830349407594e-04
-9.6555785647428582e-01 1.3622299120729332e-04
-9.6542150115477754e-01 1.3648764158064665e-04
-9.6528488120359646e-01 1.3675225454065930e-04
-9.6514799665819140e-01 1.3701683001568127e-04
-9.6501084755608368e-01 1.3728136793427631e-04
-9.6487343393486746e-01 1.3754586822157291e-04
-9.6473575583220905e-01 1.3781033080651026e-04
-9.6459781328584748e-01 1.3807475561557721e-04
-9.6445960633359407e-01 1.3833914257767587e-04
-9.6432113501333283e-01 1.3860349161888441e-04
-9.6418239936301997e-01 1.3886780266879066e-04
-9.6404339942068451e-01 1.3913207565269595e-04
-9.6390413522442764e-01 1.3939631049908610e-04
-9.6376460681242304e-01 1.3966050713580874e-04
-9.6362481422291690e-01 1.3992466548980677e-04
-9.6348475749422768e-01 1.4018878548963560e-04
-9.6334443666474634e-01 1.4045286706280291e-04
-9.6320385177293633e-01 1.4071691013561505e-04
-9.6306300285733337e-01 1.4098091463565586e-04
-9.6292188995654537e-01 1.4124488049271377e-04
-9.6278051310925294e-01 1.4150880763274853e-04
-9.6263887235420875e-01 1.4177269598489461e-04
-9.6249696773023818e-01 1.4203654547411028e-04
-9.6235479927623846e-01 1.4230035603096433e-04
-9.6221236703117963e-01 1.4256412758022297e-04
-9.6206967103410357e-01 1.4282786005208247e-04
-9.6192671132412466e-01 1.4309155337443525e-04
-9.6178348794042978e-01 1.4335520747288909e-04
-9.6164000092227775e-01 1.4361882227672583e-04
-9.6149625030899988e-01 1.4388239771263883e-04
-9.6135223613999965e-01 1.4414593370843783e-04
-9.6120795845475260e-01 1.4440943019387804e-04
-9.6106341729280687e-01 1.4467288709469199e-04
-9.6091861269378265e-01 1.4493630433845165e-04
-9.6077354469737219e-01 1.4519968185440518e-04
-9.6062821334334014e-01 1.4546301956983111e-04
-9.6048261867152329e-01 1.4572631741232927e-04
-9.6033676072183061e-01 1.4598957530953933e-04
-9.6019063953424322e-01 1.4625279318921178e-04
-9.6004425514881431e-01 1.4651597098022087e-04
-9.5989760760566933e-01 1.4677910860997115e-04
-9.5975069694500592e-01 1.4704220600571686e-04
-9.5960352320709374e-01 1.4730526309527771e-04
-9.5945608643227454e-01 1.4756827980722765e-04
-9.5930838666096219e-01 1.4783125606944328e-04
-9.5916042393364265e-01 1.4809419181025695e-04
-9.5901219829087414e-01 1.4835708695576472e-04
-9.5886370977328661e-01 1.4861994143595440e-04
-9.5871495842158239e-01 1.4888275517716974e-04
-9.5856594427653563e-01 1.4914552810813193e-04
-9.5841666737899256e-01 1.4940826015739564e-04
-9.5826712776987144e-01 1.4967095125301090e-04
-9.5811732549016271e-01 1.4993360132172870e-04
-9.5796726058092863e-01 1.5019621029179050e-04
-9.5781693308330351e-01 1.5045877809101375e-04
-9.5766634303849352e-01 1.5072130464861122e-04
-9.5751549048777684e-01 1.5098378989296992e-04
-9.5736437547250386e-01 1.5124623375029544e-04
-9.5721299803409665e-01 1.5150863614915688e-04
-9.5706135821404925e-01 1.5177099701793365e-04
-9.5690945605392763e-01 1.5203331628496478e-04
-9.5675729159536960e-01 1.5229559387928217e-04
-9.5660486488008523e-01 1.5255782972605666e-04
-9.5645217594985588e-01 1.5282002375684455e-04
-9.5629922484653540e-01 1.5308217589669900e-04
-9.5614601161204904e-01 1.5334428607570059e-04
-9.5599253628839409e-01 1.5360635422180527e-04
-9.5583879891763968e-01 1.5386838026303418e-04
-9.5568479954192675e-01 1.5413036412761019e-04
-9.5553053820346823e-01 1.5439230574225643e-04
-9.5537601494454838e-01 1.5465420503808981e-04
-9.5522122980752389e-01 1.5491606194024875e-04
-9.5506618283482270e-01 1.5517787637899633e-04
-9.5491087406894481e-01 1.5543964828173092e-04
-9.5475530355246185e-01 1.5570137757744146e-04
-9.5459947132801737e-01 1.5596306419312278e-04
-9.5444337743832641e-01 1.5622470805818031e-04
-9.5428702192617598e-01 1.5648630909991746e-04
-9.5413040483442457e-01 1.5674786724771046e-04
-9.5397352620600251e-01 1.5700938242970512e-04
-9.5381638608391195e-01 1.5727085457262281e-04
-9.5365898451122633e-01 1.5753228360723359e-04
-9.5350132153109113e-01 1.5779366946040382e-04
-9.5334339718672334e-01 1.5805501206061999e-04
-9.5318521152141156e-01 1.5831631133670322e-04
-9.5302676457851621e-01 1.5857756721602379e-04
-9.5286805640146888e-01 1.5883877962821801e-04
-9.5270908703377333e-01 1.5909994850083262e-04
-9.5254985651900459e-01 1.5936107376226708e-04
-9.5239036490080919e-01 1.5962215534236684e-04
-9.5223061222290561e-01 1.5988319316731180e-04
-9.5207059852908349e-01 1.6014418716717030e-04
-9.5191032386320429e-01 1.6040513726924317e-04
-9.5174978826920076e-01 1.6066604340337639e-04
-9.5158899179107737e-01 1.6092690549747600e-04
-9.5142793447291008e-01 1.6118772347963021e-04
-9.5126661635884624e-01 1.6144849727895195e-04
-9.5110503749310493e-01 1.6170922682236466e-04
-9.5094319791997628e-01 1.6196991204085764e-04
-9.5078109768382224e-01 1.6223055286182134e-04
-9.5061873682907616e-01 1.6249114921336696e-04
-9.5045611540024277e-01 1.6275170102397876e-04
-9.5029323344189809e-01 1.6301220822368193e-04
-9.5013009099868984e-01 1.6327267073953626e-04
-9.4996668811533691e-01 1.6353308850092325e-04
-9.4980302483662971e-01 1.6379346143615076e-04
-9.4963910120742989e-01 1.6405378947447304e-04
-9.4947491727267064e-01 1.6431407254390170e-04
-9.4931047307735650e-01 1.6457431057218764e-04
-9.4914576866656308e-01 1.6483450348970903e-04
-9.4898080408543761e-01 1.6509465122432941e-04
-9.4881557937919847e-01 1.6535475370513334e-04
-9.4865009459313543e-01 1.6561481086063430e-04
-9.4848434977260954e-01 1.6587482261936316e-04
-9.4831834496305312e-01 1.6613478890991528e-04
-9.4815208020996966e-01 1.6639470966180173e-04
-9.4798555555893416e-01 1.6665458480232727e-04
-9.4781877105559253e-01 1.6691441426150606e-04
-9.4765172674566212e-01 1.6717419796798743e-04
-9.4748442267493149e-01 1.6743393584974601e-04
-9.4731685888926020e-01 1.6769362783723390e-04
-9.4714903543457929e-01 1.6795327385811550e-04
-9.4698095235689095e-01 1.6821287384006879e-04
-9.4681260970226822e-01 1.6847242771396174e-04
-9.4664400751685551e-01 1.6873193540847402e-04
-9.4647514584686854e-01 1.6899139685099253e-04
-9.4630602473859382e-01 1.6925081197176412e-04
-9.4613664423838917e-01 1.6951018069939628e-04
-9.4596700439268355e-01 1.6976950296203561e-04
-9.4579710524797689e-01 1.7002877868918433e-04
-9.4562694685084014e-01 1.7028800781048907e-04
-9.4545652924791557e-01 1.7054719025370068e-04
-9.4528585248591634e-01 1.7080632594763433e-04
-9.4511491661162650e-01 1.7106541482286860e-04
-9.4494372167190144e-01 1.7132445680677772e-04
-9.4477226771366740e-01 1.7158345182834668e-04
-9.4460055478392146e-01 1.7184239981817961e-04
-9.4442858292973197e-01 1.7210130070413509e-04
-9.4425635219823811e-01 1.7236015441546648e-04
-9.4408386263665012e-01 1.7261896088059073e-04
-9.4391111429224894e-01 1.7287772002989011e-04
-9.4373810721238682e-01 1.7313643179078453e-04
-9.4356484144448660e-01 1.7339509609349909e-04
-9.4339131703604207e-01 1.7365371286789442e-04
-9.4321753403461828e-01 1.7391228204055250e-04
-9.4304349248785058e-01 1.7417080354334590e-04
-9.4286919244344569e-01 1.7442927730364129e-04
-9.4269463394918096e-01 1.7468770325102678e-04
-9.4251981705290455e-01 1.7494608131506781e-04
-9.4234474180253558e-01 1.7520441142455619e-04
-9.4216940824606388e-01 1.7546269350893266e-04
-9.4199381643155022e-01 1.7572092749661744e-04
-9.4181796640712589e-01 1.7597911331843869e-04
-9.4164185822099333e-01 1.7623725090194949e-04
-9.4146549192142548e-01 1.7649534017705266e-04
-9.4128886755676611e-01 1.7675338107287782e-04
-9.4111198517542971e-01 1.7701137351876852e-04
-9.4093484482590140e-01 1.7726931744503250e-04
-9.4075744655673732e-01 1.7752721277910580e-04
-9.4057979041656403e-01 1.7778505945103472e-04
-9.4040187645407869e-01 1.7804285739159560e-04
-9.4022370471804961e-01 1.7830060652723937e-04
-9.4004527525731518e-01 1.7855830678968097e-04
-9.3986658812078472e-01 1.7881595810813336e-04
-9.3968764335743837e-01 1.7907356040997689e-04
-9.3950844101632647e-01 1.7933111362654431e-04
-9.3932898114657015e-01 1.7958861768730398e-04
-9.3914926379736130e-01 1.7984607252047115e-04
-9.3896928901796217e-01 1.8010347805600665e-04
-9.3878905685770564e-01 1.8036083422350182e-04
-9.3860856736599518e-01 1.8061814095191850e-04
-9.3842782059230467e-01 1.8087539817170415e-04
-9.3824681658617870e-01 1.8113260581150139e-04
-9.3806555539723224e-01 1.8138976380098238e-04
-9.3788403707515078e-01 1.8164687206991239e-04
-9.3770226166969040e-01 1.8190393054691599e-04
-9.3752022923067735e-01 1.8216093916321560e-04
-9.3733793980800872e-01 1.8241789784691052e-04
-9.3715539345165189e-01 1.8267480652737862e-04
-9.3697259021164436e-01 1.8293166513631183e-04
-9.3678953013809463e-01 1.8318847360103703e-04
-9.3660621328118121e-01 1.8344523185160561e-04
-9.3642263969115302e-01 1.8370193981826182e-04
-9.3623880941832938e-01 1.8395859743101480e-04
-9.3605472251310018e-01 1.8421520461782976e-04
-9.3587037902592529e-01 1.8447176131005747e-04
-9.3568577900733518e-01 1.8472826743669971e-04
-9.3550092250793060e-01 1.8498472292714381e-04
-9.3531580957838245e-01 1.8524112771193299e-04
-9.3513044026943215e-01 1.8549748171985291e-04
-9.3494481463189116e-01 1.8575378488161739e-04
-9.3475893271664146e-01 1.8601003712590805e-04
-9.3457279457463505e-01 1.8626623838302988e-04
-9.3438640025689423e-01 1.8652238858300735e-04
-9.3419974981451159e-01 1.8677848765536378e-04
-9.3401284329864986e-01 1.8703453552993329e-04
-9.3382568076054207e-01 1.8729053213594011e-04
-9.3363826225149127e-01 1.8754647740360934e-04
-9.3345058782287071e-01 1.8780237126318810e-04
-9.3326265752612381e-01 1.8805821364471556e-04
-9.3307447141276423e-01 1.8831400447716885e-04
-9.3288602953437560e-01 1.8856974369098553e-04
-9.3269733194261173e-01 1.8882543121614216e-04
-9.3250837868919656e-01 1.8908106698197711e-04
-9.3231916982592400e-01 1.8933665091906303e-04
-9.3212970540465812e-01 1.8959218295707642e-04
-9.3193998547733303e-01 1.8984766302564593e-04
-9.3175001009595282e-01 1.9010309105527449e-04
-9.3155977931259160e-01 1.9035846697612935e-04
-9.3136929317939365e-01 1.9061379071717824e-04
-9.3117855174857300e-01 1.9086906220954546e-04
-9.3098755507241382e-01 1.9112428138285705e-04
-9.3079630320327023e-01 1.9137944816698468e-04
-9.3060479619356629e-01 1.9163456249183896e-04
-9.3041303409579590e-01 1.9188962428818941e-04
-9.3022101696252302e-01 1.9214463348567838e-04
-9.3002874484638154e-01 1.9239959001380593e-04
-9.2983621780007508e-01 1.9265449380335839e-04
-9.2964343587637721e-01 1.9290934478462192e-04
-9.2945039912813132e-01 1.9316414288818765e-04
-9.2925710760825087e-01 1.9341888804301943e-04
-9.2906356136971902e-01 1.9367358017896162e-04
-9.2886976046558845e-01 1.9392821922804580e-04
-9.2867570494898222e-01 1.9418280511938828e-04
-9.2848139487309278e-01 1.9443733778273475e-04
-9.2828683029118242e-01 1.9469181714912873e-04
-9.2809201125658325e-01 1.9494624314859838e-04
-9.2789693782269711e-01 1.9520061571152457e-04
-9.2770161004299556e-01 1.9545493476824186e-04
-9.2750602797102000e-01 1.9570920024825265e-04
-9.2731019166038131e-01 1.9596341208274440e-04
-9.2711410116476023e-01 1.9621757020169749e-04
-9.2691775653790720e-01 1.9647167453474648e-04
-9.2672115783364206e-01 1.9672572501372351e-04
-9.2652430510585460e-01 1.9697972156811124e-04
-9.2632719840850408e-01 1.9723366412839236e-04
-9.2612983779561941e-01 1.9748755262512371e-04
-9.2593222332129921e-01 1.9774138698794698e-04
-9.2573435503971147e-01 1.9799516714801970e-04
-9.2553623300509380e-01 1.9824889303624962e-04
-9.2533785727175366e-01 1.9850256458138664e-04
-9.2513922789406755e-01 1.9875618171591076e-04
-9.2494034492648192e-01 1.9900974436919439e-04
-9.2474120842351248e-01 1.9926325247231582e-04
-9.2454181843974470e-01 1.9951670595468211e-04
-9.2434217502983329e-01 1.9977010474733761e-04
-9.2414227824850237e-01 2.0002344878179338e-04
-9.2394212815054577e-01 2.0027673798766237e-04
-9.2374172479082661e-01 2.0052997229569290e-04
-9.2354106822427751e-01 2.0078315163606235e-04
-9.2334015850590034e-01 2.0103627593997189e-04
-9.2313899569076652e-01 2.0128934513777719e-04
-9.2293757983401670e-01 2.0154235916061352e-04
-9.2273591099086116e-01 2.0179531793775859e-04
-9.2253398921657914e-01 2.0204822140153304e-04
-9.2233181456651958e-01 2.0230106948126178e-04
-9.2212938709610037e-01 2.0255386210913219e-04
-9.2192670686080913e-01 2.0280659921418181e-04
-9.2172377391620242e-01 2.0305928072802872e-04
-9.2152058831790606e-01 2.0331190658178416e-04
-9.2131715012161552e-01 2.0356447670562790e-04
-9.2111345938309508e-01 2.0381699103022574e-04
-9.2090951615817851e-01 2.0406944948592399e-04
-9.2070532050276843e-01 2.0432185200546925e-04
-9.2050087247283718e-01 2.0457419851764073e-04
-9.2029617212442594e-01 2.0482648895381821e-04
-9.2009121951364514e-01 2.0507872324456480e-04
-9.1988601469667419e-01 2.0533090132196808e-04
-9.1968055772976187e-01 2.0558302311614917e-04
-9.1947484866922602e-01 2.0583508855780209e-04
-9.1926888757145353e-01 2.0608709757790068e-04
-9.1906267449290036e-01 2.0633905010767391e-04
-9.1885620949009161e-01 2.0659094607766146e-04
-9.1864949261962137e-01 2.0684278541924374e-04
-9.1844252393815284e-01 2.0709456806286661e-04
-9.1823530350241822e-01 2.0734629393953175e-04
-9.1802783136921862e-01 2.0759796298080603e-04
-9.1782010759542421e-01 2.0784957511772826e-04
-9.1761213223797422e-01 2.0810113028085309e-04
-9.1740390535387673e-01 2.0835262840156513e-04
-9.1719542700020895e-01 2.0860406940985469e-04
-9.1698669723411663e-01 2.0885545323861762e-04
-9.1677771611281489e-01 2.0910677981749338e-04
-9.1656848369358745e-01 2.0935804907817762e-04
-9.1635900003378690e-01 2.0960926095222216e-04
-9.1614926519083506e-01 2.0986041537003787e-04
-9.1593927922222218e-01 2.1011151226281511e-04
-9.1572904218550755e-01 2.1036255156189405e-04
-9.1551855413831917e-01 2.1061353319879673e-04
-9.1530781513835402e-01 2.1086445710419467e-04
-9.1509682524337776e-01 2.1111532320915660e-04
-9.1488558451122470e-01 2.1136613144594234e-04
-9.1467409299979807e-01 2.1161688174513191e-04
-9.1446235076706994e-01 2.1186757403815528e-04
-9.1425035787108089e-01 2.1211820825576253e-04
-9.1403811436994031e-01 2.1236878432940486e-04
-9.1382562032182613e-01 2.1261930219144837e-04
-9.1361287578498529e-01 2.1286976177169696e-04
-9.1339988081773305e-01 2.1312016300259113e-04
-9.1318663547845358e-01 2.1337050581453728e-04
-9.1297313982559936e-01 2.1362079014040951e-04
-9.1275939391769190e-01 2.1387101590996556e-04
-9.1254539781332089e-01 2.1412118305600057e-04
-9.1233115157114497e-01 2.1437129150881119e-04
-9.1211665524989116e-01 2.1462134119990399e-04
-9.1190190890835487e-01 2.1487133206194386e-04
-9.1168691260540036e-01 2.1512126402545046e-04
-9.1147166639996025e-01 2.1537113702195781e-04
-9.1125617035103568e-01 2.1562095098289210e-04
-9.1104042451769629e-01 2.1587070583969358e-04
-9.1082442895908000e-01 2.1612040152503895e-04
-9.1060818373439356e-01 2.1637003796903635e-04
-9.1039168890291189e-01 2.1661961510365094e-04
-9.1017494452397829e-01 2.1686913286108681e-04
-9.0995795065700458e-01 2.1711859117285929e-04
-9.0974070736147106e-01 2.1736798996975067e-04
-9.0952321469692621e-01 2.1761732918391925e-04
-9.0930547272298690e-01 2.1786660874732698e-04
-9.0908748149933849e-01 2.1811582859084913e-04
-9.0886924108573441e-01 2.1836498864715538e-04
-9.0865075154199670e-01 2.1861408884686664e-04
-9.0843201292801534e-01 2.1886312912295156e-04
-9.0821302530374892e-01 2.1911210940606335e-04
-9.0799378872922409e-01 2.1936102962829968e-04
-9.0777430326453579e-01 2.1960988972142203e-04
-9.0755456896984710e-01 2.1985868961765017e-04
-9.0733458590538951e-01 2.2010742924794840e-04
-9.0711435413146246e-01 2.2035610854499659e-04
-9.0689387370843377e-01 2.2060472743992937e-04
-9.0667314469673921e-01 2.2085328586544240e-04
-9.0645216715688293e-01 2.2110178375251381e-04
-9.0623094114943703e-01 2.2135022103332471e-04
-9.0600946673504179e-01 2.2159859763966385e-04
-9.0578774397440553e-01 2.2184691350367379e-04
-9.0556577292830465e-01 2.2209516855749897e-04
-9.0534355365758368e-01 2.2234336273258584e-04
-9.0512108622315512e-01 2.2259149596109284e-04
-9.0489837068599943e-01 2.2283956817569046e-04
-9.0467540710716532e-01 2.2308757930722956e-04
-9.0445219554776934e-01 2.2333552928766083e-04
-9.0422873606899579e-01 2.2358341805057435e-04
-9.0400502873209732e-01 2.2383124552674202e-04
-9.0378107359839432e-01 2.2407901164837071e-04
-9.0355687072927515e-01 2.2432671634752224e-04
-9.0333242018619597e-01 2.2457435955680816e-04
-9.0310772203068101e-01 2.2482194120770118e-04
-9.0288277632432212e-01 2.2506946123340726e-04
-9.0265758312877942e-01 2.2531691956439125e-04
-9.0243214250578041e-01 2.2556431613412055e-04
-9.0220645451712067e-01 2.2581165087445483e-04
-9.0198051922466349e-01 2.2605892371785637e-04
-9.0175433669034011e-01 2.2630613459580757e-04
-9.0152790697614926e-01 2.2655328344148057e-04
-9.0130123014415775e-01 2.2680037018616727e-04
-9.0107430625649987e-01 2.2704739476271622e-04
-9.0084713537537775e-01 2.2729435710320560e-04
-9.0061971756306114e-01 2.2754125714034680e-04
-9.0039205288188762e-01 2.2778809480592245e-04
-9.0016414139426226e-01 2.2803487003273724e-04
-8.9993598316265799e-01 2.2828158275257085e-04
-8.9970757824961511e-01 2.2852823289865119e-04
-8.9947892671774188e-01 2.2877482040224232e-04
-8.9925002862971382e-01 2.2902134519655419e-04
-8.9902088404827418e-01 2.2926780721405904e-04
-8.9879149303623385e-01 2.2951420638683712e-04
-8.9856185565647118e-01 2.2976054264735714e-04
-8.9833197197193204e-01 2.3000681592824632e-04
-8.9810184204562982e-01 2.3025302616228797e-04
-8.9787146594064549e-01 2.3049917328152075e-04
-8.9764084372012742e-01 2.3074525721855692e-04
-8.9740997544729140e-01 2.3099127790649396e-04
-8.9717886118542090e-01 2.3123723527668265e-04
-8.9694750099786646e-01 2.3148312926284117e-04
-8.9671589494804638e-01 2.3172895979674835e-04
-8.9648404309944607e-01 2.3197472681158197e-04
-8.9625194551561838e-01 2.3222043024046540e-04
-8.9601960226018373e-01 2.3246607001490570e-04
-8.9578701339682976e-01 2.3271164606757585e-04
-8.9555417898931122e-01 2.3295715833209711e-04
-8.9532109910145041e-01 2.3320260674090668e-04
-8.9508777379713689e-01 2.3344799122646315e-04
-8.9485420314032738e-01 2.3369331172195485e-04
-8.9462038719504611e-01 2.3393856815899120e-04
-8.9438632602538415e-01 2.3418376047170121e-04
-8.9415201969550007e-01 2.3442888859250262e-04
-8.9391746826961971e-01 2.3467395245329410e-04
-8.9368267181203576e-01 2.3491895198820938e-04
-8.9344763038710839e-01 2.3516388712923938e-04
-8.9321234405926486e-01 2.3540875780902429e-04
-8.9297681289299935e-01 2.3565356396134930e-04
-8.9274103695287332e-01 2.3589830551894438e-04
-8.9250501630351542e-01 2.3614298241410523e-04
-8.9226875100962111e-01 2.3638759458071730e-04
-8.9203224113595325e-01 2.3663214195055127e-04
-8.9179548674734144e-01 2.3687662445739024e-04
-8.9155848790868253e-01 2.3712104203344589e-04
-8.9132124468494012e-01 2.3736539461270884e-04
-8.9108375714114496e-01 2.3760968212806454e-04
-8.9084602534239488e-01 2.3785390451187520e-04
-8.9060804935385451e-01 2.3809806169723395e-04
-8.9036982924075536e-01 2.3834215361790074e-04
-8.9013136506839596e-01 2.3858618020673945e-04
-8.8989265690214181e-01 2.3883014139640336e-04
-8.8965370480742512e-01 2.3907403712047944e-04
-8.8941450884974504e-01 2.3931786731203408e-04
-8.8917506909466759e-01 2.3956163190429639e-04
-8.8893538560782570e-01 2.3980533082971608e-04
-8.8869545845491882e-01 2.4004896402267395e-04
-8.8845528770171345e-01 2.4029253141591797e-04
-8.8821487341404282e-01 2.4053603294253527e-04
-8.8797421565780699e-01 2.4077946853511754e-04
-8.8773331449897241e-01 2.4102283812839657e-04
-8.8749217000357272e-01 2.4126614165438995e-04
-8.8725078223770781e-01 2.4150937904766830e-04
-8.8700915126754476e-01 2.4175255023991231e-04
-8.8676727715931680e-01 2.4199565516579448e-04
-8.8652515997932413e-01 2.4223869375821622e-04
-8.8628279979393343e-01 2.4248166595078685e-04
-8.8604019666957812e-01 2.4272457167654022e-04
-8.8579735067275811e-01 2.4296741086900448e-04
-8.8555426187003983e-01 2.4321018346220243e-04
-8.8531093032805652e-01 2.4345288938846762e-04
-8.8506735611350773e-01 2.4369552858163963e-04
-8.8482353929315949e-01 2.4393810097578567e-04
-8.8457947993384445e-01 2.4418060650423923e-04
-8.8433517810246176e-01 2.4442304510027992e-04
-8.8409063386597697e-01 2.4466541669756619e-04
-8.8384584729142213e-01 2.4490772122952634e-04
-8.8360081844589566e-01 2.4514995862974986e-04
-8.8335554739656241e-01 2.4539212883201373e-04
-8.8311003421065370e-01 2.4563423176939236e-04
-8.8286427895546693e-01 2.4587626737685423e-04
-8.8261828169836631e-01 2.4611823558655973e-04
-8.8237204250678203e-01 2.4636013633294314e-04
-8.8212556144821075e-01 2.4660196954939676e-04
-8.8187883859021532e-01 2.4684373517004144e-04
-8.8163187400042498e-01 2.4708543312843955e-04
-8.8138466774653523e-01 2.4732706335796648e-04
-8.8113721989630778e-01 2.4756862579250320e-04
-8.8088953051757046e-01 2.4781012036629565e-04
-8.8064159967821742e-01 2.4805154701305199e-04
-8.8039342744620908e-01 2.4829290566609545e-04
-8.8014501388957178e-01 2.4853419625997617e-04
-8.7989635907639829e-01 2.4877541872784256e-04
-8.7964746307484742e-01 2.4901657300337404e-04
-8.7939832595314382e-01 2.4925765902173461e-04
-8.7914894777957864e-01 2.4949867671585476e-04
-8.7889932862250886e-01 2.4973962602001498e-04
-8.7864946855035764e-01 2.4998050686786925e-04
-8.7839936763161408e-01 2.5022131919356683e-04
-8.7814902593483335e-01 2.5046206293113737e-04
-8.7789844352863655e-01 2.5070273801484086e-04
-8.7764762048171097e-01 2.5094334437791356e-04
-8.7739655686280960e-01 2.5118388195497524e-04
-8.7714525274075139e-01 2.5142435068063767e-04
-8.7689370818442158e-01 2.5166475048746798e-04
-8.7664192326277079e-01 2.5190508131103621e-04
-8.7638989804481582e-01 2.5214534308526501e-04
-8.7613763259963950e-01 2.5238553574304025e-04
-8.7588512699639010e-01 2.5262565921984091e-04
-8.7563238130428189e-01 2.5286571344990214e-04
-8.7537939559259526e-01 2.5310569836605113e-04
-8.7512616993067582e-01 2.5334561390402341e-04
-8.7487270438793541e-01 2.5358545999731722e-04
-8.7461899903385143e-01 2.5382523658027772e-04
-8.7436505393796704e-01 2.5406494358731671e-04
-8.7411086916989122e-01 2.5430458095215429e-04
-8.7385644479929836e-01 2.5454414861025788e-04
-8.7360178089592888e-01 2.5478364649497438e-04
-8.7334687752958873e-01 2.5502307454053352e-04
-8.7309173477014934e-01 2.5526243268199784e-04
-8.7283635268754789e-01 2.5550172085377651e-04
-8.7258073135178726e-01 2.5574093898964587e-04
-8.7232487083293575e-01 2.5598008702445361e-04
-8.7206877120112725e-01 2.5621916489280386e-04
-8.7181243252656127e-01 2.5645817252857540e-04
-8.7155585487950282e-01 2.5669710986673643e-04
-8.7129903833028244e-01 2.5693597684165495e-04
-8.7104198294929602e-01 2.5717477338761116e-04
-8.7078468880700499e-01 2.5741349943966677e-04
-8.7052715597393626e-01 2.5765215493219655e-04
-8.7026938452068214e-01 2.5789073979990633e-04
-8.7001137451790045e-01 2.5812925397687161e-04
-8.6975312603631427e-01 2.5836769739790783e-04
-8.6949463914671210e-01 2.5860606999759576e-04
-8.6923591391994770e-01 2.5884437171105228e-04
-8.6897695042694023e-01 2.5908260247296436e-04
-8.6871774873867424e-01 2.5932076221760604e-04
-8.6845830892619957e-01 2.5955885087938503e-04
-8.6819863106063111e-01 2.5979686839389463e-04
-8.6793871521314914e-01 2.6003481469591015e-04
-8.6767856145499944e-01 2.6027268971881936e-04
-8.6741816985749243e-01 2.6051049339928691e-04
-8.6715754049200433e-01 2.6074822567046153e-04
-8.6689667342997601e-01 2.6098588646857745e-04
-8.6663556874291392e-01 2.6122347572745042e-04
-8.6637422650238938e-01 2.6146099338242393e-04
-8.6611264678003885e-01 2.6169843936865359e-04
-8.6585082964756410e-01 2.6193581362026982e-04
-8.6558877517673172e-01 2.6217311607275664e-04
-8.6532648343937346e-01 2.6241034666095014e-04
-8.6506395450738605e-01 2.6264750532024753e-04
-8.6480118845273146e-01 2.6288459198461060e-04
-8.6453818534743632e-01 2.6312160659006383e-04
-8.6427494526359239e-01 2.6335854907165679e-04
-8.6401146827335662e-01 2.6359541936332639e-04
-8.6374775444895047e-01 2.6383221740129079e-04
-8.6348380386266066e-01 2.6406894311993464e-04
-8.6321961658683855e-01 2.6430559645510790e-04
-8.6295519269390064e-01 2.6454217734114919e-04
-8.6269053225632819e-01 2.6477868571319452e-04
-8.6242563534666705e-01 2.6501512150748377e-04
-8.6216050203752836e-01 2.6525148465787165e-04
-8.6189513240158766e-01 2.6548777510040336e-04
-8.6162952651158542e-01 2.6572399277023802e-04
-8.6136368444032696e-01 2.6596013760214499e-04
-8.6109760626068210e-01 2.6619620953214696e-04
-8.6083129204558573e-01 2.6643220849452773e-04
-8.6056474186803700e-01 2.6666813442577142e-04
-8.6029795580110013e-01 2.6690398726036697e-04
-8.6003093391790386e-01 2.6713976693368800e-04
-8.5976367629164141e-01 2.6737547338179414e-04
-8.5949618299557096e-01 2.6761110653905390e-04
-8.5922845410301485e-01 2.6784666634212316e-04
-8.5896048968736050e-01 2.6808215272514541e-04
-8.5869228982205947e-01 2.6831756562433487e-04
-8.5842385458062809e-01 2.6855290497493188e-04
-8.5815518403664703e-01 2.6878817071286762e-04
-8.5788627826376174e-01 2.6902336277287821e-04
-8.5761713733568179e-01 2.6925848109135526e-04
-8.5734776132618162e-01 2.6949352560275781e-04
-8.5707815030909962e-01 2.6972849624403252e-04
-8.5680830435833910e-01 2.6996339294947707e-04
-8.5653822354786735e-01 2.7019821565569358e-04
-8.5626790795171637e-01 2.7043296429751334e-04
-8.5599735764398233e-01 2.7066763881070186e-04
-8.5572657269882557e-01 2.7090223913201931e-04
-8.5545555319047129e-01 2.7113676519542769e-04
-8.5518429919320837e-01 2.7137121693795720e-04
-8.5491281078139025e-01 2.7160559429536348e-04
-8.5464108802943484e-01 2.7183989720224193e-04
-8.5436913101182388e-01 2.7207412559524739e-04
-8.5409693980310342e-01 2.7230827941062969e-04
-8.5382451447788399e-01 2.7254235858313152e-04
-8.5355185511084009e-01 2.7277636304864661e-04
-8.5327896177671014e-01 2.7301029274417202e-04
-8.5300583455029722e-01 2.7324414760422074e-04
-8.5273247350646797e-01 2.7347792756584639e-04
-8.5245887872015358e-01 2.7371163256407870e-04
-8.5218505026634905e-01 2.7394526253510107e-04
-8.5191098822011335e-01 2.7417881741568243e-04
-8.5163669265656983e-01 2.7441229714072091e-04
-8.5136216365090556e-01 2.7464570164660319e-04
-8.5108740127837179e-01 2.7487903086876865e-04
-8.5081240561428340e-01 2.7511228474457611e-04
-8.5053717673401952e-01 2.7534546320927885e-04
-8.5026171471302336e-01 2.7557856619870680e-04
-8.4998601962680154e-01 2.7581159364955605e-04
-8.4971009155092492e-01 2.7604454549771902e-04
-8.4943393056102812e-01 2.7627742167949342e-04
-8.4915753673280969e-01 2.7651022213067051e-04
-8.4888091014203193e-01 2.7674294678755294e-04
-8.4860405086452095e-01 2.7697559558626325e-04
-8.4832695897616650e-01 2.7720816846384480e-04
-8.4804963455292248e-01 2.7744066535522697e-04
-8.4777207767080609e-01 2.7767308619767713e-04
-8.4749428840589858e-01 2.7790543092681566e-04
-8.4721626683434459e-01 2.7813769947976808e-04
-8.4693801303235272e-01 2.7836989179233604e-04
-8.4665952707619518e-01 2.7860200780054192e-04
-8.4638080904220758e-01 2.7883404744166214e-04
-8.4610185900678947e-01 2.7906601065126824e-04
-8.4582267704640379e-01 2.7929789736604488e-04
-8.4554326323757711e-01 2.7952970752239390e-04
-8.4526361765689950e-01 2.7976144105699698e-04
-8.4498374038102453e-01 2.7999309790673375e-04
-8.4470363148666960e-01 2.8022467800681419e-04
-8.4442329105061520e-01 2.8045618129462954e-04
-8.4414271914970540e-01 2.8068760770684953e-04
-8.4386191586084780e-01 2.8091895717990653e-04
-8.4358088126101349e-01 2.8115022964978495e-04
-8.4329961542723664e-01 2.8138142505428808e-04
-8.4301811843661523e-01 2.8161254332894405e-04
-8.4273639036631032e-01 2.8184358441075448e-04
-8.4245443129354647e-01 2.8207454823603469e-04
-8.4217224129561130e-01 2.8230543474232363e-04
-8.4188982044985594e-01 2.8253624386616360e-04
-8.4160716883369491e-01 2.8276697554360802e-04
-8.4132428652460578e-01 2.8299762971165728e-04
-8.4104117360012931e-01 2.8322820630760989e-04
-8.4075783013786975e-01 2.8345870526742865e-04
-8.4047425621549421e-01 2.8368912652877894e-04
-8.4019045191073327e-01 2.8391947002775043e-04
-8.3990641730138038e-01 2.8414973570195647e-04
-8.3962215246529237e-01 2.8437992348773851e-04
-8.3933765748038902e-01 2.8461003332223936e-04
-8.3905293242465329e-01 2.8484006514220203e-04
-8.3876797737613118e-01 2.8507001888439086e-04
-8.3848279241293167e-01 2.8529989448610404e-04
-8.3819737761322677e-01 2.8552969188439697e-04
-8.3791173305525157e-01 2.8575941101612691e-04
-8.3762585881730400e-01 2.8598905181877746e-04
-8.3733975497774527e-01 2.8621861422835728e-04
-8.3705342161499907e-01 2.8644809818293283e-04
-8.3676685880755231e-01 2.8667750361935520e-04
-8.3648006663395480e-01 2.8690683047420879e-04
-8.3619304517281912e-01 2.8713607868484879e-04
-8.3590579450282054e-01 2.8736524818917389e-04
-8.3561831470269754e-01 2.8759433892350640e-04
-8.3533060585125107e-01 2.8782335082561448e-04
-8.3504266802734517e-01 2.8805228383194413e-04
-8.3475450130990625e-01 2.8828113788078680e-04
-8.3446610577792379e-01 2.8850991290886834e-04
-8.3417748151044990e-01 2.8873860885349819e-04
-8.3388862858659940e-01 2.8896722565179738e-04
-8.3359954708554973e-01 2.8919576324125217e-04
-8.3331023708654095e-01 2.8942422155956224e-04
-8.3302069866887596e-01 2.8965260054340678e-04
-8.3273093191192005e-01 2.8988090013057436e-04
-8.3244093689510112e-01 2.9010912025873633e-04
-8.3215071369790972e-01 2.9033726086535980e-04
-8.3186026239989908e-01 2.9056532188706584e-04
-8.3156958308068463e-01 2.9079330326217261e-04
-8.3127867581994452e-01 2.9102120492796910e-04
-8.3098754069741931e-01 2.9124902682214595e-04
-8.3069617779291216e-01 2.9147676888168265e-04
-8.3040458718628840e-01 2.9170443104483616e-04
-8.3011276895747610e-01 2.9193201324845340e-04
-8.2982072318646538e-01 2.9215951543086298e-04
-8.2952844995330899e-01 2.9238693752936209e-04
-8.2923594933812184e-01 2.9261427948205925e-04
-8.2894322142108146e-01 2.9284154122574907e-04
-8.2865026628242733e-01 2.9306872269887558e-04
-8.2835708400246144e-01 2.9329582383891034e-04
-8.2806367466154795e-01 2.9352284458374756e-04
-8.2777003834011331e-01 2.9374978487108164e-04
-8.2747617511864624e-01 2.9397664463834151e-04
-8.2718208507769753e-01 2.9420342382361058e-04
-8.2688776829788002e-01 2.9443012236550541e-04
-8.2659322485986919e-01 2.9465674020046388e-04
-8.2629845484440212e-01 2.9488327726738219e-04
-8.2600345833227828e-01 2.9510973350384381e-04
-8.2570823540435923e-01 2.9533610884750159e-04
-8.2541278614156843e-01 2.9556240323661893e-04
-8.2511711062489146e-01 2.9578861660934264e-04
-8.2482120893537592e-01 2.9601474890365728e-04
-8.2452508115413159e-01 2.9624080005677563e-04
-8.2422872736232977e-01 2.9646677000804117e-04
-8.2393214764120426e-01 2.9669265869432840e-04
-8.2363534207205047e-01 2.9691846605392697e-04
-8.2333831073622554e-01 2.9714419202595151e-04
-8.2304105371514902e-01 2.9736983654729722e-04
-8.2274357109030183e-01 2.9759539955689180e-04
-8.2244586294322708e-01 2.9782088099224760e-04
-8.2214792935552938e-01 2.9804628079234185e-04
-8.2184977040887552e-01 2.9827159889438088e-04
-8.2155138618499357e-01 2.9849683523785895e-04
-8.2125277676567388e-01 2.9872198975987638e-04
-8.2095394223276807e-01 2.9894706239954211e-04
-8.2065488266818987e-01 2.9917205309445277e-04
-8.2035559815391423e-01 2.9939696178391884e-04
-8.2005608877197833e-01 2.9962178840505128e-04
-8.1975635460448038e-01 2.9984653289754498e-04
-8.1945639573358076e-01 3.0007119519861113e-04
-8.1915621224150104e-01 3.0029577524739141e-04
-8.1885580421052462e-01 3.0052027298182299e-04
-8.1855517172299630e-01 3.0074468834057419e-04
-8.1825431486132238e-01 3.0096902126239852e-04
-8.1795323370797068e-01 3.0119327168607642e-04
-8.1765192834547074e-01 3.0141743954927312e-04
-8.1735039885641336e-01 3.0164152479053927e-04
-8.1704864532345056e-01 3.0186552734949584e-04
-8.1674666782929617e-01 3.0208944716393388e-04
-8.1644446645672530e-01 3.0231328417219106e-04
-8.1614204128857415e-01 3.0253703831391895e-04
-8.1583939240774062e-01 3.0276070952710651e-04
-8.1553651989718379e-01 3.0298429775041629e-04
-8.1523342383992403e-01 3.0320780292262639e-04
-8.1493010431904300e-01 3.0343122498248273e-04
-8.1462656141768353e-01 3.0365456386910147e-04
-8.1432279521904982e-01 3.0387781952088548e-04
-8.1401880580640718e-01 3.0410099187697749e-04
-8.1371459326308226e-01 3.0432408087550770e-04
-8.1341015767246272e-01 3.0454708645564685e-04
-8.1310549911799723e-01 3.0477000855686756e-04
-8.1280061768319589e-01 3.0499284711750204e-04
-8.1249551345162974e-01 3.0521560207645646e-04
-8.1219018650693087e-01 3.0543827337277055e-04
-8.1188463693279245e-01 3.0566086094538456e-04
-8.1157886481296870e-01 3.0588336473313894e-04
-8.1127287023127470e-01 3.0610578467559819e-04
-8.1096665327158679e-01 3.0632812071097824e-04
-8.1066021401784194e-01 3.0655037277905963e-04
-8.1035355255403829e-01 3.0677254081852952e-04
-8.1004666896423483e-01 3.0699462476846011e-04
-8.0973956333255126e-01 3.0721662456858453e-04
-8.0943223574316858e-01 3.0743854015686124e-04
-8.0912468628032808e-01 3.0766037147366603e-04
-8.0881691502833231e-01 3.0788211845740886e-04
-8.0850892207154434e-01 3.0810378104770281e-04
-8.0820070749438810e-01 3.0832535918399106e-04
-8.0789227138134845e-01 3.0854685280475735e-04
-8.0758361381697064e-01 3.0876826184997774e-04
-8.0727473488586088e-01 3.0898958625857101e-04
-8.0696563467268589e-01 3.0921082597022123e-04
-8.0665631326217324e-01 3.0943198092383010e-04
-8.0634677073911087e-01 3.0965305105935971e-04
-8.0603700718834759e-01 3.0987403631578802e-04
-8.0572702269479268e-01 3.1009493663245141e-04
-8.0541681734341586e-01 3.1031575194942419e-04
-8.0510639121924765e-01 3.1053648220553655e-04
-8.0479574440737900e-01 3.1075712734011354e-04
-8.0448487699296112e-01 3.1097768729343916e-04
-8.0417378906120596e-01 3.1119816200466169e-04
-8.0386248069738575e-01 3.1141855141369242e-04
-8.0355095198683346e-01 3.1163885545910437e-04
-8.0323920301494200e-01 3.1185907408145527e-04
-8.0292723386716491e-01 3.1207920722022708e-04
-8.0261504462901601e-01 3.1229925481529179e-04
-8.0230263538606972e-01 3.1251921680523293e-04
-8.0199000622396022e-01 3.1273909313116606e-04
-8.0167715722838251e-01 3.1295888373184249e-04
-8.0136408848509144e-01 3.1317858854779449e-04
-8.0105080007990248e-01 3.1339820751796348e-04
-8.0073729209869093e-01 3.1361774058286281e-04
-8.0042356462739261e-01 3.1383718768173183e-04
-8.0010961775200329e-01 3.1405654875469083e-04
-7.9979545155857890e-01 3.1427582374173117e-04
-7.9948106613323555e-01 3.1449501258264400e-04
-7.9916646156214954e-01 3.1471411521694119e-04
-7.9885163793155689e-01 3.1493313158552431e-04
-7.9853659532775412e-01 3.1515206162743039e-04
-7.9822133383709737e-01 3.1537090528339858e-04
-7.9790585354600319e-01 3.1558966249252651e-04
-7.9759015454094762e-01 3.1580833319587648e-04
-7.9727423690846710e-01 3.1602691733272965e-04
-7.9695810073515772e-01 3.1624541484361187e-04
-7.9664174610767557e-01 3.1646382566843977e-04
-7.9632517311273665e-01 3.1668214974735551e-04
-7.9600838183711686e-01 3.1690038702005327e-04
-7.9569137236765164e-01 3.1711853742766945e-04
-7.9537414479123658e-01 3.1733660090981744e-04
-7.9505669919482680e-01 3.1755457740729445e-04
-7.9473903566543758e-01 3.1777246685918544e-04
-7.9442115429014337e-01 3.1799026920696622e-04
-7.9410305515607882e-01 3.1820798439021408e-04
-7.9378473835043806e-01 3.1842561234927800e-04
-7.9346620396047474e-01 3.1864315302520060e-04
-7.9314745207350257e-01 3.1886060635726769e-04
-7.9282848277689433e-01 3.1907797228715966e-04
-7.9250929615808297e-01 3.1929525075410843e-04
-7.9218989230456061e-01 3.1951244169901567e-04
-7.9187027130387899e-01 3.1972954506253486e-04
-7.9155043324364949e-01 3.1994656078491562e-04
-7.9123037821154285e-01 3.2016348880689431e-04
-7.9091010629528946e-01 3.2038032906856140e-04
-7.9058961758267887e-01 3.2059708151123103e-04
-7.9026891216156048e-01 3.2081374607450467e-04
-7.8994799011984262e-01 3.2103032269985608e-04
-7.8962685154549328e-01 3.2124681132778742e-04
-7.8930549652653992e-01 3.2146321189821520e-04
-7.8898392515106897e-01 3.2167952435260832e-04
-7.8866213750722636e-01 3.2189574863162646e-04
-7.8834013368321731e-01 3.2211188467593194e-04
-7.8801791376730645e-01 3.2232793242566139e-04
-7.8769547784781724e-01 3.2254389182255830e-04
-7.8737282601313274e-01 3.2275976280670039e-04
-7.8704995835169500e-01 3.2297554531917087e-04
-7.8672687495200533e-01 3.2319123930054966e-04
-7.8640357590262400e-01 3.2340684469216353e-04
-7.8608006129217045e-01 3.2362236143512117e-04
-7.8575633120932342e-01 3.2383778946978772e-04
-7.8543238574282059e-01 3.2405312873694074e-04
-7.8510822498145849e-01 3.2426837917822881e-04
-7.8478384901409293e-01 3.2448354073415085e-04
-7.8445925792963855e-01 3.2469861334595795e-04
-7.8413445181706909e-01 3.2491359695439642e-04
-7.8380943076541698e-01 3.2512849150115504e-04
-7.8348419486377385e-01 3.2534329692691325e-04
-7.8315874420129017e-01 3.2555801317255657e-04
-7.8283307886717513e-01 3.2577264017955054e-04
-7.8250719895069676e-01 3.2598717788939356e-04
-7.8218110454118217e-01 3.2620162624260246e-04
-7.8185479572801708e-01 3.2641598518048465e-04
-7.8152827260064583e-01 3.2663025464492381e-04
-7.8120153524857183e-01 3.2684443457655027e-04
-7.8087458376135699e-01 3.2705852491689958e-04
-7.8054741822862206e-01 3.2727252560693594e-04
-7.8022003874004620e-01 3.2748643658871618e-04
-7.7989244538536762e-01 3.2770025780272952e-04
-7.7956463825438271e-01 3.2791398919120089e-04
-7.7923661743694683e-01 3.2812763069500062e-04
-7.7890838302297360e-01 3.2834118225615348e-04
-7.7857993510243562e-01 3.2855464381513136e-04
-7.7825127376536352e-01 3.2876801531421404e-04
-7.7792239910184668e-01 3.2898129669482436e-04
-7.7759331120203301e-01 3.2919448789826372e-04
-7.7726401015612867e-01 3.2940758886647900e-04
-7.7693449605439857e-01 3.2962059954028941e-04
-7.7660476898716557e-01 3.2983351986223645e-04
-7.7627482904481138e-01 3.3004634977313430e-04
-7.7594467631777564e-01 3.3025908921530724e-04
-7.7561431089655664e-01 3.3047173812999488e-04
-7.7528373287171071e-01 3.3068429645937135e-04
-7.7495294233385270e-01 3.3089676414473421e-04
-7.7462193937365564e-01 3.3110914112771889e-04
-7.7429072408185062e-01 3.3132142735059684e-04
-7.7395929654922702e-01 3.3153362275533310e-04
-7.7362765686663260e-01 3.3174572728310862e-04
-7.7329580512497309e-01 3.3195774087581775e-04
-7.7296374141521229e-01 3.3216966347571062e-04
-7.7263146582837217e-01 3.3238149502470680e-04
-7.7229897845553286e-01 3.3259323546441544e-04
-7.7196627938783235e-01 3.3280488473727429e-04
-7.7163336871646693e-01 3.3301644278474057e-04
-7.7130024653269058e-01 3.3322790954934010e-04
-7.7096691292781550e-01 3.3343928497286160e-04
-7.7063336799321180e-01 3.3365056899712763e-04
-7.7029961182030748e-01 3.3386176156428019e-04
-7.6996564450058835e-01 3.3407286261676647e-04
-7.6963146612559818e-01 3.3428387209672377e-04
-7.6929707678693870e-01 3.3449478994593566e-04
-7.6896247657626926e-01 3.3470561610701082e-04
-7.6862766558530726e-01 3.3491635052158533e-04
-7.6829264390582763e-01 3.3512699313232078e-04
-7.6795741162966313e-01 3.3533754388156961e-04
-7.6762196884870437e-01 3.3554800271128846e-04
-7.6728631565489946e-01 3.3575836956413311e-04
-7.6695045214025437e-01 3.3596864438219747e-04
-7.6661437839683266e-01 3.3617882710773166e-04
-7.6627809451675533e-01 3.3638891768381492e-04
-7.6594160059220140e-01 3.3659891605183521e-04
-7.6560489671540710e-01 3.3680882215471569e-04
-7.6526798297866627e-01 3.3701863593512240e-04
-7.6493085947433037e-01 3.3722835733538152e-04
-7.6459352629480837e-01 3.3743798629780542e-04
-7.6425598353256663e-01 3.3764752276527698e-04
-7.6391823128012892e-01 3.3785696667999667e-04
-7.6358026963007652e-01 3.3806631798510693e-04
-7.6324209867504822e-01 3.3827557662258445e-04
-7.6290371850773997e-01 3.3848474253534610e-04
-7.6256512922090514e-01 3.3869381566611266e-04
-7.6222633090735448e-01 3.3890279595739079e-04
-7.6188732365995593e-01 3.3911168335214067e-04
-7.6154810757163471e-01 3.3932047779327445e-04
-7.6120868273537357e-01 3.3952917922277300e-04
-7.6086904924421195e-01 3.3973778758442097e-04
-7.6052920719124706e-01 3.3994630282004529e-04
-7.6018915666963272e-01 3.4015472487355854e-04
-7.5984889777258047e-01 3.4036305368667316e-04
-7.5950843059335837e-01 3.4057128920341113e-04
-7.5916775522529212e-01 3.4077943136586353e-04
-7.5882687176176411e-01 3.4098748011733717e-04
-7.5848578029621394e-01 3.4119543540074310e-04
-7.5814448092213826e-01 3.4140329715875469e-04
-7.5780297373309047e-01 3.4161106533507282e-04
-7.5746125882268123e-01 3.4181873987220091e-04
-7.5711933628457784e-01 3.4202632071385445e-04
-7.5677720621250488e-01 3.4223380780238824e-04
-7.5643486870024357e-01 3.4244120108116260e-04
-7.5609232384163205e-01 3.4264850049324063e-04
-7.5574957173056523e-01 3.4285570598205329e-04
-7.5540661246099483e-01 3.4306281749093648e-04
-7.5506344612692955e-01 3.4326983496267598e-04
-7.5472007282243470e-01 3.4347675834054482e-04
-7.5437649264163220e-01 3.4368358756823626e-04
-7.5403270567870095e-01 3.4389032258861995e-04
-7.5368871202787624e-01 3.4409696334555546e-04
-7.5334451178345030e-01 3.4430350978189211e-04
-7.5300010503977177e-01 3.4450996184129222e-04
-7.5265549189124603e-01 3.4471631946701275e-04
-7.5231067243233496e-01 3.4492258260257052e-04
-7.5196564675755706e-01 3.4512875119126804e-04
-7.5162041496148724e-01 3.4533482517686096e-04
-7.5127497713875702e-01 3.4554080450269989e-04
-7.5092933338405443e-01 3.4574668911205487e-04
-7.5058348379212370e-01 3.4595247894918572e-04
-7.5023742845776575e-01 3.4615817395724466e-04
-7.4989116747583784e-01 3.4636377407982452e-04
-7.4954470094125347e-01 3.4656927926079973e-04
-7.4919802894898269e-01 3.4677468944351942e-04
-7.4885115159405169e-01 3.4698000457183709e-04
-7.4850406897154309e-01 3.4718522458923541e-04
-7.4815678117659556e-01 3.4739034943997678e-04
-7.4780928830440418e-01 3.4759537906773507e-04
-7.4746159045022043e-01 3.4780031341558255e-04
-7.4711368770935149e-01 3.4800515242822144e-04
-7.4676558017716099e-01 3.4820989604953940e-04
-7.4641726794906893e-01 3.4841454422248713e-04
-7.4606875112055093e-01 3.4861909689183537e-04
-7.4572002978713914e-01 3.4882355400077462e-04
-7.4537110404442131e-01 3.4902791549414058e-04
-7.4502197398804160e-01 3.4923218131544063e-04
-7.4467263971370012e-01 3.4943635140841198e-04
-7.4432310131715274e-01 3.4964042571767397e-04
-7.4397335889421146e-01 3.4984440418705593e-04
-7.4362341254074427e-01 3.5004828676034539e-04
-7.4327326235267488e-01 3.5025207338191725e-04
-7.4292290842598285e-01 3.5045576399629039e-04
-7.4257235085670392e-01 3.5065935854681796e-04
-7.4222158974092922e-01 3.5086285697839104e-04
-7.4187062517480606e-01 3.5106625923458034e-04
-7.4151945725453716e-01 3.5126956526023432e-04
-7.4116808607638118e-01 3.5147277499951457e-04
-7.4081651173665253e-01 3.5167588839654993e-04
-7.4046473433172133e-01 3.5187890539530503e-04
-7.4011275395801301e-01 3.5208182594110042e-04
-7.3976057071200918e-01 3.5228464997737392e-04
-7.3940818469024661e-01 3.5248737744915192e-04
-7.3905559598931791e-01 3.5269000830048320e-04
-7.3870280470587113e-01 3.5289254247604791e-04
-7.3834981093660990e-01 3.5309497992024161e-04
-7.3799661477829337e-01 3.5329732057739544e-04
-7.3764321632773600e-01 3.5349956439258807e-04
-7.3728961568180806e-01 3.5370171130953026e-04
-7.3693581293743482e-01 3.5390376127357269e-04
-7.3658180819159724e-01 3.5410571422894027e-04
-7.3622760154133149e-01 3.5430757012054224e-04
-7.3587319308372912e-01 3.5450932889312609e-04
-7.3551858291593719e-01 3.5471099049081024e-04
-7.3516377113515774e-01 3.5491255485886397e-04
-7.3480875783864830e-01 3.5511402194175941e-04
-7.3445354312372158e-01 3.5531539168417547e-04
-7.3409812708774536e-01 3.5551666403135134e-04
-7.3374250982814282e-01 3.5571783892774387e-04
-7.3338669144239221e-01 3.5591891631822772e-04
-7.3303067202802685e-01 3.5611989614786854e-04
-7.3267445168263523e-01 3.5632077836152728e-04
-7.3231803050386091e-01 3.5652156290409475e-04
-7.3196140858940251e-01 3.5672224972047522e-04
-7.3160458603701362e-01 3.5692283875580241e-04
-7.3124756294450288e-01 3.5712332995501187e-04
-7.3089033940973380e-01 3.5732372326346458e-04
-7.3053291553062516e-01 3.5752401862542739e-04
-7.3017529140515025e-01 3.5772421598650144e-04
-7.2981746713133733e-01 3.5792431529213552e-04
-7.2945944280726971e-01 3.5812431648710424e-04
-7.2910121853108556e-01 3.5832421951614575e-04
-7.2874279440097744e-01 3.5852402432545949e-04
-7.2838417051519322e-01 3.5872373085950543e-04
-7.2802534697203514e-01 3.5892333906399550e-04
-7.2766632386986041e-01 3.5912284888391072e-04
-7.2730710130708087e-01 3.5932226026448534e-04
-7.2694767938216287e-01 3.5952157315156225e-04
-7.2658805819362771e-01 3.5972078748993579e-04
-7.2622823784005108e-01 3.5991990322521413e-04
-7.2586821842006333e-01 3.6011892030288217e-04
-7.2550800003234928e-01 3.6031783866865701e-04
-7.2514758277564850e-01 3.6051665826761301e-04
-7.2478696674875509e-01 3.6071537904490322e-04
-7.2442615205051719e-01 3.6091400094703791e-04
-7.2406513877983791e-01 3.6111252391891842e-04
-7.2370392703567465e-01 3.6131094790594443e-04
-7.2334251691703899e-01 3.6150927285429475e-04
-7.2298090852299712e-01 3.6170749870934315e-04
-7.2261910195266954e-01 3.6190562541668056e-04
-7.2225709730523091e-01 3.6210365292242968e-04
-7.2189489467991053e-01 3.6230158117164253e-04
-7.2153249417599163e-01 3.6249941011040019e-04
-7.2116989589281189e-01 3.6269713968431543e-04
-7.2080709992976300e-01 3.6289476983949288e-04
-7.2044410638629108e-01 3.6309230052136287e-04
-7.2008091536189611e-01 3.6328973167638960e-04
-7.1971752695613256e-01 3.6348706324985849e-04
-7.1935394126860874e-01 3.6368429518787845e-04
-7.1899015839898717e-01 3.6388142743629500e-04
-7.1862617844698429e-01 3.6407845994126405e-04
-7.1826200151237063e-01 3.6427539264881527e-04
-7.1789762769497079e-01 3.6447222550477692e-04
-7.1753305709466331e-01 3.6466895845503773e-04
-7.1716828981138048e-01 3.6486559144619234e-04
-7.1680332594510876e-01 3.6506212442398591e-04
-7.1643816559588835e-01 3.6525855733466055e-04
-7.1607280886381341e-01 3.6545489012419378e-04
-7.1570725584903183e-01 3.6565112273890561e-04
-7.1534150665174534e-01 3.6584725512498579e-04
-7.1497556137220941e-01 3.6604328722878788e-04
-7.1460942011073336e-01 3.6623921899638003e-04
-7.1424308296768013e-01 3.6643505037416027e-04
-7.1387655004346640e-01 3.6663078130844779e-04
-7.1350982143856245e-01 3.6682641174569565e-04
-7.1314289725349234e-01 3.6702194163207151e-04
-7.1277577758883370e-01 3.6721737091375309e-04
-7.1240846254521750e-01 3.6741269953787246e-04
-7.1204095222332864e-01 3.6760792745028865e-04
-7.1167324672390520e-01 3.6780305459800888e-04
-7.1130534614773910e-01 3.6799808092698074e-04
-7.1093725059567547e-01 3.6819300638408733e-04
-7.1056896016861304e-01 3.6838783091570492e-04
-7.1020047496750383e-01 3.6858255446858596e-04
-7.0983179509335326e-01 3.6877717698952241e-04
-7.0946292064722027e-01 3.6897169842483609e-04
-7.0909385173021711e-01 3.6916611872099921e-04
-7.0872458844350905e-01 3.6936043782529533e-04
-7.0835513088831492e-01 3.6955465568426206e-04
-7.0798547916590671e-01 3.6974877224472556e-04
-7.0761563337760969e-01 3.6994278745328395e-04
-7.0724559362480233e-01 3.7013670125665888e-04
-7.0687536000891615e-01 3.7033051360188139e-04
-7.0650493263143588e-01 3.7052422443588731e-04
-7.0613431159389939e-01 3.7071783370544226e-04
-7.0576349699789753e-01 3.7091134135771545e-04
-7.0539248894507445e-01 3.7110474733919533e-04
-7.0502128753712690e-01 3.7129805159763350e-04
-7.0464989287580515e-01 3.7149125407922099e-04
-7.0427830506291211e-01 3.7168435473128959e-04
-7.0390652420030364e-01 3.7187735350110648e-04
-7.0353455038988866e-01 3.7207025033553790e-04
-7.0316238373362883e-01 3.7226304518193801e-04
-7.0279002433353888e-01 3.7245573798703834e-04
-7.0241747229168605e-01 3.7264832869861509e-04
-7.0204472771019066e-01 3.7284081726360465e-04
-7.0167179069122587e-01 3.7303320362882213e-04
-7.0129866133701724e-01 3.7322548774212417e-04
-7.0092533974984328e-01 3.7341766955070342e-04
-7.0055182603203525e-01 3.7360974900160955e-04
-7.0017812028597692e-01 3.7380172604243938e-04
-6.9980422261410480e-01 3.7399360062047613e-04
-6.9943013311890800e-01 3.7418537268298882e-04
-6.9905585190292807e-01 3.7437704217783112e-04
-6.9868137906875938e-01 3.7456860905197192e-04
-6.9830671471904859e-01 3.7476007325313492e-04
-6.9793185895649490e-01 3.7495143472898008e-04
-6.9755681188385010e-01 3.7514269342680390e-04
-6.9718157360391830e-01 3.7533384929427883e-04
-6.9680614421955611e-01 3.7552490227887501e-04
-6.9643052383367232e-01 3.7571585232866440e-04
-6.9605471254922846e-01 3.7590669939060686e-04
-6.9567871046923802e-01 3.7609744341282083e-04
-6.9530251769676688e-01 3.7628808434312218e-04
-6.9492613433493333e-01 3.7647862212897520e-04
-6.9454956048690775e-01 3.7666905671835977e-04
-6.9417279625591277e-01 3.7685938805909653e-04
-6.9379584174522324e-01 3.7704961609900527e-04
-6.9341869705816628e-01 3.7723974078554908e-04
-6.9304136229812086e-01 3.7742976206709875e-04
-6.9266383756851835e-01 3.7761967989109849e-04
-6.9228612297284187e-01 3.7780949420606816e-04
-6.9190821861462681e-01 3.7799920495976608e-04
-6.9153012459746066e-01 3.7818881209987786e-04
-6.9115184102498273e-01 3.7837831557449488e-04
-6.9077336800088418e-01 3.7856771533209023e-04
-6.9039470562890837e-01 3.7875701132039635e-04
-6.9001585401285037e-01 3.7894620348770695e-04
-6.8963681325655724e-01 3.7913529178204851e-04
-6.8925758346392774e-01 3.7932427615183876e-04
-6.8887816473891272e-01 3.7951315654474060e-04
-6.8849855718551445e-01 3.7970193290959845e-04
-6.8811876090778734e-01 3.7989060519406562e-04
-6.8773877600983724e-01 3.8007917334674176e-04
-6.8735860259582171e-01 3.8026763731620550e-04
-6.8697824076995029e-01 3.8045599705018279e-04
-6.8659769063648379e-01 3.8064425249750464e-04
-6.8621695229973478e-01 3.8083240360668069e-04
-6.8583602586406767e-01 3.8102045032542824e-04
-6.8545491143389792e-01 3.8120839260301245e-04
-6.8507360911369297e-01 3.8139623038742067e-04
-6.8469211900797156e-01 3.8158396362728323e-04
-6.8431044122130391e-01 3.8177159227118700e-04
-6.8392857585831168e-01 3.8195911626783311e-04
-6.8354652302366803e-01 3.8214653556566168e-04
-6.8316428282209751e-01 3.8233385011310789e-04
-6.8278185535837588e-01 3.8252105985916377e-04
-6.8239924073733038e-01 3.8270816475229823e-04
-6.8201643906383946e-01 3.8289516474136916e-04
-6.8163345044283286e-01 3.8308205977520760e-04
-6.8125027497929169e-01 3.8326884980218351e-04
-6.8086691277824807e-01 3.8345553477148913e-04
-6.8048336394478548e-01 3.8364211463166821e-04
-6.8009962858403838e-01 3.8382858933191417e-04
-6.7971570680119264e-01 3.8401495882061667e-04
-6.7933159870148485e-01 3.8420122304725989e-04
-6.7894730439020301e-01 3.8438738196039135e-04
-6.7856282397268597e-01 3.8457343550916891e-04
-6.7817815755432376e-01 3.8475938364226675e-04
-6.7779330524055714e-01 3.8494522630911829e-04
-6.7740826713687796e-01 3.8513096345885330e-04
-6.7702304334882912e-01 3.8531659504022252e-04
-6.7663763398200427e-01 3.8550212100244555e-04
-6.7625203914204801e-01 3.8568754129454354e-04
-6.7586625893465557e-01 3.8587285586615523e-04
-6.7548029346557337e-01 3.8605806466590582e-04
-6.7509414284059832e-01 3.8624316764320995e-04
-6.7470780716557810e-01 3.8642816474753286e-04
-6.7432128654641121e-01 3.8661305592803706e-04
-6.7393458108904680e-01 3.8679784113413259e-04
-6.7354769089948474e-01 3.8698252031499878e-04
-6.7316061608377542e-01 3.8716709342024658e-04
-6.7277335674801997e-01 3.8735156039908925e-04
-6.7238591299837014e-01 3.8753592120069032e-04
-6.7199828494102798e-01 3.8772017577496054e-04
-6.7161047268224616e-01 3.8790432407150819e-04
-6.7122247632832810e-01 3.8808836603930127e-04
-6.7083429598562727e-01 3.8827230162844894e-04
-6.7044593176054790e-01 3.8845613078820830e-04
-6.7005738375954449e-01 3.8863985346817361e-04
-6.6966865208912196e-01 3.8882346961809306e-04
-6.6927973685583542e-01 3.8900697918752377e-04
-6.6889063816629046e-01 3.8919038212644873e-04
-6.6850135612714301e-01 3.8937367838424682e-04
-6.6811189084509903e-01 3.8955686791100906e-04
-6.6772224242691491e-01 3.8973995065633155e-04
-6.6733241097939722e-01 3.8992292656995033e-04
-6.6694239660940258e-01 3.9010579560182885e-04
-6.6655219942383792e-01 3.9028855770161604e-04
-6.6616181952966003e-01 3.9047121281964817e-04
-6.6577125703387596e-01 3.9065376090575982e-04
-6.6538051204354298e-01 3.9083620190942097e-04
-6.6498958466576796e-01 3.9101853578126319e-04
-6.6459847500770819e-01 3.9120076247075913e-04
-6.6420718317657057e-01 3.9138288192842538e-04
-6.6381570927961220e-01 3.9156489410404249e-04
-6.6342405342413990e-01 3.9174679894794475e-04
-6.6303221571751059e-01 3.9192859640992762e-04
-6.6264019626713078e-01 3.9211028644043825e-04
-6.6224799518045685e-01 3.9229186898985633e-04
-6.6185561256499525e-01 3.9247334400781665e-04
-6.6146304852830184e-01 3.9265471144497751e-04
-6.6107030317798232e-01 3.9283597125166667e-04
-6.6067737662169213e-01 3.9301712337814023e-04
-6.6028426896713643e-01 3.9319816777451540e-04
-6.5989098032206983e-01 3.9337910439158242e-04
-6.5949751079429686e-01 3.9355993317918625e-04
-6.5910386049167125e-01 3.9374065408832854e-04
-6.5871002952209656e-01 3.9392126706918414e-04
-6.5831601799352579e-01 3.9410177207231835e-04
-6.5792182601396154e-01 3.9428216904794906e-04
-6.5752745369145560e-01 3.9446245794707560e-04
-6.5713290113410938e-01 3.9464263872020911e-04
-6.5673816845007371e-01 3.9482271131789615e-04
-6.5634325574754881e-01 3.9500267569061423e-04
-6.5594816313478421e-01 3.9518253178903858e-04
-6.5555289072007861e-01 3.9536227956417732e-04
-6.5515743861178022e-01 3.9554191896651488e-04
-6.5476180691828634e-01 3.9572144994699684e-04
-6.5436599574804366e-01 3.9590087245615970e-04
-6.5397000520954796e-01 3.9608018644490036e-04
-6.5357383541134417e-01 3.9625939186407357e-04
-6.5317748646202645e-01 3.9643848866447530e-04
-6.5278095847023787e-01 3.9661747679729949e-04
-6.5238425154467072e-01 3.9679635621351511e-04
-6.5198736579406646e-01 3.9697512686370215e-04
-6.5159030132721540e-01 3.9715378869897941e-04
-6.5119305825295681e-01 3.9733234167054930e-04
-6.5079563668017915e-01 3.9751078572903084e-04
-6.5039803671781937e-01 3.9768912082617741e-04
-6.5000025847486376e-01 3.9786734691272624e-04
-6.4960230206034730e-01 3.9804546393979237e-04
-6.4920416758335375e-01 3.9822347185873314e-04
-6.4880585515301581e-01 3.9840137062063780e-04
-6.4840736487851491e-01 3.9857916017661983e-04
-6.4800869686908125e-01 3.9875684047791866e-04
-6.4760985123399351e-01 3.9893441147633655e-04
-6.4721082808257946e-01 3.9911187312263881e-04
-6.4681162752421517e-01 3.9928922536865559e-04
-6.4641224966832567e-01 3.9946646816529929e-04
-6.4601269462438438e-01 3.9964360146409021e-04
-6.4561296250191325e-01 3.9982062521667461e-04
-6.4521305341048285e-01 3.9999753937450581e-04
-6.4481296745971228e-01 4.0017434388903226e-04
-6.4441270475926915e-01 4.0035103871167185e-04
-6.4401226541886947e-01 4.0052762379394214e-04
-6.4361164954827743e-01 4.0070409908803004e-04
-6.4321085725730620e-01 4.0088046454465908e-04
-6.4280988865581667e-01 4.0105672011617438e-04
-6.4240874385371838e-01 4.0123286575420797e-04
-6.4200742296096924e-01 4.0140890141010895e-04
-6.4160592608757527e-01 4.0158482703578509e-04
-6.4120425334359077e-01 4.0176064258301124e-04
-6.4080240483911810e-01 4.0193634800396417e-04
-6.4040038068430827e-01 4.0211194324966140e-04
-6.3999818098935979e-01 4.0228742827280489e-04
-6.3959580586451981e-01 4.0246280302478872e-04
-6.3919325542008321e-01 4.0263806745796101e-04
-6.3879052976639328e-01 4.0281322152372961e-04
-6.3838762901384105e-01 4.0298826517451409e-04
-6.3798455327286552e-01 4.0316319836221050e-04
-6.3758130265395396e-01 4.0333802103878589e-04
-6.3717787726764130e-01 4.0351273315646048e-04
-6.3677427722451052e-01 4.0368733466716834e-04
-6.3637050263519246e-01 4.0386182552296177e-04
-6.3596655361036558e-01 4.0403620567647708e-04
-6.3556243026075643e-01 4.0421047507972096e-04
-6.3515813269713939e-01 4.0438463368455203e-04
-6.3475366103033626e-01 4.0455868144374172e-04
-6.3434901537121691e-01 4.0473261830920992e-04
-6.3394419583069872e-01 4.0490644423335151e-04
-6.3353920251974671e-01 4.0508015916869438e-04
-6.3313403554937364e-01 4.0525376306748529e-04
-6.3272869503063978e-01 4.0542725588227482e-04
-6.3232318107465302e-01 4.0560063756542281e-04
-6.3191749379256879e-01 4.0577390806944896e-04
-6.3151163329559012e-01 4.0594706734654976e-04
-6.3110559969496727e-01 4.0612011534973708e-04
-6.3069939310199818e-01 4.0629305203130251e-04
-6.3029301362802825e-01 4.0646587734361329e-04
-6.2988646138444992e-01 4.0663859123985603e-04
-6.2947973648270339e-01 4.0681119367226164e-04
-6.2907283903427591e-01 4.0698368459376273e-04
-6.2866576915070216e-01 4.0715606395703611e-04
-6.2825852694356421e-01 4.0732833171443130e-04
-6.2785111252449100e-01 4.0750048781929200e-04
-6.2744352600515896e-01 4.0767253222423597e-04
-6.2703576749729162e-01 4.0784446488212496e-04
-6.2662783711265968e-01 4.0801628574576806e-04
-6.2621973496308103e-01 4.0818799476782656e-04
-6.2581146116042041e-01 4.0835959190157491e-04
-6.2540301581658975e-01 4.0853107709997225e-04
-6.2499439904354803e-01 4.0870245031588125e-04
-6.2458561095330112e-01 4.0887371150256365e-04
-6.2417665165790204e-01 4.0904486061272936e-04
-6.2376752126945056e-01 4.0921589759958607e-04
-6.2335821990009344e-01 4.0938682241621963e-04
-6.2294874766202424e-01 4.0955763501581251e-04
-6.2253910466748330e-01 4.0972833535176268e-04
-6.2212929102875802e-01 4.0989892337689530e-04
-6.2171930685818233e-01 4.1006939904464216e-04
-6.2130915226813688e-01 4.1023976230853098e-04
-6.2089882737104940e-01 4.1041001312120231e-04
-6.2048833227939371e-01 4.1058015143683477e-04
-6.2007766710569090e-01 4.1075017720805691e-04
-6.1966683196250827e-01 4.1092009038858448e-04
-6.1925582696245984e-01 4.1108989093181666e-04
-6.1884465221820617e-01 4.1125957879128267e-04
-6.1843330784245443e-01 4.1142915392026238e-04
-6.1802179394795809e-01 4.1159861627260619e-04
-6.1761011064751736e-01 4.1176796580150155e-04
-6.1719825805397865e-01 4.1193720246077863e-04
-6.1678623628023499e-01 4.1210632620375571e-04
-6.1637404543922547e-01 4.1227533698451118e-04
-6.1596168564393583e-01 4.1244423475646821e-04
-6.1554915700739810e-01 4.1261301947308768e-04
-6.1513645964269026e-01 4.1278169108867796e-04
-6.1472359366293705e-01 4.1295024955634736e-04
-6.1431055918130895e-01 4.1311869483042055e-04
-6.1389735631102282e-01 4.1328702686471686e-04
-6.1348398516534186e-01 4.1345524561273091e-04
-6.1307044585757520e-01 4.1362335102841489e-04
-6.1265673850107794e-01 4.1379134306603960e-04
-6.1224286320925159e-01 4.1395922167910122e-04
-6.1182882009554329e-01 4.1412698682206906e-04
-6.1141460927344660e-01 4.1429463844850332e-04
-6.1100023085650068e-01 4.1446217651279038e-04
-6.1058568495829091e-01 4.1462960096875470e-04
-6.1017097169244849e-01 4.1479691177039529e-04
-6.0975609117265028e-01 4.1496410887234157e-04
-6.0934104351261931e-01 4.1513119222842562e-04
-6.0892582882612423e-01 4.1529816179296681e-04
-6.0851044722697967e-01 4.1546501751987233e-04
-6.0809489882904566e-01 4.1563175936390500e-04
-6.0767918374622831e-01 4.1579838727901918e-04
-6.0726330209247914e-01 4.1596490121989131e-04
-6.0684725398179573e-01 4.1613130114021550e-04
-6.0643103952822075e-01 4.1629758699503818e-04
-6.0601465884584282e-01 4.1646375873855674e-04
-6.0559811204879610e-01 4.1662981632512914e-04
-6.0518139925126013e-01 4.1679575970941758e-04
-6.0476452056746011e-01 4.1696158884584506e-04
-6.0434747611166673e-01 4.1712730368871262e-04
-6.0393026599819588e-01 4.1729290419297233e-04
-6.0351289034140909e-01 4.1745839031310540e-04
-6.0309534925571329e-01 4.1762376200351286e-04
-6.0267764285556047e-01 4.1778901921928898e-04
-6.0225977125544827e-01 4.1795416191479413e-04
-6.0184173456991930e-01 4.1811919004520890e-04
-6.0142353291356188e-01 4.1828410356455710e-04
-6.0100516640100898e-01 4.1844890242828453e-04
-6.0058663514693922e-01 4.1861358659085464e-04
-6.0016793926607603e-01 4.1877815600744998e-04
-5.9974907887318829e-01 4.1894261063263512e-04
-5.9933005408308970e-01 4.1910695042157156e-04
-5.9891086501063917e-01 4.1927117532916176e-04
-5.9849151177074078e-01 4.1943528530997417e-04
-5.9807199447834314e-01 4.1959928031973904e-04
-5.9765231324844037e-01 4.1976316031293369e-04
-5.9723246819607112e-01 4.1992692524501850e-04
-5.9681245943631922e-01 4.2009057507085522e-04
-5.9639228708431313e-01 4.2025410974590150e-04
-5.9597195125522651e-01 4.2041752922482848e-04
-5.9555145206427751e-01 4.2058083346302748e-04
-5.9513078962672905e-01 4.2074402241600663e-04
-5.9470996405788901e-01 4.2090709603880130e-04
-5.9428897547310977e-01 4.2107005428692804e-04
-5.9386782398778870e-01 4.2123289711531032e-04
-5.9344650971736745e-01 4.2139562447968836e-04
-5.9302503277733254e-01 4.2155823633532668e-04
-5.9260339328321510e-01 4.2172073263740717e-04
-5.9218159135059056e-01 4.2188311334175532e-04
-5.9175962709507901e-01 4.2204537840397858e-04
-5.9133750063234525e-01 4.2220752777915205e-04
-5.9091521207809827e-01 4.2236956142301417e-04
-5.9049276154809160e-01 4.2253147929112531e-04
-5.9007014915812317e-01 4.2269328133906644e-04
-5.8964737502403508e-01 4.2285496752284452e-04
-5.8922443926171419e-01 4.2301653779759819e-04
-5.8880134198709133e-01 4.2317799211923264e-04
-5.8837808331614150e-01 4.2333933044392733e-04
-5.8795466336488444e-01 4.2350055272671519e-04
-5.8753108224938355e-01 4.2366165892397374e-04
-5.8710734008574672e-01 4.2382264899136203e-04
-5.8668343699012604e-01 4.2398352288444512e-04
-5.8625937307871734e-01 4.2414428055966550e-04
-5.8583514846776086e-01 4.2430492197276904e-04
-5.8541076327354091e-01 4.2446544707946238e-04
-5.8498621761238556e-01 4.2462585583610173e-04
-5.8456151160066716e-01 4.2478614819838989e-04
-5.8413664535480170e-01 4.2494632412274882e-04
-5.8371161899124946e-01 4.2510638356484890e-04
-5.8328643262651425e-01 4.2526632648113210e-04
-5.8286108637714396e-01 4.2542615282767609e-04
-5.8243558035973020e-01 4.2558586256071494e-04
-5.8200991469090846e-01 4.2574545563640827e-04
-5.8158408948735796e-01 4.2590493201097247e-04
-5.8115810486580155e-01 4.2606429164090314e-04
-5.8073196094300605e-01 4.2622353448210375e-04
-5.8030565783578159e-01 4.2638266049135860e-04
-5.7987919566098212e-01 4.2654166962481784e-04
-5.7945257453550536e-01 4.2670056183890712e-04
-5.7902579457629222e-01 4.2685933709015925e-04
-5.7859885590032745e-01 4.2701799533494919e-04
-5.7817175862463910e-01 4.2717653652999733e-04
-5.7774450286629897e-01 4.2733496063146481e-04
-5.7731708874242194e-01 4.2749326759637234e-04
-5.7688951637016661e-01 4.2765145738101504e-04
-5.7646178586673480e-01 4.2780952994215621e-04
-5.7603389734937183e-01 4.2796748523618079e-04
-5.7560585093536598e-01 4.2812532322029977e-04
-5.7517764674204919e-01 4.2828304385097754e-04
-5.7474928488679644e-01 4.2844064708506564e-04
-5.7432076548702615e-01 4.2859813287904938e-04
-5.7389208866019958e-01 4.2875550119016094e-04
-5.7346325452382141e-01 4.2891275197510376e-04
-5.7303426319543938e-01 4.2906988519070358e-04
-5.7260511479264420e-01 4.2922690079408434e-04
-5.7217580943306978e-01 4.2938379874212965e-04
-5.7174634723439310e-01 4.2954057899161226e-04
-5.7131672831433389e-01 4.2969724149991917e-04
-5.7088695279065516e-01 4.2985378622367607e-04
-5.7045702078116245e-01 4.3001021312044619e-04
-5.7002693240370461e-01 4.3016652214698038e-04
-5.6959668777617301e-01 4.3032271326073787e-04
-5.6916628701650218e-01 4.3047878641847958e-04
-5.6873573024266910e-01 4.3063474157782692e-04
-5.6830501757269369e-01 4.3079057869598535e-04
-5.6787414912463863e-01 4.3094629773017659e-04
-5.6744312501660932e-01 4.3110189863757210e-04
-5.6701194536675381e-01 4.3125738137544625e-04
-5.6658061029326257e-01 4.3141274590158626e-04
-5.6614911991436889e-01 4.3156799217326482e-04
-5.6571747434834874e-01 4.3172312014766863e-04
-5.6528567371352034e-01 4.3187812978252469e-04
-5.6485371812824459e-01 4.3203302103531435e-04
-5.6442160771092487e-01 4.3218779386346254e-04
-5.6398934258000688e-01 4.3234244822470936e-04
-5.6355692285397885e-01 4.3249698407659548e-04
-5.6312434865137140e-01 4.3265140137664404e-04
-5.6269162009075735e-01 4.3280570008268586e-04
-5.6225873729075204e-01 4.3295988015218628e-04
-5.6182570037001278e-01 4.3311394154329797e-04
-5.6139250944723951e-01 4.3326788421337102e-04
-5.6095916464117401e-01 4.3342170812054161e-04
-5.6052566607060061e-01 4.3357541322228176e-04
-5.6009201385434537e-01 4.3372899947693717e-04
-5.5965820811127687e-01 4.3388246684202708e-04
-5.5922424896030554e-01 4.3403581527559409e-04
-5.5879013652038390e-01 4.3418904473563178e-04
-5.5835587091050654e-01 4.3434215518007067e-04
-5.5792145224971001e-01 4.3449514656690002e-04
-5.5748688065707275e-01 4.3464801885436164e-04
-5.5705215625171511e-01 4.3480077200059729e-04
-5.5661727915279957e-01 4.3495340596342799e-04
-5.5618224947953010e-01 4.3510592070135698e-04
-5.5574706735115287e-01 4.3525831617219492e-04
-5.5531173288695546e-01 4.3541059233456292e-04
-5.5487624620626752e-01 4.3556274914643609e-04
-5.5444060742846024e-01 4.3571478656622748e-04
-5.5400481667294654e-01 4.3586670455231843e-04
-5.5356887405918109e-01 4.3601850306291661e-04
-5.5313277970666008e-01 4.3617018205646424e-04
-5.5269653373492134e-01 4.3632174149138331e-04
-5.5226013626354409e-01 4.3647318132641340e-04
-5.5182358741214954e-01 4.3662450151942932e-04
-5.5138688730039975e-01 4.3677570202955111e-04
-5.5095003604799886e-01 4.3692678281509359e-04
-5.5051303377469207e-01 4.3707774383448166e-04
-5.5007588060026602e-01 4.3722858504655348e-04
-5.4963857664454874e-01 4.3737930640999655e-04
-5.4920112202740967e-01 4.3752990788336482e-04
-5.4876351686875946e-01 4.3768038942546266e-04
-5.4832576128855015e-01 4.3783075099481029e-04
-5.4788785540677476e-01 4.3798099255053528e-04
-5.4744979934346782e-01 4.3813111405111867e-04
-5.4701159321870474e-01 4.3828111545582383e-04
-5.4657323715260220e-01 4.3843099672314886e-04
-5.4613473126531797e-01 4.3858075781235062e-04
-5.4569607567705103e-01 4.3873039868201928e-04
-5.4525727050804118e-01 4.3887991929127584e-04
-5.4481831587856921e-01 4.3902931959929962e-04
-5.4437921190895711e-01 4.3917859956489424e-04
-5.4393995871956757e-01 4.3932775914726701e-04
-5.4350055643080430e-01 4.3947679830551014e-04
-5.4306100516311184e-01 4.3962571699880800e-04
-5.4262130503697559e-01 4.3977451518633465e-04
-5.4218145617292179e-01 4.3992319282715783e-04
-5.4174145869151735e-01 4.4007174988067919e-04
-5.4130131271336990e-01 4.4022018630633089e-04
-5.4086101835912803e-01 4.4036850206302089e-04
-5.4042057574948066e-01 4.4051669711044262e-04
-5.3997998500515765e-01 4.4066477140768188e-04
-5.3953924624692917e-01 4.4081272491444060e-04
-5.3909835959560626e-01 4.4096055758989619e-04
-5.3865732517204024e-01 4.4110826939373340e-04
-5.3821614309712307e-01 4.4125586028542221e-04
-5.3777481349178713e-01 4.4140333022456383e-04
-5.3733333647700543e-01 4.4155067917044891e-04
-5.3689171217379106e-01 4.4169790708299282e-04
-5.3644994070319774e-01 4.4184501392167529e-04
-5.3600802218631938e-01 4.4199199964628641e-04
-5.3556595674429031e-01 4.4213886421643167e-04
-5.3512374449828504e-01 4.4228560759194816e-04
-5.3468138556951839e-01 4.4243222973254943e-04
-5.3423888007924536e-01 4.4257873059802962e-04
-5.3379622814876115e-01 4.4272511014819020e-04
-5.3335342989940093e-01 4.4287136834320626e-04
-5.3291048545254038e-01 4.4301750514245649e-04
-5.3246739492959472e-01 4.4316352050644881e-04
-5.3202415845201967e-01 4.4330941439476332e-04
-5.3158077614131072e-01 4.4345518676753220e-04
-5.3113724811900331e-01 4.4360083758495457e-04
-5.3069357450667309e-01 4.4374636680672775e-04
-5.3024975542593522e-01 4.4389177439337795e-04
-5.2980579099844505e-01 4.4403706030484027e-04
-5.2936168134589767e-01 4.4418222450123661e-04
-5.2891742659002794e-01 4.4432726694287384e-04
-5.2847302685261055e-01 4.4447218758991708e-04
-5.2802848225545984e-01 4.4461698640278855e-04
-5.2758379292043001e-01 4.4476166334163152e-04
-5.2713895896941476e-01 4.4490621836692281e-04
-5.2669398052434757e-01 4.4505065143897622e-04
-5.2624885770720153e-01 4.4519496251807462e-04
-5.2580359063998916e-01 4.4533915156484807e-04
-5.2535817944476260e-01 4.4548321853978402e-04
-5.2491262424361351e-01 4.4562716340334986e-04
-5.2446692515867310e-01 4.4577098611596992e-04
-5.2402108231211186e-01 4.4591468663836888e-04
-5.2357509582613981e-01 4.4605826493107652e-04
-5.2312896582300628e-01 4.4620172095477404e-04
-5.2268269242499998e-01 4.4634505467006043e-04
-5.2223627575444886e-01 4.4648826603777328e-04
-5.2178971593372014e-01 4.4663135501873101e-04
-5.2134301308522046e-01 4.4677432157346267e-04
-5.2089616733139554e-01 4.4691716566274542e-04
-5.2044917879473018e-01 4.4705988724760343e-04
-5.2000204759774837e-01 4.4720248628896076e-04
-5.1955477386301319e-01 4.4734496274782435e-04
-5.1910735771312710e-01 4.4748731658461138e-04
-5.1865979927073103e-01 4.4762954776093042e-04
-5.1821209865850537e-01 4.4777165623745031e-04
-5.1776425599916931e-01 4.4791364197528178e-04
-5.1731627141548098e-01 4.4805550493554514e-04
-5.1686814503023748e-01 4.4819724507921252e-04
-5.1641987696627467e-01 4.4833886236757639e-04
-5.1597146734646726e-01 4.4848035676188540e-04
-5.1552291629372893e-01 4.4862172822311019e-04
-5.1507422393101188e-01 4.4876297671274986e-04
-5.1462539038130728e-01 4.4890410219183314e-04
-5.1417641576764472e-01 4.4904510462203165e-04
-5.1372730021309276e-01 4.4918598396442459e-04
-5.1327804384075848e-01 4.4932674018035912e-04
-5.1282864677378748e-01 4.4946737323136356e-04
-5.1237910913536400e-01 4.4960788307883893e-04
-5.1192943104871069e-01 4.4974826968447053e-04
-5.1147961263708897e-01 4.4988853300948915e-04
-5.1102965402379852e-01 4.5002867301548188e-04
-5.1057955533217736e-01 4.5016868966430475e-04
-5.1012931668560224e-01 4.5030858291718952e-04
-5.0967893820748789e-01 4.5044835273613370e-04
-5.0922842002128754e-01 4.5058799908279210e-04
-5.0877776225049287e-01 4.5072752191866773e-04
-5.0832696501863361e-01 4.5086692120560059e-04
-5.0787602844927782e-01 4.5100619690534636e-04
-5.0742495266603160e-01 4.5114534897989632e-04
-5.0697373779253940e-01 4.5128437739100309e-04
-5.0652238395248372e-01 4.5142328210055239e-04
-5.0607089126958515e-01 4.5156206307047909e-04
-5.0561925986760237e-01 4.5170072026271229e-04
-5.0516748987033200e-01 4.5183925363930020e-04
-5.0471558140160877e-01 4.5197766316218375e-04
-5.0426353458530526e-01 4.5211594879349413e-04
-5.0381134954533202e-01 4.5225411049532087e-04
-5.0335902640563757e-01 4.5239214822966197e-04
-5.0290656529020805e-01 4.5253006195890717e-04
-5.0245396632306760e-01 4.5266785164522111e-04
-5.0200122962827820e-01 4.5280551725068280e-04
-5.0154835532993947e-01 4.5294305873761186e-04
-5.0109534355218877e-01 4.5308047606830085e-04
-5.0064219441920110e-01 4.5321776920517282e-04
-5.0018890805518923e-01 4.5335493811050605e-04
-4.9973548458440348e-01 4.5349198274666815e-04
-4.9928192413113165e-01 4.5362890307628132e-04
-4.9882822681969935e-01 4.5376569906153182e-04
-4.9837439277446938e-01 4.5390237066521803e-04
-4.9792042211984228e-01 4.5403891784967878e-04
-4.9746631498025595e-01 4.5417534057747808e-04
-4.9701207148018561e-01 4.5431163881137798e-04
-4.9655769174414405e-01 4.5444781251382946e-04
-4.9610317589668118e-01 4.5458386164766239e-04
-4.9564852406238441e-01 4.5471978617548086e-04
-4.9519373636587832e-01 4.5485558606007443e-04
-4.9473881293182476e-01 4.5499126126420512e-04
-4.9428375388492279e-01 4.5512681175065571e-04
-4.9382855934990860e-01 4.5526223748238186e-04
-4.9337322945155559e-01 4.5539753842217644e-04
-4.9291776431467427e-01 4.5553271453290049e-04
-4.9246216406411214e-01 4.5566776577754835e-04
-4.9200642882475376e-01 4.5580269211915512e-04
-4.9155055872152070e-01 4.5593749352074376e-04
-4.9109455387937156e-01 4.5607216994527001e-04
-4.9063841442330181e-01 4.5620672135586167e-04
-4.9018214047834380e-01 4.5634114771564215e-04
-4.8972573216956683e-01 4.5647544898767952e-04
-4.8926918962207688e-01 4.5660962513534292e-04
-4.8881251296101691e-01 4.5674367612170156e-04
-4.8835570231156650e-01 4.5687760191008109e-04
-4.8789875779894204e-01 4.5701140246372446e-04
-4.8744167954839657e-01 4.5714507774598559e-04
-4.8698446768521980e-01 4.5727862772021167e-04
-4.8652712233473810e-01 4.5741205234975336e-04
-4.8606964362231436e-01 4.5754535159810763e-04
-4.8561203167334804e-01 4.5767852542875936e-04
-4.8515428661327520e-01 4.5781157380512036e-04
-4.8469640856756829e-01 4.5794449669077239e-04
-4.8423839766173626e-01 4.5807729404929683e-04
-4.8378025402132452e-01 4.5820996584420041e-04
-4.8332197777191471e-01 4.5834251203927647e-04
-4.8286356903912508e-01 4.5847493259795421e-04
-4.8240502794860990e-01 4.5860722748417986e-04
-4.8194635462605995e-01 4.5873939666152605e-04
-4.8148754919720210e-01 4.5887144009387174e-04
-4.8102861178779954e-01 4.5900335774496178e-04
-4.8056954252365158e-01 4.5913514957866293e-04
-4.8011034153059373e-01 4.5926681555879899e-04
-4.7965100893449752e-01 4.5939835564931791e-04
-4.7919154486127064e-01 4.5952976981414545e-04
-4.7873194943685671e-01 4.5966105801733555e-04
-4.7827222278723552e-01 4.5979222022275165e-04
-4.7781236503842262e-01 4.5992325639466754e-04
-4.7735237631646971e-01 4.6005416649694730e-04
-4.7689225674746427e-01 4.6018495049376603e-04
-4.7643200645752964e-01 4.6031560834931459e-04
-4.7597162557282507e-01 4.6044614002771614e-04
-4.7551111421954551e-01 4.6057654549326685e-04
-4.7505047252392169e-01 4.6070682471024288e-04
-4.7458970061222022e-01 4.6083697764273766e-04
-4.7412879861074314e-01 4.6096700425533578e-04
-4.7366776664582838e-01 4.6109690451222172e-04
-4.7320660484384935e-01 4.6122667837789131e-04
-4.7274531333121517e-01 4.6135632581666890e-04
-4.7228389223437034e-01 4.6148584679318953e-04
-4.7182234167979514e-01 4.6161524127168911e-04
-4.7136066179400510e-01 4.6174450921686495e-04
-4.7089885270355125e-01 4.6187365059332478e-04
-4.7043691453502012e-01 4.6200266536559925e-04
-4.6997484741503359e-01 4.6213155349830612e-04
-4.6951265147024890e-01 4.6226031495605520e-04
-4.6905032682735848e-01 4.6238894970376381e-04
-4.6858787361309012e-01 4.6251745770602539e-04
-4.6812529195420699e-01 4.6264583892757804e-04
-4.6766258197750726e-01 4.6277409333329628e-04
-4.6719974380982437e-01 4.6290222088801860e-04
-4.6673677757802684e-01 4.6303022155668285e-04
-4.6627368340901842e-01 4.6315809530405363e-04
-4.6581046142973775e-01 4.6328584209525320e-04
-4.6534711176715871e-01 4.6341346189509750e-04
-4.6488363454828996e-01 4.6354095466874225e-04
-4.6442002990017534e-01 4.6366832038110764e-04
-4.6395629794989340e-01 4.6379555899742119e-04
-4.6349243882455776e-01 4.6392267048274975e-04
-4.6302845265131687e-01 4.6404965480218758e-04
-4.6256433955735388e-01 4.6417651192105536e-04
-4.6210009966988691e-01 4.6430324180444355e-04
-4.6163573311616873e-01 4.6442984441765405e-04
-4.6117124002348681e-01 4.6455631972606943e-04
-4.6070662051916333e-01 4.6468266769499701e-04
-4.6024187473055522e-01 4.6480888828970480e-04
-4.5977700278505390e-01 4.6493498147564492e-04
-4.5931200481008538e-01 4.6506094721829381e-04
-4.5884688093311032e-01 4.6518678548303818e-04
-4.5838163128162374e-01 4.6531249623550045e-04
-4.5791625598315527e-01 4.6543807944109681e-04
-4.5745075516526890e-01 4.6556353506554575e-04
-4.5698512895556304e-01 4.6568886307431196e-04
-4.5651937748167049e-01 4.6581406343316573e-04
-4.5605350087125840e-01 4.6593913610770639e-04
-4.5558749925202818e-01 4.6606408106369577e-04
-4.5512137275171555e-01 4.6618889826686083e-04
-4.5465512149809040e-01 4.6631358768301558e-04
-4.5418874561895689e-01 4.6643814927793979e-04
-4.5372224524215332e-01 4.6656258301747534e-04
-4.5325562049555201e-01 4.6668688886763906e-04
-4.5278887150705960e-01 4.6681106679416674e-04
-4.5232199840461651e-01 4.6693511676321425e-04
-4.5185500131619744e-01 4.6705903874058688e-04
-4.5138788036981087e-01 4.6718283269245157e-04
-4.5092063569349933e-01 4.6730649858487316e-04
-4.5045326741533931e-01 4.6743003638383829e-04
-4.4998577566344106e-01 4.6755344605558884e-04
-4.4951816056594873e-01 4.6767672756629919e-04
-4.4905042225104030e-01 4.6779988088216850e-04
-4.4858256084692755e-01 4.6792290596939614e-04
-4.4811457648185593e-01 4.6804580279425495e-04
-4.4764646928410462e-01 4.6816857132313180e-04
-4.4717823938198648e-01 4.6829121152234090e-04
-4.4670988690384800e-01 4.6841372335825019e-04
-4.4624141197806932e-01 4.6853610679721634e-04
-4.4577281473306402e-01 4.6865836180583561e-04
-4.4530409529727938e-01 4.6878048835040197e-04
-4.4483525379919597e-01 4.6890248639762638e-04
-4.4436629036732794e-01 4.6902435591406185e-04
-4.4389720513022290e-01 4.6914609686620227e-04
-4.4342799821646184e-01 4.6926770922062672e-04
-4.4295866975465892e-01 4.6938919294420165e-04
-4.4248921987346190e-01 4.6951054800339854e-04
-4.4201964870155158e-01 4.6963177436512517e-04
-4.4154995636764210e-01 4.6975287199616276e-04
-4.4108014300048093e-01 4.6987384086315183e-04
-4.4061020872884848e-01 4.6999468093309198e-04
-4.4014015368155851e-01 4.7011539217277359e-04
-4.3966997798745777e-01 4.7023597454912087e-04
-4.3919968177542612e-01 4.7035642802908630e-04
-4.3872926517437644e-01 4.7047675257967750e-04
-4.3825872831325463e-01 4.7059694816785932e-04
-4.3778807132103953e-01 4.7071701476072866e-04
-4.3731729432674293e-01 4.7083695232535592e-04
-4.3684639745940945e-01 4.7095676082894463e-04
-4.3637538084811672e-01 4.7107644023850224e-04
-4.3590424462197502e-01 4.7119599052135102e-04
-4.3543298891012755e-01 4.7131541164462847e-04
-4.3496161384175014e-01 4.7143470357570091e-04
-4.3449011954605143e-01 4.7155386628181445e-04
-4.3401850615227278e-01 4.7167289973024112e-04
-4.3354677378968803e-01 4.7179180388846035e-04
-4.3307492258760377e-01 4.7191057872385375e-04
-4.3260295267535914e-01 4.7202922420381752e-04
-4.3213086418232582e-01 4.7214774029582835e-04
-4.3165865723790792e-01 4.7226612696748979e-04
-4.3118633197154210e-01 4.7238438418628539e-04
-4.3071388851269748e-01 4.7250251191976826e-04
-4.3024132699087553e-01 4.7262051013554924e-04
-4.2976864753560995e-01 4.7273837880145721e-04
-4.2929585027646705e-01 4.7285611788497393e-04
-4.2882293534304522e-01 4.7297372735391545e-04
-4.2834990286497515e-01 4.7309120717605428e-04
-4.2787675297191979e-01 4.7320855731916291e-04
-4.2740348579357429e-01 4.7332577775101607e-04
-4.2693010145966581e-01 4.7344286843961446e-04
-4.2645660009995379e-01 4.7355982935279317e-04
-4.2598298184422961e-01 4.7367666045854991e-04
-4.2550924682231689e-01 4.7379336172471661e-04
-4.2503539516407102e-01 4.7390993311944267e-04
-4.2456142699937954e-01 4.7402637461066584e-04
-4.2408734245816182e-01 4.7414268616654789e-04
-4.2361314167036912e-01 4.7425886775525559e-04
-4.2313882476598474e-01 4.7437491934474606e-04
-4.2266439187502353e-01 4.7449084090346724e-04
-4.2218984312753238e-01 4.7460663239944567e-04
-4.2171517865358982e-01 4.7472229380101679e-04
-4.2124039858330614e-01 4.7483782507641120e-04
-4.2076550304682325e-01 4.7495322619405184e-04
-4.2029049217431474e-01 4.7506849712233368e-04
-4.1981536609598591e-01 4.7518363782955274e-04
-4.1934012494207357e-01 4.7529864828412899e-04
-4.1886476884284596e-01 4.7541352845468452e-04
-4.1838929792860302e-01 4.7552827830959680e-04
-4.1791371232967600e-01 4.7564289781753876e-04
-4.1743801217642779e-01 4.7575738694690788e-04
-4.1696219759925240e-01 4.7587174566651367e-04
-4.1648626872857547e-01 4.7598597394487473e-04
-4.1601022569485380e-01 4.7610007175075104e-04
-4.1553406862857556e-01 4.7621403905282806e-04
-4.1505779766026013e-01 4.7632787581990523e-04
-4.1458141292045819e-01 4.7644158202070694e-04
-4.1410491453975151e-01 4.7655515762414088e-04
-4.1362830264875305e-01 4.7666860259905987e-04
-4.1315157737810693e-01 4.7678191691431868e-04
-4.1267473885848827e-01 4.7689510053891174e-04
-4.1219778722060324e-01 4.7700815344183791e-04
-4.1172072259518910e-01 4.7712107559205080e-04
-4.1124354511301403e-01 4.7723386695858855e-04
-4.1076625490487712e-01 4.7734652751056525e-04
-4.1028885210160837e-01 4.7745905721710487e-04
-4.0981133683406867e-01 4.7757145604735514e-04
-4.0933370923314977e-01 4.7768372397044296e-04
-4.0885596942977409e-01 4.7779586095567854e-04
-4.0837811755489489e-01 4.7790786697232419e-04
-4.0790015373949617e-01 4.7801974198964311e-04
-4.0742207811459258e-01 4.7813148597696789e-04
-4.0694389081122939e-01 4.7824309890369892e-04
-4.0646559196048254e-01 4.7835458073922657e-04
-4.0598718169345854e-01 4.7846593145296361e-04
-4.0550866014129439e-01 4.7857715101443397e-04
-4.0503002743515765e-01 4.7868823939309097e-04
-4.0455128370624632e-01 4.7879919655850615e-04
-4.0407242908578878e-01 4.7891002248036054e-04
-4.0359346370504395e-01 4.7902071712811501e-04
-4.0311438769530095e-01 4.7913128047157467e-04
-4.0263520118787932e-01 4.7924171248036289e-04
-4.0215590431412890e-01 4.7935201312417953e-04
-4.0167649720542975e-01 4.7946218237278690e-04
-4.0119697999319209e-01 4.7957222019606727e-04
-4.0071735280885640e-01 4.7968212656382788e-04
-4.0023761578389327e-01 4.7979190144591680e-04
-3.9975776904980342e-01 4.7990154481229139e-04
-3.9927781273811769e-01 4.8001105663278193e-04
-3.9879774698039677e-01 4.8012043687753594e-04
-3.9831757190823164e-01 4.8022968551635591e-04
-3.9783728765324289e-01 4.8033880251958038e-04
-3.9735689434708138e-01 4.8044778785705759e-04
-3.9687639212142767e-01 4.8055664149899730e-04
-3.9639578110799223e-01 4.8066536341553049e-04
-3.9591506143851524e-01 4.8077395357700153e-04
-3.9543423324476690e-01 4.8088241195343628e-04
-3.9495329665854695e-01 4.8099073851521734e-04
-3.9447225181168488e-01 4.8109893323267257e-04
-3.9399109883604000e-01 4.8120699607601998e-04
-3.9350983786350102e-01 4.8131492701578504e-04
-3.9302846902598643e-01 4.8142272602232317e-04
-3.9254699245544422e-01 4.8153039306609002e-04
-3.9206540828385195e-01 4.8163792811759074e-04
-3.9158371664321662e-01 4.8174533114726705e-04
-3.9110191766557473e-01 4.8185260212578338e-04
-3.9062001148299219e-01 4.8195974102369625e-04
-3.9013799822756434e-01 4.8206674781157857e-04
-3.8965587803141577e-01 4.8217362246021257e-04
-3.8917365102670043e-01 4.8228036494019674e-04
-3.8869131734560158e-01 4.8238697522236728e-04
-3.8820887712033175e-01 4.8249345327738163e-04
-3.8772633048313254e-01 4.8259979907617134e-04
-3.8724367756627481e-01 4.8270601258956818e-04
-3.8676091850205863e-01 4.8281209378835035e-04
-3.8627805342281296e-01 4.8291804264358147e-04
-3.8579508246089605e-01 4.8302385912609509e-04
-3.8531200574869501e-01 4.8312954320695051e-04
-3.8482882341862595e-01 4.8323509485721967e-04
-3.8434553560313400e-01 4.8334051404794171e-04
-3.8386214243469324e-01 4.8344580075014213e-04
-3.8337864404580646e-01 4.8355095493508588e-04
-3.8289504056900547e-01 4.8365597657384571e-04
-3.8241133213685080e-01 4.8376086563766622e-04
-3.8192751888193177e-01 4.8386562209777747e-04
-3.8144360093686636e-01 4.8397024592555728e-04
-3.8095957843430139e-01 4.8407473709219292e-04
-3.8047545150691220e-01 4.8417909556915952e-04
-3.7999122028740284e-01 4.8428332132779408e-04
-3.7950688490850593e-01 4.8438741433953666e-04
-3.7902244550298264e-01 4.8449137457581658e-04
-3.7853790220362260e-01 4.8459520200821771e-04
-3.7805325514324406e-01 4.8469889660816297e-04
-3.7756850445469348e-01 4.8480245834740045e-04
-3.7708365027084600e-01 4.8490588719735995e-04
-3.7659869272460489e-01 4.8500918312985091e-04
-3.7611363194890196e-01 4.8511234611639206e-04
-3.7562846807669709e-01 4.8521537612888373e-04
-3.7514320124097861e-01 4.8531827313897741e-04
-3.7465783157476301e-01 4.8542103711847093e-04
-3.7417235921109498e-01 4.8552366803918020e-04
-3.7368678428304730e-01 4.8562616587301537e-04
-3.7320110692372088e-01 4.8572853059191572e-04
-3.7271532726624479e-01 4.8583076216776415e-04
-3.7222944544377606e-01 4.8593286057254162e-04
-3.7174346158949978e-01 4.8603482577825485e-04
-3.7125737583662893e-01 4.8613665775698443e-04
-3.7077118831840455e-01 4.8623835648073556e-04
-3.7028489916809537e-01 4.8633992192177896e-04
-3.6979850851899815e-01 4.8644135405221241e-04
-3.6931201650443751e-01 4.8654265284411494e-04
-3.6882542325776563e-01 4.8664381826990781e-04
-3.6833872891236269e-01 4.8674485030171050e-04
-3.6785193360163637e-01 4.8684574891195585e-04
-3.6736503745902221e-01 4.8694651407287713e-04
-3.6687804061798329e-01 4.8704714575689755e-04
-3.6639094321201027e-01 4.8714764393644020e-04
-3.6590374537462145e-01 4.8724800858393133e-04
-3.6541644723936256e-01 4.8734823967193065e-04
-3.6492904893980699e-01 4.8744833717284447e-04
-3.6444155060955541e-01 4.8754830105930338e-04
-3.6395395238223593e-01 4.8764813130397006e-04
-3.6346625439150421e-01 4.8774782787936019e-04
-3.6297845677104307e-01 4.8784739075820365e-04
-3.6249055965456267e-01 4.8794681991326202e-04
-3.6200256317580060e-01 4.8804611531714663e-04
-3.6151446746852145e-01 4.8814527694276662e-04
-3.6102627266651716e-01 4.8824430476291568e-04
-3.6053797890360684e-01 4.8834319875038618e-04
-3.6004958631363665e-01 4.8844195887811780e-04
-3.5956109503047989e-01 4.8854058511902775e-04
-3.5907250518803691e-01 4.8863907744608429e-04
-3.5858381692023505e-01 4.8873743583225770e-04
-3.5809503036102858e-01 4.8883566025071387e-04
-3.5760614564439891e-01 4.8893375067433475e-04
-3.5711716290435408e-01 4.8903170707642238e-04
-3.5662808227492926e-01 4.8912952942996562e-04
-3.5613890389018626e-01 4.8922721770824765e-04
-3.5564962788421378e-01 4.8932477188447698e-04
-3.5516025439112731e-01 4.8942219193185603e-04
-3.5467078354506892e-01 4.8951947782374921e-04
-3.5418121548020748e-01 4.8961662953350628e-04
-3.5369155033073857e-01 4.8971364703437163e-04
-3.5320178823088416e-01 4.8981053029991664e-04
-3.5271192931489304e-01 4.8990727930347676e-04
-3.5222197371704039e-01 4.9000389401853328e-04
-3.5173192157162791e-01 4.9010037441866560e-04
-3.5124177301298382e-01 4.9019672047740238e-04
-3.5075152817546273e-01 4.9029293216828324e-04
-3.5026118719344562e-01 4.9038900946501475e-04
-3.4977075020133991e-01 4.9048495234117317e-04
-3.4928021733357917e-01 4.9058076077057578e-04
-3.4878958872462346e-01 4.9067643472684697e-04
-3.4829886450895892e-01 4.9077197418383623e-04
-3.4780804482109801e-01 4.9086737911528753e-04
-3.4731712979557927e-01 4.9096264949509199e-04
-3.4682611956696741e-01 4.9105778529714647e-04
-3.4633501426985319e-01 4.9115278649540322e-04
-3.4584381403885361e-01 4.9124765306368526e-04
-3.4535251900861141e-01 4.9134238497616279e-04
-3.4486112931379553e-01 4.9143698220677798e-04
-3.4436964508910084e-01 4.9153144472955442e-04
-3.4387806646924801e-01 4.9162577251866816e-04
-3.4338639358898360e-01 4.9171996554832288e-04
-3.4289462658308018e-01 4.9181402379255314e-04
-3.4240276558633592e-01 4.9190794722564642e-04
-3.4191081073357482e-01 4.9200173582190118e-04
-3.4141876215964667e-01 4.9209538955552728e-04
-3.4092661999942686e-01 4.9218890840090328e-04
-3.4043438438781648e-01 4.9228229233237958e-04
-3.3994205545974221e-01 4.9237554132438958e-04
-3.3944963335015632e-01 4.9246865535135015e-04
-3.3895711819403668e-01 4.9256163438770922e-04
-3.3846451012638656e-01 4.9265447840801224e-04
-3.3797180928223475e-01 4.9274718738683942e-04
-3.3747901579663553e-01 4.9283976129868611e-04
-3.3698612980466841e-01 4.9293220011829841e-04
-3.3649315144143849e-01 4.9302450382020192e-04
-3.3600008084207594e-01 4.9311667237922612e-04
-3.3550691814173644e-01 4.9320870576999743e-04
-3.3501366347560074e-01 4.9330060396735661e-04
-3.3452031697887485e-01 4.9339236694613477e-04
-3.3402687878679005e-01 4.9348399468110622e-04
-3.3353334903460263e-01 4.9357548714718100e-04
-3.3303972785759406e-01 4.9366684431925343e-04
-3.3254601539107076e-01 4.9375806617236334e-04
-3.3205221177036426e-01 4.9384915268148527e-04
-3.3155831713083112e-01 4.9394010382158827e-04
-3.3106433160785281e-01 4.9403091956771940e-04
-3.3057025533683559e-01 4.9412159989511550e-04
-3.3007608845321079e-01 4.9421214477883232e-04
-3.2958183109243439e-01 4.9430255419409248e-04
-3.2908748338998739e-01 4.9439282811602320e-04
-3.2859304548137536e-01 4.9448296651998186e-04
-3.2809851750212865e-01 4.9457296938123509e-04
-3.2760389958780239e-01 4.9466283667505410e-04
-3.2710919187397619e-01 4.9475256837691801e-04
-3.2661439449625451e-01 4.9484216446206777e-04
-3.2611950759026609e-01 4.9493162490613042e-04
-3.2562453129166452e-01 4.9502094968441074e-04
-3.2512946573612761e-01 4.9511013877258695e-04
-3.2463431105935786e-01 4.9519919214610327e-04
-3.2413906739708209e-01 4.9528810978058477e-04
-3.2364373488505155e-01 4.9537689165163074e-04
-3.2314831365904184e-01 4.9546553773488554e-04
-3.2265280385485279e-01 4.9555404800614045e-04
-3.2215720560830863e-01 4.9564242244108853e-04
-3.2166151905525781e-01 4.9573066101547554e-04
-3.2116574433157291e-01 4.9581876370516289e-04
-3.2066988157315079e-01 4.9590673048594165e-04
-3.2017393091591234e-01 4.9599456133376759e-04
-3.1967789249580264e-01 4.9608225622448706e-04
-3.1918176644879070e-01 4.9616981513414711e-04
-3.1868555291086964e-01 4.9625723803872713e-04
-3.1818925201805659e-01 4.9634452491421975e-04
-3.1769286390639256e-01 4.9643167573669932e-04
-3.1719638871194250e-01 4.9651869048230116e-04
-3.1669982657079515e-01 4.9660556912721834e-04
-3.1620317761906325e-01 4.9669231164754964e-04
-3.1570644199288317e-01 4.9677891801956555e-04
-3.1520961982841511e-01 4.9686538821953766e-04
-3.1471271126184303e-01 4.9695172222372205e-04
-3.1421571642937446e-01 4.9703792000850642e-04
-3.1371863546724071e-01 4.9712398155021408e-04
-3.1322146851169663e-01 4.9720990682525072e-04
-3.1272421569902059e-01 4.9729569581012363e-04
-3.1222687716551456e-01 4.9738134848127864e-04
-3.1172945304750410e-01 4.9746686481522053e-04
-3.1123194348133798e-01 4.9755224478857814e-04
-3.1073434860338867e-01 4.9763748837783480e-04
-3.1023666855005183e-01 4.9772259555968840e-04
-3.0973890345774652e-01 4.9780756631082664e-04
-3.0924105346291514e-01 4.9789240060794720e-04
-3.0874311870202331e-01 4.9797709842782311e-04
-3.0824509931155997e-01 4.9806165974718446e-04
-3.0774699542803724e-01 4.9814608454282064e-04
-3.0724880718799025e-01 4.9823037279171200e-04
-3.0675053472797748e-01 4.9831452447064316e-04
-3.0625217818458034e-01 4.9839853955659249e-04
-3.0575373769440334e-01 4.9848241802652341e-04
-3.0525521339407402e-01 4.9856615985742437e-04
-3.0475660542024280e-01 4.9864976502640853e-04
-3.0425791390958318e-01 4.9873323351048559e-04
-3.0375913899879142e-01 4.9881656528682702e-04
-3.0326028082458678e-01 4.9889976033252353e-04
-3.0276133952371120e-01 4.9898281862482833e-04
-3.0226231523292946e-01 4.9906574014100744e-04
-3.0176320808902918e-01 4.9914852485822214e-04
-3.0126401822882054e-01 4.9923117275386204e-04
-3.0076474578913648e-01 4.9931368380527980e-04
-3.0026539090683257e-01 4.9939605798981481e-04
-2.9976595371878700e-01 4.9947829528488750e-04
-2.9926643436190042e-01 4.9956039566800370e-04
-2.9876683297309614e-01 4.9964235911660875e-04
-2.9826714968931983e-01 4.9972418560827094e-04
-2.9776738464753971e-01 4.9980587512054556e-04
-2.9726753798474637e-01 4.9988742763102680e-04
-2.9676760983795275e-01 4.9996884311737056e-04
-2.9626760034419419e-01 5.0005012155723079e-04
-2.9576750964052823e-01 5.0013126292838882e-04
-2.9526733786403470e-01 5.0021226720860863e-04
-2.9476708515181577e-01 5.0029313437559731e-04
-2.9426675164099564e-01 5.0037386440726910e-04
-2.9376633746872072e-01 5.0045445728147907e-04
-2.9326584277215956e-01 5.0053491297611286e-04
-2.9276526768850275e-01 5.0061523146911367e-04
-2.9226461235496293e-01 5.0069541273847697e-04
-2.9176387690877464e-01 5.0077545676227608e-04
-2.9126306148719461e-01 5.0085536351845972e-04
-2.9076216622750123e-01 5.0093513298521484e-04
-2.9026119126699490e-01 5.0101476514067525e-04
-2.8976013674299794e-01 5.0109425996294451e-04
-2.8925900279285433e-01 5.0117361743029281e-04
-2.8875778955392989e-01 5.0125283752095471e-04
-2.8825649716361218e-01 5.0133192021321697e-04
-2.8775512575931050e-01 5.0141086548535795e-04
-2.8725367547845571e-01 5.0148967331578869e-04
-2.8675214645850028e-01 5.0156834368295404e-04
-2.8625053883691848e-01 5.0164687656513354e-04
-2.8574885275120582e-01 5.0172527194094845e-04
-2.8524708833887952e-01 5.0180352978885341e-04
-2.8474524573747823e-01 5.0188165008739269e-04
-2.8424332508456202e-01 5.0195963281514410e-04
-2.8374132651771228e-01 5.0203747795080338e-04
-2.8323925017453194e-01 5.0211518547291234e-04
-2.8273709619264509e-01 5.0219275536024640e-04
-2.8223486470969711e-01 5.0227018759155685e-04
-2.8173255586335472e-01 5.0234748214557183e-04
-2.8123016979130572e-01 5.0242463900116981e-04
-2.8072770663125923e-01 5.0250165813713131e-04
-2.8022516652094542e-01 5.0257853953233282e-04
-2.7972254959811549e-01 5.0265528316577692e-04
-2.7921985600054178e-01 5.0273188901638934e-04
-2.7871708586601762e-01 5.0280835706316971e-04
-2.7821423933235734e-01 5.0288468728516974e-04
-2.7771131653739617e-01 5.0296087966146281e-04
-2.7720831761899034e-01 5.0303693417110375e-04
-2.7670524271501679e-01 5.0311285079333791e-04
-2.7620209196337342e-01 5.0318862950730491e-04
-2.7569886550197886e-01 5.0326427029223912e-04
-2.7519556346877250e-01 5.0333977312743512e-04
-2.7469218600171447e-01 5.0341513799216533e-04
-2.7418873323878556e-01 5.0349036486575869e-04
-2.7368520531798718e-01 5.0356545372764159e-04
-2.7318160237734140e-01 5.0364040455717787e-04
-2.7267792455489076e-01 5.0371521733387384e-04
-2.7217417198869842e-01 5.0378989203718710e-04
-2.7167034481684793e-01 5.0386442864670258e-04
-2.7116644317744343e-01 5.0393882714191822e-04
-2.7066246720860937e-01 5.0401308750244950e-04
-2.7015841704849058e-01 5.0408720970796027e-04
-2.6965429283525222e-01 5.0416119373815479e-04
-2.6915009470707979e-01 5.0423503957274267e-04
-2.6864582280217908e-01 5.0430874719141797e-04
-2.6814147725877596e-01 5.0438231657406920e-04
-2.6763705821511663e-01 5.0445574770050037e-04
-2.6713256580946737e-01 5.0452904055058598e-04
-2.6662800018011462e-01 5.0460219510419120e-04
-2.6612336146536480e-01 5.0467521134133170e-04
-2.6561864980354449e-01 5.0474808924192902e-04
-2.6511386533300019e-01 5.0482082878601671e-04
-2.6460900819209832e-01 5.0489342995368406e-04
-2.6410407851922524e-01 5.0496589272504353e-04
-2.6359907645278724e-01 5.0503821708022432e-04
-2.6309400213121048e-01 5.0511040299935927e-04
-2.6258885569294083e-01 5.0518245046269987e-04
-2.6208363727644401e-01 5.0525435945044392e-04
-2.6157834702020533e-01 5.0532612994299664e-04
-2.6107298506273002e-01 5.0539776192055094e-04
-2.6056755154254274e-01 5.0546925536358470e-04
-2.6006204659818793e-01 5.0554061025241312e-04
-2.5955647036822954e-01 5.0561182656750974e-04
-2.5905082299125104e-01 5.0568290428935816e-04
-2.5854510460585539e-01 5.0575384339850117e-04
-2.5803931535066515e-01 5.0582464387541228e-04
-2.5753345536432209e-01 5.0589530570078025e-04
-2.5702752478548752e-01 5.0596582885521389e-04
-2.5652152375284210e-01 5.0603621331933612e-04
-2.5601545240508577e-01 5.0610645907385129e-04
-2.5550931088093770e-01 5.0617656609955786e-04
-2.5500309931913634e-01 5.0624653437721231e-04
-2.5449681785843931e-01 5.0631636388766559e-04
-2.5399046663762348e-01 5.0638605461171039e-04
-2.5348404579548472e-01 5.0645560653030206e-04
-2.5297755547083811e-01 5.0652501962432503e-04
-2.5247099580251758e-01 5.0659429387483231e-04
-2.5196436692937635e-01 5.0666342926272050e-04
-2.5145766899028632e-01 5.0673242576914463e-04
-2.5095090212413851e-01 5.0680128337514570e-04
-2.5044406646984274e-01 5.0687000206188189e-04
-2.4993716216632780e-01 5.0693858181045243e-04
-2.4943018935254116e-01 5.0700702260210808e-04
-2.4892314816744915e-01 5.0707532441807872e-04
-2.4841603875003682e-01 5.0714348723963887e-04
-2.4790886123930791e-01 5.0721151104810111e-04
-2.4740161577428488e-01 5.0727939582482357e-04
-2.4689430249400873e-01 5.0734714155119818e-04
-2.4638692153753911e-01 5.0741474820866612e-04
-2.4587947304395422e-01 5.0748221577867798e-04
-2.4537195715235074e-01 5.0754954424274878e-04
-2.4486437400184385e-01 5.0761673358242713e-04
-2.4435672373156719e-01 5.0768378377927432e-04
-2.4384900648067273e-01 5.0775069481493362e-04
-2.4334122238833084e-01 5.0781746667106077e-04
-2.4283337159373020e-01 5.0788409932936321e-04
-2.4232545423607782e-01 5.0795059277154600e-04
-2.4181747045459889e-01 5.0801694697941190e-04
-2.4130942038853687e-01 5.0808316193474653e-04
-2.4080130417715331e-01 5.0814923761942072e-04
-2.4029312195972799e-01 5.0821517401529752e-04
-2.3978487387555866e-01 5.0828097110434945e-04
-2.3927656006396125e-01 5.0834662886850427e-04
-2.3876818066426964e-01 5.0841214728976976e-04
-2.3825973581583570e-01 5.0847752635017386e-04
-2.3775122565802922e-01 5.0854276603182061e-04
-2.3724265033023792e-01 5.0860786631683782e-04
-2.3673400997186742e-01 5.0867282718732986e-04
-2.3622530472234105e-01 5.0873764862554107e-04
-2.3571653472110002e-01 5.0880233061368241e-04
-2.3520770010760328e-01 5.0886687313403281e-04
-2.3469880102132751e-01 5.0893127616885797e-04
-2.3418983760176695e-01 5.0899553970057160e-04
-2.3368080998843363e-01 5.0905966371151540e-04
-2.3317171832085706e-01 5.0912364818411478e-04
-2.3266256273858438e-01 5.0918749310084068e-04
-2.3215334338118018e-01 5.0925119844420514e-04
-2.3164406038822660e-01 5.0931476419671521e-04
-2.3113471389932319e-01 5.0937819034096456e-04
-2.3062530405408688e-01 5.0944147685958482e-04
-2.3011583099215205e-01 5.0950462373518127e-04
-2.2960629485317030e-01 5.0956763095047779e-04
-2.2909669577681058e-01 5.0963049848822667e-04
-2.2858703390275911e-01 5.0969322633114694e-04
-2.2807730937071929e-01 5.0975581446207144e-04
-2.2756752232041169e-01 5.0981826286383908e-04
-2.2705767289157408e-01 5.0988057151930702e-04
-2.2654776122396120e-01 5.0994274041145371e-04
-2.2603778745734499e-01 5.1000476952317954e-04
-2.2552775173151432e-01 5.1006665883750787e-04
-2.2501765418627509e-01 5.1012840833748014e-04
-2.2450749496145012e-01 5.1019001800616762e-04
-2.2399727419687915e-01 5.1025148782667465e-04
-2.2348699203241881e-01 5.1031281778213353e-04
-2.2297664860794250e-01 5.1037400785576906e-04
-2.2246624406334045e-01 5.1043505803081567e-04
-2.2195577853851969e-01 5.1049596829047463e-04
-2.2144525217340386e-01 5.1055673861812164e-04
-2.2093466510793336e-01 5.1061736899705795e-04
-2.2042401748206522e-01 5.1067785941066271e-04
-2.1991330943577300e-01 5.1073820984238680e-04
-2.1940254110904692e-01 5.1079842027566878e-04
-2.1889171264189367e-01 5.1085849069399671e-04
-2.1838082417433644e-01 5.1091842108090524e-04
-2.1786987584641482e-01 5.1097821141997857e-04
-2.1735886779818492e-01 5.1103786169480903e-04
-2.1684780016971905e-01 5.1109737188909272e-04
-2.1633667310110605e-01 5.1115674198645906e-04
-2.1582548673245089e-01 5.1121597197065932e-04
-2.1531424120387488e-01 5.1127506182546418e-04
-2.1480293665551553e-01 5.1133401153465128e-04
-2.1429157322752648e-01 5.1139282108211088e-04
-2.1378015106007761e-01 5.1145149045166952e-04
-2.1326867029335481e-01 5.1151001962727698e-04
-2.1275713106756008e-01 5.1156840859286604e-04
-2.1224553352291139e-01 5.1162665733247691e-04
-2.1173387779964278e-01 5.1168476583010082e-04
-2.1122216403800420e-01 5.1174273406980476e-04
-2.1071039237826145e-01 5.1180056203573552e-04
-2.1019856296069631e-01 5.1185824971200456e-04
-2.0968667592560628e-01 5.1191579708282893e-04
-2.0917473141330473e-01 5.1197320413242883e-04
-2.0866272956412077e-01 5.1203047084504905e-04
-2.0815067051839922e-01 5.1208759720500088e-04
-2.0763855441650056e-01 5.1214458319663407e-04
-2.0712638139880096e-01 5.1220142880431454e-04
-2.0661415160569210e-01 5.1225813401249340e-04
-2.0610186517758133e-01 5.1231469880559666e-04
-2.0558952225489149e-01 5.1237112316809949e-04
-2.0507712297806083e-01 5.1242740708458889e-04
-2.0456466748754315e-01 5.1248355053959611e-04
-2.0405215592380760e-01 5.1253955351775258e-04
-2.0353958842733871e-01 5.1259541600370102e-04
-2.0302696513863638e-01 5.1265113798212880e-04
-2.0251428619821576e-01 5.1270671943774162e-04
-2.0200155174660725e-01 5.1276216035535133e-04
-2.0148876192435650e-01 5.1281746071971644e-04
-2.0097591687202429e-01 5.1287262051570896e-04
-2.0046301673018663e-01 5.1292763972817098e-04
-1.9995006163943452e-01 5.1298251834205953e-04
-1.9943705174037407e-01 5.1303725634230723e-04
-1.9892398717362642e-01 5.1309185371394906e-04
-1.9841086807982772e-01 5.1314631044197055e-04
-1.9789769459962903e-01 5.1320062651146370e-04
-1.9738446687369626e-01 5.1325480190754882e-04
-1.9687118504271037e-01 5.1330883661535628e-04
-1.9635784924736693e-01 5.1336273062009780e-04
-1.9584445962837646e-01 5.1341648390698408e-04
-1.9533101632646416e-01 5.1347009646129373e-04
-1.9481751948237000e-01 5.1352356826830426e-04
-1.9430396923684853e-01 5.1357689931339921e-04
-1.9379036573066907e-01 5.1363008958191974e-04
-1.9327670910461542e-01 5.1368313905931356e-04
-1.9276299949948600e-01 5.1373604773103645e-04
-1.9224923705609376e-01 5.1378881558256887e-04
-1.9173542191526607e-01 5.1384144259946924e-04
-1.9122155421784487e-01 5.1389392876728082e-04
-1.9070763410468636e-01 5.1394627407164433e-04
-1.9019366171666119e-01 5.1399847849820752e-04
-1.8967963719465433e-01 5.1405054203264636e-04
-1.8916556067956503e-01 5.1410246466070955e-04
-1.8865143231230680e-01 5.1415424636814318e-04
-1.8813725223380734e-01 5.1420588714077967e-04
-1.8762302058500857e-01 5.1425738696443777e-04
-1.8710873750686652e-01 5.1430874582500906e-04
-1.8659440314035128e-01 5.1435996370842744e-04
-1.8608001762644708e-01 5.1441104060063743e-04
-1.8556558110615209e-01 5.1446197648764575e-04
-1.8505109372047854e-01 5.1451277135548400e-04
-1.8453655561045251e-01 5.1456342519023870e-04
-1.8402196691711406e-01 5.1461393797802883e-04
-1.8350732778151710e-01 5.1466430970498168e-04
-1.8299263834472931e-01 5.1471454035732626e-04
-1.8247789874783224e-01 5.1476462992127770e-04
-1.8196310913192115e-01 5.1481457838309960e-04
-1.8144826963810504e-01 5.1486438572908460e-04
-1.8093338040750648e-01 5.1491405194563150e-04
-1.8041844158126183e-01 5.1496357701907283e-04
-1.7990345330052090e-01 5.1501296093587289e-04
-1.7938841570644717e-01 5.1506220368246710e-04
-1.7887332894021754e-01 5.1511130524537819e-04
-1.7835819314302248e-01 5.1516026561113277e-04
-1.7784300845606585e-01 5.1520908476630734e-04
-1.7732777502056488e-01 5.1525776269753314e-04
-1.7681249297775023e-01 5.1530629939145779e-04
-1.7629716246886584e-01 5.1535469483478995e-04
-1.7578178363516897e-01 5.1540294901423762e-04
-1.7526635661793005e-01 5.1545106191661257e-04
-1.7475088155843285e-01 5.1549903352869208e-04
-1.7423535859797418e-01 5.1554686383733768e-04
-1.7371978787786402e-01 5.1559455282945655e-04
-1.7320416953942550e-01 5.1564210049194058e-04
-1.7268850372399469e-01 5.1568950681179582e-04
-1.7217279057292079e-01 5.1573677177598897e-04
-1.7165703022756593e-01 5.1578389537159611e-04
-1.7114122282930513e-01 5.1583087758567991e-04
-1.7062536851952637e-01 5.1587771840537835e-04
-1.7010946743963049e-01 5.1592441781783292e-04
-1.6959351973103107e-01 5.1597097581026574e-04
-1.6907752553515457e-01 5.1601739236989516e-04
-1.6856148499344015e-01 5.1606366748400262e-04
-1.6804539824733966e-01 5.1610980113990144e-04
-1.6752926543831764e-01 5.1615579332495946e-04
-1.6701308670785125e-01 5.1620164402654877e-04
-1.6649686219743021e-01 5.1624735323213414e-04
-1.6598059204855684e-01 5.1629292092916443e-04
-1.6546427640274594e-01 5.1633834710512522e-04
-1.6494791540152476e-01 5.1638363174761237e-04
-1.6443150918643301e-01 5.1642877484418869e-04
-1.6391505789902283e-01 5.1647377638247094e-04
-1.6339856168085864e-01 5.1651863635013794e-04
-1.6288202067351723e-01 5.1656335473487987e-04
-1.6236543501858761e-01 5.1660793152447006e-04
-1.6184880485767109e-01 5.1665236670666150e-04
-1.6133213033238117e-01 5.1669666026926664e-04
-1.6081541158434348e-01 5.1674081220016554e-04
-1.6029864875519578e-01 5.1678482248724992e-04
-1.5978184198658793e-01 5.1682869111846985e-04
-1.5926499142018183e-01 5.1687241808176130e-04
-1.5874809719765140e-01 5.1691600336517616e-04
-1.5823115946068245e-01 5.1695944695674884e-04
-1.5771417835097284e-01 5.1700274884456917e-04
-1.5719715401023221e-01 5.1704590901677987e-04
-1.5668008658018209e-01 5.1708892746154644e-04
-1.5616297620255587e-01 5.1713180416707125e-04
-1.5564582301909863e-01 5.1717453912160881e-04
-1.5512862717156722e-01 5.1721713231344692e-04
-1.5461138880173023e-01 5.1725958373089061e-04
-1.5409410805136781e-01 5.1730189336232396e-04
-1.5357678506227179e-01 5.1734406119614243e-04
-1.5305941997624559e-01 5.1738608722079894e-04
-1.5254201293510414e-01 5.1742797142474565e-04
-1.5202456408067383e-01 5.1746971379653306e-04
-1.5150707355479262e-01 5.1751131432469714e-04
-1.5098954149930982e-01 5.1755277299783339e-04
-1.5047196805608609e-01 5.1759408980460290e-04
-1.4995435336699350e-01 5.1763526473366426e-04
-1.4943669757391545e-01 5.1767629777371791e-04
-1.4891900081874648e-01 5.1771718891355310e-04
-1.4840126324339251e-01 5.1775793814191635e-04
-1.4788348498977055e-01 5.1779854544766867e-04
-1.4736566619980879e-01 5.1783901081965970e-04
-1.4684780701544650e-01 5.1787933424682017e-04
-1.4632990757863412e-01 5.1791951571808102e-04
-1.4581196803133301e-01 5.1795955522242654e-04
-1.4529398851551559e-01 5.1799945274888374e-04
-1.4477596917316518e-01 5.1803920828652982e-04
-1.4425791014627612e-01 5.1807882182444232e-04
-1.4373981157685350e-01 5.1811829335178788e-04
-1.4322167360691335e-01 5.1815762285773608e-04
-1.4270349637848243e-01 5.1819681033151268e-04
-1.4218528003359832e-01 5.1823585576235185e-04
-1.4166702471430928e-01 5.1827475913958322e-04
-1.4114873056267427e-01 5.1831352045252131e-04
-1.4063039772076291e-01 5.1835213969053922e-04
-1.4011202633065536e-01 5.1839061684307778e-04
-1.3959361653444244e-01 5.1842895189956550e-04
-1.3907516847422544e-01 5.1846714484950218e-04
-1.3855668229211615e-01 5.1850519568240653e-04
-1.3803815813023679e-01 5.1854310438787324e-04
-1.3751959613072004e-01 5.1858087095548800e-04
-1.3700099643570887e-01 5.1861849537492163e-04
-1.3648235918735671e-01 5.1865597763583744e-04
-1.3596368452782714e-01 5.1869331772798203e-04
-1.3544497259929411e-01 5.1873051564109483e-04
-1.3492622354394174e-01 5.1876757136499313e-04
-1.3440743750396428e-01 5.1880448488952815e-04
-1.3388861462156618e-01 5.1884125620457570e-04
-1.3336975503896201e-01 5.1887788530004838e-04
-1.3285085889837631e-01 5.1891437216591580e-04
-1.3233192634204374e-01 5.1895071679216795e-04
-1.3181295751220884e-01 5.1898691916885543e-04
-1.3129395255112622e-01 5.1902297928603448e-04
-1.3077491160106025e-01 5.1905889713384538e-04
-1.3025583480428529e-01 5.1909467270241764e-04
-1.2973672230308544e-01 5.1913030598196462e-04
-1.2921757423975463e-01 5.1916579696271222e-04
-1.2869839075659653e-01 5.1920114563493061e-04
-1.2817917199592452e-01 5.1923635198893872e-04
-1.2765991810006166e-01 5.1927141601505603e-04
-1.2714062921134059e-01 5.1930633770371360e-04
-1.2662130547210360e-01 5.1934111704531472e-04
-1.2610194702470251e-01 5.1937575403032568e-04
-1.2558255401149865e-01 5.1941024864926490e-04
-1.2506312657486285e-01 5.1944460089266200e-04
-1.2454366485717536e-01 5.1947881075110284e-04
-1.2402416900082579e-01 5.1951287821521764e-04
-1.2350463914821316e-01 5.1954680327566979e-04
-1.2298507544174579e-01 5.1958058592315305e-04
-1.2246547802384128e-01 5.1961422614840431e-04
-1.2194584703692647e-01 5.1964772394222098e-04
-1.2142618262343739e-01 5.1968107929540285e-04
-1.2090648492581928e-01 5.1971429219880867e-04
-1.2038675408652642e-01 5.1974736264333494e-04
-1.1986699024802226e-01 5.1978029061992880e-04
-1.1934719355277924e-01 5.1981307611954745e-04
-1.1882736414327882e-01 5.1984571913321999e-04
-1.1830750216201145e-01 5.1987821965198788e-04
-1.1778760775147648e-01 5.1991057766693789e-04
-1.1726768105418216e-01 5.1994279316921208e-04
-1.1674772221264558e-01 5.1997486614997898e-04
-1.1622773136939266e-01 5.2000679660043898e-04
-1.1570770866695808e-01 5.2003858451184280e-04
-1.1518765424788524e-01 5.2007022987547724e-04
-1.1466756825472628e-01 5.2010173268267595e-04
-1.1414745083004194e-01 5.2013309292480011e-04
-1.1362730211640161e-01 5.2016431059323455e-04
-1.1310712225638322e-01 5.2019538567944312e-04
-1.1258691139257332e-01 5.2022631817490530e-04
-1.1206666966756684e-01 5.2025710807114078e-04
-1.1154639722396727e-01 5.2028775535971014e-04
-1.1102609420438647e-01 5.2031826003220744e-04
-1.1050576075144469e-01 5.2034862208027674e-04
-1.0998539700777053e-01 5.2037884149558832e-04
-1.0946500311600088e-01 5.2040891826986659e-04
-1.0894457921878091e-01 5.2043885239486402e-04
-1.0842412545876401e-01 5.2046864386237895e-04
-1.0790364197861173e-01 5.2049829266423561e-04
-1.0738312892099382e-01 5.2052779879231367e-04
-1.0686258642858808e-01 5.2055716223853028e-04
-1.0634201464408041e-01 5.2058638299482885e-04
-1.0582141371016475e-01 5.2061546105319800e-04
-1.0530078376954299e-01 5.2064439640567999e-04
-1.0478012496492503e-01 5.2067318904432374e-04
-1.0425943743902860e-01 5.2070183896125609e-04
-1.0373872133457940e-01 5.2073034614860930e-04
-1.0321797679431087e-01 5.2075871059858211e-04
-1.0269720396096431e-01 5.2078693230338615e-04
-1.0217640297728875e-01 5.2081501125529378e-04
-1.0165557398604093e-01 5.2084294744661128e-04
-1.0113471712998530e-01 5.2087074086967138e-04
-1.0061383255189391e-01 5.2089839151686526e-04
-1.0009292039454641e-01 5.2092589938060254e-04
-9.9571980800730042e-02 5.2095326445335374e-04
-9.9051013913239561e-02 5.2098048672760970e-04
-9.8530019874877153e-02 5.2100756619592021e-04
-9.8008998828452529e-02 5.2103450285084503e-04
-9.7487950916782737e-02 5.2106129668501539e-04
-9.6966876282692210e-02 5.2108794769108288e-04
-9.6445775069012724e-02 5.2111445586173685e-04
-9.5924647418583309e-02 5.2114082118972279e-04
-9.5403493474250256e-02 5.2116704366780245e-04
-9.4882313378867086e-02 5.2119312328878953e-04
-9.4361107275294440e-02 5.2121906004554315e-04
-9.3839875306400131e-02 5.2124485393093998e-04
-9.3318617615059052e-02 5.2127050493792513e-04
-9.2797334344153118e-02 5.2129601305945952e-04
-9.2276025636571307e-02 5.2132137828854409e-04
-9.1754691635209509e-02 5.2134660061824015e-04
-9.1233332482970608e-02 5.2137168004162877e-04
-9.0711948322764330e-02 5.2139661655182992e-04
-9.0190539297507311e-02 5.2142141014201735e-04
-8.9669105550122932e-02 5.2144606080538976e-04
-8.9147647223541404e-02 5.2147056853518541e-04
-8.8626164460699680e-02 5.2149493332469005e-04
-8.8104657404541362e-02 5.2151915516723314e-04
-8.7583126198016767e-02 5.2154323405616330e-04
-8.7061570984082792e-02 5.2156716998489185e-04
-8.6539991905702926e-02 5.2159096294684439e-04
-8.6018389105847207e-02 5.2161461293551365e-04
-8.5496762727492182e-02 5.2163811994440168e-04
-8.4975112913620823e-02 5.2166148396707831e-04
-8.4453439807222586e-02 5.2168470499713360e-04
-8.3931743551293250e-02 5.2170778302819540e-04
-8.3410024288834983e-02 5.2173071805394896e-04
-8.2888282162856222e-02 5.2175351006810897e-04
-8.2366517316371735e-02 5.2177615906441577e-04
-8.1844729892402435e-02 5.2179866503666741e-04
-8.1322920033975482e-02 5.2182102797869987e-04
-8.0801087884124170e-02 5.2184324788437332e-04
-8.0279233585887899e-02 5.2186532474760158e-04
-7.9757357282312147e-02 5.2188725856234250e-04
-7.9235459116448415e-02 5.2190904932256359e-04
-7.8713539231354185e-02 5.2193069702231171e-04
-7.8191597770092935e-02 5.2195220165564466e-04
-7.7669634875734028e-02 5.2197356321666104e-04
-7.7147650691352695e-02 5.2199478169951709e-04
-7.6625645360030012e-02 5.2201585709838892e-04
-7.6103619024852853e-02 5.2203678940750467e-04
-7.5581571828913868e-02 5.2205757862111709e-04
-7.5059503915311368e-02 5.2207822473354475e-04
-7.4537415427149409e-02 5.2209872773911000e-04
-7.4015306507537668e-02 5.2211908763220166e-04
-7.3493177299591372e-02 5.2213930440724813e-04
-7.2971027946431385e-02 5.2215937805868788e-04
-7.2448858591184051e-02 5.2217930858103096e-04
-7.1926669376981209e-02 5.2219909596880961e-04
-7.1404460446960111e-02 5.2221874021660803e-04
-7.0882231944263463e-02 5.2223824131903481e-04
-7.0359984012039314e-02 5.2225759927074027e-04
-6.9837716793441015e-02 5.2227681406642171e-04
-6.9315430431627245e-02 5.2229588570082105e-04
-6.8793125069761901e-02 5.2231481416869987e-04
-6.8270800851014099e-02 5.2233359946487839e-04
-6.7748457918558130e-02 5.2235224158418594e-04
-6.7226096415573394e-02 5.2237074052154282e-04
-6.6703716485244410e-02 5.2238909627185903e-04
-6.6181318270760722e-02 5.2240730883011319e-04
-6.5658901915316897e-02 5.2242537819130366e-04
-6.5136467562112485e-02 5.2244330435048030e-04
-6.4614015354351934e-02 5.2246108730273156e-04
-6.4091545435244632e-02 5.2247872704318287e-04
-6.3569057948004798e-02 5.2249622356699771e-04
-6.3046553035851466e-02 5.2251357686938695e-04
-6.2524030842008443e-02 5.2253078694558053e-04
-6.2001491509704298e-02 5.2254785379086868e-04
-6.1478935182172262e-02 5.2256477740057240e-04
-6.0956362002650241e-02 5.2258155777005837e-04
-6.0433772114380772e-02 5.2259819489471732e-04
-5.9911165660610957e-02 5.2261468876999560e-04
-5.9388542784592442e-02 5.2263103939136654e-04
-5.8865903629581377e-02 5.2264724675435208e-04
-5.8343248338838374e-02 5.2266331085450482e-04
-5.7820577055628465e-02 5.2267923168743677e-04
-5.7297889923221060e-02 5.2269500924876603e-04
-5.6775187084889933e-02 5.2271064353416965e-04
-5.6252468683913148e-02 5.2272613453937633e-04
-5.5729734863573036e-02 5.2274148226011863e-04
-5.5206985767156151e-02 5.2275668669220351e-04
-5.4684221537953250e-02 5.2277174783146385e-04
-5.4161442319259220e-02 5.2278666567377393e-04
-5.3638648254373068e-02 5.2280144021503352e-04
-5.3115839486597864e-02 5.2281607145120363e-04
-5.2593016159240717e-02 5.2283055937826415e-04
-5.2070178415612720e-02 5.2284490399224744e-04
-5.1547326399028912e-02 5.2285910528922133e-04
-5.1024460252808261e-02 5.2287316326529482e-04
-5.0501580120273594e-02 5.2288707791661878e-04
-4.9978686144751573e-02 5.2290084923936316e-04
-4.9455778469572664e-02 5.2291447722977228e-04
-4.8932857238071073e-02 5.2292796188410239e-04
-4.8409922593584738e-02 5.2294130319865116e-04
-4.7886974679455262e-02 5.2295450116977696e-04
-4.7364013639027897e-02 5.2296755579383993e-04
-4.6841039615651475e-02 5.2298046706728224e-04
-4.6318052752678404e-02 5.2299323498655140e-04
-4.5795053193464608e-02 5.2300585954816170e-04
-4.5272041081369487e-02 5.2301834074863459e-04
-4.4749016559755876e-02 5.2303067858456285e-04
-4.4225979771990019e-02 5.2304287305256659e-04
-4.3702930861441530e-02 5.2305492414928489e-04
-4.3179869971483334e-02 5.2306683187142871e-04
-4.2656797245491644e-02 5.2307859621573255e-04
-4.2133712826845915e-02 5.2309021717897308e-04
-4.1610616858928806e-02 5.2310169475795808e-04
-4.1087509485126156e-02 5.2311302894954140e-04
-4.0564390848826903e-02 5.2312421975063352e-04
-4.0041261093423104e-02 5.2313526715814130e-04
-3.9518120362309839e-02 5.2314617116905554e-04
-3.8994968798885213e-02 5.2315693178037756e-04
-3.8471806546550281e-02 5.2316754898916516e-04
-3.7948633748709056e-02 5.2317802279250162e-04
-3.7425450548768412e-02 5.2318835318752041e-04
-3.6902257090138092e-02 5.2319854017138484e-04
-3.6379053516230643e-02 5.2320858374130133e-04
-3.5855839970461399e-02 5.2321848389452817e-04
-3.5332616596248416e-02 5.2322824062834270e-04
-3.4809383537012434e-02 5.2323785394007183e-04
-3.4286140936176865e-02 5.2324732382707639e-04
-3.3762888937167730e-02 5.2325665028677239e-04
-3.3239627683413632e-02 5.2326583331659224e-04
-3.2716357318345698e-02 5.2327487291402568e-04
-3.2193077985397556e-02 5.2328376907659032e-04
-3.1669789828005307e-02 5.2329252180183966e-04
-3.1146492989607456e-02 5.2330113108740221e-04
-3.0623187613644888e-02 5.2330959693088288e-04
-3.0099873843560832e-02 5.2331791932998836e-04
-2.9576551822800820e-02 5.2332609828242317e-04
-2.9053221694812642e-02 5.2333413378595050e-04
-2.8529883603046313e-02 5.2334202583836128e-04
-2.8006537690954025e-02 5.2334977443750414e-04
-2.7483184101990122e-02 5.2335737958124579e-04
-2.6959822979611046e-02 5.2336484126750738e-04
-2.6436454467275307e-02 5.2337215949423957e-04
-2.5913078708443442e-02 5.2337933425943147e-04
-2.5389695846577968e-02 5.2338636556111765e-04
-2.4866306025143357e-02 5.2339325339739165e-04
-2.4342909387605981e-02 5.2339999776633778e-04
-2.3819506077434088e-02 5.2340659866612104e-04
-2.3296096238097752e-02 5.2341305609493048e-04
-2.2772680013068831e-02 5.2341937005099561e-04
-2.2249257545820942e-02 5.2342554053258386e-04
-2.1725828979829408e-02 5.2343156753800193e-04
-2.1202394458571226e-02 5.2343745106561126e-04
-2.0678954125525027e-02 5.2344319111377851e-04
-2.0155508124171027e-02 5.2344878768094882e-04
-1.9632056597991006e-02 5.2345424076556462e-04
-1.9108599690468252e-02 5.2345955036616561e-04
-1.8585137545087532e-02 5.2346471648126339e-04
-1.8061670305335040e-02 5.2346973910946204e-04
-1.7538198114698384e-02 5.2347461824937597e-04
-1.7014721116666510e-02 5.2347935389967962e-04
-1.6491239454729689e-02 5.2348394605905460e-04
-1.5967753272379478e-02 5.2348839472625842e-04
-1.5444262713108663e-02 5.2349269990006485e-04
-1.4920767920411231e-02 5.2349686157929557e-04
-1.4397269037782334e-02 5.2350087976280892e-04
-1.3873766208718242e-02 5.2350475444950455e-04
-1.3350259576716306e-02 5.2350848563831667e-04
-1.2826749285274925e-02 5.2351207332822388e-04
-1.2303235477893493e-02 5.2351551751825948e-04
-1.1779718298072374e-02 5.2351881820745692e-04
-1.1256197889312852e-02 5.2352197539491478e-04
-1.0732674395117100e-02 5.2352498907977233e-04
-1.0209147958988134e-02 5.2352785926120665e-04
-9.6856187244297783e-03 5.2353058593842432e-04
-9.1620868349466221e-03 5.2353316911068213e-04
-8.6385524340439855e-03 5.2353560877727197e-04
-8.1150156652278725e-03 5.2353790493752479e-04
-7.5914766720049411e-03 5.2354005759081077e-04
-7.0679355978824545e-03 5.2354206673653925e-04
-6.5443925863682504e-03 5.2354393237415684e-04
-6.0208477809706954e-03 5.2354565450316286e-04
-5.4973013251986471e-03 5.2354723312307355e-04
-4.9737533625614175e-03 5.2354866823345380e-04
-4.4502040365687300e-03 5.2354995983392545e-04
-3.9266534907306814e-03 5.2355110792412334e-04
-3.4031018685577044e-03 5.2355211250372871e-04
-2.8795493135605281e-03 5.2355297357247767e-04
-2.3559959692501329e-03 5.2355369113013550e-04
-1.8324419791377190e-03 5.2355426517648751e-04
-1.3088874867346620e-03 5.2355469571139168e-04
-7.8533263555247634e-04 5.2355498273472874e-04
-2.6177756910277433e-04 5.2355512624641771e-04
2.6177756910277433e-04 5.2355512624641771e-04
7.8533263555247634e-04 5.2355498273472874e-04
1.3088874867346620e-03 5.2355469571139168e-04
1.8324419791377190e-03 5.2355426517648751e-04
2.3559959692501329e-03 5.2355369113013550e-04
2.8795493135605281e-03 5.2355297357247767e-04
3.4031018685577044e-03 5.2355211250372871e-04
3.9266534907306814e-03 5.2355110792412334e-04
4.4502040365687300e-03 5.2354995983392545e-04
4.9737533625614175e-03 5.2354866823345380e-04
5.4973013251986471e-03 5.2354723312307355e-04
6.0208477809706954e-03 5.2354565450316286e-04
6.5443925863682504e-03 5.2354393237415684e-04
7.0679355978824545e-03 5.2354206673653925e-04
7.5914766720049411e-03 5.2354005759081077e-04
8.1150156652278725e-03 5.2353790493752479e-04
8.6385524340439855e-03 5.2353560877727197e-04
9.1620868349466221e-03 5.2353316911068213e-04
9.6856187244297783e-03 5.2353058593842432e-04
1.0209147958988134e-02 5.2352785926120665e-04
1.0732674395117100e-02 5.2352498907977233e-04
1.1256197889312852e-02 5.2352197539491478e-04
1.1779718298072374e-02 5.2351881820745692e-04
1.2303235477893493e-02 5.2351551751825948e-04
1.2826749285274925e-02 5.2351207332822388e-04
1.3350259576716306e-02 5.2350848563831667e-04
1.3873766208718242e-02 5.2350475444950455e-04
1.4397269037782334e-02 5.2350087976280892e-04
1.4920767920411231e-02 5.2349686157929557e-04
1.5444262713108663e-02 5.2349269990006485e-04
1.5967753272379478e-02 5.2348839472625842e-04
1.6491239454729689e-02 5.2348394605905460e-04
1.7014721116666510e-02 5.2347935389967962e-04
1.7538198114698384e-02 5.2347461824937597e-04
1.8061670305335040e-02 5.2346973910946204e-04
1.8585137545087532e-02 5.2346471648126339e-04
1.9108599690468252e-02 5.2345955036616561e-04
1.9632056597991006e-02 5.2345424076556462e-04
2.0155508124171027e-02 5.2344878768094882e-04
2.0678954125525027e-02 5.2344319111377851e-04
2.1202394458571226e-02 5.2343745106561126e-04
2.1725828979829408e-02 5.2343156753800193e-04
2.2249257545820942e-02 5.2342554053258386e-04
2.2772680013068831e-02 5.2341937005099561e-04
2.3296096238097752e-02 5.2341305609493048e-04
2.3819506077434088e-02 5.2340659866612104e-04
2.4342909387605981e-02 5.2339999776633778e-04
2.4866306025143357e-02 5.2339325339739165e-04
2.5389695846577968e-02 5.2338636556111765e-04
2.5913078708443442e-02 5.2337933425943147e-04
2.6436454467275307e-02 5.2337215949423957e-04
2.6959822979611046e-02 5.2336484126750738e-04
2.7483184101990122e-02 5.2335737958124579e-04
2.8006537690954025e-02 5.2334977443750414e-04
2.8529883603046313e-02 5.2334202583836128e-04
2.9053221694812642e-02 5.2333413378595050e-04
2.9576551822800820e-02 5.2332609828242317e-04
3.0099873843560832e-02 5.2331791932998836e-04
3.0623187613644888e-02 5.2330959693088288e-04
3.1146492989607456e-02 5.2330113108740221e-04
3.1669789828005307e-02 5.2329252180183966e-04
3.2193077985397556e-02 5.2328376907659032e-04
3.2716357318345698e-02 5.2327487291402568e-04
3.3239627683413632e-02 5.2326583331659224e-04
3.3762888937167730e-02 5.2325665028677239e-04
3.4286140936176865e-02 5.2324732382707639e-04
3.4809383537012434e-02 5.2323785394007183e-04
3.5332616596248416e-02 5.2322824062834270e-04
3.5855839970461399e-02 5.2321848389452817e-04
3.6379053516230643e-02 5.2320858374130133e-04
3.6902257090138092e-02 5.2319854017138484e-04
3.7425450548768412e-02 5.2318835318752041e-04
3.7948633748709056e-02 5.2317802279250162e-04
3.8471806546550281e-02 5.2316754898916516e-04
3.8994968798885213e-02 5.2315693178037756e-04
3.9518120362309839e-02 5.2314617116905554e-04
4.0041261093423104e-02 5.2313526715814130e-04
4.0564390848826903e-02 5.2312421975063352e-04
4.1087509485126156e-02 5.2311302894954140e-04
4.1610616858928806e-02 5.2310169475795808e-04
4.2133712826845915e-02 5.2309021717897308e-04
4.2656797245491644e-02 5.2307859621573255e-04
4.3179869971483334e-02 5.2306683187142871e-04
4.3702930861441530e-02 5.2305492414928489e-04
4.4225979771990019e-02 5.2304287305256659e-04
4.4749016559755876e-02 5.2303067858456285e-04
4.5272041081369487e-02 5.2301834074863459e-04
4.5795053193464608e-02 5.2300585954816170e-04
4.6318052752678404e-02 5.2299323498655140e-04
4.6841039615651475e-02 5.2298046706728224e-04
4.7364013639027897e-02 5.2296755579383993e-04
4.7886974679455262e-02 5.2295450116977696e-04
4.8409922593584738e-02 5.2294130319865116e-04
4.8932857238071073e-02 5.2292796188410239e-04
4.9455778469572664e-02 5.2291447722977228e-04
4.9978686144751573e-02 5.2290084923936316e-04
5.0501580120273594e-02 5.2288707791661878e-04
5.1024460252808261e-02 5.2287316326529482e-04
5.1547326399028912e-02 5.2285910528922133e-04
5.2070178415612720e-02 5.2284490399224744e-04
5.2593016159240717e-02 5.2283055937826415e-04
5.3115839486597864e-02 5.2281607145120363e-04
5.3638648254373068e-02 5.2280144021503352e-04
5.4161442319259220e-02 5.2278666567377393e-04
5.4684221537953250e-02 5.2277174783146385e-04
5.5206985767156151e-02 5.2275668669220351e-04
5.5729734863573036e-02 5.2274148226011863e-04
5.6252468683913148e-02 5.2272613453937633e-04
5.6775187084889933e-02 5.2271064353416965e-04
5.7297889923221060e-02 5.2269500924876603e-04
5.7820577055628465e-02 5.2267923168743677e-04
5.8343248338838374e-02 5.2266331085450482e-04
5.8865903629581377e-02 5.2264724675435208e-04
5.9388542784592442e-02 5.2263103939136654e-04
5.9911165660610957e-02 5.2261468876999560e-04
6.0433772114380772e-02 5.2259819489471732e-04
6.0956362002650241e-02 5.2258155777005837e-04
6.1478935182172262e-02 5.2256477740057240e-04
6.2001491509704298e-02 5.2254785379086868e-04
6.2524030842008443e-02 5.2253078694558053e-04
6.3046553035851466e-02 5.2251357686938695e-04
6.3569057948004798e-02 5.2249622356699771e-04
6.4091545435244632e-02 5.2247872704318287e-04
6.4614015354351934e-02 5.2246108730273156e-04
6.5136467562112485e-02 5.2244330435048030e-04
6.5658901915316897e-02 5.2242537819130366e-04
6.6181318270760722e-02 5.2240730883011319e-04
6.6703716485244410e-02 5.2238909627185903e-04
6.7226096415573394e-02 5.2237074052154282e-04
6.7748457918558130e-02 5.2235224158418594e-04
6.8270800851014099e-02 5.2233359946487839e-04
6.8793125069761901e-02 5.2231481416869987e-04
6.9315430431627245e-02 5.2229588570082105e-04
6.9837716793441015e-02 5.2227681406642171e-04
7.0359984012039314e-02 5.2225759927074027e-04
7.0882231944263463e-02 5.2223824131903481e-04
7.1404460446960111e-02 5.2221874021660803e-04
7.1926669376981209e-02 5.2219909596880961e-04
7.2448858591184051e-02 5.2217930858103096e-04
7.2971027946431385e-02 5.2215937805868788e-04
7.3493177299591372e-02 5.2213930440724813e-04
7.4015306507537668e-02 5.2211908763220166e-04
7.4537415427149409e-02 5.2209872773911000e-04
7.5059503915311368e-02 5.2207822473354475e-04
7.5581571828913868e-02 5.2205757862111709e-04
7.6103619024852853e-02 5.2203678940750467e-04
7.6625645360030012e-02 5.2201585709838892e-04
7.7147650691352695e-02 5.2199478169951709e-04
7.7669634875734028e-02 5.2197356321666104e-04
7.8191597770092935e-02 5.2195220165564466e-04
7.8713539231354185e-02 5.2193069702231171e-04
7.9235459116448415e-02 5.2190904932256359e-04
7.9757357282312147e-02 5.2188725856234250e-04
8.0279233585887899e-02 5.2186532474760158e-04
8.0801087884124170e-02 5.2184324788437332e-04
8.1322920033975482e-02 5.2182102797869987e-04
8.1844729892402435e-02 5.2179866503666741e-04
8.2366517316371735e-02 5.2177615906441577e-04
8.2888282162856222e-02 5.2175351006810897e-04
8.3410024288834983e-02 5.2173071805394896e-04
8.3931743551293250e-02 5.2170778302819540e-04
8.4453439807222586e-02 5.2168470499713360e-04
8.4975112913620823e-02 5.2166148396707831e-04
8.5496762727492182e-02 5.2163811994440168e-04
8.6018389105847207e-02 5.2161461293551365e-04
8.6539991905702926e-02 5.2159096294684439e-04
8.7061570984082792e-02 5.2156716998489185e-04
8.7583126198016767e-02 5.2154323405616330e-04
8.8104657404541362e-02 5.2151915516723314e-04
8.8626164460699680e-02 5.2149493332469005e-04
8.9147647223541404e-02 5.2147056853518541e-04
8.9669105550122932e-02 5.2144606080538976e-04
9.0190539297507311e-02 5.2142141014201735e-04
9.0711948322764330e-02 5.2139661655182992e-04
9.1233332482970608e-02 5.2137168004162877e-04
9.1754691635209509e-02 5.2134660061824015e-04
9.2276025636571307e-02 5.2132137828854409e-04
9.2797334344153118e-02 5.2129601305945952e-04
9.3318617615059052e-02 5.2127050493792513e-04
9.3839875306400131e-02 5.2124485393093998e-04
9.4361107275294440e-02 5.2121906004554315e-04
9.4882313378867086e-02 5.2119312328878953e-04
9.5403493474250256e-02 5.2116704366780245e-04
9.5924647418583309e-02 5.2114082118972279e-04
9.6445775069012724e-02 5.2111445586173685e-04
9.6966876282692210e-02 5.2108794769108288e-04
9.7487950916782737e-02 5.2106129668501539e-04
9.8008998828452529e-02 5.2103450285084503e-04
9.8530019874877153e-02 5.2100756619592021e-04
9.9051013913239561e-02 5.2098048672760970e-04
9.9571980800730042e-02 5.2095326445335374e-04
1.0009292039454641e-01 5.2092589938060254e-04
1.0061383255189391e-01 5.2089839151686526e-04
1.0113471712998530e-01 5.2087074086967138e-04
1.0165557398604093e-01 5.2084294744661128e-04
1.0217640297728875e-01 5.2081501125529378e-04
1.0269720396096431e-01 5.2078693230338615e-04
1.0321797679431087e-01 5.2075871059858211e-04
1.0373872133457940e-01 5.2073034614860930e-04
1.0425943743902860e-01 5.2070183896125609e-04
1.0478012496492503e-01 5.2067318904432374e-04
1.0530078376954299e-01 5.2064439640567999e-04
1.0582141371016475e-01 5.2061546105319800e-04
1.0634201464408041e-01 5.2058638299482885e-04
1.0686258642858808e-01 5.2055716223853028e-04
1.0738312892099382e-01 5.2052779879231367e-04
1.0790364197861173e-01 5.2049829266423561e-04
1.0842412545876401e-01 5.2046864386237895e-04
1.0894457921878091e-01 5.2043885239486402e-04
1.0946500311600088e-01 5.2040891826986659e-04
1.0998539700777053e-01 5.2037884149558832e-04
1.1050576075144469e-01 5.2034862208027674e-04
1.1102609420438647e-01 5.2031826003220744e-04
1.1154639722396727e-01 5.2028775535971014e-04
1.1206666966756684e-01 5.2025710807114078e-04
1.1258691139257332e-01 5.2022631817490530e-04
1.1310712225638322e-01 5.2019538567944312e-04
1.1362730211640161e-01 5.2016431059323455e-04
1.1414745083004194e-01 5.2013309292480011e-04
1.1466756825472628e-01 5.2010173268267595e-04
1.1518765424788524e-01 5.2007022987547724e-04
1.1570770866695808e-01 5.2003858451184280e-04
1.1622773136939266e-01 5.2000679660043898e-04
1.1674772221264558e-01 5.1997486614997898e-04
1.1726768105418216e-01 5.1994279316921208e-04
1.1778760775147648e-01 5.1991057766693789e-04
1.1830750216201145e-01 5.1987821965198788e-04
1.1882736414327882e-01 5.1984571913321999e-04
1.1934719355277924e-01 5.1981307611954745e-04
1.1986699024802226e-01 5.1978029061992880e-04
1.2038675408652642e-01 5.1974736264333494e-04
1.2090648492581928e-01 5.1971429219880867e-04
1.2142618262343739e-01 5.1968107929540285e-04
1.2194584703692647e-01 5.1964772394222098e-04
1.2246547802384128e-01 5.1961422614840431e-04
1.2298507544174579e-01 5.1958058592315305e-04
1.2350463914821316e-01 5.1954680327566979e-04
1.2402416900082579e-01 5.1951287821521764e-04
1.2454366485717536e-01 5.1947881075110284e-04
1.2506312657486285e-01 5.1944460089266200e-04
1.2558255401149865e-01 5.1941024864926490e-04
1.2610194702470251e-01 5.1937575403032568e-04
1.2662130547210360e-01 5.1934111704531472e-04
1.2714062921134059e-01 5.1930633770371360e-04
1.2765991810006166e-01 5.1927141601505603e-04
1.2817917199592452e-01 5.1923635198893872e-04
1.2869839075659653e-01 5.1920114563493061e-04
1.2921757423975463e-01 5.1916579696271222e-04
1.2973672230308544e-01 5.1913030598196462e-04
1.3025583480428529e-01 5.1909467270241764e-04
1.3077491160106025e-01 5.1905889713384538e-04
1.3129395255112622e-01 5.1902297928603448e-04
1.3181295751220884e-01 5.1898691916885543e-04
1.3233192634204374e-01 5.1895071679216795e-04
1.3285085889837631e-01 5.1891437216591580e-04
1.3336975503896201e-01 5.1887788530004838e-04
1.3388861462156618e-01 5.1884125620457570e-04
1.3440743750396428e-01 5.1880448488952815e-04
1.3492622354394174e-01 5.1876757136499313e-04
1.3544497259929411e-01 5.1873051564109483e-04
1.3596368452782714e-01 5.1869331772798203e-04
1.3648235918735671e-01 5.1865597763583744e-04
1.3700099643570887e-01 5.1861849537492163e-04
1.3751959613072004e-01 5.1858087095548800e-04
1.3803815813023679e-01 5.1854310438787324e-04
1.3855668229211615e-01 5.1850519568240653e-04
1.3907516847422544e-01 5.1846714484950218e-04
1.3959361653444244e-01 5.1842895189956550e-04
1.4011202633065536e-01 5.1839061684307778e-04
1.4063039772076291e-01 5.1835213969053922e-04
1.4114873056267427e-01 5.1831352045252131e-04
1.4166702471430928e-01 5.1827475913958322e-04
1.4218528003359832e-01 5.1823585576235185e-04
1.4270349637848243e-01 5.1819681033151268e-04
1.4322167360691335e-01 5.1815762285773608e-04
1.4373981157685350e-01 5.1811829335178788e-04
1.4425791014627612e-01 5.1807882182444232e-04
1.4477596917316518e-01 5.1803920828652982e-04
1.4529398851551559e-01 5.1799945274888374e-04
1.4581196803133301e-01 5.1795955522242654e-04
1.4632990757863412e-01 5.1791951571808102e-04
1.4684780701544650e-01 5.1787933424682017e-04
1.4736566619980879e-01 5.1783901081965970e-04
1.4788348498977055e-01 5.1779854544766867e-04
1.4840126324339251e-01 5.1775793814191635e-04
1.4891900081874648e-01 5.1771718891355310e-04
1.4943669757391545e-01 5.1767629777371791e-04
1.4995435336699350e-01 5.1763526473366426e-04
1.5047196805608609e-01 5.1759408980460290e-04
1.5098954149930982e-01 5.1755277299783339e-04
1.5150707355479262e-01 5.1751131432469714e-04
1.5202456408067383e-01 5.1746971379653306e-04
1.5254201293510414e-01 5.1742797142474565e-04
1.5305941997624559e-01 5.1738608722079894e-04
1.5357678506227179e-01 5.1734406119614243e-04
1.5409410805136781e-01 5.1730189336232396e-04
1.5461138880173023e-01 5.1725958373089061e-04
1.5512862717156722e-01 5.1721713231344692e-04
1.5564582301909863e-01 5.1717453912160881e-04
1.5616297620255587e-01 5.1713180416707125e-04
1.5668008658018209e-01 5.1708892746154644e-04
1.5719715401023221e-01 5.1704590901677987e-04
1.5771417835097284e-01 5.1700274884456917e-04
1.5823115946068245e-01 5.1695944695674884e-04
1.5874809719765140e-01 5.1691600336517616e-04
1.5926499142018183e-01 5.1687241808176130e-04
1.5978184198658793e-01 5.1682869111846985e-04
1.6029864875519578e-01 5.1678482248724992e-04
1.6081541158434348e-01 5.1674081220016554e-04
1.6133213033238117e-01 5.1669666026926664e-04
1.6184880485767109e-01 5.1665236670666150e-04
1.6236543501858761e-01 5.1660793152447006e-04
1.6288202067351723e-01 5.1656335473487987e-04
1.6339856168085864e-01 5.1651863635013794e-04
1.6391505789902283e-01 5.1647377638247094e-04
1.6443150918643301e-01 5.1642877484418869e-04
1.6494791540152476e-01 5.1638363174761237e-04
1.6546427640274594e-01 5.1633834710512522e-04
1.6598059204855684e-01 5.1629292092916443e-04
1.6649686219743021e-01 5.1624735323213414e-04
1.6701308670785125e-01 5.1620164402654877e-04
1.6752926543831764e-01 5.1615579332495946e-04
1.6804539824733966e-01 5.1610980113990144e-04
1.6856148499344015e-01 5.1606366748400262e-04
1.6907752553515457e-01 5.1601739236989516e-04
1.6959351973103107e-01 5.1597097581026574e-04
1.7010946743963049e-01 5.1592441781783292e-04
1.7062536851952637e-01 5.1587771840537835e-04
1.7114122282930513e-01 5.1583087758567991e-04
1.7165703022756593e-01 5.1578389537159611e-04
1.7217279057292079e-01 5.1573677177598897e-04
1.7268850372399469e-01 5.1568950681179582e-04
1.7320416953942550e-01 5.1564210049194058e-04
1.7371978787786402e-01 5.1559455282945655e-04
1.7423535859797418e-01 5.1554686383733768e-04
1.7475088155843285e-01 5.1549903352869208e-04
1.7526635661793005e-01 5.1545106191661257e-04
1.7578178363516897e-01 5.1540294901423762e-04
1.7629716246886584e-01 5.1535469483478995e-04
1.7681249297775023e-01 5.1530629939145779e-04
1.7732777502056488e-01 5.1525776269753314e-04
1.7784300845606585e-01 5.1520908476630734e-04
1.7835819314302248e-01 5.1516026561113277e-04
1.7887332894021754e-01 5.1511130524537819e-04
1.7938841570644717e-01 5.1506220368246710e-04
1.7990345330052090e-01 5.1501296093587289e-04
1.8041844158126183e-01 5.1496357701907283e-04
1.8093338040750648e-01 5.1491405194563150e-04
1.8144826963810504e-01 5.1486438572908460e-04
1.8196310913192115e-01 5.1481457838309960e-04
1.8247789874783224e-01 5.1476462992127770e-04
1.8299263834472931e-01 5.1471454035732626e-04
1.8350732778151710e-01 5.1466430970498168e-04
1.8402196691711406e-01 5.1461393797802883e-04
1.8453655561045251e-01 5.1456342519023870e-04
1.8505109372047854e-01 5.1451277135548400e-04
1.8556558110615209e-01 5.1446197648764575e-04
1.8608001762644708e-01 5.1441104060063743e-04
1.8659440314035128e-01 5.1435996370842744e-04
1.8710873750686652e-01 5.1430874582500906e-04
1.8762302058500857e-01 5.1425738696443777e-04
1.8813725223380734e-01 5.1420588714077967e-04
1.8865143231230680e-01 5.1415424636814318e-04
1.8916556067956503e-01 5.1410246466070955e-04
1.8967963719465433e-01 5.1405054203264636e-04
1.9019366171666119e-01 5.1399847849820752e-04
1.9070763410468636e-01 5.1394627407164433e-04
1.9122155421784487e-01 5.1389392876728082e-04
1.9173542191526607e-01 5.1384144259946924e-04
1.9224923705609376e-01 5.1378881558256887e-04
1.9276299949948600e-01 5.1373604773103645e-04
1.9327670910461542e-01 5.1368313905931356e-04
1.9379036573066907e-01 5.1363008958191974e-04
1.9430396923684853e-01 5.1357689931339921e-04
1.9481751948237000e-01 5.1352356826830426e-04
1.9533101632646416e-01 5.1347009646129373e-04
1.9584445962837646e-01 5.1341648390698408e-04
1.9635784924736693e-01 5.1336273062009780e-04
1.9687118504271037e-01 5.1330883661535628e-04
1.9738446687369626e-01 5.1325480190754882e-04
1.9789769459962903e-01 5.1320062651146370e-04
1.9841086807982772e-01 5.1314631044197055e-04
1.9892398717362642e-01 5.1309185371394906e-04
1.9943705174037407e-01 5.1303725634230723e-04
1.9995006163943452e-01 5.1298251834205953e-04
2.0046301673018663e-01 5.1292763972817098e-04
2.0097591687202429e-01 5.1287262051570896e-04
2.0148876192435650e-01 5.1281746071971644e-04
2.0200155174660725e-01 5.1276216035535133e-04
2.0251428619821576e-01 5.1270671943774162e-04
2.0302696513863638e-01 5.1265113798212880e-04
2.0353958842733871e-01 5.1259541600370102e-04
2.0405215592380760e-01 5.1253955351775258e-04
2.0456466748754315e-01 5.1248355053959611e-04
2.0507712297806083e-01 5.1242740708458889e-04
2.0558952225489149e-01 5.1237112316809949e-04
2.0610186517758133e-01 5.1231469880559666e-04
2.0661415160569210e-01 5.1225813401249340e-04
2.0712638139880096e-01 5.1220142880431454e-04
2.0763855441650056e-01 5.1214458319663407e-04
2.0815067051839922e-01 5.1208759720500088e-04
2.0866272956412077e-01 5.1203047084504905e-04
2.0917473141330473e-01 5.1197320413242883e-04
2.0968667592560628e-01 5.1191579708282893e-04
2.1019856296069631e-01 5.1185824971200456e-04
2.1071039237826145e-01 5.1180056203573552e-04
2.1122216403800420e-01 5.1174273406980476e-04
2.1173387779964278e-01 5.1168476583010082e-04
2.1224553352291139e-01 5.1162665733247691e-04
2.1275713106756008e-01 5.1156840859286604e-04
2.1326867029335481e-01 5.1151001962727698e-04
2.1378015106007761e-01 5.1145149045166952e-04
2.1429157322752648e-01 5.1139282108211088e-04
2.1480293665551553e-01 5.1133401153465128e-04
2.1531424120387488e-01 5.1127506182546418e-04
2.1582548673245089e-01 5.1121597197065932e-04
2.1633667310110605e-01 5.1115674198645906e-04
2.1684780016971905e-01 5.1109737188909272e-04
2.1735886779818492e-01 5.1103786169480903e-04
2.1786987584641482e-01 5.1097821141997857e-04
2.1838082417433644e-01 5.1091842108090524e-04
2.1889171264189367e-01 5.1085849069399671e-04
2.1940254110904692e-01 5.1079842027566878e-04
2.1991330943577300e-01 5.1073820984238680e-04
2.2042401748206522e-01 5.1067785941066271e-04
2.2093466510793336e-01 5.1061736899705795e-04
2.2144525217340386e-01 5.1055673861812164e-04
2.2195577853851969e-01 5.1049596829047463e-04
2.2246624406334045e-01 5.1043505803081567e-04
2.2297664860794250e-01 5.1037400785576906e-04
2.2348699203241881e-01 5.1031281778213353e-04
2.2399727419687915e-01 5.1025148782667465e-04
2.2450749496145012e-01 5.1019001800616762e-04
2.2501765418627509e-01 5.1012840833748014e-04
2.2552775173151432e-01 5.1006665883750787e-04
2.2603778745734499e-01 5.1000476952317954e-04
2.2654776122396120e-01 5.0994274041145371e-04
2.2705767289157408e-01 5.0988057151930702e-04
2.2756752232041169e-01 5.0981826286383908e-04
2.2807730937071929e-01 5.0975581446207144e-04
2.2858703390275911e-01 5.0969322633114694e-04
2.2909669577681058e-01 5.0963049848822667e-04
2.2960629485317030e-01 5.0956763095047779e-04
2.3011583099215205e-01 5.0950462373518127e-04
2.3062530405408688e-01 5.0944147685958482e-04
2.3113471389932319e-01 5.0937819034096456e-04
2.3164406038822660e-01 5.0931476419671521e-04
2.3215334338118018e-01 5.0925119844420514e-04
2.3266256273858438e-01 5.0918749310084068e-04
2.3317171832085706e-01 5.0912364818411478e-04
2.3368080998843363e-01 5.0905966371151540e-04
2.3418983760176695e-01 5.0899553970057160e-04
2.3469880102132751e-01 5.0893127616885797e-04
2.3520770010760328e-01 5.0886687313403281e-04
2.3571653472110002e-01 5.0880233061368241e-04
2.3622530472234105e-01 5.0873764862554107e-04
2.3673400997186742e-01 5.0867282718732986e-04
2.3724265033023792e-01 5.0860786631683782e-04
2.3775122565802922e-01 5.0854276603182061e-04
2.3825973581583570e-01 5.0847752635017386e-04
2.3876818066426964e-01 5.0841214728976976e-04
2.3927656006396125e-01 5.0834662886850427e-04
2.3978487387555866e-01 5.0828097110434945e-04
2.4029312195972799e-01 5.0821517401529752e-04
2.4080130417715331e-01 5.0814923761942072e-04
2.4130942038853687e-01 5.0808316193474653e-04
2.4181747045459889e-01 5.0801694697941190e-04
2.4232545423607782e-01 5.0795059277154600e-04
2.4283337159373020e-01 5.0788409932936321e-04
2.4334122238833084e-01 5.0781746667106077e-04
2.4384900648067273e-01 5.0775069481493362e-04
2.4435672373156719e-01 5.0768378377927432e-04
2.4486437400184385e-01 5.0761673358242713e-04
2.4537195715235074e-01 5.0754954424274878e-04
2.4587947304395422e-01 5.0748221577867798e-04
2.4638692153753911e-01 5.0741474820866612e-04
2.4689430249400873e-01 5.0734714155119818e-04
2.4740161577428488e-01 5.0727939582482357e-04
2.4790886123930791e-01 5.0721151104810111e-04
2.4841603875003682e-01 5.0714348723963887e-04
2.4892314816744915e-01 5.0707532441807872e-04
2.4943018935254116e-01 5.0700702260210808e-04
2.4993716216632780e-01 5.0693858181045243e-04
2.5044406646984274e-01 5.0687000206188189e-04
2.5095090212413851e-01 5.0680128337514570e-04
2.5145766899028632e-01 5.0673242576914463e-04
2.5196436692937635e-01 5.0666342926272050e-04
2.5247099580251758e-01 5.0659429387483231e-04
2.5297755547083811e-01 5.0652501962432503e-04
2.5348404579548472e-01 5.0645560653030206e-04
2.5399046663762348e-01 5.0638605461171039e-04
2.5449681785843931e-01 5.0631636388766559e-04
2.5500309931913634e-01 5.0624653437721231e-04
2.5550931088093770e-01 5.0617656609955786e-04
2.5601545240508577e-01 5.0610645907385129e-04
2.5652152375284210e-01 5.0603621331933612e-04
2.5702752478548752e-01 5.0596582885521389e-04
2.5753345536432209e-01 5.0589530570078025e-04
2.5803931535066515e-01 5.0582464387541228e-04
2.5854510460585539e-01 5.0575384339850117e-04
2.5905082299125104e-01 5.0568290428935816e-04
2.5955647036822954e-01 5.0561182656750974e-04
2.6006204659818793e-01 5.0554061025241312e-04
2.6056755154254274e-01 5.0546925536358470e-04
2.6107298506273002e-01 5.0539776192055094e-04
2.6157834702020533e-01 5.0532612994299664e-04
2.6208363727644401e-01 5.0525435945044392e-04
2.6258885569294083e-01 5.0518245046269987e-04
2.6309400213121048e-01 5.0511040299935927e-04
2.6359907645278724e-01 5.0503821708022432e-04
2.6410407851922524e-01 5.0496589272504353e-04
2.6460900819209832e-01 5.0489342995368406e-04
2.6511386533300019e-01 5.0482082878601671e-04
2.6561864980354449e-01 5.0474808924192902e-04
2.6612336146536480e-01 5.0467521134133170e-04
2.6662800018011462e-01 5.0460219510419120e-04
2.6713256580946737e-01 5.0452904055058598e-04
2.6763705821511663e-01 5.0445574770050037e-04
2.6814147725877596e-01 5.0438231657406920e-04
2.6864582280217908e-01 5.0430874719141797e-04
2.6915009470707979e-01 5.0423503957274267e-04
2.6965429283525222e-01 5.0416119373815479e-04
2.7015841704849058e-01 5.0408720970796027e-04
2.7066246720860937e-01 5.0401308750244950e-04
2.7116644317744343e-01 5.0393882714191822e-04
2.7167034481684793e-01 5.0386442864670258e-04
2.7217417198869842e-01 5.0378989203718710e-04
2.7267792455489076e-01 5.0371521733387384e-04
2.7318160237734140e-01 5.0364040455717787e-04
2.7368520531798718e-01 5.0356545372764159e-04
2.7418873323878556e-01 5.0349036486575869e-04
2.7469218600171447e-01 5.0341513799216533e-04
2.7519556346877250e-01 5.0333977312743512e-04
2.7569886550197886e-01 5.0326427029223912e-04
2.7620209196337342e-01 5.0318862950730491e-04
2.7670524271501679e-01 5.0311285079333791e-04
2.7720831761899034e-01 5.0303693417110375e-04
2.7771131653739617e-01 5.0296087966146281e-04
2.7821423933235734e-01 5.0288468728516974e-04
2.7871708586601762e-01 5.0280835706316971e-04
2.7921985600054178e-01 5.0273188901638934e-04
2.7972254959811549e-01 5.0265528316577692e-04
2.8022516652094542e-01 5.0257853953233282e-04
2.8072770663125923e-01 5.0250165813713131e-04
2.8123016979130572e-01 5.0242463900116981e-04
2.8173255586335472e-01 5.0234748214557183e-04
2.8223486470969711e-01 5.0227018759155685e-04
2.8273709619264509e-01 5.0219275536024640e-04
2.8323925017453194e-01 5.0211518547291234e-04
2.8374132651771228e-01 5.0203747795080338e-04
2.8424332508456202e-01 5.0195963281514410e-04
2.8474524573747823e-01 5.0188165008739269e-04
2.8524708833887952e-01 5.0180352978885341e-04
2.8574885275120582e-01 5.0172527194094845e-04
2.8625053883691848e-01 5.0164687656513354e-04
2.8675214645850028e-01 5.0156834368295404e-04
2.8725367547845571e-01 5.0148967331578869e-04
2.8775512575931050e-01 5.0141086548535795e-04
2.8825649716361218e-01 5.0133192021321697e-04
2.8875778955392989e-01 5.0125283752095471e-04
2.8925900279285433e-01 5.0117361743029281e-04
2.8976013674299794e-01 5.0109425996294451e-04
2.9026119126699490e-01 5.0101476514067525e-04
2.9076216622750123e-01 5.0093513298521484e-04
2.9126306148719461e-01 5.0085536351845972e-04
2.9176387690877464e-01 5.0077545676227608e-04
2.9226461235496293e-01 5.0069541273847697e-04
2.9276526768850275e-01 5.0061523146911367e-04
2.9326584277215956e-01 5.0053491297611286e-04
2.9376633746872072e-01 5.0045445728147907e-04
2.9426675164099564e-01 5.0037386440726910e-04
2.9476708515181577e-01 5.0029313437559731e-04
2.9526733786403470e-01 5.0021226720860863e-04
2.9576750964052823e-01 5.0013126292838882e-04
2.9626760034419419e-01 5.0005012155723079e-04
2.9676760983795275e-01 4.9996884311737056e-04
2.9726753798474637e-01 4.9988742763102680e-04
2.9776738464753971e-01 4.9980587512054556e-04
2.9826714968931983e-01 4.9972418560827094e-04
2.9876683297309614e-01 4.9964235911660875e-04
2.9926643436190042e-01 4.9956039566800370e-04
2.9976595371878700e-01 4.9947829528488750e-04
3.0026539090683257e-01 4.9939605798981481e-04
3.0076474578913648e-01 4.9931368380527980e-04
3.0126401822882054e-01 4.9923117275386204e-04
3.0176320808902918e-01 4.9914852485822214e-04
3.0226231523292946e-01 4.9906574014100744e-04
3.0276133952371120e-01 4.9898281862482833e-04
3.0326028082458678e-01 4.9889976033252353e-04
3.0375913899879142e-01 4.9881656528682702e-04
3.0425791390958318e-01 4.9873323351048559e-04
3.0475660542024280e-01 4.9864976502640853e-04
3.0525521339407402e-01 4.9856615985742437e-04
3.0575373769440334e-01 4.9848241802652341e-04
3.0625217818458034e-01 4.9839853955659249e-04
3.0675053472797748e-01 4.9831452447064316e-04
3.0724880718799025e-01 4.9823037279171200e-04
3.0774699542803724e-01 4.9814608454282064e-04
3.0824509931155997e-01 4.9806165974718446e-04
3.0874311870202331e-01 4.9797709842782311e-04
3.0924105346291514e-01 4.9789240060794720e-04
3.0973890345774652e-01 4.9780756631082664e-04
3.1023666855005183e-01 4.9772259555968840e-04
3.1073434860338867e-01 4.9763748837783480e-04
3.1123194348133798e-01 4.9755224478857814e-04
3.1172945304750410e-01 4.9746686481522053e-04
3.1222687716551456e-01 4.9738134848127864e-04
3.1272421569902059e-01 4.9729569581012363e-04
3.1322146851169663e-01 4.9720990682525072e-04
3.1371863546724071e-01 4.9712398155021408e-04
3.1421571642937446e-01 4.9703792000850642e-04
3.1471271126184303e-01 4.9695172222372205e-04
3.1520961982841511e-01 4.9686538821953766e-04
3.1570644199288317e-01 4.9677891801956555e-04
3.1620317761906325e-01 4.9669231164754964e-04
3.1669982657079515e-01 4.9660556912721834e-04
3.1719638871194250e-01 4.9651869048230116e-04
3.1769286390639256e-01 4.9643167573669932e-04
3.1818925201805659e-01 4.9634452491421975e-04
3.1868555291086964e-01 4.9625723803872713e-04
3.1918176644879070e-01 4.9616981513414711e-04
3.1967789249580264e-01 4.9608225622448706e-04
3.2017393091591234e-01 4.9599456133376759e-04
3.2066988157315079e-01 4.9590673048594165e-04
3.2116574433157291e-01 4.9581876370516289e-04
3.2166151905525781e-01 4.9573066101547554e-04
3.2215720560830863e-01 4.9564242244108853e-04
3.2265280385485279e-01 4.9555404800614045e-04
3.2314831365904184e-01 4.9546553773488554e-04
3.2364373488505155e-01 4.9537689165163074e-04
3.2413906739708209e-01 4.9528810978058477e-04
3.2463431105935786e-01 4.9519919214610327e-04
3.2512946573612761e-01 4.9511013877258695e-04
3.2562453129166452e-01 4.9502094968441074e-04
3.2611950759026609e-01 4.9493162490613042e-04
3.2661439449625451e-01 4.9484216446206777e-04
3.2710919187397619e-01 4.9475256837691801e-04
3.2760389958780239e-01 4.9466283667505410e-04
3.2809851750212865e-01 4.9457296938123509e-04
3.2859304548137536e-01 4.9448296651998186e-04
3.2908748338998739e-01 4.9439282811602320e-04
3.2958183109243439e-01 4.9430255419409248e-04
3.3007608845321079e-01 4.9421214477883232e-04
3.3057025533683559e-01 4.9412159989511550e-04
3.3106433160785281e-01 4.9403091956771940e-04
3.3155831713083112e-01 4.9394010382158827e-04
3.3205221177036426e-01 4.9384915268148527e-04
3.3254601539107076e-01 4.9375806617236334e-04
3.3303972785759406e-01 4.9366684431925343e-04
3.3353334903460263e-01 4.9357548714718100e-04
3.3402687878679005e-01 4.9348399468110622e-04
3.3452031697887485e-01 4.9339236694613477e-04
3.3501366347560074e-01 4.9330060396735661e-04
3.3550691814173644e-01 4.9320870576999743e-04
3.3600008084207594e-01 4.9311667237922612e-04
3.3649315144143849e-01 4.9302450382020192e-04
3.3698612980466841e-01 4.9293220011829841e-04
3.3747901579663553e-01 4.9283976129868611e-04
3.3797180928223475e-01 4.9274718738683942e-04
3.3846451012638656e-01 4.9265447840801224e-04
3.3895711819403668e-01 4.9256163438770922e-04
3.3944963335015632e-01 4.9246865535135015e-04
3.3994205545974221e-01 4.9237554132438958e-04
3.4043438438781648e-01 4.9228229233237958e-04
3.4092661999942686e-01 4.9218890840090328e-04
3.4141876215964667e-01 4.9209538955552728e-04
3.4191081073357482e-01 4.9200173582190118e-04
3.4240276558633592e-01 4.9190794722564642e-04
3.4289462658308018e-01 4.9181402379255314e-04
3.4338639358898360e-01 4.9171996554832288e-04
3.4387806646924801e-01 4.9162577251866816e-04
3.4436964508910084e-01 4.9153144472955442e-04
3.4486112931379553e-01 4.9143698220677798e-04
3.4535251900861141e-01 4.9134238497616279e-04
3.4584381403885361e-01 4.9124765306368526e-04
3.4633501426985319e-01 4.9115278649540322e-04
3.4682611956696741e-01 4.9105778529714647e-04
3.4731712979557927e-01 4.9096264949509199e-04
3.4780804482109801e-01 4.9086737911528753e-04
3.4829886450895892e-01 4.9077197418383623e-04
3.4878958872462346e-01 4.9067643472684697e-04
3.4928021733357917e-01 4.9058076077057578e-04
3.4977075020133991e-01 4.9048495234117317e-04
3.5026118719344562e-01 4.9038900946501475e-04
3.5075152817546273e-01 4.9029293216828324e-04
3.5124177301298382e-01 4.9019672047740238e-04
3.5173192157162791e-01 4.9010037441866560e-04
3.5222197371704039e-01 4.9000389401853328e-04
3.5271192931489304e-01 4.8990727930347676e-04
3.5320178823088416e-01 4.8981053029991664e-04
3.5369155033073857e-01 4.8971364703437163e-04
3.5418121548020748e-01 4.8961662953350628e-04
3.5467078354506892e-01 4.8951947782374921e-04
3.5516025439112731e-01 4.8942219193185603e-04
3.5564962788421378e-01 4.8932477188447698e-04
3.5613890389018626e-01 4.8922721770824765e-04
3.5662808227492926e-01 4.8912952942996562e-04
3.5711716290435408e-01 4.8903170707642238e-04
3.5760614564439891e-01 4.8893375067433475e-04
3.5809503036102858e-01 4.8883566025071387e-04
3.5858381692023505e-01 4.8873743583225770e-04
3.5907250518803691e-01 4.8863907744608429e-04
3.5956109503047989e-01 4.8854058511902775e-04
3.6004958631363665e-01 4.8844195887811780e-04
3.6053797890360684e-01 4.8834319875038618e-04
3.6102627266651716e-01 4.8824430476291568e-04
3.6151446746852145e-01 4.8814527694276662e-04
3.6200256317580060e-01 4.8804611531714663e-04
3.6249055965456267e-01 4.8794681991326202e-04
3.6297845677104307e-01 4.8784739075820365e-04
3.6346625439150421e-01 4.8774782787936019e-04
3.6395395238223593e-01 4.8764813130397006e-04
3.6444155060955541e-01 4.8754830105930338e-04
3.6492904893980699e-01 4.8744833717284447e-04
3.6541644723936256e-01 4.8734823967193065e-04
3.6590374537462145e-01 4.8724800858393133e-04
3.6639094321201027e-01 4.8714764393644020e-04
3.6687804061798329e-01 4.8704714575689755e-04
3.6736503745902221e-01 4.8694651407287713e-04
3.6785193360163637e-01 4.8684574891195585e-04
3.6833872891236269e-01 4.8674485030171050e-04
3.6882542325776563e-01 4.8664381826990781e-04
3.6931201650443751e-01 4.8654265284411494e-04
3.6979850851899815e-01 4.8644135405221241e-04
3.7028489916809537e-01 4.8633992192177896e-04
3.7077118831840455e-01 4.8623835648073556e-04
3.7125737583662893e-01 4.8613665775698443e-04
3.7174346158949978e-01 4.8603482577825485e-04
3.7222944544377606e-01 4.8593286057254162e-04
3.7271532726624479e-01 4.8583076216776415e-04
3.7320110692372088e-01 4.8572853059191572e-04
3.7368678428304730e-01 4.8562616587301537e-04
3.7417235921109498e-01 4.8552366803918020e-04
3.7465783157476301e-01 4.8542103711847093e-04
3.7514320124097861e-01 4.8531827313897741e-04
3.7562846807669709e-01 4.8521537612888373e-04
3.7611363194890196e-01 4.8511234611639206e-04
3.7659869272460489e-01 4.8500918312985091e-04
3.7708365027084600e-01 4.8490588719735995e-04
3.7756850445469348e-01 4.8480245834740045e-04
3.7805325514324406e-01 4.8469889660816297e-04
3.7853790220362260e-01 4.8459520200821771e-04
3.7902244550298264e-01 4.8449137457581658e-04
3.7950688490850593e-01 4.8438741433953666e-04
3.7999122028740284e-01 4.8428332132779408e-04
3.8047545150691220e-01 4.8417909556915952e-04
3.8095957843430139e-01 4.8407473709219292e-04
3.8144360093686636e-01 4.8397024592555728e-04
3.8192751888193177e-01 4.8386562209777747e-04
3.8241133213685080e-01 4.8376086563766622e-04
3.8289504056900547e-01 4.8365597657384571e-04
3.8337864404580646e-01 4.8355095493508588e-04
3.8386214243469324e-01 4.8344580075014213e-04
3.8434553560313400e-01 4.8334051404794171e-04
3.8482882341862595e-01 4.8323509485721967e-04
3.8531200574869501e-01 4.8312954320695051e-04
3.8579508246089605e-01 4.8302385912609509e-04
3.8627805342281296e-01 4.8291804264358147e-04
3.8676091850205863e-01 4.8281209378835035e-04
3.8724367756627481e-01 4.8270601258956818e-04
3.8772633048313254e-01 4.8259979907617134e-04
3.8820887712033175e-01 4.8249345327738163e-04
3.8869131734560158e-01 4.8238697522236728e-04
3.8917365102670043e-01 4.8228036494019674e-04
3.8965587803141577e-01 4.8217362246021257e-04
3.9013799822756434e-01 4.8206674781157857e-04
3.9062001148299219e-01 4.8195974102369625e-04
3.9110191766557473e-01 4.8185260212578338e-04
3.9158371664321662e-01 4.8174533114726705e-04
3.9206540828385195e-01 4.8163792811759074e-04
3.9254699245544422e-01 4.8153039306609002e-04
3.9302846902598643e-01 4.8142272602232317e-04
3.9350983786350102e-01 4.8131492701578504e-04
3.9399109883604000e-01 4.8120699607601998e-04
3.9447225181168488e-01 4.8109893323267257e-04
3.9495329665854695e-01 4.8099073851521734e-04
3.9543423324476690e-01 4.8088241195343628e-04
3.9591506143851524e-01 4.8077395357700153e-04
3.9639578110799223e-01 4.8066536341553049e-04
3.9687639212142767e-01 4.8055664149899730e-04
3.9735689434708138e-01 4.8044778785705759e-04
3.9783728765324289e-01 4.8033880251958038e-04
3.9831757190823164e-01 4.8022968551635591e-04
3.9879774698039677e-01 4.8012043687753594e-04
3.9927781273811769e-01 4.8001105663278193e-04
3.9975776904980342e-01 4.7990154481229139e-04
4.0023761578389327e-01 4.7979190144591680e-04
4.0071735280885640e-01 4.7968212656382788e-04
4.0119697999319209e-01 4.7957222019606727e-04
4.0167649720542975e-01 4.7946218237278690e-04
4.0215590431412890e-01 4.7935201312417953e-04
4.0263520118787932e-01 4.7924171248036289e-04
4.0311438769530095e-01 4.7913128047157467e-04
4.0359346370504395e-01 4.7902071712811501e-04
4.0407242908578878e-01 4.7891002248036054e-04
4.0455128370624632e-01 4.7879919655850615e-04
4.0503002743515765e-01 4.7868823939309097e-04
4.0550866014129439e-01 4.7857715101443397e-04
4.0598718169345854e-01 4.7846593145296361e-04
4.0646559196048254e-01 4.7835458073922657e-04
4.0694389081122939e-01 4.7824309890369892e-04
4.0742207811459258e-01 4.7813148597696789e-04
4.0790015373949617e-01 4.7801974198964311e-04
4.0837811755489489e-01 4.7790786697232419e-04
4.0885596942977409e-01 4.7779586095567854e-04
4.0933370923314977e-01 4.7768372397044296e-04
4.0981133683406867e-01 4.7757145604735514e-04
4.1028885210160837e-01 4.7745905721710487e-04
4.1076625490487712e-01 4.7734652751056525e-04
4.1124354511301403e-01 4.7723386695858855e-04
4.1172072259518910e-01 4.7712107559205080e-04
4.1219778722060324e-01 4.7700815344183791e-04
4.1267473885848827e-01 4.7689510053891174e-04
4.1315157737810693e-01 4.7678191691431868e-04
4.1362830264875305e-01 4.7666860259905987e-04
4.1410491453975151e-01 4.7655515762414088e-04
4.1458141292045819e-01 4.7644158202070694e-04
4.1505779766026013e-01 4.7632787581990523e-04
4.1553406862857556e-01 4.7621403905282806e-04
4.1601022569485380e-01 4.7610007175075104e-04
4.1648626872857547e-01 4.7598597394487473e-04
4.1696219759925240e-01 4.7587174566651367e-04
4.1743801217642779e-01 4.7575738694690788e-04
4.1791371232967600e-01 4.7564289781753876e-04
4.1838929792860302e-01 4.7552827830959680e-04
4.1886476884284596e-01 4.7541352845468452e-04
4.1934012494207357e-01 4.7529864828412899e-04
4.1981536609598591e-01 4.7518363782955274e-04
4.2029049217431474e-01 4.7506849712233368e-04
4.2076550304682325e-01 4.7495322619405184e-04
4.2124039858330614e-01 4.7483782507641120e-04
4.2171517865358982e-01 4.7472229380101679e-04
4.2218984312753238e-01 4.7460663239944567e-04
4.2266439187502353e-01 4.7449084090346724e-04
4.2313882476598474e-01 4.7437491934474606e-04
4.2361314167036912e-01 4.7425886775525559e-04
4.2408734245816182e-01 4.7414268616654789e-04
4.2456142699937954e-01 4.7402637461066584e-04
4.2503539516407102e-01 4.7390993311944267e-04
4.2550924682231689e-01 4.7379336172471661e-04
4.2598298184422961e-01 4.7367666045854991e-04
4.2645660009995379e-01 4.7355982935279317e-04
4.2693010145966581e-01 4.7344286843961446e-04
4.2740348579357429e-01 4.7332577775101607e-04
4.2787675297191979e-01 4.7320855731916291e-04
4.2834990286497515e-01 4.7309120717605428e-04
4.2882293534304522e-01 4.7297372735391545e-04
4.2929585027646705e-01 4.7285611788497393e-04
4.2976864753560995e-01 4.7273837880145721e-04
4.3024132699087553e-01 4.7262051013554924e-04
4.3071388851269748e-01 4.7250251191976826e-04
4.3118633197154210e-01 4.7238438418628539e-04
4.3165865723790792e-01 4.7226612696748979e-04
4.3213086418232582e-01 4.7214774029582835e-04
4.3260295267535914e-01 4.7202922420381752e-04
4.3307492258760377e-01 4.7191057872385375e-04
4.3354677378968803e-01 4.7179180388846035e-04
4.3401850615227278e-01 4.7167289973024112e-04
4.3449011954605143e-01 4.7155386628181445e-04
4.3496161384175014e-01 4.7143470357570091e-04
4.3543298891012755e-01 4.7131541164462847e-04
4.3590424462197502e-01 4.7119599052135102e-04
4.3637538084811672e-01 4.7107644023850224e-04
4.3684639745940945e-01 4.7095676082894463e-04
4.3731729432674293e-01 4.7083695232535592e-04
4.3778807132103953e-01 4.7071701476072866e-04
4.3825872831325463e-01 4.7059694816785932e-04
4.3872926517437644e-01 4.7047675257967750e-04
4.3919968177542612e-01 4.7035642802908630e-04
4.3966997798745777e-01 4.7023597454912087e-04
4.4014015368155851e-01 4.7011539217277359e-04
4.4061020872884848e-01 4.6999468093309198e-04
4.4108014300048093e-01 4.6987384086315183e-04
4.4154995636764210e-01 4.6975287199616276e-04
4.4201964870155158e-01 4.6963177436512517e-04
4.4248921987346190e-01 4.6951054800339854e-04
4.4295866975465892e-01 4.6938919294420165e-04
4.4342799821646184e-01 4.6926770922062672e-04
4.4389720513022290e-01 4.6914609686620227e-04
4.4436629036732794e-01 4.6902435591406185e-04
4.4483525379919597e-01 4.6890248639762638e-04
4.4530409529727938e-01 4.6878048835040197e-04
4.4577281473306402e-01 4.6865836180583561e-04
4.4624141197806932e-01 4.6853610679721634e-04
4.4670988690384800e-01 4.6841372335825019e-04
4.4717823938198648e-01 4.6829121152234090e-04
4.4764646928410462e-01 4.6816857132313180e-04
4.4811457648185593e-01 4.6804580279425495e-04
4.4858256084692755e-01 4.6792290596939614e-04
4.4905042225104030e-01 4.6779988088216850e-04
4.4951816056594873e-01 4.6767672756629919e-04
4.4998577566344106e-01 4.6755344605558884e-04
4.5045326741533931e-01 4.6743003638383829e-04
4.5092063569349933e-01 4.6730649858487316e-04
4.5138788036981087e-01 4.6718283269245157e-04
4.5185500131619744e-01 4.6705903874058688e-04
4.5232199840461651e-01 4.6693511676321425e-04
4.5278887150705960e-01 4.6681106679416674e-04
4.5325562049555201e-01 4.6668688886763906e-04
4.5372224524215332e-01 4.6656258301747534e-04
4.5418874561895689e-01 4.6643814927793979e-04
4.5465512149809040e-01 4.6631358768301558e-04
4.5512137275171555e-01 4.6618889826686083e-04
4.5558749925202818e-01 4.6606408106369577e-04
4.5605350087125840e-01 4.6593913610770639e-04
4.5651937748167049e-01 4.6581406343316573e-04
4.5698512895556304e-01 4.6568886307431196e-04
4.5745075516526890e-01 4.6556353506554575e-04
4.5791625598315527e-01 4.6543807944109681e-04
4.5838163128162374e-01 4.6531249623550045e-04
4.5884688093311032e-01 4.6518678548303818e-04
4.5931200481008538e-01 4.6506094721829381e-04
4.5977700278505390e-01 4.6493498147564492e-04
4.6024187473055522e-01 4.6480888828970480e-04
4.6070662051916333e-01 4.6468266769499701e-04
4.6117124002348681e-01 4.6455631972606943e-04
4.6163573311616873e-01 4.6442984441765405e-04
4.6210009966988691e-01 4.6430324180444355e-04
4.6256433955735388e-01 4.6417651192105536e-04
4.6302845265131687e-01 4.6404965480218758e-04
4.6349243882455776e-01 4.6392267048274975e-04
4.6395629794989340e-01 4.6379555899742119e-04
4.6442002990017534e-01 4.6366832038110764e-04
4.6488363454828996e-01 4.6354095466874225e-04
4.6534711176715871e-01 4.6341346189509750e-04
4.6581046142973775e-01 4.6328584209525320e-04
4.6627368340901842e-01 4.6315809530405363e-04
4.6673677757802684e-01 4.6303022155668285e-04
4.6719974380982437e-01 4.6290222088801860e-04
4.6766258197750726e-01 4.6277409333329628e-04
4.6812529195420699e-01 4.6264583892757804e-04
4.6858787361309012e-01 4.6251745770602539e-04
4.6905032682735848e-01 4.6238894970376381e-04
4.6951265147024890e-01 4.6226031495605520e-04
4.6997484741503359e-01 4.6213155349830612e-04
4.7043691453502012e-01 4.6200266536559925e-04
4.7089885270355125e-01 4.6187365059332478e-04
4.7136066179400510e-01 4.6174450921686495e-04
4.7182234167979514e-01 4.6161524127168911e-04
4.7228389223437034e-01 4.6148584679318953e-04
4.7274531333121517e-01 4.6135632581666890e-04
4.7320660484384935e-01 4.6122667837789131e-04
4.7366776664582838e-01 4.6109690451222172e-04
4.7412879861074314e-01 4.6096700425533578e-04
4.7458970061222022e-01 4.6083697764273766e-04
4.7505047252392169e-01 4.6070682471024288e-04
4.7551111421954551e-01 4.6057654549326685e-04
4.7597162557282507e-01 4.6044614002771614e-04
4.7643200645752964e-01 4.6031560834931459e-04
4.7689225674746427e-01 4.6018495049376603e-04
4.7735237631646971e-01 4.6005416649694730e-04
4.7781236503842262e-01 4.5992325639466754e-04
4.7827222278723552e-01 4.5979222022275165e-04
4.7873194943685671e-01 4.5966105801733555e-04
4.7919154486127064e-01 4.5952976981414545e-04
4.7965100893449752e-01 4.5939835564931791e-04
4.8011034153059373e-01 4.5926681555879899e-04
4.8056954252365158e-01 4.5913514957866293e-04
4.8102861178779954e-01 4.5900335774496178e-04
4.8148754919720210e-01 4.5887144009387174e-04
4.8194635462605995e-01 4.5873939666152605e-04
4.8240502794860990e-01 4.5860722748417986e-04
4.8286356903912508e-01 4.5847493259795421e-04
4.8332197777191471e-01 4.5834251203927647e-04
4.8378025402132452e-01 4.5820996584420041e-04
4.8423839766173626e-01 4.5807729404929683e-04
4.8469640856756829e-01 4.5794449669077239e-04
4.8515428661327520e-01 4.5781157380512036e-04
4.8561203167334804e-01 4.5767852542875936e-04
4.8606964362231436e-01 4.5754535159810763e-04
4.8652712233473810e-01 4.5741205234975336e-04
4.8698446768521980e-01 4.5727862772021167e-04
4.8744167954839657e-01 4.5714507774598559e-04
4.8789875779894204e-01 4.5701140246372446e-04
4.8835570231156650e-01 4.5687760191008109e-04
4.8881251296101691e-01 4.5674367612170156e-04
4.8926918962207688e-01 4.5660962513534292e-04
4.8972573216956683e-01 4.5647544898767952e-04
4.9018214047834380e-01 4.5634114771564215e-04
4.9063841442330181e-01 4.5620672135586167e-04
4.9109455387937156e-01 4.5607216994527001e-04
4.9155055872152070e-01 4.5593749352074376e-04
4.9200642882475376e-01 4.5580269211915512e-04
4.9246216406411214e-01 4.5566776577754835e-04
4.9291776431467427e-01 4.5553271453290049e-04
4.9337322945155559e-01 4.5539753842217644e-04
4.9382855934990860e-01 4.5526223748238186e-04
4.9428375388492279e-01 4.5512681175065571e-04
4.9473881293182476e-01 4.5499126126420512e-04
4.9519373636587832e-01 4.5485558606007443e-04
4.9564852406238441e-01 4.5471978617548086e-04
4.9610317589668118e-01 4.5458386164766239e-04
4.9655769174414405e-01 4.5444781251382946e-04
4.9701207148018561e-01 4.5431163881137798e-04
4.9746631498025595e-01 4.5417534057747808e-04
4.9792042211984228e-01 4.5403891784967878e-04
4.9837439277446938e-01 4.5390237066521803e-04
4.9882822681969935e-01 4.5376569906153182e-04
4.9928192413113165e-01 4.5362890307628132e-04
4.9973548458440348e-01 4.5349198274666815e-04
5.0018890805518923e-01 4.5335493811050605e-04
5.0064219441920110e-01 4.5321776920517282e-04
5.0109534355218877e-01 4.5308047606830085e-04
5.0154835532993947e-01 4.5294305873761186e-04
5.0200122962827820e-01 4.5280551725068280e-04
5.0245396632306760e-01 4.5266785164522111e-04
5.0290656529020805e-01 4.5253006195890717e-04
5.0335902640563757e-01 4.5239214822966197e-04
5.0381134954533202e-01 4.5225411049532087e-04
5.0426353458530526e-01 4.5211594879349413e-04
5.0471558140160877e-01 4.5197766316218375e-04
5.0516748987033200e-01 4.5183925363930020e-04
5.0561925986760237e-01 4.5170072026271229e-04
5.0607089126958515e-01 4.5156206307047909e-04
5.0652238395248372e-01 4.5142328210055239e-04
5.0697373779253940e-01 4.5128437739100309e-04
5.0742495266603160e-01 4.5114534897989632e-04
5.0787602844927782e-01 4.5100619690534636e-04
5.0832696501863361e-01 4.5086692120560059e-04
5.0877776225049287e-01 4.5072752191866773e-04
5.0922842002128754e-01 4.5058799908279210e-04
5.0967893820748789e-01 4.5044835273613370e-04
5.1012931668560224e-01 4.5030858291718952e-04
5.1057955533217736e-01 4.5016868966430475e-04
5.1102965402379852e-01 4.5002867301548188e-04
5.1147961263708897e-01 4.4988853300948915e-04
5.1192943104871069e-01 4.4974826968447053e-04
5.1237910913536400e-01 4.4960788307883893e-04
5.1282864677378748e-01 4.4946737323136356e-04
5.1327804384075848e-01 4.4932674018035912e-04
5.1372730021309276e-01 4.4918598396442459e-04
5.1417641576764472e-01 4.4904510462203165e-04
5.1462539038130728e-01 4.4890410219183314e-04
5.1507422393101188e-01 4.4876297671274986e-04
5.1552291629372893e-01 4.4862172822311019e-04
5.1597146734646726e-01 4.4848035676188540e-04
5.1641987696627467e-01 4.4833886236757639e-04
5.1686814503023748e-01 4.4819724507921252e-04
5.1731627141548098e-01 4.4805550493554514e-04
5.1776425599916931e-01 4.4791364197528178e-04
5.1821209865850537e-01 4.4777165623745031e-04
5.1865979927073103e-01 4.4762954776093042e-04
5.1910735771312710e-01 4.4748731658461138e-04
5.1955477386301319e-01 4.4734496274782435e-04
5.2000204759774837e-01 4.4720248628896076e-04
5.2044917879473018e-01 4.4705988724760343e-04
5.2089616733139554e-01 4.4691716566274542e-04
5.2134301308522046e-01 4.4677432157346267e-04
5.2178971593372014e-01 4.4663135501873101e-04
5.2223627575444886e-01 4.4648826603777328e-04
5.2268269242499998e-01 4.4634505467006043e-04
5.2312896582300628e-01 4.4620172095477404e-04
5.2357509582613981e-01 4.4605826493107652e-04
5.2402108231211186e-01 4.4591468663836888e-04
5.2446692515867310e-01 4.4577098611596992e-04
5.2491262424361351e-01 4.4562716340334986e-04
5.2535817944476260e-01 4.4548321853978402e-04
5.2580359063998916e-01 4.4533915156484807e-04
5.2624885770720153e-01 4.4519496251807462e-04
5.2669398052434757e-01 4.4505065143897622e-04
5.2713895896941476e-01 4.4490621836692281e-04
5.2758379292043001e-01 4.4476166334163152e-04
5.2802848225545984e-01 4.4461698640278855e-04
5.2847302685261055e-01 4.4447218758991708e-04
5.2891742659002794e-01 4.4432726694287384e-04
5.2936168134589767e-01 4.4418222450123661e-04
5.2980579099844505e-01 4.4403706030484027e-04
5.3024975542593522e-01 4.4389177439337795e-04
5.3069357450667309e-01 4.4374636680672775e-04
5.3113724811900331e-01 4.4360083758495457e-04
5.3158077614131072e-01 4.4345518676753220e-04
5.3202415845201967e-01 4.4330941439476332e-04
5.3246739492959472e-01 4.4316352050644881e-04
5.3291048545254038e-01 4.4301750514245649e-04
5.3335342989940093e-01 4.4287136834320626e-04
5.3379622814876115e-01 4.4272511014819020e-04
5.3423888007924536e-01 4.4257873059802962e-04
5.3468138556951839e-01 4.4243222973254943e-04
5.3512374449828504e-01 4.4228560759194816e-04
5.3556595674429031e-01 4.4213886421643167e-04
5.3600802218631938e-01 4.4199199964628641e-04
5.3644994070319774e-01 4.4184501392167529e-04
5.3689171217379106e-01 4.4169790708299282e-04
5.3733333647700543e-01 4.4155067917044891e-04
5.3777481349178713e-01 4.4140333022456383e-04
5.3821614309712307e-01 4.4125586028542221e-04
5.3865732517204024e-01 4.4110826939373340e-04
5.3909835959560626e-01 4.4096055758989619e-04
5.3953924624692917e-01 4.4081272491444060e-04
5.3997998500515765e-01 4.4066477140768188e-04
5.4042057574948066e-01 4.4051669711044262e-04
5.4086101835912803e-01 4.4036850206302089e-04
5.4130131271336990e-01 4.4022018630633089e-04
5.4174145869151735e-01 4.4007174988067919e-04
5.4218145617292179e-01 4.3992319282715783e-04
5.4262130503697559e-01 4.3977451518633465e-04
5.4306100516311184e-01 4.3962571699880800e-04
5.4350055643080430e-01 4.3947679830551014e-04
5.4393995871956757e-01 4.3932775914726701e-04
5.4437921190895711e-01 4.3917859956489424e-04
5.4481831587856921e-01 4.3902931959929962e-04
5.4525727050804118e-01 4.3887991929127584e-04
5.4569607567705103e-01 4.3873039868201928e-04
5.4613473126531797e-01 4.3858075781235062e-04
5.4657323715260220e-01 4.3843099672314886e-04
5.4701159321870474e-01 4.3828111545582383e-04
5.4744979934346782e-01 4.3813111405111867e-04
5.4788785540677476e-01 4.3798099255053528e-04
5.4832576128855015e-01 4.3783075099481029e-04
5.4876351686875946e-01 4.3768038942546266e-04
5.4920112202740967e-01 4.3752990788336482e-04
5.4963857664454874e-01 4.3737930640999655e-04
5.5007588060026602e-01 4.3722858504655348e-04
5.5051303377469207e-01 4.3707774383448166e-04
5.5095003604799886e-01 4.3692678281509359e-04
5.5138688730039975e-01 4.3677570202955111e-04
5.5182358741214954e-01 4.3662450151942932e-04
5.5226013626354409e-01 4.3647318132641340e-04
5.5269653373492134e-01 4.3632174149138331e-04
5.5313277970666008e-01 4.3617018205646424e-04
5.5356887405918109e-01 4.3601850306291661e-04
5.5400481667294654e-01 4.3586670455231843e-04
5.5444060742846024e-01 4.3571478656622748e-04
5.5487624620626752e-01 4.3556274914643609e-04
5.5531173288695546e-01 4.3541059233456292e-04
5.5574706735115287e-01 4.3525831617219492e-04
5.5618224947953010e-01 4.3510592070135698e-04
5.5661727915279957e-01 4.3495340596342799e-04
5.5705215625171511e-01 4.3480077200059729e-04
5.5748688065707275e-01 4.3464801885436164e-04
5.5792145224971001e-01 4.3449514656690002e-04
5.5835587091050654e-01 4.3434215518007067e-04
5.5879013652038390e-01 4.3418904473563178e-04
5.5922424896030554e-01 4.3403581527559409e-04
5.5965820811127687e-01 4.3388246684202708e-04
5.6009201385434537e-01 4.3372899947693717e-04
5.6052566607060061e-01 4.3357541322228176e-04
5.6095916464117401e-01 4.3342170812054161e-04
5.6139250944723951e-01 4.3326788421337102e-04
5.6182570037001278e-01 4.3311394154329797e-04
5.6225873729075204e-01 4.3295988015218628e-04
5.6269162009075735e-01 4.3280570008268586e-04
5.6312434865137140e-01 4.3265140137664404e-04
5.6355692285397885e-01 4.3249698407659548e-04
5.6398934258000688e-01 4.3234244822470936e-04
5.6442160771092487e-01 4.3218779386346254e-04
5.6485371812824459e-01 4.3203302103531435e-04
5.6528567371352034e-01 4.3187812978252469e-04
5.6571747434834874e-01 4.3172312014766863e-04
5.6614911991436889e-01 4.3156799217326482e-04
5.6658061029326257e-01 4.3141274590158626e-04
5.6701194536675381e-01 4.3125738137544625e-04
5.6744312501660932e-01 4.3110189863757210e-04
5.6787414912463863e-01 4.3094629773017659e-04
5.6830501757269369e-01 4.3079057869598535e-04
5.6873573024266910e-01 4.3063474157782692e-04
5.6916628701650218e-01 4.3047878641847958e-04
5.6959668777617301e-01 4.3032271326073787e-04
5.7002693240370461e-01 4.3016652214698038e-04
5.7045702078116245e-01 4.3001021312044619e-04
5.7088695279065516e-01 4.2985378622367607e-04
5.7131672831433389e-01 4.2969724149991917e-04
5.7174634723439310e-01 4.2954057899161226e-04
5.7217580943306978e-01 4.2938379874212965e-04
5.7260511479264420e-01 4.2922690079408434e-04
5.7303426319543938e-01 4.2906988519070358e-04
5.7346325452382141e-01 4.2891275197510376e-04
5.7389208866019958e-01 4.2875550119016094e-04
5.7432076548702615e-01 4.2859813287904938e-04
5.7474928488679644e-01 4.2844064708506564e-04
5.7517764674204919e-01 4.2828304385097754e-04
5.7560585093536598e-01 4.2812532322029977e-04
5.7603389734937183e-01 4.2796748523618079e-04
5.7646178586673480e-01 4.2780952994215621e-04
5.7688951637016661e-01 4.2765145738101504e-04
5.7731708874242194e-01 4.2749326759637234e-04
5.7774450286629897e-01 4.2733496063146481e-04
5.7817175862463910e-01 4.2717653652999733e-04
5.7859885590032745e-01 4.2701799533494919e-04
5.7902579457629222e-01 4.2685933709015925e-04
5.7945257453550536e-01 4.2670056183890712e-04
5.7987919566098212e-01 4.2654166962481784e-04
5.8030565783578159e-01 4.2638266049135860e-04
5.8073196094300605e-01 4.2622353448210375e-04
5.8115810486580155e-01 4.2606429164090314e-04
5.8158408948735796e-01 4.2590493201097247e-04
5.8200991469090846e-01 4.2574545563640827e-04
5.8243558035973020e-01 4.2558586256071494e-04
5.8286108637714396e-01 4.2542615282767609e-04
5.8328643262651425e-01 4.2526632648113210e-04
5.8371161899124946e-01 4.2510638356484890e-04
5.8413664535480170e-01 4.2494632412274882e-04
5.8456151160066716e-01 4.2478614819838989e-04
5.8498621761238556e-01 4.2462585583610173e-04
5.8541076327354091e-01 4.2446544707946238e-04
5.8583514846776086e-01 4.2430492197276904e-04
5.8625937307871734e-01 4.2414428055966550e-04
5.8668343699012604e-01 4.2398352288444512e-04
5.8710734008574672e-01 4.2382264899136203e-04
5.8753108224938355e-01 4.2366165892397374e-04
5.8795466336488444e-01 4.2350055272671519e-04
5.8837808331614150e-01 4.2333933044392733e-04
5.8880134198709133e-01 4.2317799211923264e-04
5.8922443926171419e-01 4.2301653779759819e-04
5.8964737502403508e-01 4.2285496752284452e-04
5.9007014915812317e-01 4.2269328133906644e-04
5.9049276154809160e-01 4.2253147929112531e-04
5.9091521207809827e-01 4.2236956142301417e-04
5.9133750063234525e-01 4.2220752777915205e-04
5.9175962709507901e-01 4.2204537840397858e-04
5.9218159135059056e-01 4.2188311334175532e-04
5.9260339328321510e-01 4.2172073263740717e-04
5.9302503277733254e-01 4.2155823633532668e-04
5.9344650971736745e-01 4.2139562447968836e-04
5.9386782398778870e-01 4.2123289711531032e-04
5.9428897547310977e-01 4.2107005428692804e-04
5.9470996405788901e-01 4.2090709603880130e-04
5.9513078962672905e-01 4.2074402241600663e-04
5.9555145206427751e-01 4.2058083346302748e-04
5.9597195125522651e-01 4.2041752922482848e-04
5.9639228708431313e-01 4.2025410974590150e-04
5.9681245943631922e-01 4.2009057507085522e-04
5.9723246819607112e-01 4.1992692524501850e-04
5.9765231324844037e-01 4.1976316031293369e-04
5.9807199447834314e-01 4.1959928031973904e-04
5.9849151177074078e-01 4.1943528530997417e-04
5.9891086501063917e-01 4.1927117532916176e-04
5.9933005408308970e-01 4.1910695042157156e-04
5.9974907887318829e-01 4.1894261063263512e-04
6.0016793926607603e-01 4.1877815600744998e-04
6.0058663514693922e-01 4.1861358659085464e-04
6.0100516640100898e-01 4.1844890242828453e-04
6.0142353291356188e-01 4.1828410356455710e-04
6.0184173456991930e-01 4.1811919004520890e-04
6.0225977125544827e-01 4.1795416191479413e-04
6.0267764285556047e-01 4.1778901921928898e-04
6.0309534925571329e-01 4.1762376200351286e-04
6.0351289034140909e-01 4.1745839031310540e-04
6.0393026599819588e-01 4.1729290419297233e-04
6.0434747611166673e-01 4.1712730368871262e-04
6.0476452056746011e-01 4.1696158884584506e-04
6.0518139925126013e-01 4.1679575970941758e-04
6.0559811204879610e-01 4.1662981632512914e-04
6.0601465884584282e-01 4.1646375873855674e-04
6.0643103952822075e-01 4.1629758699503818e-04
6.0684725398179573e-01 4.1613130114021550e-04
6.0726330209247914e-01 4.1596490121989131e-04
6.0767918374622831e-01 4.1579838727901918e-04
6.0809489882904566e-01 4.1563175936390500e-04
6.0851044722697967e-01 4.1546501751987233e-04
6.0892582882612423e-01 4.1529816179296681e-04
6.0934104351261931e-01 4.1513119222842562e-04
6.0975609117265028e-01 4.1496410887234157e-04
6.1017097169244849e-01 4.1479691177039529e-04
6.1058568495829091e-01 4.1462960096875470e-04
6.1100023085650068e-01 4.1446217651279038e-04
6.1141460927344660e-01 4.1429463844850332e-04
6.1182882009554329e-01 4.1412698682206906e-04
6.1224286320925159e-01 4.1395922167910122e-04
6.1265673850107794e-01 4.1379134306603960e-04
6.1307044585757520e-01 4.1362335102841489e-04
6.1348398516534186e-01 4.1345524561273091e-04
6.1389735631102282e-01 4.1328702686471686e-04
6.1431055918130895e-01 4.1311869483042055e-04
6.1472359366293705e-01 4.1295024955634736e-04
6.1513645964269026e-01 4.1278169108867796e-04
6.1554915700739810e-01 4.1261301947308768e-04
6.1596168564393583e-01 4.1244423475646821e-04
6.1637404543922547e-01 4.1227533698451118e-04
6.1678623628023499e-01 4.1210632620375571e-04
6.1719825805397865e-01 4.1193720246077863e-04
6.1761011064751736e-01 4.1176796580150155e-04
6.1802179394795809e-01 4.1159861627260619e-04
6.1843330784245443e-01 4.1142915392026238e-04
6.1884465221820617e-01 4.1125957879128267e-04
6.1925582696245984e-01 4.1108989093181666e-04
6.1966683196250827e-01 4.1092009038858448e-04
6.2007766710569090e-01 4.1075017720805691e-04
6.2048833227939371e-01 4.1058015143683477e-04
6.2089882737104940e-01 4.1041001312120231e-04
6.2130915226813688e-01 4.1023976230853098e-04
6.2171930685818233e-01 4.1006939904464216e-04
6.2212929102875802e-01 4.0989892337689530e-04
6.2253910466748330e-01 4.0972833535176268e-04
6.2294874766202424e-01 4.0955763501581251e-04
6.2335821990009344e-01 4.0938682241621963e-04
6.2376752126945056e-01 4.0921589759958607e-04
6.2417665165790204e-01 4.0904486061272936e-04
6.2458561095330112e-01 4.0887371150256365e-04
6.2499439904354803e-01 4.0870245031588125e-04
6.2540301581658975e-01 4.0853107709997225e-04
6.2581146116042041e-01 4.0835959190157491e-04
6.2621973496308103e-01 4.0818799476782656e-04
6.2662783711265968e-01 4.0801628574576806e-04
6.2703576749729162e-01 4.0784446488212496e-04
6.2744352600515896e-01 4.0767253222423597e-04
6.2785111252449100e-01 4.0750048781929200e-04
6.2825852694356421e-01 4.0732833171443130e-04
6.2866576915070216e-01 4.0715606395703611e-04
6.2907283903427591e-01 4.0698368459376273e-04
6.2947973648270339e-01 4.0681119367226164e-04
6.2988646138444992e-01 4.0663859123985603e-04
6.3029301362802825e-01 4.0646587734361329e-04
6.3069939310199818e-01 4.0629305203130251e-04
6.3110559969496727e-01 4.0612011534973708e-04
6.3151163329559012e-01 4.0594706734654976e-04
6.3191749379256879e-01 4.0577390806944896e-04
6.3232318107465302e-01 4.0560063756542281e-04
6.3272869503063978e-01 4.0542725588227482e-04
6.3313403554937364e-01 4.0525376306748529e-04
6.3353920251974671e-01 4.0508015916869438e-04
6.3394419583069872e-01 4.0490644423335151e-04
6.3434901537121691e-01 4.0473261830920992e-04
6.3475366103033626e-01 4.0455868144374172e-04
6.3515813269713939e-01 4.0438463368455203e-04
6.3556243026075643e-01 4.0421047507972096e-04
6.3596655361036558e-01 4.0403620567647708e-04
6.3637050263519246e-01 4.0386182552296177e-04
6.3677427722451052e-01 4.0368733466716834e-04
6.3717787726764130e-01 4.0351273315646048e-04
6.3758130265395396e-01 4.0333802103878589e-04
6.3798455327286552e-01 4.0316319836221050e-04
6.3838762901384105e-01 4.0298826517451409e-04
6.3879052976639328e-01 4.0281322152372961e-04
6.3919325542008321e-01 4.0263806745796101e-04
6.3959580586451981e-01 4.0246280302478872e-04
6.3999818098935979e-01 4.0228742827280489e-04
6.4040038068430827e-01 4.0211194324966140e-04
6.4080240483911810e-01 4.0193634800396417e-04
6.4120425334359077e-01 4.0176064258301124e-04
6.4160592608757527e-01 4.0158482703578509e-04
6.4200742296096924e-01 4.0140890141010895e-04
6.4240874385371838e-01 4.0123286575420797e-04
6.4280988865581667e-01 4.0105672011617438e-04
6.4321085725730620e-01 4.0088046454465908e-04
6.4361164954827743e-01 4.0070409908803004e-04
6.4401226541886947e-01 4.0052762379394214e-04
6.4441270475926915e-01 4.0035103871167185e-04
6.4481296745971228e-01 4.0017434388903226e-04
6.4521305341048285e-01 3.9999753937450581e-04
6.4561296250191325e-01 3.9982062521667461e-04
6.4601269462438438e-01 3.9964360146409021e-04
6.4641224966832567e-01 3.9946646816529929e-04
6.4681162752421517e-01 3.9928922536865559e-04
6.4721082808257946e-01 3.9911187312263881e-04
6.4760985123399351e-01 3.9893441147633655e-04
6.4800869686908125e-01 3.9875684047791866e-04
6.4840736487851491e-01 3.9857916017661983e-04
6.4880585515301581e-01 3.9840137062063780e-04
6.4920416758335375e-01 3.9822347185873314e-04
6.4960230206034730e-01 3.9804546393979237e-04
6.5000025847486376e-01 3.9786734691272624e-04
6.5039803671781937e-01 3.9768912082617741e-04
6.5079563668017915e-01 3.9751078572903084e-04
6.5119305825295681e-01 3.9733234167054930e-04
6.5159030132721540e-01 3.9715378869897941e-04
6.5198736579406646e-01 3.9697512686370215e-04
6.5238425154467072e-01 3.9679635621351511e-04
6.5278095847023787e-01 3.9661747679729949e-04
6.5317748646202645e-01 3.9643848866447530e-04
6.5357383541134417e-01 3.9625939186407357e-04
6.5397000520954796e-01 3.9608018644490036e-04
6.5436599574804366e-01 3.9590087245615970e-04
6.5476180691828634e-01 3.9572144994699684e-04
6.5515743861178022e-01 3.9554191896651488e-04
6.5555289072007861e-01 3.9536227956417732e-04
6.5594816313478421e-01 3.9518253178903858e-04
6.5634325574754881e-01 3.9500267569061423e-04
6.5673816845007371e-01 3.9482271131789615e-04
6.5713290113410938e-01 3.9464263872020911e-04
6.5752745369145560e-01 3.9446245794707560e-04
6.5792182601396154e-01 3.9428216904794906e-04
6.5831601799352579e-01 3.9410177207231835e-04
6.5871002952209656e-01 3.9392126706918414e-04
6.5910386049167125e-01 3.9374065408832854e-04
6.5949751079429686e-01 3.9355993317918625e-04
6.5989098032206983e-01 3.9337910439158242e-04
6.6028426896713643e-01 3.9319816777451540e-04
6.6067737662169213e-01 3.9301712337814023e-04
6.6107030317798232e-01 3.9283597125166667e-04
6.6146304852830184e-01 3.9265471144497751e-04
6.6185561256499525e-01 3.9247334400781665e-04
6.6224799518045685e-01 3.9229186898985633e-04
6.6264019626713078e-01 3.9211028644043825e-04
6.6303221571751059e-01 3.9192859640992762e-04
6.6342405342413990e-01 3.9174679894794475e-04
6.6381570927961220e-01 3.9156489410404249e-04
6.6420718317657057e-01 3.9138288192842538e-04
6.6459847500770819e-01 3.9120076247075913e-04
6.6498958466576796e-01 3.9101853578126319e-04
6.6538051204354298e-01 3.9083620190942097e-04
6.6577125703387596e-01 3.9065376090575982e-04
6.6616181952966003e-01 3.9047121281964817e-04
6.6655219942383792e-01 3.9028855770161604e-04
6.6694239660940258e-01 3.9010579560182885e-04
6.6733241097939722e-01 3.8992292656995033e-04
6.6772224242691491e-01 3.8973995065633155e-04
6.6811189084509903e-01 3.8955686791100906e-04
6.6850135612714301e-01 3.8937367838424682e-04
6.6889063816629046e-01 3.8919038212644873e-04
6.6927973685583542e-01 3.8900697918752377e-04
6.6966865208912196e-01 3.8882346961809306e-04
6.7005738375954449e-01 3.8863985346817361e-04
6.7044593176054790e-01 3.8845613078820830e-04
6.7083429598562727e-01 3.8827230162844894e-04
6.7122247632832810e-01 3.8808836603930127e-04
6.7161047268224616e-01 3.8790432407150819e-04
6.7199828494102798e-01 3.8772017577496054e-04
6.7238591299837014e-01 3.8753592120069032e-04
6.7277335674801997e-01 3.8735156039908925e-04
6.7316061608377542e-01 3.8716709342024658e-04
6.7354769089948474e-01 3.8698252031499878e-04
6.7393458108904680e-01 3.8679784113413259e-04
6.7432128654641121e-01 3.8661305592803706e-04
6.7470780716557810e-01 3.8642816474753286e-04
6.7509414284059832e-01 3.8624316764320995e-04
6.7548029346557337e-01 3.8605806466590582e-04
6.7586625893465557e-01 3.8587285586615523e-04
6.7625203914204801e-01 3.8568754129454354e-04
6.7663763398200427e-01 3.8550212100244555e-04
6.7702304334882912e-01 3.8531659504022252e-04
6.7740826713687796e-01 3.8513096345885330e-04
6.7779330524055714e-01 3.8494522630911829e-04
6.7817815755432376e-01 3.8475938364226675e-04
6.7856282397268597e-01 3.8457343550916891e-04
6.7894730439020301e-01 3.8438738196039135e-04
6.7933159870148485e-01 3.8420122304725989e-04
6.7971570680119264e-01 3.8401495882061667e-04
6.8009962858403838e-01 3.8382858933191417e-04
6.8048336394478548e-01 3.8364211463166821e-04
6.8086691277824807e-01 3.8345553477148913e-04
6.8125027497929169e-01 3.8326884980218351e-04
6.8163345044283286e-01 3.8308205977520760e-04
6.8201643906383946e-01 3.8289516474136916e-04
6.8239924073733038e-01 3.8270816475229823e-04
6.8278185535837588e-01 3.8252105985916377e-04
6.8316428282209751e-01 3.8233385011310789e-04
6.8354652302366803e-01 3.8214653556566168e-04
6.8392857585831168e-01 3.8195911626783311e-04
6.8431044122130391e-01 3.8177159227118700e-04
6.8469211900797156e-01 3.8158396362728323e-04
6.8507360911369297e-01 3.8139623038742067e-04
6.8545491143389792e-01 3.8120839260301245e-04
6.8583602586406767e-01 3.8102045032542824e-04
6.8621695229973478e-01 3.8083240360668069e-04
6.8659769063648379e-01 3.8064425249750464e-04
6.8697824076995029e-01 3.8045599705018279e-04
6.8735860259582171e-01 3.8026763731620550e-04
6.8773877600983724e-01 3.8007917334674176e-04
6.8811876090778734e-01 3.7989060519406562e-04
6.8849855718551445e-01 3.7970193290959845e-04
6.8887816473891272e-01 3.7951315654474060e-04
6.8925758346392774e-01 3.7932427615183876e-04
6.8963681325655724e-01 3.7913529178204851e-04
6.9001585401285037e-01 3.7894620348770695e-04
6.9039470562890837e-01 3.7875701132039635e-04
6.9077336800088418e-01 3.7856771533209023e-04
6.9115184102498273e-01 3.7837831557449488e-04
6.9153012459746066e-01 3.7818881209987786e-04
6.9190821861462681e-01 3.7799920495976608e-04
6.9228612297284187e-01 3.7780949420606816e-04
6.9266383756851835e-01 3.7761967989109849e-04
6.9304136229812086e-01 3.7742976206709875e-04
6.9341869705816628e-01 3.7723974078554908e-04
6.9379584174522324e-01 3.7704961609900527e-04
6.9417279625591277e-01 3.7685938805909653e-04
6.9454956048690775e-01 3.7666905671835977e-04
6.9492613433493333e-01 3.7647862212897520e-04
6.9530251769676688e-01 3.7628808434312218e-04
6.9567871046923802e-01 3.7609744341282083e-04
6.9605471254922846e-01 3.7590669939060686e-04
6.9643052383367232e-01 3.7571585232866440e-04
6.9680614421955611e-01 3.7552490227887501e-04
6.9718157360391830e-01 3.7533384929427883e-04
6.9755681188385010e-01 3.7514269342680390e-04
6.9793185895649490e-01 3.7495143472898008e-04
6.9830671471904859e-01 3.7476007325313492e-04
6.9868137906875938e-01 3.7456860905197192e-04
6.9905585190292807e-01 3.7437704217783112e-04
6.9943013311890800e-01 3.7418537268298882e-04
6.9980422261410480e-01 3.7399360062047613e-04
7.0017812028597692e-01 3.7380172604243938e-04
7.0055182603203525e-01 3.7360974900160955e-04
7.0092533974984328e-01 3.7341766955070342e-04
7.0129866133701724e-01 3.7322548774212417e-04
7.0167179069122587e-01 3.7303320362882213e-04
7.0204472771019066e-01 3.7284081726360465e-04
7.0241747229168605e-01 3.7264832869861509e-04
7.0279002433353888e-01 3.7245573798703834e-04
7.0316238373362883e-01 3.7226304518193801e-04
7.0353455038988866e-01 3.7207025033553790e-04
7.0390652420030364e-01 3.7187735350110648e-04
7.0427830506291211e-01 3.7168435473128959e-04
7.0464989287580515e-01 3.7149125407922099e-04
7.0502128753712690e-01 3.7129805159763350e-04
7.0539248894507445e-01 3.7110474733919533e-04
7.0576349699789753e-01 3.7091134135771545e-04
7.0613431159389939e-01 3.7071783370544226e-04
7.0650493263143588e-01 3.7052422443588731e-04
7.0687536000891615e-01 3.7033051360188139e-04
7.0724559362480233e-01 3.7013670125665888e-04
7.0761563337760969e-01 3.6994278745328395e-04
7.0798547916590671e-01 3.6974877224472556e-04
7.0835513088831492e-01 3.6955465568426206e-04
7.0872458844350905e-01 3.6936043782529533e-04
7.0909385173021711e-01 3.6916611872099921e-04
7.0946292064722027e-01 3.6897169842483609e-04
7.0983179509335326e-01 3.6877717698952241e-04
7.1020047496750383e-01 3.6858255446858596e-04
7.1056896016861304e-01 3.6838783091570492e-04
7.1093725059567547e-01 3.6819300638408733e-04
7.1130534614773910e-01 3.6799808092698074e-04
7.1167324672390520e-01 3.6780305459800888e-04
7.1204095222332864e-01 3.6760792745028865e-04
7.1240846254521750e-01 3.6741269953787246e-04
7.1277577758883370e-01 3.6721737091375309e-04
7.1314289725349234e-01 3.6702194163207151e-04
7.1350982143856245e-01 3.6682641174569565e-04
7.1387655004346640e-01 3.6663078130844779e-04
7.1424308296768013e-01 3.6643505037416027e-04
7.1460942011073336e-01 3.6623921899638003e-04
7.1497556137220941e-01 3.6604328722878788e-04
7.1534150665174534e-01 3.6584725512498579e-04
7.1570725584903183e-01 3.6565112273890561e-04
7.1607280886381341e-01 3.6545489012419378e-04
7.1643816559588835e-01 3.6525855733466055e-04
7.1680332594510876e-01 3.6506212442398591e-04
7.1716828981138048e-01 3.6486559144619234e-04
7.1753305709466331e-01 3.6466895845503773e-04
7.1789762769497079e-01 3.6447222550477692e-04
7.1826200151237063e-01 3.6427539264881527e-04
7.1862617844698429e-01 3.6407845994126405e-04
7.1899015839898717e-01 3.6388142743629500e-04
7.1935394126860874e-01 3.6368429518787845e-04
7.1971752695613256e-01 3.6348706324985849e-04
7.2008091536189611e-01 3.6328973167638960e-04
7.2044410638629108e-01 3.6309230052136287e-04
7.2080709992976300e-01 3.6289476983949288e-04
7.2116989589281189e-01 3.6269713968431543e-04
7.2153249417599163e-01 3.6249941011040019e-04
7.2189489467991053e-01 3.6230158117164253e-04
7.2225709730523091e-01 3.6210365292242968e-04
7.2261910195266954e-01 3.6190562541668056e-04
7.2298090852299712e-01 3.6170749870934315e-04
7.2334251691703899e-01 3.6150927285429475e-04
7.2370392703567465e-01 3.6131094790594443e-04
7.2406513877983791e-01 3.6111252391891842e-04
7.2442615205051719e-01 3.6091400094703791e-04
7.2478696674875509e-01 3.6071537904490322e-04
7.2514758277564850e-01 3.6051665826761301e-04
7.2550800003234928e-01 3.6031783866865701e-04
7.2586821842006333e-01 3.6011892030288217e-04
7.2622823784005108e-01 3.5991990322521413e-04
7.2658805819362771e-01 3.5972078748993579e-04
7.2694767938216287e-01 3.5952157315156225e-04
7.2730710130708087e-01 3.5932226026448534e-04
7.2766632386986041e-01 3.5912284888391072e-04
7.2802534697203514e-01 3.5892333906399550e-04
7.2838417051519322e-01 3.5872373085950543e-04
7.2874279440097744e-01 3.5852402432545949e-04
7.2910121853108556e-01 3.5832421951614575e-04
7.2945944280726971e-01 3.5812431648710424e-04
7.2981746713133733e-01 3.5792431529213552e-04
7.3017529140515025e-01 3.5772421598650144e-04
7.3053291553062516e-01 3.5752401862542739e-04
7.3089033940973380e-01 3.5732372326346458e-04
7.3124756294450288e-01 3.5712332995501187e-04
7.3160458603701362e-01 3.5692283875580241e-04
7.3196140858940251e-01 3.5672224972047522e-04
7.3231803050386091e-01 3.5652156290409475e-04
7.3267445168263523e-01 3.5632077836152728e-04
7.3303067202802685e-01 3.5611989614786854e-04
7.3338669144239221e-01 3.5591891631822772e-04
7.3374250982814282e-01 3.5571783892774387e-04
7.3409812708774536e-01 3.5551666403135134e-04
7.3445354312372158e-01 3.5531539168417547e-04
7.3480875783864830e-01 3.5511402194175941e-04
7.3516377113515774e-01 3.5491255485886397e-04
7.3551858291593719e-01 3.5471099049081024e-04
7.3587319308372912e-01 3.5450932889312609e-04
7.3622760154133149e-01 3.5430757012054224e-04
7.3658180819159724e-01 3.5410571422894027e-04
7.3693581293743482e-01 3.5390376127357269e-04
7.3728961568180806e-01 3.5370171130953026e-04
7.3764321632773600e-01 3.5349956439258807e-04
7.3799661477829337e-01 3.5329732057739544e-04
7.3834981093660990e-01 3.5309497992024161e-04
7.3870280470587113e-01 3.5289254247604791e-04
7.3905559598931791e-01 3.5269000830048320e-04
7.3940818469024661e-01 3.5248737744915192e-04
7.3976057071200918e-01 3.5228464997737392e-04
7.4011275395801301e-01 3.5208182594110042e-04
7.4046473433172133e-01 3.5187890539530503e-04
7.4081651173665253e-01 3.5167588839654993e-04
7.4116808607638118e-01 3.5147277499951457e-04
7.4151945725453716e-01 3.5126956526023432e-04
7.4187062517480606e-01 3.5106625923458034e-04
7.4222158974092922e-01 3.5086285697839104e-04
7.4257235085670392e-01 3.5065935854681796e-04
7.4292290842598285e-01 3.5045576399629039e-04
7.4327326235267488e-01 3.5025207338191725e-04
7.4362341254074427e-01 3.5004828676034539e-04
7.4397335889421146e-01 3.4984440418705593e-04
7.4432310131715274e-01 3.4964042571767397e-04
7.4467263971370012e-01 3.4943635140841198e-04
7.4502197398804160e-01 3.4923218131544063e-04
7.4537110404442131e-01 3.4902791549414058e-04
7.4572002978713914e-01 3.4882355400077462e-04
7.4606875112055093e-01 3.4861909689183537e-04
7.4641726794906893e-01 3.4841454422248713e-04
7.4676558017716099e-01 3.4820989604953940e-04
7.4711368770935149e-01 3.4800515242822144e-04
7.4746159045022043e-01 3.4780031341558255e-04
7.4780928830440418e-01 3.4759537906773507e-04
7.4815678117659556e-01 3.4739034943997678e-04
7.4850406897154309e-01 3.4718522458923541e-04
7.4885115159405169e-01 3.4698000457183709e-04
7.4919802894898269e-01 3.4677468944351942e-04
7.4954470094125347e-01 3.4656927926079973e-04
7.4989116747583784e-01 3.4636377407982452e-04
7.5023742845776575e-01 3.4615817395724466e-04
7.5058348379212370e-01 3.4595247894918572e-04
7.5092933338405443e-01 3.4574668911205487e-04
7.5127497713875702e-01 3.4554080450269989e-04
7.5162041496148724e-01 3.4533482517686096e-04
7.5196564675755706e-01 3.4512875119126804e-04
7.5231067243233496e-01 3.4492258260257052e-04
7.5265549189124603e-01 3.4471631946701275e-04
7.5300010503977177e-01 3.4450996184129222e-04
7.5334451178345030e-01 3.4430350978189211e-04
7.5368871202787624e-01 3.4409696334555546e-04
7.5403270567870095e-01 3.4389032258861995e-04
7.5437649264163220e-01 3.4368358756823626e-04
7.5472007282243470e-01 3.4347675834054482e-04
7.5506344612692955e-01 3.4326983496267598e-04
7.5540661246099483e-01 3.4306281749093648e-04
7.5574957173056523e-01 3.4285570598205329e-04
7.5609232384163205e-01 3.4264850049324063e-04
7.5643486870024357e-01 3.4244120108116260e-04
7.5677720621250488e-01 3.4223380780238824e-04
7.5711933628457784e-01 3.4202632071385445e-04
7.5746125882268123e-01 3.4181873987220091e-04
7.5780297373309047e-01 3.4161106533507282e-04
7.5814448092213826e-01 3.4140329715875469e-04
7.5848578029621394e-01 3.4119543540074310e-04
7.5882687176176411e-01 3.4098748011733717e-04
7.5916775522529212e-01 3.4077943136586353e-04
7.5950843059335837e-01 3.4057128920341113e-04
7.5984889777258047e-01 3.4036305368667316e-04
7.6018915666963272e-01 3.4015472487355854e-04
7.6052920719124706e-01 3.3994630282004529e-04
7.6086904924421195e-01 3.3973778758442097e-04
7.6120868273537357e-01 3.3952917922277300e-04
7.6154810757163471e-01 3.3932047779327445e-04
7.6188732365995593e-01 3.3911168335214067e-04
7.6222633090735448e-01 3.3890279595739079e-04
7.6256512922090514e-01 3.3869381566611266e-04
7.6290371850773997e-01 3.3848474253534610e-04
7.6324209867504822e-01 3.3827557662258445e-04
7.6358026963007652e-01 3.3806631798510693e-04
7.6391823128012892e-01 3.3785696667999667e-04
7.6425598353256663e-01 3.3764752276527698e-04
7.6459352629480837e-01 3.3743798629780542e-04
7.6493085947433037e-01 3.3722835733538152e-04
7.6526798297866627e-01 3.3701863593512240e-04
7.6560489671540710e-01 3.3680882215471569e-04
7.6594160059220140e-01 3.3659891605183521e-04
7.6627809451675533e-01 3.3638891768381492e-04
7.6661437839683266e-01 3.3617882710773166e-04
7.6695045214025437e-01 3.3596864438219747e-04
7.6728631565489946e-01 3.3575836956413311e-04
7.6762196884870437e-01 3.3554800271128846e-04
7.6795741162966313e-01 3.3533754388156961e-04
7.6829264390582763e-01 3.3512699313232078e-04
7.6862766558530726e-01 3.3491635052158533e-04
7.6896247657626926e-01 3.3470561610701082e-04
7.6929707678693870e-01 3.3449478994593566e-04
7.6963146612559818e-01 3.3428387209672377e-04
7.6996564450058835e-01 3.3407286261676647e-04
7.7029961182030748e-01 3.3386176156428019e-04
7.7063336799321180e-01 3.3365056899712763e-04
7.7096691292781550e-01 3.3343928497286160e-04
7.7130024653269058e-01 3.3322790954934010e-04
7.7163336871646693e-01 3.3301644278474057e-04
7.7196627938783235e-01 3.3280488473727429e-04
7.7229897845553286e-01 3.3259323546441544e-04
7.7263146582837217e-01 3.3238149502470680e-04
7.7296374141521229e-01 3.3216966347571062e-04
7.7329580512497309e-01 3.3195774087581775e-04
7.7362765686663260e-01 3.3174572728310862e-04
7.7395929654922702e-01 3.3153362275533310e-04
7.7429072408185062e-01 3.3132142735059684e-04
7.7462193937365564e-01 3.3110914112771889e-04
7.7495294233385270e-01 3.3089676414473421e-04
7.7528373287171071e-01 3.3068429645937135e-04
7.7561431089655664e-01 3.3047173812999488e-04
7.7594467631777564e-01 3.3025908921530724e-04
7.7627482904481138e-01 3.3004634977313430e-04
7.7660476898716557e-01 3.2983351986223645e-04
7.7693449605439857e-01 3.2962059954028941e-04
7.7726401015612867e-01 3.2940758886647900e-04
7.7759331120203301e-01 3.2919448789826372e-04
7.7792239910184668e-01 3.2898129669482436e-04
7.7825127376536352e-01 3.2876801531421404e-04
7.7857993510243562e-01 3.2855464381513136e-04
7.7890838302297360e-01 3.2834118225615348e-04
7.7923661743694683e-01 3.2812763069500062e-04
7.7956463825438271e-01 3.2791398919120089e-04
7.7989244538536762e-01 3.2770025780272952e-04
7.8022003874004620e-01 3.2748643658871618e-04
7.8054741822862206e-01 3.2727252560693594e-04
7.8087458376135699e-01 3.2705852491689958e-04
7.8120153524857183e-01 3.2684443457655027e-04
7.8152827260064583e-01 3.2663025464492381e-04
7.8185479572801708e-01 3.2641598518048465e-04
7.8218110454118217e-01 3.2620162624260246e-04
7.8250719895069676e-01 3.2598717788939356e-04
7.8283307886717513e-01 3.2577264017955054e-04
7.8315874420129017e-01 3.2555801317255657e-04
7.8348419486377385e-01 3.2534329692691325e-04
7.8380943076541698e-01 3.2512849150115504e-04
7.8413445181706909e-01 3.2491359695439642e-04
7.8445925792963855e-01 3.2469861334595795e-04
7.8478384901409293e-01 3.2448354073415085e-04
7.8510822498145849e-01 3.2426837917822881e-04
7.8543238574282059e-01 3.2405312873694074e-04
7.8575633120932342e-01 3.2383778946978772e-04
7.8608006129217045e-01 3.2362236143512117e-04
7.8640357590262400e-01 3.2340684469216353e-04
7.8672687495200533e-01 3.2319123930054966e-04
7.8704995835169500e-01 3.2297554531917087e-04
7.8737282601313274e-01 3.2275976280670039e-04
7.8769547784781724e-01 3.2254389182255830e-04
7.8801791376730645e-01 3.2232793242566139e-04
7.8834013368321731e-01 3.2211188467593194e-04
7.8866213750722636e-01 3.2189574863162646e-04
7.8898392515106897e-01 3.2167952435260832e-04
7.8930549652653992e-01 3.2146321189821520e-04
7.8962685154549328e-01 3.2124681132778742e-04
7.8994799011984262e-01 3.2103032269985608e-04
7.9026891216156048e-01 3.2081374607450467e-04
7.9058961758267887e-01 3.2059708151123103e-04
7.9091010629528946e-01 3.2038032906856140e-04
7.9123037821154285e-01 3.2016348880689431e-04
7.9155043324364949e-01 3.1994656078491562e-04
7.9187027130387899e-01 3.1972954506253486e-04
7.9218989230456061e-01 3.1951244169901567e-04
7.9250929615808297e-01 3.1929525075410843e-04
7.9282848277689433e-01 3.1907797228715966e-04
7.9314745207350257e-01 3.1886060635726769e-04
7.9346620396047474e-01 3.1864315302520060e-04
7.9378473835043806e-01 3.1842561234927800e-04
7.9410305515607882e-01 3.1820798439021408e-04
7.9442115429014337e-01 3.1799026920696622e-04
7.9473903566543758e-01 3.1777246685918544e-04
7.9505669919482680e-01 3.1755457740729445e-04
7.9537414479123658e-01 3.1733660090981744e-04
7.9569137236765164e-01 3.1711853742766945e-04
7.9600838183711686e-01 3.1690038702005327e-04
7.9632517311273665e-01 3.1668214974735551e-04
7.9664174610767557e-01 3.1646382566843977e-04
7.9695810073515772e-01 3.1624541484361187e-04
7.9727423690846710e-01 3.1602691733272965e-04
7.9759015454094762e-01 3.1580833319587648e-04
7.9790585354600319e-01 3.1558966249252651e-04
7.9822133383709737e-01 3.1537090528339858e-04
7.9853659532775412e-01 3.1515206162743039e-04
7.9885163793155689e-01 3.1493313158552431e-04
7.9916646156214954e-01 3.1471411521694119e-04
7.9948106613323555e-01 3.1449501258264400e-04
7.9979545155857890e-01 3.1427582374173117e-04
8.0010961775200329e-01 3.1405654875469083e-04
8.0042356462739261e-01 3.1383718768173183e-04
8.0073729209869093e-01 3.1361774058286281e-04
8.0105080007990248e-01 3.1339820751796348e-04
8.0136408848509144e-01 3.1317858854779449e-04
8.0167715722838251e-01 3.1295888373184249e-04
8.0199000622396022e-01 3.1273909313116606e-04
8.0230263538606972e-01 3.1251921680523293e-04
8.0261504462901601e-01 3.1229925481529179e-04
8.0292723386716491e-01 3.1207920722022708e-04
8.0323920301494200e-01 3.1185907408145527e-04
8.0355095198683346e-01 3.1163885545910437e-04
8.0386248069738575e-01 3.1141855141369242e-04
8.0417378906120596e-01 3.1119816200466169e-04
8.0448487699296112e-01 3.1097768729343916e-04
8.0479574440737900e-01 3.1075712734011354e-04
8.0510639121924765e-01 3.1053648220553655e-04
8.0541681734341586e-01 3.1031575194942419e-04
8.0572702269479268e-01 3.1009493663245141e-04
8.0603700718834759e-01 3.0987403631578802e-04
8.0634677073911087e-01 3.0965305105935971e-04
8.0665631326217324e-01 3.0943198092383010e-04
8.0696563467268589e-01 3.0921082597022123e-04
8.0727473488586088e-01 3.0898958625857101e-04
8.0758361381697064e-01 3.0876826184997774e-04
8.0789227138134845e-01 3.0854685280475735e-04
8.0820070749438810e-01 3.0832535918399106e-04
8.0850892207154434e-01 3.0810378104770281e-04
8.0881691502833231e-01 3.0788211845740886e-04
8.0912468628032808e-01 3.0766037147366603e-04
8.0943223574316858e-01 3.0743854015686124e-04
8.0973956333255126e-01 3.0721662456858453e-04
8.1004666896423483e-01 3.0699462476846011e-04
8.1035355255403829e-01 3.0677254081852952e-04
8.1066021401784194e-01 3.0655037277905963e-04
8.1096665327158679e-01 3.0632812071097824e-04
8.1127287023127470e-01 3.0610578467559819e-04
8.1157886481296870e-01 3.0588336473313894e-04
8.1188463693279245e-01 3.0566086094538456e-04
8.1219018650693087e-01 3.0543827337277055e-04
8.1249551345162974e-01 3.0521560207645646e-04
8.1280061768319589e-01 3.0499284711750204e-04
8.1310549911799723e-01 3.0477000855686756e-04
8.1341015767246272e-01 3.0454708645564685e-04
8.1371459326308226e-01 3.0432408087550770e-04
8.1401880580640718e-01 3.0410099187697749e-04
8.1432279521904982e-01 3.0387781952088548e-04
8.1462656141768353e-01 3.0365456386910147e-04
8.1493010431904300e-01 3.0343122498248273e-04
8.1523342383992403e-01 3.0320780292262639e-04
8.1553651989718379e-01 3.0298429775041629e-04
8.1583939240774062e-01 3.0276070952710651e-04
8.1614204128857415e-01 3.0253703831391895e-04
8.1644446645672530e-01 3.0231328417219106e-04
8.1674666782929617e-01 3.0208944716393388e-04
8.1704864532345056e-01 3.0186552734949584e-04
8.1735039885641336e-01 3.0164152479053927e-04
8.1765192834547074e-01 3.0141743954927312e-04
8.1795323370797068e-01 3.0119327168607642e-04
8.1825431486132238e-01 3.0096902126239852e-04
8.1855517172299630e-01 3.0074468834057419e-04
8.1885580421052462e-01 3.0052027298182299e-04
8.1915621224150104e-01 3.0029577524739141e-04
8.1945639573358076e-01 3.0007119519861113e-04
8.1975635460448038e-01 2.9984653289754498e-04
8.2005608877197833e-01 2.9962178840505128e-04
8.2035559815391423e-01 2.9939696178391884e-04
8.2065488266818987e-01 2.9917205309445277e-04
8.2095394223276807e-01 2.9894706239954211e-04
8.2125277676567388e-01 2.9872198975987638e-04
8.2155138618499357e-01 2.9849683523785895e-04
8.2184977040887552e-01 2.9827159889438088e-04
8.2214792935552938e-01 2.9804628079234185e-04
8.2244586294322708e-01 2.9782088099224760e-04
8.2274357109030183e-01 2.9759539955689180e-04
8.2304105371514902e-01 2.9736983654729722e-04
8.2333831073622554e-01 2.9714419202595151e-04
8.2363534207205047e-01 2.9691846605392697e-04
8.2393214764120426e-01 2.9669265869432840e-04
8.2422872736232977e-01 2.9646677000804117e-04
8.2452508115413159e-01 2.9624080005677563e-04
8.2482120893537592e-01 2.9601474890365728e-04
8.2511711062489146e-01 2.9578861660934264e-04
8.2541278614156843e-01 2.9556240323661893e-04
8.2570823540435923e-01 2.9533610884750159e-04
8.2600345833227828e-01 2.9510973350384381e-04
8.2629845484440212e-01 2.9488327726738219e-04
8.2659322485986919e-01 2.9465674020046388e-04
8.2688776829788002e-01 2.9443012236550541e-04
8.2718208507769753e-01 2.9420342382361058e-04
8.2747617511864624e-01 2.9397664463834151e-04
8.2777003834011331e-01 2.9374978487108164e-04
8.2806367466154795e-01 2.9352284458374756e-04
8.2835708400246144e-01 2.9329582383891034e-04
8.2865026628242733e-01 2.9306872269887558e-04
8.2894322142108146e-01 2.9284154122574907e-04
8.2923594933812184e-01 2.9261427948205925e-04
8.2952844995330899e-01 2.9238693752936209e-04
8.2982072318646538e-01 2.9215951543086298e-04
8.3011276895747610e-01 2.9193201324845340e-04
8.3040458718628840e-01 2.9170443104483616e-04
8.3069617779291216e-01 2.9147676888168265e-04
8.3098754069741931e-01 2.9124902682214595e-04
8.3127867581994452e-01 2.9102120492796910e-04
8.3156958308068463e-01 2.9079330326217261e-04
8.3186026239989908e-01 2.9056532188706584e-04
8.3215071369790972e-01 2.9033726086535980e-04
8.3244093689510112e-01 2.9010912025873633e-04
8.3273093191192005e-01 2.8988090013057436e-04
8.3302069866887596e-01 2.8965260054340678e-04
8.3331023708654095e-01 2.8942422155956224e-04
8.3359954708554973e-01 2.8919576324125217e-04
8.3388862858659940e-01 2.8896722565179738e-04
8.3417748151044990e-01 2.8873860885349819e-04
8.3446610577792379e-01 2.8850991290886834e-04
8.3475450130990625e-01 2.8828113788078680e-04
8.3504266802734517e-01 2.8805228383194413e-04
8.3533060585125107e-01 2.8782335082561448e-04
8.3561831470269754e-01 2.8759433892350640e-04
8.3590579450282054e-01 2.8736524818917389e-04
8.3619304517281912e-01 2.8713607868484879e-04
8.3648006663395480e-01 2.8690683047420879e-04
8.3676685880755231e-01 2.8667750361935520e-04
8.3705342161499907e-01 2.8644809818293283e-04
8.3733975497774527e-01 2.8621861422835728e-04
8.3762585881730400e-01 2.8598905181877746e-04
8.3791173305525157e-01 2.8575941101612691e-04
8.3819737761322677e-01 2.8552969188439697e-04
8.3848279241293167e-01 2.8529989448610404e-04
8.3876797737613118e-01 2.8507001888439086e-04
8.3905293242465329e-01 2.8484006514220203e-04
8.3933765748038902e-01 2.8461003332223936e-04
8.3962215246529237e-01 2.8437992348773851e-04
8.3990641730138038e-01 2.8414973570195647e-04
8.4019045191073327e-01 2.8391947002775043e-04
8.4047425621549421e-01 2.8368912652877894e-04
8.4075783013786975e-01 2.8345870526742865e-04
8.4104117360012931e-01 2.8322820630760989e-04
8.4132428652460578e-01 2.8299762971165728e-04
8.4160716883369491e-01 2.8276697554360802e-04
8.4188982044985594e-01 2.8253624386616360e-04
8.4217224129561130e-01 2.8230543474232363e-04
8.4245443129354647e-01 2.8207454823603469e-04
8.4273639036631032e-01 2.8184358441075448e-04
8.4301811843661523e-01 2.8161254332894405e-04
8.4329961542723664e-01 2.8138142505428808e-04
8.4358088126101349e-01 2.8115022964978495e-04
8.4386191586084780e-01 2.8091895717990653e-04
8.4414271914970540e-01 2.8068760770684953e-04
8.4442329105061520e-01 2.8045618129462954e-04
8.4470363148666960e-01 2.8022467800681419e-04
8.4498374038102453e-01 2.7999309790673375e-04
8.4526361765689950e-01 2.7976144105699698e-04
8.4554326323757711e-01 2.7952970752239390e-04
8.4582267704640379e-01 2.7929789736604488e-04
8.4610185900678947e-01 2.7906601065126824e-04
8.4638080904220758e-01 2.7883404744166214e-04
8.4665952707619518e-01 2.7860200780054192e-04
8.4693801303235272e-01 2.7836989179233604e-04
8.4721626683434459e-01 2.7813769947976808e-04
8.4749428840589858e-01 2.7790543092681566e-04
8.4777207767080609e-01 2.7767308619767713e-04
8.4804963455292248e-01 2.7744066535522697e-04
8.4832695897616650e-01 2.7720816846384480e-04
8.4860405086452095e-01 2.7697559558626325e-04
8.4888091014203193e-01 2.7674294678755294e-04
8.4915753673280969e-01 2.7651022213067051e-04
8.4943393056102812e-01 2.7627742167949342e-04
8.4971009155092492e-01 2.7604454549771902e-04
8.4998601962680154e-01 2.7581159364955605e-04
8.5026171471302336e-01 2.7557856619870680e-04
8.5053717673401952e-01 2.7534546320927885e-04
8.5081240561428340e-01 2.7511228474457611e-04
8.5108740127837179e-01 2.7487903086876865e-04
8.5136216365090556e-01 2.7464570164660319e-04
8.5163669265656983e-01 2.7441229714072091e-04
8.5191098822011335e-01 2.7417881741568243e-04
8.5218505026634905e-01 2.7394526253510107e-04
8.5245887872015358e-01 2.7371163256407870e-04
8.5273247350646797e-01 2.7347792756584639e-04
8.5300583455029722e-01 2.7324414760422074e-04
8.5327896177671014e-01 2.7301029274417202e-04
8.5355185511084009e-01 2.7277636304864661e-04
8.5382451447788399e-01 2.7254235858313152e-04
8.5409693980310342e-01 2.7230827941062969e-04
8.5436913101182388e-01 2.7207412559524739e-04
8.5464108802943484e-01 2.7183989720224193e-04
8.5491281078139025e-01 2.7160559429536348e-04
8.5518429919320837e-01 2.7137121693795720e-04
8.5545555319047129e-01 2.7113676519542769e-04
8.5572657269882557e-01 2.7090223913201931e-04
8.5599735764398233e-01 2.7066763881070186e-04
8.5626790795171637e-01 2.7043296429751334e-04
8.5653822354786735e-01 2.7019821565569358e-04
8.5680830435833910e-01 2.6996339294947707e-04
8.5707815030909962e-01 2.6972849624403252e-04
8.5734776132618162e-01 2.6949352560275781e-04
8.5761713733568179e-01 2.6925848109135526e-04
8.5788627826376174e-01 2.6902336277287821e-04
8.5815518403664703e-01 2.6878817071286762e-04
8.5842385458062809e-01 2.6855290497493188e-04
8.5869228982205947e-01 2.6831756562433487e-04
8.5896048968736050e-01 2.6808215272514541e-04
8.5922845410301485e-01 2.6784666634212316e-04
8.5949618299557096e-01 2.6761110653905390e-04
8.5976367629164141e-01 2.6737547338179414e-04
8.6003093391790386e-01 2.6713976693368800e-04
8.6029795580110013e-01 2.6690398726036697e-04
8.6056474186803700e-01 2.6666813442577142e-04
8.6083129204558573e-01 2.6643220849452773e-04
8.6109760626068210e-01 2.6619620953214696e-04
8.6136368444032696e-01 2.6596013760214499e-04
8.6162952651158542e-01 2.6572399277023802e-04
8.6189513240158766e-01 2.6548777510040336e-04
8.6216050203752836e-01 2.6525148465787165e-04
8.6242563534666705e-01 2.6501512150748377e-04
8.6269053225632819e-01 2.6477868571319452e-04
8.6295519269390064e-01 2.6454217734114919e-04
8.6321961658683855e-01 2.6430559645510790e-04
8.6348380386266066e-01 2.6406894311993464e-04
8.6374775444895047e-01 2.6383221740129079e-04
8.6401146827335662e-01 2.6359541936332639e-04
8.6427494526359239e-01 2.6335854907165679e-04
8.6453818534743632e-01 2.6312160659006383e-04
8.6480118845273146e-01 2.6288459198461060e-04
8.6506395450738605e-01 2.6264750532024753e-04
8.6532648343937346e-01 2.6241034666095014e-04
8.6558877517673172e-01 2.6217311607275664e-04
8.6585082964756410e-01 2.6193581362026982e-04
8.6611264678003885e-01 2.6169843936865359e-04
8.6637422650238938e-01 2.6146099338242393e-04
8.6663556874291392e-01 2.6122347572745042e-04
8.6689667342997601e-01 2.6098588646857745e-04
8.6715754049200433e-01 2.6074822567046153e-04
8.6741816985749243e-01 2.6051049339928691e-04
8.6767856145499944e-01 2.6027268971881936e-04
8.6793871521314914e-01 2.6003481469591015e-04
8.6819863106063111e-01 2.5979686839389463e-04
8.6845830892619957e-01 2.5955885087938503e-04
8.6871774873867424e-01 2.5932076221760604e-04
8.6897695042694023e-01 2.5908260247296436e-04
8.6923591391994770e-01 2.5884437171105228e-04
8.6949463914671210e-01 2.5860606999759576e-04
8.6975312603631427e-01 2.5836769739790783e-04
8.7001137451790045e-01 2.5812925397687161e-04
8.7026938452068214e-01 2.5789073979990633e-04
8.7052715597393626e-01 2.5765215493219655e-04
8.7078468880700499e-01 2.5741349943966677e-04
8.7104198294929602e-01 2.5717477338761116e-04
8.7129903833028244e-01 2.5693597684165495e-04
8.7155585487950282e-01 2.5669710986673643e-04
8.7181243252656127e-01 2.5645817252857540e-04
8.7206877120112725e-01 2.5621916489280386e-04
8.7232487083293575e-01 2.5598008702445361e-04
8.7258073135178726e-01 2.5574093898964587e-04
8.7283635268754789e-01 2.5550172085377651e-04
8.7309173477014934e-01 2.5526243268199784e-04
8.7334687752958873e-01 2.5502307454053352e-04
8.7360178089592888e-01 2.5478364649497438e-04
8.7385644479929836e-01 2.5454414861025788e-04
8.7411086916989122e-01 2.5430458095215429e-04
8.7436505393796704e-01 2.5406494358731671e-04
8.7461899903385143e-01 2.5382523658027772e-04
8.7487270438793541e-01 2.5358545999731722e-04
8.7512616993067582e-01 2.5334561390402341e-04
8.7537939559259526e-01 2.5310569836605113e-04
8.7563238130428189e-01 2.5286571344990214e-04
8.7588512699639010e-01 2.5262565921984091e-04
8.7613763259963950e-01 2.5238553574304025e-04
8.7638989804481582e-01 2.5214534308526501e-04
8.7664192326277079e-01 2.5190508131103621e-04
8.7689370818442158e-01 2.5166475048746798e-04
8.7714525274075139e-01 2.5142435068063767e-04
8.7739655686280960e-01 2.5118388195497524e-04
8.7764762048171097e-01 2.5094334437791356e-04
8.7789844352863655e-01 2.5070273801484086e-04
8.7814902593483335e-01 2.5046206293113737e-04
8.7839936763161408e-01 2.5022131919356683e-04
8.7864946855035764e-01 2.4998050686786925e-04
8.7889932862250886e-01 2.4973962602001498e-04
8.7914894777957864e-01 2.4949867671585476e-04
8.7939832595314382e-01 2.4925765902173461e-04
8.7964746307484742e-01 2.4901657300337404e-04
8.7989635907639829e-01 2.4877541872784256e-04
8.8014501388957178e-01 2.4853419625997617e-04
8.8039342744620908e-01 2.4829290566609545e-04
8.8064159967821742e-01 2.4805154701305199e-04
8.8088953051757046e-01 2.4781012036629565e-04
8.8113721989630778e-01 2.4756862579250320e-04
8.8138466774653523e-01 2.4732706335796648e-04
8.8163187400042498e-01 2.4708543312843955e-04
8.8187883859021532e-01 2.4684373517004144e-04
8.8212556144821075e-01 2.4660196954939676e-04
8.8237204250678203e-01 2.4636013633294314e-04
8.8261828169836631e-01 2.4611823558655973e-04
8.8286427895546693e-01 2.4587626737685423e-04
8.8311003421065370e-01 2.4563423176939236e-04
8.8335554739656241e-01 2.4539212883201373e-04
8.8360081844589566e-01 2.4514995862974986e-04
8.8384584729142213e-01 2.4490772122952634e-04
8.8409063386597697e-01 2.4466541669756619e-04
8.8433517810246176e-01 2.4442304510027992e-04
8.8457947993384445e-01 2.4418060650423923e-04
8.8482353929315949e-01 2.4393810097578567e-04
8.8506735611350773e-01 2.4369552858163963e-04
8.8531093032805652e-01 2.4345288938846762e-04
8.8555426187003983e-01 2.4321018346220243e-04
8.8579735067275811e-01 2.4296741086900448e-04
8.8604019666957812e-01 2.4272457167654022e-04
8.8628279979393343e-01 2.4248166595078685e-04
8.8652515997932413e-01 2.4223869375821622e-04
8.8676727715931680e-01 2.4199565516579448e-04
8.8700915126754476e-01 2.4175255023991231e-04
8.8725078223770781e-01 2.4150937904766830e-04
8.8749217000357272e-01 2.4126614165438995e-04
8.8773331449897241e-01 2.4102283812839657e-04
8.8797421565780699e-01 2.4077946853511754e-04
8.8821487341404282e-01 2.4053603294253527e-04
8.8845528770171345e-01 2.4029253141591797e-04
8.8869545845491882e-01 2.4004896402267395e-04
8.8893538560782570e-01 2.3980533082971608e-04
8.8917506909466759e-01 2.3956163190429639e-04
8.8941450884974504e-01 2.3931786731203408e-04
8.8965370480742512e-01 2.3907403712047944e-04
8.8989265690214181e-01 2.3883014139640336e-04
8.9013136506839596e-01 2.3858618020673945e-04
8.9036982924075536e-01 2.3834215361790074e-04
8.9060804935385451e-01 2.3809806169723395e-04
8.9084602534239488e-01 2.3785390451187520e-04
8.9108375714114496e-01 2.3760968212806454e-04
8.9132124468494012e-01 2.3736539461270884e-04
8.9155848790868253e-01 2.3712104203344589e-04
8.9179548674734144e-01 2.3687662445739024e-04
8.9203224113595325e-01 2.3663214195055127e-04
8.9226875100962111e-01 2.3638759458071730e-04
8.9250501630351542e-01 2.3614298241410523e-04
8.9274103695287332e-01 2.3589830551894438e-04
8.9297681289299935e-01 2.3565356396134930e-04
8.9321234405926486e-01 2.3540875780902429e-04
8.9344763038710839e-01 2.3516388712923938e-04
8.9368267181203576e-01 2.3491895198820938e-04
8.9391746826961971e-01 2.3467395245329410e-04
8.9415201969550007e-01 2.3442888859250262e-04
8.9438632602538415e-01 2.3418376047170121e-04
8.9462038719504611e-01 2.3393856815899120e-04
8.9485420314032738e-01 2.3369331172195485e-04
8.9508777379713689e-01 2.3344799122646315e-04
8.9532109910145041e-01 2.3320260674090668e-04
8.9555417898931122e-01 2.3295715833209711e-04
8.9578701339682976e-01 2.3271164606757585e-04
8.9601960226018373e-01 2.3246607001490570e-04
8.9625194551561838e-01 2.3222043024046540e-04
8.9648404309944607e-01 2.3197472681158197e-04
8.9671589494804638e-01 2.3172895979674835e-04
8.9694750099786646e-01 2.3148312926284117e-04
8.9717886118542090e-01 2.3123723527668265e-04
8.9740997544729140e-01 2.3099127790649396e-04
8.9764084372012742e-01 2.3074525721855692e-04
8.9787146594064549e-01 2.3049917328152075e-04
8.9810184204562982e-01 2.3025302616228797e-04
8.9833197197193204e-01 2.3000681592824632e-04
8.9856185565647118e-01 2.2976054264735714e-04
8.9879149303623385e-01 2.2951420638683712e-04
8.9902088404827418e-01 2.2926780721405904e-04
8.9925002862971382e-01 2.2902134519655419e-04
8.9947892671774188e-01 2.2877482040224232e-04
8.9970757824961511e-01 2.2852823289865119e-04
8.9993598316265799e-01 2.2828158275257085e-04
9.0016414139426226e-01 2.2803487003273724e-04
9.0039205288188762e-01 2.2778809480592245e-04
9.0061971756306114e-01 2.2754125714034680e-04
9.0084713537537775e-01 2.2729435710320560e-04
9.0107430625649987e-01 2.2704739476271622e-04
9.0130123014415775e-01 2.2680037018616727e-04
9.0152790697614926e-01 2.2655328344148057e-04
9.0175433669034011e-01 2.2630613459580757e-04
9.0198051922466349e-01 2.2605892371785637e-04
9.0220645451712067e-01 2.2581165087445483e-04
9.0243214250578041e-01 2.2556431613412055e-04
9.0265758312877942e-01 2.2531691956439125e-04
9.0288277632432212e-01 2.2506946123340726e-04
9.0310772203068101e-01 2.2482194120770118e-04
9.0333242018619597e-01 2.2457435955680816e-04
9.0355687072927515e-01 2.2432671634752224e-04
9.0378107359839432e-01 2.2407901164837071e-04
9.0400502873209732e-01 2.2383124552674202e-04
9.0422873606899579e-01 2.2358341805057435e-04
9.0445219554776934e-01 2.2333552928766083e-04
9.0467540710716532e-01 2.2308757930722956e-04
9.0489837068599943e-01 2.2283956817569046e-04
9.0512108622315512e-01 2.2259149596109284e-04
9.0534355365758368e-01 2.2234336273258584e-04
9.0556577292830465e-01 2.2209516855749897e-04
9.0578774397440553e-01 2.2184691350367379e-04
9.0600946673504179e-01 2.2159859763966385e-04
9.0623094114943703e-01 2.2135022103332471e-04
9.0645216715688293e-01 2.2110178375251381e-04
9.0667314469673921e-01 2.2085328586544240e-04
9.0689387370843377e-01 2.2060472743992937e-04
9.0711435413146246e-01 2.2035610854499659e-04
9.0733458590538951e-01 2.2010742924794840e-04
9.0755456896984710e-01 2.1985868961765017e-04
9.0777430326453579e-01 2.1960988972142203e-04
9.0799378872922409e-01 2.1936102962829968e-04
9.0821302530374892e-01 2.1911210940606335e-04
9.0843201292801534e-01 2.1886312912295156e-04
9.0865075154199670e-01 2.1861408884686664e-04
9.0886924108573441e-01 2.1836498864715538e-04
9.0908748149933849e-01 2.1811582859084913e-04
9.0930547272298690e-01 2.1786660874732698e-04
9.0952321469692621e-01 2.1761732918391925e-04
9.0974070736147106e-01 2.1736798996975067e-04
9.0995795065700458e-01 2.1711859117285929e-04
9.1017494452397829e-01 2.1686913286108681e-04
9.1039168890291189e-01 2.1661961510365094e-04
9.1060818373439356e-01 2.1637003796903635e-04
9.1082442895908000e-01 2.1612040152503895e-04
9.1104042451769629e-01 2.1587070583969358e-04
9.1125617035103568e-01 2.1562095098289210e-04
9.1147166639996025e-01 2.1537113702195781e-04
9.1168691260540036e-01 2.1512126402545046e-04
9.1190190890835487e-01 2.1487133206194386e-04
9.1211665524989116e-01 2.1462134119990399e-04
9.1233115157114497e-01 2.1437129150881119e-04
9.1254539781332089e-01 2.1412118305600057e-04
9.1275939391769190e-01 2.1387101590996556e-04
9.1297313982559936e-01 2.1362079014040951e-04
9.1318663547845358e-01 2.1337050581453728e-04
9.1339988081773305e-01 2.1312016300259113e-04
9.1361287578498529e-01 2.1286976177169696e-04
9.1382562032182613e-01 2.1261930219144837e-04
9.1403811436994031e-01 2.1236878432940486e-04
9.1425035787108089e-01 2.1211820825576253e-04
9.1446235076706994e-01 2.1186757403815528e-04
9.1467409299979807e-01 2.1161688174513191e-04
9.1488558451122470e-01 2.1136613144594234e-04
9.1509682524337776e-01 2.1111532320915660e-04
9.1530781513835402e-01 2.1086445710419467e-04
9.1551855413831917e-01 2.1061353319879673e-04
9.1572904218550755e-01 2.1036255156189405e-04
9.1593927922222218e-01 2.1011151226281511e-04
9.1614926519083506e-01 2.0986041537003787e-04
9.1635900003378690e-01 2.0960926095222216e-04
9.1656848369358745e-01 2.0935804907817762e-04
9.1677771611281489e-01 2.0910677981749338e-04
9.1698669723411663e-01 2.0885545323861762e-04
9.1719542700020895e-01 2.0860406940985469e-04
9.1740390535387673e-01 2.0835262840156513e-04
9.1761213223797422e-01 2.0810113028085309e-04
9.1782010759542421e-01 2.0784957511772826e-04
9.1802783136921862e-01 2.0759796298080603e-04
9.1823530350241822e-01 2.0734629393953175e-04
9.1844252393815284e-01 2.0709456806286661e-04
9.1864949261962137e-01 2.0684278541924374e-04
9.1885620949009161e-01 2.0659094607766146e-04
9.1906267449290036e-01 2.0633905010767391e-04
9.1926888757145353e-01 2.0608709757790068e-04
9.1947484866922602e-01 2.0583508855780209e-04
9.1968055772976187e-01 2.0558302311614917e-04
9.1988601469667419e-01 2.0533090132196808e-04
9.2009121951364514e-01 2.0507872324456480e-04
9.2029617212442594e-01 2.0482648895381821e-04
9.2050087247283718e-01 2.0457419851764073e-04
9.2070532050276843e-01 2.0432185200546925e-04
9.2090951615817851e-01 2.0406944948592399e-04
9.2111345938309508e-01 2.0381699103022574e-04
9.2131715012161552e-01 2.0356447670562790e-04
9.2152058831790606e-01 2.0331190658178416e-04
9.2172377391620242e-01 2.0305928072802872e-04
9.2192670686080913e-01 2.0280659921418181e-04
9.2212938709610037e-01 2.0255386210913219e-04
9.2233181456651958e-01 2.0230106948126178e-04
9.2253398921657914e-01 2.0204822140153304e-04
9.2273591099086116e-01 2.0179531793775859e-04
9.2293757983401670e-01 2.0154235916061352e-04
9.2313899569076652e-01 2.0128934513777719e-04
9.2334015850590034e-01 2.0103627593997189e-04
9.2354106822427751e-01 2.0078315163606235e-04
9.2374172479082661e-01 2.0052997229569290e-04
9.2394212815054577e-01 2.0027673798766237e-04
9.2414227824850237e-01 2.0002344878179338e-04
9.2434217502983329e-01 1.9977010474733761e-04
9.2454181843974470e-01 1.9951670595468211e-04
9.2474120842351248e-01 1.9926325247231582e-04
9.2494034492648192e-01 1.9900974436919439e-04
9.2513922789406755e-01 1.9875618171591076e-04
9.2533785727175366e-01 1.9850256458138664e-04
9.2553623300509380e-01 1.9824889303624962e-04
9.2573435503971147e-01 1.9799516714801970e-04
9.2593222332129921e-01 1.9774138698794698e-04
9.2612983779561941e-01 1.9748755262512371e-04
9.2632719840850408e-01 1.9723366412839236e-04
9.2652430510585460e-01 1.9697972156811124e-04
9.2672115783364206e-01 1.9672572501372351e-04
9.2691775653790720e-01 1.9647167453474648e-04
9.2711410116476023e-01 1.9621757020169749e-04
9.2731019166038131e-01 1.9596341208274440e-04
9.2750602797102000e-01 1.9570920024825265e-04
9.2770161004299556e-01 1.9545493476824186e-04
9.2789693782269711e-01 1.9520061571152457e-04
9.2809201125658325e-01 1.9494624314859838e-04
9.2828683029118242e-01 1.9469181714912873e-04
9.2848139487309278e-01 1.9443733778273475e-04
9.2867570494898222e-01 1.9418280511938828e-04
9.2886976046558845e-01 1.9392821922804580e-04
9.2906356136971902e-01 1.9367358017896162e-04
9.2925710760825087e-01 1.9341888804301943e-04
9.2945039912813132e-01 1.9316414288818765e-04
9.2964343587637721e-01 1.9290934478462192e-04
9.2983621780007508e-01 1.9265449380335839e-04
9.3002874484638154e-01 1.9239959001380593e-04
9.3022101696252302e-01 1.9214463348567838e-04
9.3041303409579590e-01 1.9188962428818941e-04
9.3060479619356629e-01 1.9163456249183896e-04
9.3079630320327023e-01 1.9137944816698468e-04
9.3098755507241382e-01 1.9112428138285705e-04
9.3117855174857300e-01 1.9086906220954546e-04
9.3136929317939365e-01 1.9061379071717824e-04
9.3155977931259160e-01 1.9035846697612935e-04
9.3175001009595282e-01 1.9010309105527449e-04
9.3193998547733303e-01 1.8984766302564593e-04
9.3212970540465812e-01 1.8959218295707642e-04
9.3231916982592400e-01 1.8933665091906303e-04
9.3250837868919656e-01 1.8908106698197711e-04
9.3269733194261173e-01 1.8882543121614216e-04
9.3288602953437560e-01 1.8856974369098553e-04
9.3307447141276423e-01 1.8831400447716885e-04
9.3326265752612381e-01 1.8805821364471556e-04
9.3345058782287071e-01 1.8780237126318810e-04
9.3363826225149127e-01 1.8754647740360934e-04
9.3382568076054207e-01 1.8729053213594011e-04
9.3401284329864986e-01 1.8703453552993329e-04
9.3419974981451159e-01 1.8677848765536378e-04
9.3438640025689423e-01 1.8652238858300735e-04
9.3457279457463505e-01 1.8626623838302988e-04
9.3475893271664146e-01 1.8601003712590805e-04
9.3494481463189116e-01 1.8575378488161739e-04
9.3513044026943215e-01 1.8549748171985291e-04
9.3531580957838245e-01 1.8524112771193299e-04
9.3550092250793060e-01 1.8498472292714381e-04
9.3568577900733518e-01 1.8472826743669971e-04
9.3587037902592529e-01 1.8447176131005747e-04
9.3605472251310018e-01 1.8421520461782976e-04
9.3623880941832938e-01 1.8395859743101480e-04
9.3642263969115302e-01 1.8370193981826182e-04
9.3660621328118121e-01 1.8344523185160561e-04
9.3678953013809463e-01 1.8318847360103703e-04
9.3697259021164436e-01 1.8293166513631183e-04
9.3715539345165189e-01 1.8267480652737862e-04
9.3733793980800872e-01 1.8241789784691052e-04
9.3752022923067735e-01 1.8216093916321560e-04
9.3770226166969040e-01 1.8190393054691599e-04
9.3788403707515078e-01 1.8164687206991239e-04
9.3806555539723224e-01 1.8138976380098238e-04
9.3824681658617870e-01 1.8113260581150139e-04
9.3842782059230467e-01 1.8087539817170415e-04
9.3860856736599518e-01 1.8061814095191850e-04
9.3878905685770564e-01 1.8036083422350182e-04
9.3896928901796217e-01 1.8010347805600665e-04
9.3914926379736130e-01 1.7984607252047115e-04
9.3932898114657015e-01 1.7958861768730398e-04
9.3950844101632647e-01 1.7933111362654431e-04
9.3968764335743837e-01 1.7907356040997689e-04
9.3986658812078472e-01 1.7881595810813336e-04
9.4004527525731518e-01 1.7855830678968097e-04
9.4022370471804961e-01 1.7830060652723937e-04
9.4040187645407869e-01 1.7804285739159560e-04
9.4057979041656403e-01 1.7778505945103472e-04
9.4075744655673732e-01 1.7752721277910580e-04
9.4093484482590140e-01 1.7726931744503250e-04
9.4111198517542971e-01 1.7701137351876852e-04
9.4128886755676611e-01 1.7675338107287782e-04
9.4146549192142548e-01 1.7649534017705266e-04
9.4164185822099333e-01 1.7623725090194949e-04
9.4181796640712589e-01 1.7597911331843869e-04
9.4199381643155022e-01 1.7572092749661744e-04
9.4216940824606388e-01 1.7546269350893266e-04
9.4234474180253558e-01 1.7520441142455619e-04
9.4251981705290455e-01 1.7494608131506781e-04
9.4269463394918096e-01 1.7468770325102678e-04
9.4286919244344569e-01 1.7442927730364129e-04
9.4304349248785058e-01 1.7417080354334590e-04
9.4321753403461828e-01 1.7391228204055250e-04
9.4339131703604207e-01 1.7365371286789442e-04
9.4356484144448660e-01 1.7339509609349909e-04
9.4373810721238682e-01 1.7313643179078453e-04
9.4391111429224894e-01 1.7287772002989011e-04
9.4408386263665012e-01 1.7261896088059073e-04
9.4425635219823811e-01 1.7236015441546648e-04
9.4442858292973197e-01 1.7210130070413509e-04
9.4460055478392146e-01 1.7184239981817961e-04
9.4477226771366740e-01 1.7158345182834668e-04
9.4494372167190144e-01 1.7132445680677772e-04
9.4511491661162650e-01 1.7106541482286860e-04
9.4528585248591634e-01 1.7080632594763433e-04
9.4545652924791557e-01 1.7054719025370068e-04
9.4562694685084014e-01 1.7028800781048907e-04
9.4579710524797689e-01 1.7002877868918433e-04
9.4596700439268355e-01 1.6976950296203561e-04
9.4613664423838917e-01 1.6951018069939628e-04
9.4630602473859382e-01 1.6925081197176412e-04
9.4647514584686854e-01 1.6899139685099253e-04
9.4664400751685551e-01 1.6873193540847402e-04
9.4681260970226822e-01 1.6847242771396174e-04
9.4698095235689095e-01 1.6821287384006879e-04
9.4714903543457929e-01 1.6795327385811550e-04
9.4731685888926020e-01 1.6769362783723390e-04
9.4748442267493149e-01 1.6743393584974601e-04
9.4765172674566212e-01 1.6717419796798743e-04
9.4781877105559253e-01 1.6691441426150606e-04
9.4798555555893416e-01 1.6665458480232727e-04
9.4815208020996966e-01 1.6639470966180173e-04
9.4831834496305312e-01 1.6613478890991528e-04
9.4848434977260954e-01 1.6587482261936316e-04
9.4865009459313543e-01 1.6561481086063430e-04
9.4881557937919847e-01 1.6535475370513334e-04
9.4898080408543761e-01 1.6509465122432941e-04
9.4914576866656308e-01 1.6483450348970903e-04
9.4931047307735650e-01 1.6457431057218764e-04
9.4947491727267064e-01 1.6431407254390170e-04
9.4963910120742989e-01 1.6405378947447304e-04
9.4980302483662971e-01 1.6379346143615076e-04
9.4996668811533691e-01 1.6353308850092325e-04
9.5013009099868984e-01 1.6327267073953626e-04
9.5029323344189809e-01 1.6301220822368193e-04
9.5045611540024277e-01 1.6275170102397876e-04
9.5061873682907616e-01 1.6249114921336696e-04
9.5078109768382224e-01 1.6223055286182134e-04
9.5094319791997628e-01 1.6196991204085764e-04
9.5110503749310493e-01 1.6170922682236466e-04
9.5126661635884624e-01 1.6144849727895195e-04
9.5142793447291008e-01 1.6118772347963021e-04
9.5158899179107737e-01 1.6092690549747600e-04
9.5174978826920076e-01 1.6066604340337639e-04
9.5191032386320429e-01 1.6040513726924317e-04
9.5207059852908349e-01 1.6014418716717030e-04
9.5223061222290561e-01 1.5988319316731180e-04
9.5239036490080919e-01 1.5962215534236684e-04
9.5254985651900459e-01 1.5936107376226708e-04
9.5270908703377333e-01 1.5909994850083262e-04
9.5286805640146888e-01 1.5883877962821801e-04
9.5302676457851621e-01 1.5857756721602379e-04
9.5318521152141156e-01 1.5831631133670322e-04
9.5334339718672334e-01 1.5805501206061999e-04
9.5350132153109113e-01 1.5779366946040382e-04
9.5365898451122633e-01 1.5753228360723359e-04
9.5381638608391195e-01 1.5727085457262281e-04
9.5397352620600251e-01 1.5700938242970512e-04
9.5413040483442457e-01 1.5674786724771046e-04
9.5428702192617598e-01 1.5648630909991746e-04
9.5444337743832641e-01 1.5622470805818031e-04
9.5459947132801737e-01 1.5596306419312278e-04
9.5475530355246185e-01 1.5570137757744146e-04
9.5491087406894481e-01 1.5543964828173092e-04
9.5506618283482270e-01 1.5517787637899633e-04
9.5522122980752389e-01 1.5491606194024875e-04
9.5537601494454838e-01 1.5465420503808981e-04
9.5553053820346823e-01 1.5439230574225643e-04
9.5568479954192675e-01 1.5413036412761019e-04
9.5583879891763968e-01 1.5386838026303418e-04
9.5599253628839409e-01 1.5360635422180527e-04
9.5614601161204904e-01 1.5334428607570059e-04
9.5629922484653540e-01 1.5308217589669900e-04
9.5645217594985588e-01 1.5282002375684455e-04
9.5660486488008523e-01 1.5255782972605666e-04
9.5675729159536960e-01 1.5229559387928217e-04
9.5690945605392763e-01 1.5203331628496478e-04
9.5706135821404925e-01 1.5177099701793365e-04
9.5721299803409665e-01 1.5150863614915688e-04
9.5736437547250386e-01 1.5124623375029544e-04
9.5751549048777684e-01 1.5098378989296992e-04
9.5766634303849352e-01 1.5072130464861122e-04
9.5781693308330351e-01 1.5045877809101375e-04
9.5796726058092863e-01 1.5019621029179050e-04
9.5811732549016271e-01 1.4993360132172870e-04
9.5826712776987144e-01 1.4967095125301090e-04
9.5841666737899256e-01 1.4940826015739564e-04
9.5856594427653563e-01 1.4914552810813193e-04
9.5871495842158239e-01 1.4888275517716974e-04
9.5886370977328661e-01 1.4861994143595440e-04
9.5901219829087414e-01 1.4835708695576472e-04
9.5916042393364265e-01 1.4809419181025695e-04
9.5930838666096219e-01 1.4783125606944328e-04
9.5945608643227454e-01 1.4756827980722765e-04
9.5960352320709374e-01 1.4730526309527771e-04
9.5975069694500592e-01 1.4704220600571686e-04
9.5989760760566933e-01 1.4677910860997115e-04
9.6004425514881431e-01 1.4651597098022087e-04
9.6019063953424322e-01 1.4625279318921178e-04
9.6033676072183061e-01 1.4598957530953933e-04
9.6048261867152329e-01 1.4572631741232927e-04
9.6062821334334014e-01 1.4546301956983111e-04
9.6077354469737219e-01 1.4519968185440518e-04
9.6091861269378265e-01 1.4493630433845165e-04
9.6106341729280687e-01 1.4467288709469199e-04
9.6120795845475260e-01 1.4440943019387804e-04
9.6135223613999965e-01 1.4414593370843783e-04
9.6149625030899988e-01 1.4388239771263883e-04
9.6164000092227775e-01 1.4361882227672583e-04
9.6178348794042978e-01 1.4335520747288909e-04
9.6192671132412466e-01 1.4309155337443525e-04
9.6206967103410357e-01 1.4282786005208247e-04
9.6221236703117963e-01 1.4256412758022297e-04
9.6235479927623846e-01 1.4230035603096433e-04
9.6249696773023818e-01 1.4203654547411028e-04
9.6263887235420875e-01 1.4177269598489461e-04
9.6278051310925294e-01 1.4150880763274853e-04
9.6292188995654537e-01 1.4124488049271377e-04
9.6306300285733337e-01 1.4098091463565586e-04
9.6320385177293633e-01 1.4071691013561505e-04
9.6334443666474634e-01 1.4045286706280291e-04
9.6348475749422768e-01 1.4018878548963560e-04
9.6362481422291690e-01 1.3992466548980677e-04
9.6376460681242304e-01 1.3966050713580874e-04
9.6390413522442764e-01 1.3939631049908610e-04
9.6404339942068451e-01 1.3913207565269595e-04
9.6418239936301997e-01 1.3886780266879066e-04
9.6432113501333283e-01 1.3860349161888441e-04
9.6445960633359407e-01 1.3833914257767587e-04
9.6459781328584748e-01 1.3807475561557721e-04
9.6473575583220905e-01 1.3781033080651026e-04
9.6487343393486746e-01 1.3754586822157291e-04
9.6501084755608368e-01 1.3728136793427631e-04
9.6514799665819140e-01 1.3701683001568127e-04
9.6528488120359646e-01 1.3675225454065930e-04
9.6542150115477754e-01 1.3648764158064665e-04
9.6555785647428582e-01 1.3622299120729332e-04
9.6569394712474488e-01 1.3595830349407594e-04
9.6582977306885098e-01 1.3569357851256838e-04
9.6596533426937270e-01 1.3542881633750133e-04
9.6610063068915153e-01 1.3516401703936792e-04
9.6623566229110136e-01 1.3489918069092469e-04
9.6637042903820858e-01 1.3463430736596418e-04
9.6650493089353229e-01 1.3436939713690397e-04
9.6663916782020431e-01 1.3410445007487281e-04
9.6677313978142887e-01 1.3383946625372464e-04
9.6690684674048288e-01 1.3357444574636613e-04
9.6704028866071601e-01 1.3330938862465656e-04
9.6717346550555050e-01 1.3304429496094103e-04
9.6730637723848123e-01 1.3277916482828342e-04
9.6743902382307567e-01 1.3251399830044075e-04
9.6757140522297413e-01 1.3224879544939370e-04
9.6770352140188964e-01 1.3198355634671990e-04
9.6783537232360772e-01 1.3171828106645769e-04
9.6796695795198684e-01 1.3145296967995236e-04
9.6809827825095784e-01 1.3118762226240469e-04
9.6822933318452475e-01 1.3092223888395724e-04
9.6836012271676397e-01 1.3065681961887122e-04
9.6849064681182484e-01 1.3039136453920001e-04
9.6862090543392931e-01 1.3012587371886717e-04
9.6875089854737240e-01 1.2986034722814953e-04
9.6888062611652148e-01 1.2959478514234257e-04
9.6901008810581701e-01 1.2932918753335315e-04
9.6913928447977216e-01 1.2906355447417939e-04
9.6926821520297290e-01 1.2879788603746513e-04
9.6939688024007808e-01 1.2853218229577694e-04
9.6952527955581935e-01 1.2826644332159532e-04
9.6965341311500108e-01 1.2800066918881121e-04
9.6978128088250071e-01 1.2773485996889536e-04
9.6990888282326826e-01 1.2746901573633266e-04
9.7003621890232683e-01 1.2720313656326698e-04
9.7016328908477234e-01 1.2693722252246617e-04
9.7029009333577354e-01 1.2667127368734448e-04
9.7041663162057223e-01 1.2640529012937908e-04
9.7054290390448283e-01 1.2613927192378768e-04
9.7066891015289303e-01 1.2587321914112309e-04
9.7079465033126322e-01 1.2560713185459478e-04
9.7092012440512665e-01 1.2534101013880687e-04
9.7104533234008961e-01 1.2507485406683714e-04
9.7117027410183154e-01 1.2480866370909703e-04
9.7129494965610452e-01 1.2454243914049627e-04
9.7141935896873377e-01 1.2427618043354071e-04
9.7154350200561734e-01 1.2400988766258058e-04
9.7166737873272668e-01 1.2374356089688682e-04
9.7179098911610562e-01 1.2347720021370153e-04
9.7191433312187148e-01 1.2321080568378521e-04
9.7203741071621441e-01 1.2294437738053372e-04
9.7216022186539774e-01 1.2267791537541440e-04
9.7228276653575740e-01 1.2241141974539413e-04
9.7240504469370292e-01 1.2214489056038073e-04
9.7252705630571668e-01 1.2187832789289850e-04
9.7264880133835385e-01 1.2161173181873602e-04
9.7277027975824304e-01 1.2134510240945324e-04
9.7289149153208576e-01 1.2107843973847996e-04
9.7301243662665671e-01 1.2081174387831110e-04
9.7313311500880362e-01 1.2054501490210491e-04
9.7325352664544729e-01 1.2027825288366624e-04
9.7337367150358167e-01 1.2001145789627446e-04
9.7349354955027401e-01 1.1974463001127929e-04
9.7361316075266435e-01 1.1947776930397589e-04
9.7373250507796616e-01 1.1921087584655309e-04
9.7385158249346593e-01 1.1894394971262433e-04
9.7397039296652343e-01 1.1867699097407042e-04
9.7408893646457140e-01 1.1840999970612253e-04
9.7420721295511603e-01 1.1814297597963291e-04
9.7432522240573638e-01 1.1787591987033568e-04
9.7444296478408510e-01 1.1760883144842662e-04
9.7456044005788767e-01 1.1734171078921736e-04
9.7467764819494296e-01 1.1707455796574420e-04
9.7479458916312300e-01 1.1680737305184952e-04
9.7491126293037322e-01 1.1654015611931978e-04
9.7502766946471220e-01 1.1627290724106145e-04
9.7514380873423157e-01 1.1600562649266752e-04
9.7525968070709657e-01 1.1573831394495548e-04
9.7537528535154550e-01 1.1547096967177625e-04
9.7549062263588993e-01 1.1520359374697215e-04
9.7560569252851470e-01 1.1493618624457652e-04
9.7572049499787805e-01 1.1466874723745162e-04
9.7583503001251160e-01 1.1440127679705657e-04
9.7594929754102000e-01 1.1413377499888095e-04
9.7606329755208143e-01 1.1386624191559756e-04
9.7617703001444733e-01 1.1359867762081336e-04
9.7629049489694264e-01 1.1333108218592707e-04
9.7640369216846523e-01 1.1306345568792668e-04
9.7651662179798682e-01 1.1279579819727299e-04
9.7662928375455227e-01 1.1252810978716844e-04
9.7674167800727973e-01 1.1226039053289823e-04
9.7685380452536075e-01 1.1199264050667897e-04
9.7696566327806045e-01 1.1172485978230255e-04
9.7707725423471714e-01 1.1145704843373987e-04
9.7718857736474274e-01 1.1118920653281207e-04
9.7729963263762243e-01 1.1092133415340459e-04
9.7741042002291478e-01 1.1065343136990712e-04
9.7752093949025187e-01 1.1038549825582175e-04
9.7763119100933937e-01 1.1011753488214907e-04
9.7774117454995602e-01 1.0984954132563778e-04
9.7785089008195436e-01 1.0958151765764068e-04
9.7796033757526013e-01 1.0931346395385109e-04
9.7806951699987288e-01 1.0904538028475977e-04
9.7817842832586532e-01 1.0877726672553922e-04
9.7828707152338379e-01 1.0850912334869309e-04
9.7839544656264821e-01 1.0824095022850388e-04
9.7850355341395168e-01 1.0797274743924358e-04
9.7861139204766112e-01 1.0770451505393013e-04
9.7871896243421708e-01 1.0743625314341227e-04
9.7882626454413313e-01 1.0716796178562418e-04
9.7893329834799681e-01 1.0689964105247818e-04
9.7904006381646924e-01 1.0663129101500446e-04
9.7914656092028474e-01 1.0636291175008050e-04
9.7925278963025142e-01 1.0609450333048464e-04
9.7935874991725103e-01 1.0582606582858122e-04
9.7946444175223879e-01 1.0555759931778413e-04
9.7956986510624333e-01 1.0528910387460670e-04
9.7967501995036732e-01 1.0502057956865715e-04
9.7977990625578648e-01 1.0475202647793781e-04
9.7988452399375070e-01 1.0448344467179709e-04
9.7998887313558303e-01 1.0421483422667934e-04
9.8009295365268045e-01 1.0394619521421847e-04
9.8019676551651336e-01 1.0367752770986791e-04
9.8030030869862594e-01 1.0340883178599285e-04
9.8040358317063603e-01 1.0314010751571419e-04
9.8050658890423492e-01 1.0287135497473575e-04
9.8060932587118776e-01 1.0260257423604029e-04
9.8071179404333331e-01 1.0233376537361610e-04
9.8081399339258413e-01 1.0206492845916618e-04
9.8091592389092619e-01 1.0179606356912128e-04
9.8101758551041951e-01 1.0152717077429259e-04
9.8111897822319749e-01 1.0125825015045683e-04
9.8122010200146748e-01 1.0098930176981166e-04
9.8132095681751030e-01 1.0072032570798749e-04
9.8142154264368076e-01 1.0045132203730327e-04
9.8152185945240722e-01 1.0018229083191934e-04
9.8162190721619180e-01 9.9913232166509505e-05
9.8172168590761055e-01 9.9644146112579253e-05
9.8182119549931302e-01 9.9375032745780063e-05
9.8192043596402268e-01 9.9105892139060415e-05
9.8201940727453663e-01 9.8836724367746517e-05
9.8211810940372601e-01 9.8567529502880080e-05
9.8221654232453548e-01 9.8298307620315031e-05
9.8231470600998372e-01 9.8029058791417541e-05
9.8241260043316281e-01 9.7759783094549191e-05
9.8251022556723921e-01 9.7490480598406060e-05
9.8260758138545268e-01 9.7221151380931129e-05
9.8270466786111721e-01 9.6951795512262482e-05
9.8280148496762021e-01 9.6682413069995249e-05
9.8289803267842335e-01 9.6413004124480840e-05
9.8299431096706169e-01 9.6143568753880192e-05
9.8309031980714467e-01 9.5874107027211133e-05
9.8318605917235524e-01 9.5604619019702482e-05
9.8328152903645005e-01 9.5335104808870575e-05
9.8337672937326015e-01 9.5065564463866706e-05
9.8347166015669008e-01 9.4795998060151116e-05
9.8356632136071831e-01 9.4526405672386724e-05
9.8366071295939728e-01 9.4256787374396098e-05
9.8375483492685334e-01 9.3987143239271349e-05
9.8384868723728680e-01 9.3717473339764219e-05
9.8394226986497157e-01 9.3447777753653989e-05
9.8403558278425585e-01 9.3178056552894456e-05
9.8412862596956174e-01 9.2908309809232399e-05
9.8422139939538500e-01 9.2638537599906381e-05
9.8431390303629562e-01 9.2368739996727937e-05
9.8440613686693745e-01 9.2098917073478841e-05
9.8449810086202816e-01 9.1829068906103132e-05
9.8458979499635957e-01 9.1559195567168480e-05
9.8468121924479735e-01 9.1289297131740463e-05
9.8477237358228131e-01 9.1019373671667072e-05
9.8486325798382501e-01 9.0749425263439394e-05
9.8495387242451626e-01 9.0479451978574358e-05
9.8504421687951660e-01 9.0209453893656171e-05
9.8513429132406172e-01 8.9939431082357887e-05
9.8522409573346148e-01 8.9669383615753893e-05
9.8531363008309947e-01 8.9399311570252429e-05
9.8540289434843342e-01 8.9129215019934075e-05
9.8549188850499514e-01 8.8859094038342635e-05
9.8558061252839047e-01 8.8588948699024788e-05
9.8566906639429919e-01 8.8318779077244493e-05
9.8575725007847526e-01 8.8048585246426362e-05
9.8584516355674667e-01 8.7778367279979730e-05
9.8593280680501538e-01 8.7508125253822481e-05
9.8602017979925760e-01 8.7237859239990009e-05
9.8610728251552349e-01 8.6967569313207033e-05
9.8619411492993736e-01 8.6697255546716099e-05
9.8628067701869737e-01 8.6426918018621193e-05
9.8636696875807628e-01 8.6156556797711907e-05
9.8645299012442045e-01 8.5886171961854069e-05
9.8653874109415074e-01 8.5615763581880762e-05
9.8662422164376185e-01 8.5345331734020506e-05
9.8670943174982262e-01 8.5074876493827691e-05
9.8679437138897630e-01 8.4804397931968704e-05
9.8687904053793984e-01 8.4533896127196047e-05
9.8696343917350493e-01 8.4263371147215571e-05
9.8704756727253673e-01 8.3992823072320835e-05
9.8713142481197502e-01 8.3722251974169105e-05
9.8721501176883375e-01 8.3451657924270509e-05
9.8729832812020057e-01 8.3181041003128290e-05
9.8738137384323799e-01 8.2910401278267129e-05
9.8746414891518208e-01 8.2639738828689112e-05
9.8754665331334357e-01 8.2369053725065639e-05
9.8762888701510698e-01 8.2098346045187811e-05
9.8771084999793146e-01 8.1827615858895837e-05
9.8779254223934987e-01 8.1556863245820410e-05
9.8787396371696978e-01 8.1286088275313607e-05
9.8795511440847272e-01 8.1015291022440598e-05
9.8803599429161426e-01 8.0744471565761996e-05
9.8811660334422469e-01 8.0473629974013656e-05
9.8819694154420812e-01 8.0202766324035982e-05
9.8827700886954317e-01 7.9931880687779205e-05
9.8835680529828240e-01 7.9660973143382547e-05
9.8843633080855287e-01 7.9390043764049890e-05
9.8851558537855588e-01 7.9119092621666805e-05
9.8859456898656706e-01 7.8848119792475704e-05
9.8867328161093604e-01 7.8577125350437797e-05
9.8875172323008709e-01 7.8306109367511255e-05
9.8882989382251829e-01 7.8035071923606848e-05
9.8890779336680257e-01 7.7764013087755417e-05
9.8898542184158689e-01 7.7492932933985486e-05
9.8906277922559227e-01 7.7221831541617909e-05
9.8913986549761446e-01 7.6950708981375114e-05
9.8921668063652335e-01 7.6679565327125758e-05
9.8929322462126301e-01 7.6408400656099027e-05
9.8936949743085212e-01 7.6137215039670539e-05
9.8944549904438350e-01 7.5866008552656950e-05
9.8952122944102439e-01 7.5594781269084293e-05
9.8959668860001615e-01 7.5323533266561169e-05
9.8967187650067490e-01 7.5052264614951803e-05
9.8974679312239067e-01 7.4780975393151785e-05
9.8982143844462822e-01 7.4509665672004919e-05
9.8989581244692648e-01 7.4238335527047799e-05
9.8996991510889876e-01 7.3966985033409782e-05
9.9004374641023285e-01 7.3695614263675547e-05
9.9011730633069084e-01 7.3424223292746456e-05
9.9019059485010918e-01 7.3152812195656847e-05
9.9026361194839874e-01 7.2881381047658198e-05
9.9033635760554484e-01 7.2609929921853004e-05
9.9040883180160721e-01 7.2338458891776057e-05
9.9048103451671987e-01 7.2066968033951417e-05
9.9055296573109131e-01 7.1795457423257041e-05
9.9062462542500462e-01 7.1523927130231921e-05
9.9069601357881698e-01 7.1252377233950947e-05
9.9076713017296036e-01 7.0980807804495836e-05
9.9083797518794081e-01 7.0709218920862670e-05
9.9090854860433919e-01 7.0437610652722768e-05
9.9097885040281053e-01 7.0165983077074840e-05
9.9104888056408436e-01 6.9894336269199449e-05
9.9111863906896469e-01 6.9622670303884100e-05
9.9118812589833016e-01 6.9350985252719272e-05
9.9125734103313368e-01 6.9079281191383323e-05
9.9132628445440263e-01 6.8807558195575096e-05
9.9139495614323891e-01 6.8535816340301923e-05
9.9146335608081915e-01 6.8264055694908248e-05
9.9153148424839388e-01 6.7992276342302755e-05
9.9159934062728883e-01 6.7720478349028162e-05
9.9166692519890376e-01 6.7448661792500936e-05
9.9173423794471294e-01 6.7176826750364209e-05
9.9180127884626545e-01 6.6904973292665343e-05
9.9186804788518468e-01 6.6633101495104988e-05
9.9193454504316847e-01 6.6361211434193474e-05
9.9200077030198941e-01 6.6089303181420450e-05
9.9206672364349435e-01 6.5817376815166997e-05
9.9213240504960498e-01 6.5545432405749780e-05
9.9219781450231725e-01 6.5273470030908790e-05
9.9226295198370185e-01 6.5001489763516902e-05
9.9232781747590393e-01 6.4729491678009013e-05
9.9239241096114317e-01 6.4457475850373546e-05
9.9245673242171395e-01 6.4185442352316584e-05
9.9252078183998493e-01 6.3913391263458098e-05
9.9258455919839972e-01 6.3641322653426691e-05
9.9264806447947618e-01 6.3369236599874291e-05
9.9271129766580701e-01 6.3097133173858249e-05
9.9277425874005920e-01 6.2825012454575873e-05
9.9283694768497466e-01 6.2552874512150771e-05
9.9289936448336957e-01 6.2280719424707748e-05
9.9296150911813497e-01 6.2008547264823607e-05
9.9302338157223624e-01 6.1736358110511032e-05
9.9308498182871374e-01 6.1464152030822020e-05
9.9314630987068209e-01 6.1191929104348027e-05
9.9320736568133072e-01 6.0919689403393514e-05
9.9326814924392359e-01 6.0647433004114014e-05
9.9332866054179925e-01 6.0375159982840408e-05
9.9338889955837106e-01 6.0102870410831255e-05
9.9344886627712692e-01 5.9830564362828519e-05
9.9350856068162929e-01 5.9558241914687041e-05
9.9356798275551528e-01 5.9285903143141740e-05
9.9362713248249690e-01 5.9013548117115374e-05
9.9368600984636035e-01 5.8741176918844550e-05
9.9374461483096699e-01 5.8468789616719669e-05
9.9380294742025244e-01 5.8196386289710041e-05
9.9386100759822726e-01 5.7923967009686133e-05
9.9391879534897665e-01 5.7651531849597485e-05
9.9397631065666026e-01 5.7379080887865132e-05
9.9403355350551248e-01 5.7106614201774379e-05
9.9409052387984276e-01 5.6834131858180114e-05
9.9414722176403481e-01 5.6561633935625229e-05
9.9420364714254705e-01 5.6289120512098377e-05
9.9425979999991299e-01 5.6016591655235540e-05
9.9431568032074036e-01 5.5744047445056923e-05
9.9437128808971176e-01 5.5471487958124134e-05
9.9442662329158482e-01 5.5198913260800848e-05
9.9448168591119135e-01 5.4926323435720700e-05
9.9453647593343819e-01 5.4653718555871563e-05
9.9459099334330692e-01 5.4381098693854819e-05
9.9464523812585381e-01 5.4108463922992088e-05
9.9469921026620967e-01 5.3835814323228473e-05
9.9475290974958031e-01 5.3563149965505422e-05
9.9480633656124617e-01 5.3290470924174696e-05
9.9485949068656232e-01 5.3017777277954244e-05
9.9491237211095873e-01 5.2745069099693833e-05
9.9496498081994023e-01 5.2472346459625036e-05
9.9501731679908600e-01 5.2199609439506943e-05
9.9506938003405032e-01 5.1926858112042195e-05
9.9512117051056226e-01 5.1654092547738987e-05
9.9517268821442539e-01 5.1381312825659990e-05
9.9522393313151825e-01 5.1108519019377958e-05
9.9527490524779405e-01 5.0835711204263508e-05
9.9532560454928087e-01 5.0562889454361246e-05
9.9537603102208150e-01 5.0290053845354378e-05
9.9542618465237365e-01 5.0017204447823504e-05
9.9547606542640954e-01 4.9744341342345479e-05
9.9552567333051634e-01 4.9471464604369335e-05
9.9557500835109625e-01 4.9198574301074753e-05
9.9562407047462576e-01 4.8925670517004350e-05
9.9567285968765673e-01 4.8652753317314020e-05
9.9572137597681543e-01 4.8379822781545185e-05
9.9576961932880292e-01 4.8106878988398103e-05
9.9581758973039547e-01 4.7833922004949461e-05
9.9586528716844369e-01 4.7560951912987710e-05
9.9591271162987338e-01 4.7287968782651346e-05
9.9595986310168505e-01 4.7014972687843554e-05
9.9600674157095392e-01 4.6741963706234143e-05
9.9605334702483006e-01 4.6468941915847988e-05
9.9609967945053857e-01 4.6195907386760470e-05
9.9614573883537927e-01 4.5922860193901885e-05
9.9619152516672682e-01 4.5649800412158810e-05
9.9623703843203071e-01 4.5376728117444918e-05
9.9628227861881524e-01 4.5103643386059373e-05
9.9632724571467979e-01 4.4830546287677186e-05
9.9637193970729820e-01 4.4557436904645214e-05
9.9641636058441951e-01 4.4284315308490768e-05
9.9646050833386757e-01 4.4011181571967825e-05
9.9650438294354104e-01 4.3738035769457485e-05
9.9654798440141334e-01 4.3464877980660392e-05
9.9659131269553292e-01 4.3191708278687470e-05
9.9663436781402315e-01 4.2918526734382231e-05
9.9667714974508204e-01 4.2645333429232015e-05
9.9671965847698274e-01 4.2372128433501898e-05
9.9676189399807325e-01 4.2098911820011994e-05
9.9680385629677626e-01 4.1825683668258792e-05
9.9684554536158954e-01 4.1552444051382129e-05
9.9688696118108566e-01 4.1279193045380831e-05
9.9692810374391216e-01 4.1005930724616360e-05
9.9696897303879140e-01 4.0732657166233834e-05
9.9700956905452087e-01 4.0459372437212364e-05
9.9704989177997261e-01 4.0186076621195030e-05
9.9708994120409378e-01 3.9912769791492547e-05
9.9712971731590661e-01 3.9639452016041063e-05
9.9716922010450781e-01 3.9366123379989922e-05
9.9720844955906951e-01 3.9092783949261665e-05
9.9724740566883829e-01 3.8819433807813275e-05
9.9728608842313615e-01 3.8546073020132435e-05
9.9732449781135957e-01 3.8272701669390866e-05
9.9736263382298018e-01 3.7999319828654913e-05
9.9740049644754458e-01 3.7725927570874278e-05
9.9743808567467418e-01 3.7452524973898289e-05
9.9747540149406555e-01 3.7179112105526181e-05
9.9751244389548988e-01 3.6905689048707238e-05
9.9754921286879350e-01 3.6632255876821140e-05
9.9758570840389771e-01 3.6358812663558660e-05
9.9762193049079873e-01 3.6085359483248959e-05
9.9765787911956771e-01 3.5811896411009244e-05
9.9769355428035078e-01 3.5538423522251175e-05
9.9772895596336897e-01 3.5264940893801774e-05
9.9776408415891837e-01 3.4991448598436756e-05
9.9779893885737003e-01 3.4717946709778788e-05
9.9783352004916981e-01 3.4444435308253769e-05
9.9786782772483884e-01 3.4170914460134467e-05
9.9790186187497287e-01 3.3897384248675038e-05
9.9793562249024281e-01 3.3623844748623536e-05
9.9796910956139473e-01 3.3350296025746279e-05
9.9800232307924930e-01 3.3076738163778298e-05
9.9803526303470236e-01 3.2803171238307758e-05
9.9806792941872491e-01 3.2529595315657698e-05
9.9810032222236256e-01 3.2256010481241909e-05
9.9813244143673630e-01 3.1982416801192599e-05
9.9816428705304183e-01 3.1708814354918008e-05
9.9819585906254993e-01 3.1435203219626043e-05
9.9822715745660651e-01 3.1161583463716214e-05
9.9825818222663221e-01 3.0887955170495003e-05
9.9828893336412294e-01 3.0614318409158166e-05
9.9831941086064957e-01 3.0340673251727277e-05
9.9834961470785777e-01 3.0067019780431859e-05
9.9837954489746839e-01 2.9793358069615680e-05
9.9840920142127731e-01 2.9519688190462689e-05
9.9843858427115539e-01 2.9246010219225389e-05
9.9846769343904840e-01 2.8972324235805095e-05
9.9849652891697738e-01 2.8698630306351517e-05
9.9852509069703810e-01 2.8424928513372235e-05
9.9855337877140160e-01 2.8151218926343585e-05
9.9858139313231387e-01 2.7877501618347368e-05
9.9860913377209570e-01 2.7603776674704622e-05
9.9863660068314319e-01 2.7330044166732731e-05
9.9866379385792747e-01 2.7056304164014027e-05
9.9869071328899461e-01 2.6782556742174679e-05
9.9871735896896563e-01 2.6508801982020812e-05
9.9874373089053670e-01 2.6235039957591860e-05
9.9876982904647915e-01 2.5961270734894546e-05
9.9879565342963905e-01 2.5687494400170631e-05
9.9882120403293773e-01 2.5413711025265987e-05
9.9884648084937144e-01 2.5139920688950715e-05
9.9887148387201175e-01 2.4866123455515195e-05
9.9889621309400500e-01 2.4592319402814613e-05
9.9892066850857253e-01 2.4318508617375830e-05
9.9894485010901113e-01 2.4044691154823656e-05
9.9896875788869210e-01 2.3770867109718810e-05
9.9899239184106225e-01 2.3497036546106099e-05
9.9901575195964321e-01 2.3223199544168347e-05
9.9903883823803175e-01 2.2949356177110277e-05
9.9906165066989971e-01 2.2675506518181790e-05
9.9908418924899400e-01 2.2401650642521337e-05
9.9910645396913655e-01 2.2127788625728682e-05
9.9912844482422436e-01 2.1853920544914868e-05
9.9915016180822958e-01 2.1580046470026662e-05
9.9917160491519919e-01 2.1306166489522668e-05
9.9919277413925567e-01 2.1032280659424796e-05
9.9921366947459622e-01 2.0758389063186761e-05
9.9923429091549310e-01 2.0484491786880281e-05
9.9925463845629392e-01 2.0210588891239868e-05
9.9927471209142127e-01 1.9936680448725486e-05
9.9929451181537254e-01 1.9662766552105688e-05
9.9931403762272064e-01 1.9388847260408508e-05
9.9933328950811329e-01 1.9114922653347923e-05
9.9935226746627337e-01 1.8840992804442317e-05
9.9937097149199883e-01 1.8567057790073281e-05
9.9938940158016265e-01 1.8293117689912553e-05
9.9940755772571299e-01 1.8019172577600663e-05
9.9942543992367316e-01 1.7745222519956874e-05
9.9944304816914131e-01 1.7471267607848701e-05
9.9946038245729096e-01 1.7197307905159568e-05
9.9947744278337070e-01 1.6923343480224861e-05
9.9949422914270403e-01 1.6649374415320894e-05
9.9951074153068953e-01 1.6375400798326522e-05
9.9952697994280115e-01 1.6101422688626387e-05
9.9954294437458779e-01 1.5827440161569505e-05
9.9955863482167340e-01 1.5553453297873855e-05
9.9957405127975707e-01 1.5279462171583882e-05
9.9958919374461308e-01 1.5005466850236349e-05
9.9960406221209064e-01 1.4731467420651955e-05
9.9961865667811411e-01 1.4457463962546453e-05
9.9963297713868327e-01 1.4183456524818460e-05
9.9964702358987245e-01 1.3909445213227062e-05
9.9966079602783164e-01 1.3635430076482866e-05
9.9967429444878553e-01 1.3361411209270874e-05
9.9968751884903406e-01 1.3087388687774427e-05
9.9970046922495248e-01 1.2813362568154012e-05
9.9971314557299096e-01 1.2539332927165384e-05
9.9972554788967460e-01 1.2265299865890096e-05
9.9973767617160403e-01 1.1991263435782560e-05
9.9974953041545467e-01 1.1717223726445410e-05
9.9976111061797734e-01 1.1443180791624735e-05
9.9977241677599771e-01 1.1169134726052096e-05
9.9978344888641668e-01 1.0895085602059591e-05
9.9979420694621035e-01 1.0621033487969348e-05
9.9980469095242985e-01 1.0346978462609676e-05
9.9981490090220138e-01 1.0072920617333751e-05
9.9982483679272660e-01 9.7988599853028443e-06
9.9983449862128182e-01 9.5247966835127503e-06
9.9984388638521882e-01 9.2507307719739000e-06
9.9985300008196454e-01 8.9766623033360299e-06
9.9986183970902065e-01 8.7025914073469017e-06
9.9987040526396465e-01 8.4285180990743114e-06
9.9987869674444840e-01 8.1544424935779120e-06
9.9988671414819963e-01 7.8803646439634760e-06
9.9989445747302075e-01 7.6062846437258232e-06
9.9990192671678957e-01 7.3322025577092966e-06
9.9990912187745906e-01 7.0581184511871464e-06
9.9991604295305725e-01 6.7840324251653315e-06
9.9992268994168754e-01 6.5099445430944302e-06
9.9992906284152860e-01 6.2358548532968583e-06
9.9993516165083418e-01 5.9617634609875314e-06
9.9994098636793338e-01 5.6876704581726558e-06
9.9994653699123082e-01 5.4135758984796804e-06
9.9995181351920659e-01 5.1394798140524080e-06
9.9995681595041597e-01 4.8653823627757757e-06
9.9996154428349038e-01 4.5912835557542279e-06
9.9996599851713686e-01 4.3171835124806525e-06
9.9997017865013893e-01 4.0430822759428176e-06
9.9997408468135673e-01 3.7689799511686210e-06
9.9997771660972812e-01 3.4948765899732695e-06
9.9998107443426965e-01 3.2207723162118430e-06
9.9998415815407915e-01 2.9466671432180288e-06
9.9998696776833895e-01 2.6725612627230332e-06
9.9998950327632352e-01 2.3984546585849466e-06
9.9999176467741235e-01 2.1243474616926547e-06
9.9999375197111839e-01 1.8502399289788199e-06
9.9999546515715310e-01 1.5761321957067573e-06
9.9999690423559229e-01 1.3020248094149255e-06
9.9999806920737655e-01 1.0279193252955368e-06
9.9999896007619404e-01 7.5382034237795370e-07
9.9999957685858032e-01 4.7975669601403892e-07
9.9999991969135937e-01 2.0609754472539701e-07
