-9.9999994099632838e-01 1.5142273672802960e-07
-9.9999968911318227e-01 3.5248249481495569e-07
-9.9999923595612106e-01 5.5384063899250485e-07
-9.9999858142458620e-01 7.5522410291762294e-07
-9.9999772550638077e-01 9.5661275849700694e-07
-9.9999666819873312e-01 1.1580027169097905e-06
-9.9999540950087518e-01 1.3593930325708731e-06
-9.9999394941265962e-01 1.5607833787711225e-06
-9.9999228793419248e-01 1.7621734979661344e-06
-9.9999042506571056e-01 1.9635633866237306e-06
-9.9998836080753439e-01 2.1649528764247779e-06
-9.9998609516004688e-01 2.3663420303880401e-06
-9.9998362812368413e-01 2.5677306531820042e-06
-9.9998095969892953e-01 2.7691187897769496e-06
-9.9997808988631154e-01 2.9705063754605989e-06
-9.9997501868640193e-01 3.1718933545522650e-06
-9.9997174609981476e-01 3.3732796968858885e-06
-9.9996827212720585e-01 3.5746653779431982e-06
-9.9996459676927241e-01 3.7760503647055031e-06
-9.9996072002675296e-01 3.9774345645924579e-06
-9.9995664190042677e-01 4.1788179736852772e-06
-9.9995236239111418e-01 4.3802005159184999e-06
-9.9994788149967606e-01 4.5815822005868288e-06
-9.9994319922701425e-01 4.7829629582740222e-06
-9.9993831557407109e-01 4.9843427709504495e-06
-9.9993323054182981e-01 5.1857215640397496e-06
-9.9992794413131414e-01 5.3870992960255419e-06
-9.9992245634358834e-01 5.5884759520614513e-06
-9.9991676717975730e-01 5.7898515040133769e-06
-9.9991087664096667e-01 5.9912258873642258e-06
-9.9990478472840261e-01 6.1925990571059868e-06
-9.9989849144329190e-01 6.3939709555541441e-06
-9.9989199678690166e-01 6.5953415862896531e-06
-9.9988530076053972e-01 6.7967109118422650e-06
-9.9987840336555478e-01 6.9980788358542568e-06
-9.9987130460333562e-01 7.1994453655153130e-06
-9.9986400447531187e-01 7.4008104446996820e-06
-9.9985650298295370e-01 7.6021740280813000e-06
-9.9984880012777178e-01 7.8035360768953917e-06
-9.9984089591131731e-01 8.0048965583009515e-06
-9.9983279033518213e-01 8.2062554258877931e-06
-9.9982448340099850e-01 8.4076126575856380e-06
-9.9981597511043951e-01 8.6089681810377232e-06
-9.9980726546521859e-01 8.8103219675250206e-06
-9.9979835446708964e-01 9.0116739910778591e-06
-9.9978924211784737e-01 9.2130241962279423e-06
-9.9977992841932695e-01 9.4143725328367135e-06
-9.9977041337340389e-01 9.6157189879360608e-06
-9.9976069698199455e-01 9.8170635027652032e-06
-9.9975077924705569e-01 1.0018406040408847e-05
-9.9974066017058461e-01 1.0219746565751760e-05
-9.9973033975461933e-01 1.0421085018383776e-05
-9.9971981800123810e-01 1.0622421385969662e-05
-9.9970909491255999e-01 1.0823755614810650e-05
-9.9969817049074461e-01 1.1025087654624021e-05
-9.9968704473799197e-01 1.1226417473858985e-05
-9.9967571765654262e-01 1.1427745041701103e-05
-9.9966418924867784e-01 1.1629070304355414e-05
-9.9965245951671933e-01 1.1830393223636759e-05
-9.9964052846302931e-01 1.2031713764361242e-05
-9.9962839609001075e-01 1.2233031867565257e-05
-9.9961606240010681e-01 1.2434347515586992e-05
-9.9960352739580138e-01 1.2635660668066450e-05
-9.9959079107961901e-01 1.2836971273270344e-05
-9.9957785345412475e-01 1.3038279282355702e-05
-9.9956471452192397e-01 1.3239584673590753e-05
-9.9955137428566276e-01 1.3440887402243507e-05
-9.9953783274802788e-01 1.3642187413802241e-05
-9.9952408991174624e-01 1.3843484691040732e-05
-9.9951014577958575e-01 1.4044779172116015e-05
-9.9949600035435460e-01 1.4246070820209637e-05
-9.9948165363890151e-01 1.4447359599166968e-05
-9.9946710563611574e-01 1.4648645475184129e-05
-9.9945235634892715e-01 1.4849928403773811e-05
-9.9943740578030626e-01 1.5051208332556652e-05
-9.9942225393326378e-01 1.5252485241176048e-05
-9.9940690081085137e-01 1.5453759069039554e-05
-9.9939134641616090e-01 1.5655029787452641e-05
-9.9937559075232485e-01 1.5856297359005287e-05
-9.9935963382251647e-01 1.6057561726727442e-05
-9.9934347562994919e-01 1.6258822864697245e-05
-9.9932711617787717e-01 1.6460080728062349e-05
-9.9931055546959502e-01 1.6661335282114428e-05
-9.9929379350843806e-01 1.6862586474309152e-05
-9.9927683029778192e-01 1.7063834271399233e-05
-9.9925966584104287e-01 1.7265078631177502e-05
-9.9924230014167770e-01 1.7466319512586567e-05
-9.9922473320318361e-01 1.7667556883176466e-05
-9.9920696502909856e-01 1.7868790693326056e-05
-9.9918899562300090e-01 1.8070020903182019e-05
-9.9917082498850951e-01 1.8271247472090344e-05
-9.9915245312928380e-01 1.8472470361076933e-05
-9.9913388004902359e-01 1.8673689537872929e-05
-9.9911510575146956e-01 1.8874904946652850e-05
-9.9909613024040256e-01 1.9076116556150567e-05
-9.9907695351964421e-01 1.9277324318293719e-05
-9.9905757559305641e-01 1.9478528201517561e-05
-9.9903799646454172e-01 1.9679728166085309e-05
-9.9901821613804331e-01 1.9880924163902526e-05
-9.9899823461754467e-01 2.0082116162040570e-05
-9.9897805190707001e-01 2.0283304112488923e-05
-9.9895766801068397e-01 2.0484487974135880e-05
-9.9893708293249162e-01 2.0685667713406267e-05
-9.9891629667663862e-01 2.0886843288210894e-05
-9.9889530924731118e-01 2.1088014656234009e-05
-9.9887412064873593e-01 2.1289181781858997e-05
-9.9885273088518023e-01 2.1490344614394427e-05
-9.9883113996095174e-01 2.1691503117003804e-05
-9.9880934788039855e-01 2.1892657259209948e-05
-9.9878735464790969e-01 2.2093806981034733e-05
-9.9876516026791406e-01 2.2294952264795413e-05
-9.9874276474488177e-01 2.2496093049329729e-05
-9.9872016808332287e-01 2.2697229307319379e-05
-9.9869737028778816e-01 2.2898360996839016e-05
-9.9867437136286907e-01 2.3099488068036948e-05
-9.9865117131319714e-01 2.3300610497300547e-05
-9.9862777014344495e-01 2.3501728225924740e-05
-9.9860416785832518e-01 2.3702841221292177e-05
-9.9858036446259102e-01 2.3903949449145987e-05
-9.9855635996103653e-01 2.4105052854352179e-05
-9.9853215435849574e-01 2.4306151413203997e-05
-9.9850774765984363e-01 2.4507245074784154e-05
-9.9848313986999548e-01 2.4708333798931039e-05
-9.9845833099390713e-01 2.4909417545568784e-05
-9.9843332103657478e-01 2.5110496277892261e-05
-9.9840811000303531e-01 2.5311569952420900e-05
-9.9838269789836598e-01 2.5512638529492561e-05
-9.9835708472768447e-01 2.5713701974331046e-05
-9.9833127049614934e-01 2.5914760232239858e-05
-9.9830525520895907e-01 2.6115813277283842e-05
-9.9827903887135316e-01 2.6316861057069308e-05
-9.9825262148861116e-01 2.6517903542371588e-05
-9.9822600306605347e-01 2.6718940683329514e-05
-9.9819918360904081e-01 2.6919972440606485e-05
-9.9817216312297419e-01 2.7120998784354780e-05
-9.9814494161329559e-01 2.7322019659368389e-05
-9.9811751908548696e-01 2.7523035037823653e-05
-9.9808989554507122e-01 2.7724044866549411e-05
-9.9806207099761124e-01 2.7925049118552055e-05
-9.9803404544871088e-01 2.8126047742684831e-05
-9.9800581890401419e-01 2.8327040701819324e-05
-9.9797739136920571e-01 2.8528027957147006e-05
-9.9794876285001044e-01 2.8729009472617649e-05
-9.9791993335219420e-01 2.8929985193994941e-05
-9.9789090288156279e-01 2.9130955091391927e-05
-9.9786167144396265e-01 2.9331919127471508e-05
-9.9783223904528096e-01 2.9532877251501419e-05
-9.9780260569144508e-01 2.9733829426685542e-05
-9.9777277138842280e-01 2.9934775618507495e-05
-9.9774273614222275e-01 3.0135715774562131e-05
-9.9771249995889355e-01 3.0336649865781616e-05
-9.9768206284452454e-01 3.0537577849898386e-05
-9.9765142480524560e-01 3.0738499682521010e-05
-9.9762058584722701e-01 3.0939415321293690e-05
-9.9758954597667937e-01 3.1140324731258190e-05
-9.9755830519985389e-01 3.1341227870072756e-05
-9.9752686352304221e-01 3.1542124696809773e-05
-9.9749522095257637e-01 3.1743015173407077e-05
-9.9746337749482905e-01 3.1943899253631895e-05
-9.9743133315621313e-01 3.2144776903142157e-05
-9.9739908794318222e-01 3.2345648074868858e-05
-9.9736664186223001e-01 3.2546512738301012e-05
-9.9733399491989105e-01 3.2747370844983753e-05
-9.9730114712274021e-01 3.2948222353498173e-05
-9.9726809847739251e-01 3.3149067230771051e-05
-9.9723484899050396e-01 3.3349905431432699e-05
-9.9720139866877067e-01 3.3550736911462457e-05
-9.9716774751892912e-01 3.3751561637809884e-05
-9.9713389554775644e-01 3.3952379566816193e-05
-9.9709984276207009e-01 3.4153190661280820e-05
-9.9706558916872812e-01 3.4353994875539523e-05
-9.9703113477462890e-01 3.4554792169978182e-05
-9.9699647958671134e-01 3.4755582501600864e-05
-9.9696162361195451e-01 3.4956365837636330e-05
-9.9692656685737813e-01 3.5157142136793657e-05
-9.9689130933004255e-01 3.5357911350268784e-05
-9.9685585103704810e-01 3.5558673447742668e-05
-9.9682019198553595e-01 3.5759428382046315e-05
-9.9678433218268758e-01 3.5960176111198793e-05
-9.9674827163572466e-01 3.6160916602554145e-05
-9.9671201035190959e-01 3.6361649811102780e-05
-9.9667554833854510e-01 3.6562375696845548e-05
-9.9663888560297442e-01 3.6763094215697405e-05
-9.9660202215258098e-01 3.6963805333107782e-05
-9.9656495799478884e-01 3.7164509005839571e-05
-9.9652769313706235e-01 3.7365205195541066e-05
-9.9649022758690642e-01 3.7565893859750347e-05
-9.9645256135186633e-01 3.7766574956267015e-05
-9.9641469443952768e-01 3.7967248447499530e-05
-9.9637662685751649e-01 3.8167914295582314e-05
-9.9633835861349940e-01 3.8368572454588557e-05
-9.9629988971518324e-01 3.8569222886619388e-05
-9.9626122017031538e-01 3.8769865549984402e-05
-9.9622234998668346e-01 3.8970500406712555e-05
-9.9618327917211569e-01 3.9171127414566014e-05
-9.9614400773448053e-01 3.9371746534961771e-05
-9.9610453568168700e-01 3.9572357725421916e-05
-9.9606486302168440e-01 3.9772960946727638e-05
-9.9602498976246245e-01 3.9973556159445393e-05
-9.9598491591205141e-01 4.0174143319645606e-05
-9.9594464147852180e-01 4.0374722386833108e-05
-9.9590416646998436e-01 4.0575293327716361e-05
-9.9586349089459070e-01 4.0775856093062239e-05
-9.9582261476053224e-01 4.0976410651818711e-05
-9.9578153807604142e-01 4.1176956953363584e-05
-9.9574026084939060e-01 4.1377494961537516e-05
-9.9569878308889259e-01 4.1578024639203140e-05
-9.9565710480290071e-01 4.1778545944608435e-05
-9.9561522599980867e-01 4.1979058835086155e-05
-9.9557314668805053e-01 4.2179563270543479e-05
-9.9553086687610071e-01 4.2380059210256656e-05
-9.9548838657247396e-01 4.2580546615725931e-05
-9.9544570578572544e-01 4.2781025447326730e-05
-9.9540282452445084e-01 4.2981495660630054e-05
-9.9535974279728590e-01 4.3181957221071754e-05
-9.9531646061290702e-01 4.3382410085207741e-05
-9.9527297798003100e-01 4.3582854208418901e-05
-9.9522929490741474e-01 4.3783289555570463e-05
-9.9518541140385564e-01 4.3983716086280186e-05
-9.9514132747819140e-01 4.4184133762275334e-05
-9.9509704313930036e-01 4.4384542536671717e-05
-9.9505255839610096e-01 4.4584942371591276e-05
-9.9500787325755202e-01 4.4785333227358893e-05
-9.9496298773265279e-01 4.4985715063027267e-05
-9.9491790183044271e-01 4.5186087842258076e-05
-9.9487261556000184e-01 4.5386451520356425e-05
-9.9482712893045044e-01 4.5586806057599913e-05
-9.9478144195094920e-01 4.5787151412260341e-05
-9.9473555463069896e-01 4.5987487547765566e-05
-9.9468946697894112e-01 4.6187814421875293e-05
-9.9464317900495736e-01 4.6388131993709450e-05
-9.9459669071806966e-01 4.6588440223857261e-05
-9.9455000212764044e-01 4.6788739070560435e-05
-9.9450311324307239e-01 4.6989028493554691e-05
-9.9445602407380851e-01 4.7189308453141506e-05
-9.9440873462933210e-01 4.7389578911160007e-05
-9.9436124491916700e-01 4.7589839823619137e-05
-9.9431355495287710e-01 4.7790091153830138e-05
-9.9426566474006683e-01 4.7990332859820185e-05
-9.9421757429038093e-01 4.8190564899889796e-05
-9.9416928361350443e-01 4.8390787233589985e-05
-9.9412079271916254e-01 4.8590999824123173e-05
-9.9407210161712112e-01 4.8791202625556661e-05
-9.9402321031718599e-01 4.8991395602345552e-05
-9.9397411882920350e-01 4.9191578712897018e-05
-9.9392482716306019e-01 4.9391751919339193e-05
-9.9387533532868322e-01 4.9591915174489902e-05
-9.9382564333603962e-01 4.9792068444434521e-05
-9.9377575119513706e-01 4.9992211685673153e-05
-9.9372565891602338e-01 5.0192344858416959e-05
-9.9367536650878663e-01 5.0392467925888827e-05
-9.9362487398355548e-01 5.0592580842201992e-05
-9.9357418135049858e-01 5.0792683570698747e-05
-9.9352328861982508e-01 5.0992776068794192e-05
-9.9347219580178436e-01 5.1192858296421051e-05
-9.9342090290666596e-01 5.1392930216772417e-05
-9.9336940994479994e-01 5.1592991786646011e-05
-9.9331771692655657e-01 5.1793042965799155e-05
-9.9326582386234641e-01 5.1993083713261646e-05
-9.9321373076262021e-01 5.2193113991209809e-05
-9.9316143763786924e-01 5.2393133755040001e-05
-9.9310894449862464e-01 5.2593142971783714e-05
-9.9305625135545839e-01 5.2793141593093378e-05
-9.9300335821898222e-01 5.2993129584654800e-05
-9.9295026509984852e-01 5.3193106902936993e-05
-9.9289697200874982e-01 5.3393073506403399e-05
-9.9284347895641878e-01 5.3593029358794726e-05
-9.9278978595362843e-01 5.3792974420114810e-05
-9.9273589301119236e-01 5.3992908643691546e-05
-9.9268180013996388e-01 5.4192831996293067e-05
-9.9262750735083694e-01 5.4392744435247919e-05
-9.9257301465474568e-01 5.4592645919647997e-05
-9.9251832206266455e-01 5.4792536407576025e-05
-9.9246342958560807e-01 5.4992415861622595e-05
-9.9240833723463107e-01 5.5192284243212486e-05
-9.9235304502082888e-01 5.5392141506987505e-05
-9.9229755295533684e-01 5.5591987614684854e-05
-9.9224186104933043e-01 5.5791822529543881e-05
-9.9218596931402581e-01 5.5991646204979744e-05
-9.9212987776067885e-01 5.6191458607084008e-05
-9.9207358640058618e-01 5.6391259689120498e-05
-9.9201709524508419e-01 5.6591049416740042e-05
-9.9196040430554977e-01 5.6790827748590384e-05
-9.9190351359340012e-01 5.6990594641557940e-05
-9.9184642312009252e-01 5.7190350056447885e-05
-9.9178913289712445e-01 5.7390093954882344e-05
-9.9173164293603366e-01 5.7589826296818092e-05
-9.9167395324839835e-01 5.7789547037639483e-05
-9.9161606384583656e-01 5.7989256141578986e-05
-9.9155797474000673e-01 5.8188953568338182e-05
-9.9149968594260773e-01 5.8388639272982834e-05
-9.9144119746537818e-01 5.8588313221667016e-05
-9.9138250932009730e-01 5.8787975370650259e-05
-9.9132362151858444e-01 5.8987625679406116e-05
-9.9126453407269910e-01 5.9187264107637799e-05
-9.9120524699434087e-01 5.9386890618349452e-05
-9.9114576029544987e-01 5.9586505166825961e-05
-9.9108607398800608e-01 5.9786107716615826e-05
-9.9102618808402987e-01 5.9985698226131531e-05
-9.9096610259558182e-01 6.0185276654068144e-05
-9.9090581753476259e-01 6.0384842961628963e-05
-9.9084533291371313e-01 6.0584397107854617e-05
-9.9078464874461447e-01 6.0783939053944465e-05
-9.9072376503968806e-01 6.0983468756279190e-05
-9.9066268181119521e-01 6.1182986178425093e-05
-9.9060139907143763e-01 6.1382491279011087e-05
-9.9053991683275711e-01 6.1581984018676701e-05
-9.9047823510753574e-01 6.1781464355515733e-05
-9.9041635390819571e-01 6.1980932249681300e-05
-9.9035427324719938e-01 6.2180387660844497e-05
-9.9029199313704930e-01 6.2379830548410693e-05
-9.9022951359028799e-01 6.2579260876115955e-05
-9.9016683461949850e-01 6.2778678599776714e-05
-9.9010395623730385e-01 6.2978083679347759e-05
-9.9004087845636712e-01 6.3177476076906028e-05
-9.8997760128939172e-01 6.3376855751083179e-05
-9.8991412474912122e-01 6.3576222659847526e-05
-9.8985044884833906e-01 6.3775576767640204e-05
-9.8978657359986932e-01 6.3974918028305129e-05
-9.8972249901657572e-01 6.4174246406777766e-05
-9.8965822511136237e-01 6.4373561862287573e-05
-9.8959375189717369e-01 6.4572864350579166e-05
-9.8952907938699375e-01 6.4772153838225696e-05
-9.8946420759384734e-01 6.4971430278709810e-05
-9.8939913653079903e-01 6.5170693633956602e-05
-9.8933386621095354e-01 6.5369943864627505e-05
-9.8926839664745569e-01 6.5569180932225631e-05
-9.8920272785349073e-01 6.5768404792452864e-05
-9.8913685984228361e-01 6.5967615408783057e-05
-9.8907079262709963e-01 6.6166812741044390e-05
-9.8900452622124435e-01 6.6365996745162745e-05
-9.8893806063806311e-01 6.6565167384805679e-05
-9.8887139589094153e-01 6.6764324619684689e-05
-9.8880453199330542e-01 6.6963468407818042e-05
-9.8873746895862058e-01 6.7162598710299333e-05
-9.8867020680039297e-01 6.7361715486194415e-05
-9.8860274553216854e-01 6.7560818697548052e-05
-9.8853508516753352e-01 6.7759908302105214e-05
-9.8846722572011414e-01 6.7958984260337718e-05
-9.8839916720357679e-01 6.8158046530667049e-05
-9.8833090963162773e-01 6.8357095076466946e-05
-9.8826245301801363e-01 6.8556129854249829e-05
-9.8819379737652102e-01 6.8755150825394330e-05
-9.8812494272097651e-01 6.8954157951186748e-05
-9.8805588906524688e-01 6.9153151190834639e-05
-9.8798663642323914e-01 6.9352130501161021e-05
-9.8791718480890001e-01 6.9551095845672774e-05
-9.8784753423621652e-01 6.9750047183189432e-05
-9.8777768471921568e-01 6.9948984474615776e-05
-9.8770763627196478e-01 7.0147907676029882e-05
-9.8763738890857078e-01 7.0346816752321612e-05
-9.8756694264318101e-01 7.0545711661140496e-05
-9.8749629748998269e-01 7.0744592364056690e-05
-9.8742545346320332e-01 7.0943458818031977e-05
-9.8735441057711026e-01 7.1142310983556321e-05
-9.8728316884601086e-01 7.1341148823036665e-05
-9.8721172828425263e-01 7.1539972295712009e-05
-9.8714008890622329e-01 7.1738781358238158e-05
-9.8706825072635018e-01 7.1937575974994613e-05
-9.8699621375910096e-01 7.2136356105275193e-05
-9.8692397801898346e-01 7.2335121705408438e-05
-9.8685154352054516e-01 7.2533872739288205e-05
-9.8677891027837383e-01 7.2732609165579939e-05
-9.8670607830709722e-01 7.2931330944152220e-05
-9.8663304762138315e-01 7.3130038033591426e-05
-9.8655981823593930e-01 7.3328730395897369e-05
-9.8648639016551343e-01 7.3527407991511197e-05
-9.8641276342489348e-01 7.3726070777864274e-05
-9.8633893802890715e-01 7.3924718717135305e-05
-9.8626491399242233e-01 7.4123351768218959e-05
-9.8619069133034687e-01 7.4321969890564179e-05
-9.8611627005762847e-01 7.4520573046579953e-05
-9.8604165018925505e-01 7.4719161194781522e-05
-9.8596683174025446e-01 7.4917734294467463e-05
-9.8589181472569443e-01 7.5116292307251026e-05
-9.8581659916068287e-01 7.5314835191229589e-05
-9.8574118506036745e-01 7.5513362908764245e-05
-9.8566557243993613e-01 7.5711875416433876e-05
-9.8558976131461651e-01 7.5910372677276514e-05
-9.8551375169967637e-01 7.6108854650172353e-05
-9.8543754361042335e-01 7.6307321296474140e-05
-9.8536113706220518e-01 7.6505772575323716e-05
-9.8528453207040956e-01 7.6704208445911684e-05
-9.8520772865046413e-01 7.6902628867415339e-05
-9.8513072681783631e-01 7.7101033802955517e-05
-9.8505352658803369e-01 7.7299423211445401e-05
-9.8497612797660383e-01 7.7497797051465499e-05
-9.8489853099913416e-01 7.7696155283509883e-05
-9.8482073567125195e-01 7.7894497869566696e-05
-9.8474274200862466e-01 7.8092824767427054e-05
-9.8466455002695952e-01 7.8291135938150696e-05
-9.8458615974200370e-01 7.8489431342582976e-05
-9.8450757116954446e-01 7.8687710938854107e-05
-9.8442878432540881e-01 7.8885974688541616e-05
-9.8434979922546384e-01 7.9084222550435766e-05
-9.8427061588561637e-01 7.9282454486717891e-05
-9.8419123432181344e-01 7.9480670454642248e-05
-9.8411165455004168e-01 7.9678870416790285e-05
-9.8403187658632785e-01 7.9877054332692758e-05
-9.8395190044673864e-01 8.0075222160996923e-05
-9.8387172614738050e-01 8.0273373863297602e-05
-9.8379135370439985e-01 8.0471509399934990e-05
-9.8371078313398319e-01 8.0669628728492727e-05
-9.8363001445235654e-01 8.0867731813050422e-05
-9.8354904767578621e-01 8.1065818610398256e-05
-9.8346788282057818e-01 8.1263889082354963e-05
-9.8338651990307846e-01 8.1461943186965634e-05
-9.8330495893967274e-01 8.1659980886991516e-05
-9.8322319994678686e-01 8.1858002139885126e-05
-9.8314124294088623e-01 8.2056006909124668e-05
-9.8305908793847641e-01 8.2253995152906057e-05
-9.8297673495610283e-01 8.2451966829817514e-05
-9.8289418401035056e-01 8.2649921902333120e-05
-9.8281143511784463e-01 8.2847860331297185e-05
-9.8272848829525017e-01 8.3045782074080100e-05
-9.8264534355927191e-01 8.3243687091624416e-05
-9.8256200092665447e-01 8.3441575345029868e-05
-9.8247846041418230e-01 8.3639446795372418e-05
-9.8239472203867995e-01 8.3837301399849838e-05
-9.8231078581701159e-01 8.4035139119381655e-05
-9.8222665176608115e-01 8.4232959916264195e-05
-9.8214231990283263e-01 8.4430763749069593e-05
-9.8205779024424966e-01 8.4628550579651874e-05
-9.8197306280735608e-01 8.4826320364007611e-05
-9.8188813760921501e-01 8.5024073066802355e-05
-9.8180301466692976e-01 8.5221808646882314e-05
-9.8171769399764353e-01 8.5419527062398530e-05
-9.8163217561853899e-01 8.5617228276402505e-05
-9.8154645954683895e-01 8.5814912247734887e-05
-9.8146054579980591e-01 8.6012578936241072e-05
-9.8137443439474226e-01 8.6210228301207830e-05
-9.8128812534898990e-01 8.6407860306208991e-05
-9.8120161867993094e-01 8.6605474908814113e-05
-9.8111491440498710e-01 8.6803072069125545e-05
-9.8102801254161986e-01 8.7000651748124966e-05
-9.8094091310733056e-01 8.7198213905763762e-05
-9.8085361611966015e-01 8.7395758504391497e-05
-9.8076612159618981e-01 8.7593285499958283e-05
-9.8067842955453999e-01 8.7790794856086439e-05
-9.8059054001237123e-01 8.7988286531518969e-05
-9.8050245298738370e-01 8.8185760487429279e-05
-9.8041416849731755e-01 8.8383216681709804e-05
-9.8032568655995234e-01 8.8580655077805703e-05
-9.8023700719310769e-01 8.8778075634437687e-05
-9.8014813041464288e-01 8.8975478312104545e-05
-9.8005905624245704e-01 8.9172863069841621e-05
-9.7996978469448881e-01 8.9370229870199406e-05
-9.7988031578871693e-01 8.9567578670717767e-05
-9.7979064954315953e-01 8.9764909434030419e-05
-9.7970078597587473e-01 8.9962222119228640e-05
-9.7961072510496028e-01 9.0159516687209973e-05
-9.7952046694855377e-01 9.0356793096745545e-05
-9.7943001152483233e-01 9.0554051310071928e-05
-9.7933935885201306e-01 9.0751291285519399e-05
-9.7924850894835247e-01 9.0948512986310776e-05
-9.7915746183214725e-01 9.1145716368459624e-05
-9.7906621752173328e-01 9.1342901396026147e-05
-9.7897477603548655e-01 9.1540068027520704e-05
-9.7888313739182253e-01 9.1737216224219213e-05
-9.7879130160919658e-01 9.1934345945075420e-05
-9.7869926870610358e-01 9.2131457151972638e-05
-9.7860703870107835e-01 9.2328549803317878e-05
-9.7851461161269504e-01 9.2525623860186830e-05
-9.7842198745956777e-01 9.2722679284481513e-05
-9.7832916626035038e-01 9.2919716033963319e-05
-9.7823614803373615e-01 9.3116734071183960e-05
-9.7814293279845821e-01 9.3313733356092452e-05
-9.7804952057328953e-01 9.3510713845940872e-05
-9.7795591137704230e-01 9.3707675505151343e-05
-9.7786210522856876e-01 9.3904618292086069e-05
-9.7776810214676058e-01 9.4101542168686234e-05
-9.7767390215054939e-01 9.4298447092562771e-05
-9.7757950525890625e-01 9.4495333024831909e-05
-9.7748491149084171e-01 9.4692199928523085e-05
-9.7739012086540644e-01 9.4889047760269446e-05
-9.7729513340169027e-01 9.5085876483502844e-05
-9.7719994911882302e-01 9.5282686056868122e-05
-9.7710456803597401e-01 9.5479476440598127e-05
-9.7700899017235221e-01 9.5676247594918672e-05
-9.7691321554720612e-01 9.5872999481783381e-05
-9.7681724417982396e-01 9.6069732061076219e-05
-9.7672107608953374e-01 9.6266445291189273e-05
-9.7662471129570272e-01 9.6463139135029359e-05
-9.7652814981773806e-01 9.6659813551879399e-05
-9.7643139167508641e-01 9.6856468502421790e-05
-9.7633443688723409e-01 9.7053103946831754e-05
-9.7623728547370692e-01 9.7249719846455993e-05
-9.7613993745407057e-01 9.7446316158983015e-05
-9.7604239284792993e-01 9.7642892847850569e-05
-9.7594465167492983e-01 9.7839449871135444e-05
-9.7584671395475431e-01 9.8035987192449930e-05
-9.7574857970712747e-01 9.8232504768564773e-05
-9.7565024895181263e-01 9.8429002561568202e-05
-9.7555172170861282e-01 9.8625480531237928e-05
-9.7545299799737051e-01 9.8821938639553705e-05
-9.7535407783796790e-01 9.9018376846017668e-05
-9.7525496125032674e-01 9.9214795110573155e-05
-9.7515564825440826e-01 9.9411193393904123e-05
-9.7505613887021325e-01 9.9607571656779487e-05
-9.7495643311778213e-01 9.9803929859078604e-05
-9.7485653101719472e-01 1.0000026796247303e-04
-9.7475643258857059e-01 1.0019658592576361e-04
-9.7465613785206862e-01 1.0039288371111230e-04
-9.7455564682788742e-01 1.0058916127774746e-04
-9.7445495953626504e-01 1.0078541858644825e-04
-9.7435407599747903e-01 1.0098165559815527e-04
-9.7425299623184647e-01 1.0117787227375554e-04
-9.7415172025972407e-01 1.0137406857243824e-04
-9.7405024810150798e-01 1.0157024445497780e-04
-9.7394857977763383e-01 1.0176639988178960e-04
-9.7384671530857680e-01 1.0196253481318066e-04
-9.7374465471485139e-01 1.0215864921205512e-04
-9.7364239801701202e-01 1.0235474303502262e-04
-9.7353994523565213e-01 1.0255081624583701e-04
-9.7343729639140497e-01 1.0274686880322101e-04
-9.7333445150494313e-01 1.0294290066840828e-04
-9.7323141059697871e-01 1.0313891180205435e-04
-9.7312817368826332e-01 1.0333490216420181e-04
-9.7302474079958801e-01 1.0353087171568690e-04
-9.7292111195178332e-01 1.0372682041659301e-04
-9.7281728716571925e-01 1.0392274822777603e-04
-9.7271326646230527e-01 1.0411865510912649e-04
-9.7260904986249019e-01 1.0431454102271780e-04
-9.7250463738726245e-01 1.0451040592812205e-04
-9.7240002905764988e-01 1.0470624978537208e-04
-9.7229522489471965e-01 1.0490207255642310e-04
-9.7219022491957852e-01 1.0509787420064456e-04
-9.7208502915337258e-01 1.0529365467909687e-04
-9.7197963761728734e-01 1.0548941395311588e-04
-9.7187405033254792e-01 1.0568515198136439e-04
-9.7176826732041854e-01 1.0588086872690540e-04
-9.7166228860220327e-01 1.0607656414707436e-04
-9.7155611419924515e-01 1.0627223820515902e-04
-9.7144974413292684e-01 1.0646789086126918e-04
-9.7134317842467055e-01 1.0666352207420237e-04
-9.7123641709593744e-01 1.0685913180820320e-04
-9.7112946016822865e-01 1.0705472002015584e-04
-9.7102230766308428e-01 1.0725028667247363e-04
-9.7091495960208396e-01 1.0744583172575192e-04
-9.7080741600684684e-01 1.0764135513888067e-04
-9.7069967689903103e-01 1.0783685687589812e-04
-9.7059174230033451e-01 1.0803233689469716e-04
-9.7048361223249435e-01 1.0822779515694123e-04
-9.7037528671728712e-01 1.0842323162225305e-04
-9.7026676577652859e-01 1.0861864625238156e-04
-9.7015804943207407e-01 1.0881403900705078e-04
-9.7004913770581791e-01 1.0900940984938051e-04
-9.6994003061969436e-01 1.0920475873609257e-04
-9.6983072819567639e-01 1.0940008563144953e-04
-9.6972123045577685e-01 1.0959539049317284e-04
-9.6961153742204753e-01 1.0979067328365899e-04
-9.6950164911657966e-01 1.0998593396411388e-04
-9.6939156556150397e-01 1.1018117249347051e-04
-9.6928128677899039e-01 1.1037638883222758e-04
-9.6917081279124795e-01 1.1057158294376074e-04
-9.6906014362052539e-01 1.1076675478618427e-04
-9.6894927928911045e-01 1.1096190432170470e-04
-9.6883821981933038e-01 1.1115703150997732e-04
-9.6872696523355151e-01 1.1135213631318450e-04
-9.6861551555417980e-01 1.1154721868945777e-04
-9.6850387080366007e-01 1.1174227860220003e-04
-9.6839203100447679e-01 1.1193731601052983e-04
-9.6827999617915350e-01 1.1213233087603336e-04
-9.6816776635025315e-01 1.1232732315864413e-04
-9.6805534154037787e-01 1.1252229281927510e-04
-9.6794272177216911e-01 1.1271723981849247e-04
-9.6782990706830752e-01 1.1291216411761058e-04
-9.6771689745151301e-01 1.1310706567759546e-04
-9.6760369294454485e-01 1.1330194445866578e-04
-9.6749029357020144e-01 1.1349680042188896e-04
-9.6737669935132053e-01 1.1369163352754037e-04
-9.6726291031077904e-01 1.1388644373651696e-04
-9.6714892647149320e-01 1.1408123100898388e-04
-9.6703474785641819e-01 1.1427599530823854e-04
-9.6692037448854895e-01 1.1447073659129316e-04
-9.6680580639091906e-01 1.1466545482219086e-04
-9.6669104358660174e-01 1.1486014996007278e-04
-9.6657608609870915e-01 1.1505482196617483e-04
-9.6646093395039301e-01 1.1524947080079419e-04
-9.6634558716484376e-01 1.1544409642549076e-04
-9.6623004576529137e-01 1.1563869880080029e-04
-9.6611430977500490e-01 1.1583327788784170e-04
-9.6599837921729270e-01 1.1602783364642570e-04
-9.6588225411550221e-01 1.1622236603759872e-04
-9.6576593449302006e-01 1.1641687502228227e-04
-9.6564942037327195e-01 1.1661136056252579e-04
-9.6553271177972300e-01 1.1680582261757672e-04
-9.6541580873587718e-01 1.1700026115012524e-04
-9.6529871126527800e-01 1.1719467611881618e-04
-9.6518141939150792e-01 1.1738906748442577e-04
-9.6506393313818828e-01 1.1758343521100836e-04
-9.6494625252898014e-01 1.1777777925590157e-04
-9.6482837758758333e-01 1.1797209958083670e-04
-9.6471030833773674e-01 1.1816639614829726e-04
-9.6459204480321870e-01 1.1836066891750218e-04
-9.6447358700784636e-01 1.1855491785076912e-04
-9.6435493497547631e-01 1.1874914290709855e-04
-9.6423608873000399e-01 1.1894334404848328e-04
-9.6411704829536404e-01 1.1913752123602569e-04
-9.6399781369553028e-01 1.1933167442985548e-04
-9.6387838495451550e-01 1.1952580359173221e-04
-9.6375876209637179e-01 1.1971990868095119e-04
-9.6363894514519000e-01 1.1991398966091142e-04
-9.6351893412510048e-01 1.2010804648996545e-04
-9.6339872906027224e-01 1.2030207913159800e-04
-9.6327832997491381e-01 1.2049608754430239e-04
-9.6315773689327244e-01 1.2069007169017518e-04
-9.6303694983963450e-01 1.2088403153129299e-04
-9.6291596883832575e-01 1.2107796702566044e-04
-9.6279479391371048e-01 1.2127187813760357e-04
-9.6267342509019260e-01 1.2146576482463863e-04
-9.6255186239221457e-01 1.2165962705024468e-04
-9.6243010584425814e-01 1.2185346477512938e-04
-9.6230815547084414e-01 1.2204727795940104e-04
-9.6218601129653236e-01 1.2224106656407550e-04
-9.6206367334592158e-01 1.2243483055074538e-04
-9.6194114164364963e-01 1.2262856988043880e-04
-9.6181841621439357e-01 1.2282228451225081e-04
-9.6169549708286894e-01 1.2301597441079936e-04
-9.6157238427383096e-01 1.2320963953367048e-04
-9.6144907781207345e-01 1.2340327984262556e-04
-9.6132557772242921e-01 1.2359689529975034e-04
-9.6120188402977014e-01 1.2379048586621562e-04
-9.6107799675900729e-01 1.2398405150098333e-04
-9.6095391593509027e-01 1.2417759216803962e-04
-9.6082964158300821e-01 1.2437110782543702e-04
-9.6070517372778874e-01 1.2456459843620323e-04
-9.6058051239449882e-01 1.2475806395965421e-04
-9.6045565760824403e-01 1.2495150435878200e-04
-9.6033060939416914e-01 1.2514491959403080e-04
-9.6020536777745802e-01 1.2533830962450630e-04
-9.6007993278333292e-01 1.2553167441510817e-04
-9.5995430443705576e-01 1.2572501392326690e-04
-9.5982848276392696e-01 1.2591832811095468e-04
-9.5970246778928581e-01 1.2611161694090877e-04
-9.5957625953851078e-01 1.2630488037304377e-04
-9.5944985803701921e-01 1.2649811836812396e-04
-9.5932326331026729e-01 1.2669133088742947e-04
-9.5919647538375019e-01 1.2688451789172697e-04
-9.5906949428300192e-01 1.2707767934230392e-04
-9.5894232003359525e-01 1.2727081520218846e-04
-9.5881495266114236e-01 1.2746392542881363e-04
-9.5868739219129373e-01 1.2765700998601103e-04
-9.5855963864973903e-01 1.2785006883440334e-04
-9.5843169206220680e-01 1.2804310193481231e-04
-9.5830355245446441e-01 1.2823610924828926e-04
-9.5817521985231813e-01 1.2842909073614104e-04
-9.5804669428161304e-01 1.2862204635968554e-04
-9.5791797576823323e-01 1.2881497607912558e-04
-9.5778906433810140e-01 1.2900787985703081e-04
-9.5765996001717935e-01 1.2920075765364127e-04
-9.5753066283146759e-01 1.2939360943008886e-04
-9.5740117280700554e-01 1.2958643514751134e-04
-9.5727148996987133e-01 1.2977923476780709e-04
-9.5714161434618206e-01 1.2997200825162514e-04
-9.5701154596209370e-01 1.3016475555918921e-04
-9.5688128484380075e-01 1.3035747665377228e-04
-9.5675083101753688e-01 1.3055017149483385e-04
-9.5662018450957431e-01 1.3074284004473876e-04
-9.5648934534622421e-01 1.3093548226413159e-04
-9.5635831355383660e-01 1.3112809811313306e-04
-9.5622708915880006e-01 1.3132068755458264e-04
-9.5609567218754210e-01 1.3151325054952935e-04
-9.5596406266652911e-01 1.3170578705817715e-04
-9.5583226062226601e-01 1.3189829704337441e-04
-9.5570026608129677e-01 1.3209078046490840e-04
-9.5556807907020402e-01 1.3228323728376945e-04
-9.5543569961560904e-01 1.3247566746234021e-04
-9.5530312774417192e-01 1.3266807096191916e-04
-9.5517036348259166e-01 1.3286044774278396e-04
-9.5503740685760585e-01 1.3305279776629404e-04
-9.5490425789599076e-01 1.3324512099488321e-04
-9.5477091662456159e-01 1.3343741738866590e-04
-9.5463738307017221e-01 1.3362968690860567e-04
-9.5450365725971509e-01 1.3382192951668249e-04
-9.5436973922012147e-01 1.3401414517451847e-04
-9.5423562897836134e-01 1.3420633384343073e-04
-9.5410132656144342e-01 1.3439849548440815e-04
-9.5396683199641519e-01 1.3459063005791870e-04
-9.5383214531036264e-01 1.3478273752611165e-04
-9.5369726653041054e-01 1.3497481785076647e-04
-9.5356219568372247e-01 1.3516687099181929e-04
-9.5342693279750046e-01 1.3535889691193440e-04
-9.5329147789898538e-01 1.3555089557190853e-04
-9.5315583101545676e-01 1.3574286693287345e-04
-9.5301999217423272e-01 1.3593481095636580e-04
-9.5288396140267018e-01 1.3612672760291737e-04
-9.5274773872816443e-01 1.3631861683552503e-04
-9.5261132417814964e-01 1.3651047861508816e-04
-9.5247471778009873e-01 1.3670231290143653e-04
-9.5233791956152292e-01 1.3689411965774856e-04
-9.5220092954997226e-01 1.3708589884492471e-04
-9.5206374777303548e-01 1.3727765042389296e-04
-9.5192637425833981e-01 1.3746937435637620e-04
-9.5178880903355112e-01 1.3766107060396573e-04
-9.5165105212637402e-01 1.3785273912687542e-04
-9.5151310356455143e-01 1.3804437988826048e-04
-9.5137496337586525e-01 1.3823599284776977e-04
-9.5123663158813565e-01 1.3842757796770562e-04
-9.5109810822922147e-01 1.3861913520999902e-04
-9.5095939332702017e-01 1.3881066453606347e-04
-9.5082048690946797e-01 1.3900216590557801e-04
-9.5068138900453925e-01 1.3919363928195273e-04
-9.5054209964024727e-01 1.3938508462573834e-04
-9.5040261884464372e-01 1.3957650189889609e-04
-9.5026294664581890e-01 1.3976789106257735e-04
-9.5012308307190174e-01 1.3995925207712487e-04
-9.4998302815105939e-01 1.4015058490617272e-04
-9.4984278191149796e-01 1.4034188950926986e-04
-9.4970234438146173e-01 1.4053316584919904e-04
-9.4956171558923375e-01 1.4072441388661270e-04
-9.4942089556313547e-01 1.4091563358314301e-04
-9.4927988433152688e-01 1.4110682490039972e-04
-9.4913868192280637e-01 1.4129798780078507e-04
-9.4899728836541108e-01 1.4148912224443022e-04
-9.4885570368781647e-01 1.4168022819328589e-04
-9.4871392791853659e-01 1.4187130560797308e-04
-9.4857196108612374e-01 1.4206235445182763e-04
-9.4842980321916892e-01 1.4225337468569730e-04
-9.4828745434630157e-01 1.4244436627096777e-04
-9.4814491449618965e-01 1.4263532916852090e-04
-9.4800218369753941e-01 1.4282626334064582e-04
-9.4785926197909565e-01 1.4301716874911199e-04
-9.4771614936964166e-01 1.4320804535492048e-04
-9.4757284589799906e-01 1.4339889312037197e-04
-9.4742935159302821e-01 1.4358971200494205e-04
-9.4728566648362733e-01 1.4378050197350279e-04
-9.4714179059873371e-01 1.4397126298473307e-04
-9.4699772396732262e-01 1.4416199500161359e-04
-9.4685346661840786e-01 1.4435269798596123e-04
-9.4670901858104184e-01 1.4454337189771590e-04
-9.4656437988431497e-01 1.4473401670069073e-04
-9.4641955055735638e-01 1.4492463235545820e-04
-9.4627453062933364e-01 1.4511521882247755e-04
-9.4612932012945228e-01 1.4530577606601243e-04
-9.4598391908695678e-01 1.4549630404484407e-04
-9.4583832753112951e-01 1.4568680272261084e-04
-9.4569254549129145e-01 1.4587727206038506e-04
-9.4554657299680200e-01 1.4606771201885547e-04
-9.4540041007705866e-01 1.4625812256121540e-04
-9.4525405676149754e-01 1.4644850364801349e-04
-9.4510751307959284e-01 1.4663885524225271e-04
-9.4496077906085751e-01 1.4682917730318501e-04
-9.4481385473484225e-01 1.4701946979543904e-04
-9.4466674013113672e-01 1.4720973267772525e-04
-9.4451943527936832e-01 1.4739996591405815e-04
-9.4437194020920312e-01 1.4759016946547633e-04
-9.4422425495034545e-01 1.4778034329310092e-04
-9.4407637953253787e-01 1.4797048735904844e-04
-9.4392831398556132e-01 1.4816060162442610e-04
-9.4378005833923484e-01 1.4835068605216690e-04
-9.4363161262341599e-01 1.4854074060308362e-04
-9.4348297686800053e-01 1.4873076523881103e-04
-9.4333415110292240e-01 1.4892075992164886e-04
-9.4318513535815385e-01 1.4911072461361869e-04
-9.4303592966370553e-01 1.4930065927531587e-04
-9.4288653404962619e-01 1.4949056386900800e-04
-9.4273694854600287e-01 1.4968043835639902e-04
-9.4258717318296081e-01 1.4987028269963096e-04
-9.4243720799066355e-01 1.5006009686032899e-04
-9.4228705299931281e-01 1.5024988080042625e-04
-9.4213670823914863e-01 1.5043963448118177e-04
-9.4198617374044913e-01 1.5062935786503014e-04
-9.4183544953353082e-01 1.5081905091264347e-04
-9.4168453564874821e-01 1.5100871358686337e-04
-9.4153343211649410e-01 1.5119834584952720e-04
-9.4138213896719958e-01 1.5138794766151567e-04
-9.4123065623133373e-01 1.5157751898572892e-04
-9.4107898393940403e-01 1.5176705978293774e-04
-9.4092712212195595e-01 1.5195657001577565e-04
-9.4077507080957323e-01 1.5214604964565329e-04
-9.4062283003287772e-01 1.5233549863475563e-04
-9.4047039982252945e-01 1.5252491694497206e-04
-9.4031778020922663e-01 1.5271430453775903e-04
-9.4016497122370557e-01 1.5290366137524940e-04
-9.4001197289674077e-01 1.5309298741898299e-04
-9.3985878525914479e-01 1.5328228263111429e-04
-9.3970540834176841e-01 1.5347154697308544e-04
-9.3955184217550036e-01 1.5366078040767532e-04
-9.3939808679126768e-01 1.5384998289608457e-04
-9.3924414222003538e-01 1.5403915440066849e-04
-9.3909000849280666e-01 1.5422829488296881e-04
-9.3893568564062280e-01 1.5441740430476001e-04
-9.3878117369456304e-01 1.5460648262871881e-04
-9.3862647268574495e-01 1.5479552981571365e-04
-9.3847158264532404e-01 1.5498454582745625e-04
-9.3831650360449370e-01 1.5517353062757526e-04
-9.3816123559448572e-01 1.5536248417658384e-04
-9.3800577864656975e-01 1.5555140643681541e-04
-9.3785013279205343e-01 1.5574029737122009e-04
-9.3769429806228277e-01 1.5592915693959705e-04
-9.3753827448864135e-01 1.5611798510619713e-04
-9.3738206210255126e-01 1.5630678183100729e-04
-9.3722566093547222e-01 1.5649554707732952e-04
-9.3706907101890213e-01 1.5668428080703575e-04
-9.3691229238437701e-01 1.5687298298140757e-04
-9.3675532506347070e-01 1.5706165356301423e-04
-9.3659816908779514e-01 1.5725029251369409e-04
-9.3644082448900035e-01 1.5743889979460239e-04
-9.3628329129877397e-01 1.5762747536983418e-04
-9.3612556954884207e-01 1.5781601919987611e-04
-9.3596765927096848e-01 1.5800453124705481e-04
-9.3580956049695507e-01 1.5819301147283952e-04
-9.3565127325864150e-01 1.5838145984044225e-04
-9.3549279758790549e-01 1.5856987631209408e-04
-9.3533413351666295e-01 1.5875826084791030e-04
-9.3517528107686732e-01 1.5894661341158859e-04
-9.3501624030051023e-01 1.5913493396462191e-04
-9.3485701121962117e-01 1.5932322246915085e-04
-9.3469759386626761e-01 1.5951147888691020e-04
-9.3453798827255474e-01 1.5969970318107044e-04
-9.3437819447062598e-01 1.5988789531243877e-04
-9.3421821249266235e-01 1.6007605524401243e-04
-9.3405804237088286e-01 1.6026418293832190e-04
-9.3389768413754459e-01 1.6045227835617684e-04
-9.3373713782494239e-01 1.6064034145963336e-04
-9.3357640346540882e-01 1.6082837221176151e-04
-9.3341548109131445e-01 1.6101637057485267e-04
-9.3325437073506778e-01 1.6120433651035303e-04
-9.3309307242911510e-01 1.6139226998060306e-04
-9.3293158620594052e-01 1.6158017094788322e-04
-9.3276991209806603e-01 1.6176803937442382e-04
-9.3260805013805148e-01 1.6195587522218875e-04
-9.3244600035849456e-01 1.6214367845302028e-04
-9.3228376279203073e-01 1.6233144902940523e-04
-9.3212133747133330e-01 1.6251918691347441e-04
-9.3195872442911332e-01 1.6270689206786677e-04
-9.3179592369811970e-01 1.6289456445488113e-04
-9.3163293531113933e-01 1.6308220403533086e-04
-9.3146975930099651e-01 1.6326981077321260e-04
-9.3130639570055374e-01 1.6345738462914008e-04
-9.3114284454271090e-01 1.6364492556675766e-04
-9.3097910586040600e-01 1.6383243354719187e-04
-9.3081517968661454e-01 1.6401990853348006e-04
-9.3065106605435000e-01 1.6420735048708576e-04
-9.3048676499666338e-01 1.6439475937115176e-04
-9.3032227654664368e-01 1.6458213514717823e-04
-9.3015760073741749e-01 1.6476947777782506e-04
-9.2999273760214907e-01 1.6495678722481779e-04
-9.2982768717404052e-01 1.6514406345145716e-04
-9.2966244948633159e-01 1.6533130641997157e-04
-9.2949702457229999e-01 1.6551851609096307e-04
-9.2933141246526074e-01 1.6570569242824767e-04
-9.2916561319856672e-01 1.6589283539436933e-04
-9.2899962680560866e-01 1.6607994495057210e-04
-9.2883345331981482e-01 1.6626702105938560e-04
-9.2866709277465109e-01 1.6645406368367098e-04
-9.2850054520362113e-01 1.6664107278572095e-04
-9.2833381064026632e-01 1.6682804832713062e-04
-9.2816688911816547e-01 1.6701499027148376e-04
-9.2799978067093536e-01 1.6720189857981699e-04
-9.2783248533223017e-01 1.6738877321507839e-04
-9.2766500313574174e-01 1.6757561414012796e-04
-9.2749733411519975e-01 1.6776242131614840e-04
-9.2732947830437118e-01 1.6794919470674983e-04
-9.2716143573706089e-01 1.6813593427372617e-04
-9.2699320644711136e-01 1.6832263997872281e-04
-9.2682479046840238e-01 1.6850931178562866e-04
-9.2665618783485160e-01 1.6869594965641198e-04
-9.2648739858041429e-01 1.6888255355260246e-04
-9.2631842273908305e-01 1.6906912343796004e-04
-9.2614926034488843e-01 1.6925565927322029e-04
-9.2597991143189806e-01 1.6944216102292097e-04
-9.2581037603421767e-01 1.6962862864756199e-04
-9.2564065418599017e-01 1.6981506211043068e-04
-9.2547074592139611e-01 1.7000146137425851e-04
-9.2530065127465366e-01 1.7018782640098611e-04
-9.2513037028001843e-01 1.7037415715349092e-04
-9.2495990297178365e-01 1.7056045359384512e-04
-9.2478924938427998e-01 1.7074671568502429e-04
-9.2461840955187569e-01 1.7093294338890302e-04
-9.2444738350897648e-01 1.7111913666827193e-04
-9.2427617129002548e-01 1.7130529548646458e-04
-9.2410477292950366e-01 1.7149141980412155e-04
-9.2393318846192896e-01 1.7167750958575257e-04
-9.2376141792185729e-01 1.7186356479221329e-04
-9.2358946134388165e-01 1.7204958538731500e-04
-9.2341731876263278e-01 1.7223557133280512e-04
-9.2324499021277873e-01 1.7242152259147573e-04
-9.2307247572902507e-01 1.7260743912572189e-04
-9.2289977534611478e-01 1.7279332089811361e-04
-9.2272688909882827e-01 1.7297916787143301e-04
-9.2255381702198336e-01 1.7316498000854644e-04
-9.2238055915043538e-01 1.7335075727166116e-04
-9.2220711551907708e-01 1.7353649962289689e-04
-9.2203348616283842e-01 1.7372220702610976e-04
-9.2185967111668710e-01 1.7390787944254586e-04
-9.2168567041562799e-01 1.7409351683497440e-04
-9.2151148409470318e-01 1.7427911916767505e-04
-9.2133711218899272e-01 1.7446468640053720e-04
-9.2116255473361330e-01 1.7465021849895630e-04
-9.2098781176371969e-01 1.7483571542299055e-04
-9.2081288331450339e-01 1.7502117713737760e-04
-9.2063776942119369e-01 1.7520660360380432e-04
-9.2046247011905702e-01 1.7539199478515836e-04
-9.2028698544339727e-01 1.7557735064380504e-04
-9.2011131542955549e-01 1.7576267114314384e-04
-9.1993546011291027e-01 1.7594795624510169e-04
-9.1975941952887752e-01 1.7613320591172978e-04
-9.1958319371291009e-01 1.7631842010755187e-04
-9.1940678270049858e-01 1.7650359879390088e-04
-9.1923018652717059e-01 1.7668874193449045e-04
-9.1905340522849133e-01 1.7687384949048091e-04
-9.1887643884006287e-01 1.7705892142616357e-04
-9.1869928739752493e-01 1.7724395770317956e-04
-9.1852195093655420e-01 1.7742895828537500e-04
-9.1834442949286488e-01 1.7761392313467663e-04
-9.1816672310220837e-01 1.7779885221343779e-04
-9.1798883180037305e-01 1.7798374548602439e-04
-9.1781075562318504e-01 1.7816860291317076e-04
-9.1763249460650720e-01 1.7835342445908481e-04
-9.1745404878623993e-01 1.7853821008578560e-04
-9.1727541819832070e-01 1.7872295975636599e-04
-9.1709660287872419e-01 1.7890767343401264e-04
-9.1691760286346236e-01 1.7909235108116652e-04
-9.1673841818858437e-01 1.7927699266034327e-04
-9.1655904889017648e-01 1.7946159813481068e-04
-9.1637949500436222e-01 1.7964616746702280e-04
-9.1619975656730224e-01 1.7983070062002596e-04
-9.1601983361519435e-01 1.8001519755680366e-04
-9.1583972618427367e-01 1.8019965823915538e-04
-9.1565943431081209e-01 1.8038408263196094e-04
-9.1547895803111912e-01 1.8056847069644326e-04
-9.1529829738154111e-01 1.8075282239594104e-04
-9.1511745239846165e-01 1.8093713769327550e-04
-9.1493642311830148e-01 1.8112141655079032e-04
-9.1475520957751821e-01 1.8130565893272938e-04
-9.1457381181260688e-01 1.8148986480107497e-04
-9.1439222986009949e-01 1.8167403411883124e-04
-9.1421046375656512e-01 1.8185816684902450e-04
-9.1402851353861003e-01 1.8204226295401421e-04
-9.1384637924287737e-01 1.8222632239764413e-04
-9.1366406090604757e-01 1.8241034514216689e-04
-9.1348155856483793e-01 1.8259433115128424e-04
-9.1329887225600304e-01 1.8277828038699523e-04
-9.1311600201633436e-01 1.8296219281257420e-04
-9.1293294788266044e-01 1.8314606839109349e-04
-9.1274970989184689e-01 1.8332990708530865e-04
-9.1256628808079621e-01 1.8351370885910905e-04
-9.1238268248644816e-01 1.8369747367440788e-04
-9.1219889314577940e-01 1.8388120149424135e-04
-9.1201492009580343e-01 1.8406489228264263e-04
-9.1183076337357116e-01 1.8424854600075308e-04
-9.1164642301616994e-01 1.8443216261370841e-04
-9.1146189906072450e-01 1.8461574208365728e-04
-9.1127719154439657e-01 1.8479928437278319e-04
-9.1109230050438461e-01 1.8498278944486165e-04
-9.1090722597792406e-01 1.8516625726347158e-04
-9.1072196800228744e-01 1.8534968779142894e-04
-9.1053652661478435e-01 1.8553308099053135e-04
-9.1035090185276091e-01 1.8571643682548507e-04
-9.1016509375360055e-01 1.8589975525843007e-04
-9.0997910235472346e-01 1.8608303625265962e-04
-9.0979292769358666e-01 1.8626627977192588e-04
-9.0960656980768440e-01 1.8644948577790945e-04
-9.0942002873454741e-01 1.8663265423500615e-04
-9.0923330451174367e-01 1.8681578510551728e-04
-9.0904639717687785e-01 1.8699887835266056e-04
-9.0885930676759141e-01 1.8718193394050788e-04
-9.0867203332156299e-01 1.8736495183100361e-04
-9.0848457687650785e-01 1.8754793198762313e-04
-9.0829693747017815e-01 1.8773087437379295e-04
-9.0810911514036297e-01 1.8791377895211326e-04
-9.0792110992488806e-01 1.8809664568654892e-04
-9.0773292186161614e-01 1.8827947454015193e-04
-9.0754455098844677e-01 1.8846226547576404e-04
-9.0735599734331629e-01 1.8864501845664011e-04
-9.0716726096419786e-01 1.8882773344572272e-04
-9.0697834188910142e-01 1.8901041040634314e-04
-9.0678924015607365e-01 1.8919304930211753e-04
-9.0659995580319819e-01 1.8937565009541899e-04
-9.0641048886859521e-01 1.8955821275034790e-04
-9.0622083939042175e-01 1.8974073723042871e-04
-9.0603100740687181e-01 1.8992322349772076e-04
-9.0584099295617593e-01 1.9010567151590081e-04
-9.0565079607660137e-01 1.9028808124864276e-04
-9.0546041680645228e-01 1.9047045265877880e-04
-9.0526985518406933e-01 1.9065278571058015e-04
-9.0507911124783036e-01 1.9083508036511984e-04
-9.0488818503614932e-01 1.9101733658784560e-04
-9.0469707658747722e-01 1.9119955434157397e-04
-9.0450578594030184e-01 1.9138173358890380e-04
-9.0431431313314747e-01 1.9156387429351794e-04
-9.0412265820457516e-01 1.9174597641873981e-04
-9.0393082119318269e-01 1.9192803992736486e-04
-9.0373880213760427e-01 1.9211006478393145e-04
-9.0354660107651108e-01 1.9229205095092652e-04
-9.0335421804861082e-01 1.9247399839170253e-04
-9.0316165309264773e-01 1.9265590707038521e-04
-9.0296890624740289e-01 1.9283777694968079e-04
-9.0277597755169403e-01 1.9301960799226488e-04
-9.0258286704437518e-01 1.9320140016289256e-04
-9.0238957476433723e-01 1.9338315342475504e-04
-9.0219610075050782e-01 1.9356486774007553e-04
-9.0200244504185079e-01 1.9374654307383044e-04
-9.0180860767736704e-01 1.9392817938771158e-04
-9.0161458869609357e-01 1.9410977664679815e-04
-9.0142038813710434e-01 1.9429133481348174e-04
-9.0122600603950975e-01 1.9447285385124882e-04
-9.0103144244245659e-01 1.9465433372414779e-04
-9.0083669738512862e-01 1.9483577439494384e-04
-9.0064177090674558e-01 1.9501717582803241e-04
-9.0044666304656429e-01 1.9519853798564287e-04
-9.0025137384387766e-01 1.9537986083259401e-04
-9.0005590333801555e-01 1.9556114433080633e-04
-8.9986025156834393e-01 1.9574238844496971e-04
-8.9966441857426549e-01 1.9592359313819478e-04
-8.9946840439521936e-01 1.9610475837420692e-04
-8.9927220907068117e-01 1.9628588411639192e-04
-8.9907583264016311e-01 1.9646697032793599e-04
-8.9887927514321364e-01 1.9664801697310210e-04
-8.9868253661941788e-01 1.9682902401500476e-04
-8.9848561710839747e-01 1.9700999141639703e-04
-8.9828851664981013e-01 1.9719091914237213e-04
-8.9809123528335044e-01 1.9737180715528695e-04
-8.9789377304874918e-01 1.9755265541912756e-04
-8.9769612998577353e-01 1.9773346389794259e-04
-8.9749830613422732e-01 1.9791423255431512e-04
-8.9730030153395046e-01 1.9809496135300635e-04
-8.9710211622481961e-01 1.9827565025652377e-04
-8.9690375024674751e-01 1.9845629922939136e-04
-8.9670520363968353e-01 1.9863690823450055e-04
-8.9650647644361325e-01 1.9881747723595182e-04
-8.9630756869855877e-01 1.9899800619686055e-04
-8.9610848044457836e-01 1.9917849508136604e-04
-8.9590921172176674e-01 1.9935894385326921e-04
-8.9570976257025514e-01 1.9953935247521152e-04
-8.9551013303021076e-01 1.9971972091219117e-04
-8.9531032314183745e-01 1.9990004912719329e-04
-8.9511033294537523e-01 2.0008033708407018e-04
-8.9491016248110045e-01 2.0026058474670620e-04
-8.9470981178932596e-01 2.0044079207760400e-04
-8.9450928091040049e-01 2.0062095904206539e-04
-8.9430856988470941e-01 2.0080108560310657e-04
-8.9410767875267427e-01 2.0098117172440407e-04
-8.9390660755475293e-01 2.0116121736934013e-04
-8.9370535633143933e-01 2.0134122250254808e-04
-8.9350392512326393e-01 2.0152118708685081e-04
-8.9330231397079318e-01 2.0170111108692860e-04
-8.9310052291462994e-01 2.0188099446630538e-04
-8.9289855199541335e-01 2.0206083718803043e-04
-8.9269640125381866e-01 2.0224063921613195e-04
-8.9249407073055720e-01 2.0242040051536751e-04
-8.9229156046637692e-01 2.0260012104787882e-04
-8.9208887050206143e-01 2.0277980077932479e-04
-8.9188600087843106e-01 2.0295943967180030e-04
-8.9168295163634181e-01 2.0313903769092598e-04
-8.9147972281668642e-01 2.0331859479865325e-04
-8.9127631446039324e-01 2.0349811096023206e-04
-8.9107272660842718e-01 2.0367758613869382e-04
-8.9086895930178911e-01 2.0385702029807713e-04
-8.9066501258151609e-01 2.0403641340222469e-04
-8.9046088648868116e-01 2.0421576541587496e-04
-8.9025658106439387e-01 2.0439507630136517e-04
-8.9005209634979943e-01 2.0457434602393811e-04
-8.8984743238607955e-01 2.0475357454630496e-04
-8.8964258921445172e-01 2.0493276183330104e-04
-8.8943756687616971e-01 2.0511190784848054e-04
-8.8923236541252326e-01 2.0529101255613202e-04
-8.8902698486483833e-01 2.0547007591969349e-04
-8.8882142527447683e-01 2.0564909790334114e-04
-8.8861568668283675e-01 2.0582807847104059e-04
-8.8840976913135217e-01 2.0600701758656013e-04
-8.8820367266149314e-01 2.0618591521409367e-04
-8.8799739731476590e-01 2.0636477131692413e-04
-8.8779094313271245e-01 2.0654358585995018e-04
-8.8758431015691097e-01 2.0672235880702262e-04
-8.8737749842897573e-01 2.0690109012158693e-04
-8.8717050799055674e-01 2.0707977976851385e-04
-8.8696333888334034e-01 2.0725842771090674e-04
-8.8675599114904857e-01 2.0743703391324224e-04
-8.8654846482943961e-01 2.0761559833929949e-04
-8.8634075996630746e-01 2.0779412095353473e-04
-8.8613287660148221e-01 2.0797260171966626e-04
-8.8592481477682994e-01 2.0815104060134800e-04
-8.8571657453425234e-01 2.0832943756394736e-04
-8.8550815591568754e-01 2.0850779256995362e-04
-8.8529955896310908e-01 2.0868610558503450e-04
-8.8509078371852690e-01 2.0886437657165313e-04
-8.8488183022398637e-01 2.0904260549544225e-04
-8.8467269852156916e-01 2.0922079231946731e-04
-8.8446338865339258e-01 2.0939893700835360e-04
-8.8425390066161003e-01 2.0957703952548574e-04
-8.8404423458841053e-01 2.0975509983578211e-04
-8.8383439047601908e-01 2.0993311790336511e-04
-8.8362436836669667e-01 2.1011109369179721e-04
-8.8341416830273989e-01 2.1028902716583686e-04
-8.8320379032648133e-01 2.1046691828949691e-04
-8.8299323448028944e-01 2.1064476702659142e-04
-8.8278250080656828e-01 2.1082257334202769e-04
-8.8257158934775803e-01 2.1100033719916335e-04
-8.8236050014633449e-01 2.1117805856231848e-04
-8.8214923324480909e-01 2.1135573739677267e-04
-8.8193778868572947e-01 2.1153337366536072e-04
-8.8172616651167868e-01 2.1171096733315216e-04
-8.8151436676527573e-01 2.1188851836399149e-04
-8.8130238948917539e-01 2.1206602672178848e-04
-8.8109023472606796e-01 2.1224349237183830e-04
-8.8087790251867981e-01 2.1242091527744230e-04
-8.8066539290977275e-01 2.1259829540373567e-04
-8.8045270594214464e-01 2.1277563271385153e-04
-8.8023984165862879e-01 2.1295292717266479e-04
-8.8002680010209411e-01 2.1313017874518899e-04
-8.7981358131544574e-01 2.1330738739481036e-04
-8.7960018534162399e-01 2.1348455308596782e-04
-8.7938661222360504e-01 2.1366167578328962e-04
-8.7917286200440081e-01 2.1383875545070231e-04
-8.7895893472705877e-01 2.1401579205299591e-04
-8.7874483043466223e-01 2.1419278555371587e-04
-8.7853054917032980e-01 2.1436973591846092e-04
-8.7831609097721619e-01 2.1454664311026361e-04
-8.7810145589851130e-01 2.1472350709472209e-04
-8.7788664397744098e-01 2.1490032783541126e-04
-8.7767165525726654e-01 2.1507710529704001e-04
-8.7745648978128488e-01 2.1525383944417844e-04
-8.7724114759282867e-01 2.1543053024053707e-04
-8.7702562873526602e-01 2.1560717765075328e-04
-8.7680993325200052e-01 2.1578378163988426e-04
-8.7659406118647154e-01 2.1596034217187730e-04
-8.7637801258215386e-01 2.1613685921159374e-04
-8.7616178748255802e-01 2.1631333272272609e-04
-8.7594538593122995e-01 2.1648976266975653e-04
-8.7572880797175090e-01 2.1666614901845764e-04
-8.7551205364773821e-01 2.1684249173147384e-04
-8.7529512300284407e-01 2.1701879077517939e-04
-8.7507801608075686e-01 2.1719504611210437e-04
-8.7486073292519984e-01 2.1737125770838502e-04
-8.7464327357993221e-01 2.1754742552745730e-04
-8.7442563808874829e-01 2.1772354953504818e-04
-8.7420782649547835e-01 2.1789962969406894e-04
-8.7398983884398762e-01 2.1807566597020008e-04
-8.7377167517817700e-01 2.1825165832816589e-04
-8.7355333554198300e-01 2.1842760673159090e-04
-8.7333481997937734e-01 2.1860351114546780e-04
-8.7311612853436726e-01 2.1877937153433008e-04
-8.7289726125099532e-01 2.1895518786328621e-04
-8.7267821817333979e-01 2.1913096009559409e-04
-8.7245899934551385e-01 2.1930668819758380e-04
-8.7223960481166651e-01 2.1948237213293366e-04
-8.7202003461598210e-01 2.1965801186585394e-04
-8.7180028880268001e-01 2.1983360736215724e-04
-8.7158036741601541e-01 2.2000915858555963e-04
-8.7136027050027864e-01 2.2018466550066614e-04
-8.7113999809979537e-01 2.2036012807238889e-04
-8.7091955025892653e-01 2.2053554626581983e-04
-8.7069892702206864e-01 2.2071092004501028e-04
-8.7047812843365335e-01 2.2088624937468976e-04
-8.7025715453814767e-01 2.2106153421968690e-04
-8.7003600538005388e-01 2.2123677454481721e-04
-8.6981468100390957e-01 2.2141197031489047e-04
-8.6959318145428777e-01 2.2158712149395837e-04
-8.6937150677579644e-01 2.2176222804782631e-04
-8.6914965701307922e-01 2.2193728994027124e-04
-8.6892763221081470e-01 2.2211230713660489e-04
-8.6870543241371700e-01 2.2228727960073020e-04
-8.6848305766653511e-01 2.2246220729858318e-04
-8.6826050801405352e-01 2.2263709019450522e-04
-8.6803778350109195e-01 2.2281192825305364e-04
-8.6781488417250530e-01 2.2298672143887969e-04
-8.6759181007318353e-01 2.2316146971730174e-04
-8.6736856124805206e-01 2.2333617305251143e-04
-8.6714513774207125e-01 2.2351083140982576e-04
-8.6692153960023677e-01 2.2368544475391355e-04
-8.6669776686757949e-01 2.2386001304934534e-04
-8.6647381958916525e-01 2.2403453626167186e-04
-8.6624969781009531e-01 2.2420901435508196e-04
-8.6602540157550589e-01 2.2438344729465206e-04
-8.6580093093056831e-01 2.2455783504575936e-04
-8.6557628592048930e-01 2.2473217757224006e-04
-8.6535146659051043e-01 2.2490647483927920e-04
-8.6512647298590828e-01 2.2508072681279810e-04
-8.6490130515199493e-01 2.2525493345646055e-04
-8.6467596313411721e-01 2.2542909473567346e-04
-8.6445044697765716e-01 2.2560321061532686e-04
-8.6422475672803190e-01 2.2577728106019438e-04
-8.6399889243069350e-01 2.2595130603554148e-04
-8.6377285413112925e-01 2.2612528550591449e-04
-8.6354664187486130e-01 2.2629921943680516e-04
-8.6332025570744697e-01 2.2647310779284687e-04
-8.6309369567447858e-01 2.2664695053901878e-04
-8.6286696182158340e-01 2.2682074764047354e-04
-8.6264005419442380e-01 2.2699449906197957e-04
-8.6241297283869700e-01 2.2716820476907906e-04
-8.6218571780013542e-01 2.2734186472616851e-04
-8.6195828912450634e-01 2.2751547889831902e-04
-8.6173068685761200e-01 2.2768904725056318e-04
-8.6150291104528953e-01 2.2786256974847375e-04
-8.6127496173341112e-01 2.2803604635694656e-04
-8.6104683896788403e-01 2.2820947704012907e-04
-8.6081854279465009e-01 2.2838286176431796e-04
-8.6059007325968628e-01 2.2855620049438551e-04
-8.6036143040900470e-01 2.2872949319429771e-04
-8.6013261428865184e-01 2.2890273983063519e-04
-8.5990362494470951e-01 2.2907594036781717e-04
-8.5967446242329426e-01 2.2924909477095768e-04
-8.5944512677055762e-01 2.2942220300472692e-04
-8.5921561803268565e-01 2.2959526503553836e-04
-8.5898593625589981e-01 2.2976828082692566e-04
-8.5875608148645588e-01 2.2994125034525267e-04
-8.5852605377064473e-01 2.3011417355562247e-04
-8.5829585315479218e-01 2.3028705042240787e-04
-8.5806547968525848e-01 2.3045988091180414e-04
-8.5783493340843930e-01 2.3063266498801611e-04
-8.5760421437076439e-01 2.3080540261730250e-04
-8.5737332261869892e-01 2.3097809376375179e-04
-8.5714225819874246e-01 2.3115073839318523e-04
-8.5691102115742945e-01 2.3132333647090549e-04
-8.5667961154132910e-01 2.3149588796232549e-04
-8.5644802939704556e-01 2.3166839283175110e-04
-8.5621627477121742e-01 2.3184085104521624e-04
-8.5598434771051812e-01 2.3201326256804618e-04
-8.5575224826165586e-01 2.3218562736554812e-04
-8.5551997647137368e-01 2.3235794540252310e-04
-8.5528753238644895e-01 2.3253021664474278e-04
-8.5505491605369421e-01 2.3270244105710598e-04
-8.5482212751995645e-01 2.3287461860484546e-04
-8.5458916683211728e-01 2.3304674925369152e-04
-8.5435603403709293e-01 2.3321883296948052e-04
-8.5412272918183463e-01 2.3339086971649626e-04
-8.5388925231332802e-01 2.3356285946027924e-04
-8.5365560347859337e-01 2.3373480216633993e-04
-8.5342178272468550e-01 2.3390669780074119e-04
-8.5318779009869417e-01 2.3407854632778748e-04
-8.5295362564774346e-01 2.3425034771336177e-04
-8.5271928941899211e-01 2.3442210192319335e-04
-8.5248478145963358e-01 2.3459380892217578e-04
-8.5225010181689576e-01 2.3476546867612529e-04
-8.5201525053804128e-01 2.3493708114996861e-04
-8.5178022767036721e-01 2.3510864630936176e-04
-8.5154503326120512e-01 2.3528016412017563e-04
-8.5130966735792135e-01 2.3545163454721950e-04
-8.5107413000791654e-01 2.3562305755647704e-04
-8.5083842125862608e-01 2.3579443311287903e-04
-8.5060254115751965e-01 2.3596576118237124e-04
-8.5036648975210161e-01 2.3613704173026991e-04
-8.5013026708991069e-01 2.3630827472233696e-04
-8.4989387321852028e-01 2.3647946012360959e-04
-8.4965730818553808e-01 2.3665059789991874e-04
-8.4942057203860633e-01 2.3682168801694120e-04
-8.4918366482540175e-01 2.3699273043994372e-04
-8.4894658659363542e-01 2.3716372513495870e-04
-8.4870933739105314e-01 2.3733467206646001e-04
-8.4847191726543469e-01 2.3750557120126109e-04
-8.4823432626459472e-01 2.3767642250398376e-04
-8.4799656443638194e-01 2.3784722594089638e-04
-8.4775863182867972e-01 2.3801798147709725e-04
-8.4752052848940562e-01 2.3818868907870953e-04
-8.4728225446651173e-01 2.3835934871112473e-04
-8.4704380980798455e-01 2.3852996033951930e-04
-8.4680519456184467e-01 2.3870052393050426e-04
-8.4656640877614742e-01 2.3887103944872603e-04
-8.4632745249898211e-01 2.3904150686072229e-04
-8.4608832577847271e-01 2.3921192613145399e-04
-8.4584902866277722e-01 2.3938229722717146e-04
-8.4560956120008823e-01 2.3955262011304704e-04
-8.4536992343863249e-01 2.3972289475481228e-04
-8.4513011542667094e-01 2.3989312111874202e-04
-8.4489013721249906e-01 2.4006329916991066e-04
-8.4464998884444642e-01 2.4023342887436299e-04
-8.4440967037087689e-01 2.4040351019794412e-04
-8.4416918184018863e-01 2.4057354310629873e-04
-8.4392852330081414e-01 2.4074352756477241e-04
-8.4368769480121986e-01 2.4091346354006637e-04
-8.4344669638990688e-01 2.4108335099684130e-04
-8.4320552811541016e-01 2.4125318990151181e-04
-8.4296419002629897e-01 2.4142298022005989e-04
-8.4272268217117685e-01 2.4159272191792838e-04
-8.4248100459868158e-01 2.4176241496058276e-04
-8.4223915735748478e-01 2.4193205931498363e-04
-8.4199714049629271e-01 2.4210165494585980e-04
-8.4175495406384548e-01 2.4227120181942753e-04
-8.4151259810891743e-01 2.4244069990163886e-04
-8.4127007268031706e-01 2.4261014915819731e-04
-8.4102737782688686e-01 2.4277954955564051e-04
-8.4078451359750372e-01 2.4294890105900716e-04
-8.4054148004107854e-01 2.4311820363407197e-04
-8.4029827720655614e-01 2.4328745724745850e-04
-8.4005490514291548e-01 2.4345666186480238e-04
-8.3981136389916988e-01 2.4362581745172952e-04
-8.3956765352436635e-01 2.4379492397486697e-04
-8.3932377406758629e-01 2.4396398139943438e-04
-8.3907972557794497e-01 2.4413298969154257e-04
-8.3883550810459162e-01 2.4430194881768186e-04
-8.3859112169670980e-01 2.4447085874299126e-04
-8.3834656640351679e-01 2.4463971943396444e-04
-8.3810184227426399e-01 2.4480853085675575e-04
-8.3785694935823685e-01 2.4497729297712326e-04
-8.3761188770475481e-01 2.4514600576090023e-04
-8.3736665736317117e-01 2.4531466917457356e-04
-8.3712125838287332e-01 2.4548328318405607e-04
-8.3687569081328272e-01 2.4565184775468334e-04
-8.3662995470385448e-01 2.4582036285336959e-04
-8.3638405010407790e-01 2.4598882844571382e-04
-8.3613797706347603e-01 2.4615724449832783e-04
-8.3589173563160613e-01 2.4632561097642970e-04
-8.3564532585805906e-01 2.4649392784658523e-04
-8.3539874779245960e-01 2.4666219507556337e-04
-8.3515200148446678e-01 2.4683041262818153e-04
-8.3490508698377308e-01 2.4699858047148155e-04
-8.3465800434010518e-01 2.4716669857098903e-04
-8.3441075360322337e-01 2.4733476689324903e-04
-8.3416333482292182e-01 2.4750278540482503e-04
-8.3391574804902890e-01 2.4767075407061760e-04
-8.3366799333140629e-01 2.4783867285798575e-04
-8.3342007071994972e-01 2.4800654173313350e-04
-8.3317198026458894e-01 2.4817436066142129e-04
-8.3292372201528730e-01 2.4834212960907670e-04
-8.3267529602204182e-01 2.4850984854299710e-04
-8.3242670233488347e-01 2.4867751742923557e-04
-8.3217794100387699e-01 2.4884513623393503e-04
-8.3192901207912096e-01 2.4901270492276361e-04
-8.3167991561074739e-01 2.4918022346299951e-04
-8.3143065164892238e-01 2.4934769182030403e-04
-8.3118122024384566e-01 2.4951510996079997e-04
-8.3093162144575050e-01 2.4968247785150119e-04
-8.3068185530490424e-01 2.4984979545770693e-04
-8.3043192187160753e-01 2.5001706274656180e-04
-8.3018182119619499e-01 2.5018427968391684e-04
-8.2993155332903479e-01 2.5035144623632551e-04
-8.2968111832052893e-01 2.5051856236949936e-04
-8.2943051622111275e-01 2.5068562805076250e-04
-8.2917974708125552e-01 2.5085264324597187e-04
-8.2892881095146009e-01 2.5101960792155132e-04
-8.2867770788226280e-01 2.5118652204432718e-04
-8.2842643792423398e-01 2.5135338557957505e-04
-8.2817500112797715e-01 2.5152019849444167e-04
-8.2792339754412958e-01 2.5168696075543922e-04
-8.2767162722336229e-01 2.5185367232829581e-04
-8.2741969021637951e-01 2.5202033318056646e-04
-8.2716758657391953e-01 2.5218694327742221e-04
-8.2691531634675375e-01 2.5235350258621649e-04
-8.2666287958568729e-01 2.5252001107339952e-04
-8.2641027634155906e-01 2.5268646870445276e-04
-8.2615750666524101e-01 2.5285287544692575e-04
-8.2590457060763889e-01 2.5301923126725686e-04
-8.2565146821969215e-01 2.5318553613082285e-04
-8.2539819955237326e-01 2.5335179000542227e-04
-8.2514476465668851e-01 2.5351799285712137e-04
-8.2489116358367764e-01 2.5368414465226039e-04
-8.2463739638441380e-01 2.5385024535746190e-04
-8.2438346311000354e-01 2.5401629493946020e-04
-8.2412936381158697e-01 2.5418229336469792e-04
-8.2387509854033758e-01 2.5434824059966324e-04
-8.2362066734746231e-01 2.5451413661092159e-04
-8.2336607028420150e-01 2.5467998136502397e-04
-8.2311130740182881e-01 2.5484577482896636e-04
-8.2285637875165152e-01 2.5501151696864240e-04
-8.2260128438500990e-01 2.5517720775184420e-04
-8.2234602435327819e-01 2.5534284714363978e-04
-8.2209059870786327e-01 2.5550843511238606e-04
-8.2183500750020611e-01 2.5567397162314456e-04
-8.2157925078178040e-01 2.5583945664366532e-04
-8.2132332860409363e-01 2.5600489013979190e-04
-8.2106724101868622e-01 2.5617027207900089e-04
-8.2081098807713215e-01 2.5633560242776333e-04
-8.2055456983103869e-01 2.5650088115254270e-04
-8.2029798633204642e-01 2.5666610821974378e-04
-8.2004123763182890e-01 2.5683128359718584e-04
-8.1978432378209343e-01 2.5699640725049331e-04
-8.1952724483458017e-01 2.5716147914711977e-04
-8.1927000084106283e-01 2.5732649925324665e-04
-8.1901259185334818e-01 2.5749146753579550e-04
-8.1875501792327610e-01 2.5765638396232953e-04
-8.1849727910272008e-01 2.5782124849850458e-04
-8.1823937544358638e-01 2.5798606111206097e-04
-8.1798130699781491e-01 2.5815082176874893e-04
-8.1772307381737830e-01 2.5831553043629050e-04
-8.1746467595428263e-01 2.5848018708132900e-04
-8.1720611346056704e-01 2.5864479167089782e-04
-8.1694738638830411e-01 2.5880934417082084e-04
-8.1668849478959904e-01 2.5897384454925612e-04
-8.1642943871659068e-01 2.5913829277205070e-04
-8.1617021822145064e-01 2.5930268880678146e-04
-8.1591083335638381e-01 2.5946703262009373e-04
-8.1565128417362820e-01 2.5963132417880936e-04
-8.1539157072545476e-01 2.5979556345021905e-04
-8.1513169306416777e-01 2.5995975040067610e-04
-8.1487165124210437e-01 2.6012388499743353e-04
-8.1461144531163476e-01 2.6028796720769246e-04
-8.1435107532516249e-01 2.6045199699747121e-04
-8.1409054133512360e-01 2.6061597433510767e-04
-8.1382984339398778e-01 2.6077989918619929e-04
-8.1356898155425728e-01 2.6094377151856456e-04
-8.1330795586846749e-01 2.6110759129914583e-04
-8.1304676638918683e-01 2.6127135849508007e-04
-8.1278541316901687e-01 2.6143507307249664e-04
-8.1252389626059174e-01 2.6159873499959036e-04
-8.1226221571657897e-01 2.6176234424253191e-04
-8.1200037158967875e-01 2.6192590076886470e-04
-8.1173836393262433e-01 2.6208940454558677e-04
-8.1147619279818195e-01 2.6225285553947719e-04
-8.1121385823915071e-01 2.6241625371761437e-04
-8.1095136030836246e-01 2.6257959904779421e-04
-8.1068869905868235e-01 2.6274289149603276e-04
-8.1042587454300796e-01 2.6290613103044017e-04
-8.1016288681427007e-01 2.6306931761775761e-04
-8.0989973592543230e-01 2.6323245122476162e-04
-8.0963642192949092e-01 2.6339553181918470e-04
-8.0937294487947520e-01 2.6355855936823218e-04
-8.0910930482844745e-01 2.6372153383808465e-04
-8.0884550182950232e-01 2.6388445519712591e-04
-8.0858153593576776e-01 2.6404732341164919e-04
-8.0831740720040413e-01 2.6421013844964191e-04
-8.0805311567660498e-01 2.6437290027740142e-04
-8.0778866141759620e-01 2.6453560886321293e-04
-8.0752404447663684e-01 2.6469826417359734e-04
-8.0725926490701860e-01 2.6486086617564484e-04
-8.0699432276206584e-01 2.6502341483688281e-04
-8.0672921809513565e-01 2.6518591012484824e-04
-8.0646395095961798e-01 2.6534835200647951e-04
-8.0619852140893544e-01 2.6551074044909900e-04
-8.0593292949654327e-01 2.6567307542031259e-04
-8.0566717527592957e-01 2.6583535688706365e-04
-8.0540125880061508e-01 2.6599758481644703e-04
-8.0513518012415308e-01 2.6615975917628068e-04
-8.0486893930012959e-01 2.6632187993396421e-04
-8.0460253638216339e-01 2.6648394705650042e-04
-8.0433597142390578e-01 2.6664596051142699e-04
-8.0406924447904082e-01 2.6680792026578820e-04
-8.0380235560128499e-01 2.6696982628744611e-04
-8.0353530484438751e-01 2.6713167854376717e-04
-8.0326809226213036e-01 2.6729347700143135e-04
-8.0300071790832772e-01 2.6745522162881203e-04
-8.0273318183682663e-01 2.6761691239311080e-04
-8.0246548410150675e-01 2.6777854926120974e-04
-8.0219762475628009e-01 2.6794013220108345e-04
-8.0192960385509138e-01 2.6810166117982581e-04
-8.0166142145191766e-01 2.6826313616554583e-04
-8.0139307760076883e-01 2.6842455712489441e-04
-8.0112457235568701e-01 2.6858592402592121e-04
-8.0085590577074695e-01 2.6874723683606325e-04
-8.0058707790005590e-01 2.6890849552262586e-04
-8.0031808879775357e-01 2.6906970005322381e-04
-8.0004893851801218e-01 2.6923085039521531e-04
-7.9977962711503625e-01 2.6939194651655904e-04
-7.9951015464306285e-01 2.6955298838495726e-04
-7.9924052115636168e-01 2.6971397596724510e-04
-7.9897072670923464e-01 2.6987490923124674e-04
-7.9870077135601603e-01 2.7003578814476686e-04
-7.9843065515107270e-01 2.7019661267511810e-04
-7.9816037814880370e-01 2.7035738279040987e-04
-7.9788994040364059e-01 2.7051809845822424e-04
-7.9761934197004747e-01 2.7067875964543586e-04
-7.9734858290252053e-01 2.7083936632014158e-04
-7.9707766325558826e-01 2.7099991845052539e-04
-7.9680658308381191e-01 2.7116041600318773e-04
-7.9653534244178448e-01 2.7132085894704963e-04
-7.9626394138413181e-01 2.7148124724881638e-04
-7.9599237996551186e-01 2.7164158087610349e-04
-7.9572065824061466e-01 2.7180185979743058e-04
-7.9544877626416277e-01 2.7196208398027634e-04
-7.9517673409091105e-01 2.7212225339203698e-04
-7.9490453177564657e-01 2.7228236800035609e-04
-7.9463216937318848e-01 2.7244242777356290e-04
-7.9435964693838834e-01 2.7260243267930167e-04
-7.9408696452613003e-01 2.7276238268487984e-04
-7.9381412219132952e-01 2.7292227775817794e-04
-7.9354111998893484e-01 2.7308211786757194e-04
-7.9326795797392657e-01 2.7324190298007696e-04
-7.9299463620131705e-01 2.7340163306451861e-04
-7.9272115472615123e-01 2.7356130808778561e-04
-7.9244751360350596e-01 2.7372092801802265e-04
-7.9217371288849026e-01 2.7388049282321621e-04
-7.9189975263624535e-01 2.7404000247111318e-04
-7.9162563290194454e-01 2.7419945692965094e-04
-7.9135135374079335e-01 2.7435885616647955e-04
-7.9107691520802925e-01 2.7451820014978419e-04
-7.9080231735892181e-01 2.7467748884780612e-04
-7.9052756024877302e-01 2.7483672222745393e-04
-7.9025264393291639e-01 2.7499590025783740e-04
-7.8997756846671807e-01 2.7515502290574383e-04
-7.8970233390557576e-01 2.7531409014008341e-04
-7.8942694030491956e-01 2.7547310192825358e-04
-7.8915138772021132e-01 2.7563205823875610e-04
-7.8887567620694521e-01 2.7579095903896303e-04
-7.8859980582064715e-01 2.7594980429727418e-04
-7.8832377661687525e-01 2.7610859398130409e-04
-7.8804758865121938e-01 2.7626732805957431e-04
-7.8777124197930148e-01 2.7642600650021944e-04
-7.8749473665677572e-01 2.7658462927038799e-04
-7.8721807273932776e-01 2.7674319633899316e-04
-7.8694125028267548e-01 2.7690170767387628e-04
-7.8666426934256872e-01 2.7706016324271127e-04
-7.8638712997478899e-01 2.7721856301431684e-04
-7.8610983223515007e-01 2.7737690695590244e-04
-7.8583237617949719e-01 2.7753519503658305e-04
-7.8555476186370787e-01 2.7769342722379033e-04
-7.8527698934369128e-01 2.7785160348588395e-04
-7.8499905867538855e-01 2.7800972379082758e-04
-7.8472096991477258e-01 2.7816778810690640e-04
-7.8444272311784813e-01 2.7832579640239309e-04
-7.8416431834065181e-01 2.7848374864538288e-04
-7.8388575563925211e-01 2.7864164480380425e-04
-7.8360703506974916e-01 2.7879948484626094e-04
-7.8332815668827493e-01 2.7895726874104453e-04
-7.8304912055099329e-01 2.7911499645619789e-04
-7.8276992671409995e-01 2.7927266795937814e-04
-7.8249057523382204e-01 2.7943028321957274e-04
-7.8221106616641867e-01 2.7958784220492492e-04
-7.8193139956818070e-01 2.7974534488350671e-04
-7.8165157549543063e-01 2.7990279122376392e-04
-7.8137159400452272e-01 2.8006018119396023e-04
-7.8109145515184297e-01 2.8021751476218582e-04
-7.8081115899380893e-01 2.8037479189720472e-04
-7.8053070558686999e-01 2.8053201256702587e-04
-7.8025009498750719e-01 2.8068917673981726e-04
-7.7996932725223311e-01 2.8084628438423292e-04
-7.7968840243759208e-01 2.8100333546854172e-04
-7.7940732060016005e-01 2.8116032996097534e-04
-7.7912608179654452e-01 2.8131726783013383e-04
-7.7884468608338475e-01 2.8147414904412934e-04
-7.7856313351735140e-01 2.8163097357170849e-04
-7.7828142415514678e-01 2.8178774138150906e-04
-7.7799955805350507e-01 2.8194445244099765e-04
-7.7771753526919152e-01 2.8210110671958411e-04
-7.7743535585900325e-01 2.8225770418543084e-04
-7.7715301987976904e-01 2.8241424480635529e-04
-7.7687052738834872e-01 2.8257072855193872e-04
-7.7658787844163413e-01 2.8272715538995533e-04
-7.7630507309654839e-01 2.8288352528902527e-04
-7.7602211141004618e-01 2.8303983821762114e-04
-7.7573899343911357e-01 2.8319609414449438e-04
-7.7545571924076828e-01 2.8335229303774219e-04
-7.7517228887205925e-01 2.8350843486654384e-04
-7.7488870239006713e-01 2.8366451959888983e-04
-7.7460495985190381e-01 2.8382054720370894e-04
-7.7432106131471279e-01 2.8397651764918357e-04
-7.7403700683566878e-01 2.8413243090427958e-04
-7.7375279647197803e-01 2.8428828693754452e-04
-7.7346843028087819e-01 2.8444408571739408e-04
-7.7318390831963824e-01 2.8459982721260236e-04
-7.7289923064555854e-01 2.8475551139170874e-04
-7.7261439731597092e-01 2.8491113822305409e-04
-7.7232940838823827e-01 2.8506670767602623e-04
-7.7204426391975500e-01 2.8522221971921853e-04
-7.7175896396794708e-01 2.8537767432050407e-04
-7.7147350859027131e-01 2.8553307144945299e-04
-7.7118789784421626e-01 2.8568841107391745e-04
-7.7090213178730138e-01 2.8584369316344530e-04
-7.7061621047707762e-01 2.8599891768655222e-04
-7.7033013397112726e-01 2.8615408461165346e-04
-7.7004390232706366e-01 2.8630919390782209e-04
-7.6975751560253158e-01 2.8646424554344631e-04
-7.6947097385520680e-01 2.8661923948795041e-04
-7.6918427714279669e-01 2.8677417570911631e-04
-7.6889742552303930e-01 2.8692905417691860e-04
-7.6861041905370442e-01 2.8708387485921571e-04
-7.6832325779259258e-01 2.8723863772555893e-04
-7.6803594179753587e-01 2.8739334274409753e-04
-7.6774847112639721e-01 2.8754798988419732e-04
-7.6746084583707097e-01 2.8770257911412707e-04
-7.6717306598748236e-01 2.8785711040328827e-04
-7.6688513163558780e-01 2.8801158372077762e-04
-7.6659704283937502e-01 2.8816599903500387e-04
-7.6630879965686283e-01 2.8832035631445635e-04
-7.6602040214610068e-01 2.8847465552927880e-04
-7.6573185036516977e-01 2.8862889664717873e-04
-7.6544314437218186e-01 2.8878307963783813e-04
-7.6515428422527998e-01 2.8893720447001439e-04
-7.6486526998263826e-01 2.8909127111235625e-04
-7.6457610170246160e-01 2.8924527953452133e-04
-7.6428677944298629e-01 2.8939922970475242e-04
-7.6399730326247928e-01 2.8955312159261679e-04
-7.6370767321923883e-01 2.8970695516659657e-04
-7.6341788937159383e-01 2.8986073039643763e-04
-7.6312795177790460e-01 2.9001444725023842e-04
-7.6283786049656199e-01 2.9016810569773257e-04
-7.6254761558598805e-01 2.9032170570772665e-04
-7.6225721710463568e-01 2.9047524724934985e-04
-7.6196666511098865e-01 2.9062873029198240e-04
-7.6167595966356194e-01 2.9078215480394544e-04
-7.6138510082090105e-01 2.9093552075496750e-04
-7.6109408864158257e-01 2.9108882811405736e-04
-7.6080292318421405e-01 2.9124207684991851e-04
-7.6051160450743360e-01 2.9139526693249435e-04
-7.6022013266991062e-01 2.9154839833006943e-04
-7.5992850773034493e-01 2.9170147101251556e-04
-7.5963672974746754e-01 2.9185448494838194e-04
-7.5934479878003991e-01 2.9200744010770505e-04
-7.5905271488685477e-01 2.9216033645868618e-04
-7.5876047812673530e-01 2.9231317397093265e-04
-7.5846808855853542e-01 2.9246595261420968e-04
-7.5817554624114025e-01 2.9261867235670381e-04
-7.5788285123346510e-01 2.9277133316871293e-04
-7.5759000359445650e-01 2.9292393501889001e-04
-7.5729700338309158e-01 2.9307647787626148e-04
-7.5700385065837794e-01 2.9322896171097358e-04
-7.5671054547935435e-01 2.9338138649148758e-04
-7.5641708790508999e-01 2.9353375218719356e-04
-7.5612347799468460e-01 2.9368605876817612e-04
-7.5582971580726910e-01 2.9383830620259907e-04
-7.5553580140200449e-01 2.9399049446077028e-04
-7.5524173483808277e-01 2.9414262351182513e-04
-7.5494751617472655e-01 2.9429469332493220e-04
-7.5465314547118911e-01 2.9444670386923126e-04
-7.5435862278675414e-01 2.9459865511458788e-04
-7.5406394818073608e-01 2.9475054703036489e-04
-7.5376912171248001e-01 2.9490237958575881e-04
-7.5347414344136154e-01 2.9505415275018706e-04
-7.5317901342678684e-01 2.9520586649320259e-04
-7.5288373172819267e-01 2.9535752078407304e-04
-7.5258829840504637e-01 2.9550911559217966e-04
-7.5229271351684557e-01 2.9566065088767145e-04
-7.5199697712311886e-01 2.9581212663912557e-04
-7.5170108928342494e-01 2.9596354281665312e-04
-7.5140505005735314e-01 2.9611489938985577e-04
-7.5110885950452344e-01 2.9626619632781625e-04
-7.5081251768458623e-01 2.9641743359978156e-04
-7.5051602465722211e-01 2.9656861117604796e-04
-7.5021938048214232e-01 2.9671972902613349e-04
-7.4992258521908872e-01 2.9687078711894291e-04
-7.4962563892783329e-01 2.9702178542455738e-04
-7.4932854166817853e-01 2.9717272391264717e-04
-7.4903129349995756e-01 2.9732360255210966e-04
-7.4873389448303351e-01 2.9747442131326996e-04
-7.4843634467730003e-01 2.9762518016594069e-04
-7.4813864414268139e-01 2.9777587907900286e-04
-7.4784079293913197e-01 2.9792651802227986e-04
-7.4754279112663635e-01 2.9807709696609894e-04
-7.4724463876520986e-01 2.9822761587934690e-04
-7.4694633591489779e-01 2.9837807473212681e-04
-7.4664788263577597e-01 2.9852847349374193e-04
-7.4634927898795023e-01 2.9867881213465041e-04
-7.4605052503155711e-01 2.9882909062366956e-04
-7.4575162082676294e-01 2.9897930893142157e-04
-7.4545256643376479e-01 2.9912946702683846e-04
-7.4515336191278958e-01 2.9927956488019937e-04
-7.4485400732409457e-01 2.9942960246149745e-04
-7.4455450272796753e-01 2.9957957973970401e-04
-7.4425484818472609e-01 2.9972949668496360e-04
-7.4395504375471810e-01 2.9987935326749866e-04
-7.4365508949832182e-01 3.0002914945663793e-04
-7.4335498547594547e-01 3.0017888522248799e-04
-7.4305473174802750e-01 3.0032856053502783e-04
-7.4275432837503663e-01 3.0047817536363731e-04
-7.4245377541747160e-01 3.0062772967833564e-04
-7.4215307293586119e-01 3.0077722344925032e-04
-7.4185222099076453e-01 3.0092665664585778e-04
-7.4155121964277060e-01 3.0107602923844706e-04
-7.4125006895249856e-01 3.0122534119695932e-04
-7.4094876898059769e-01 3.0137459249129575e-04
-7.4064731978774745e-01 3.0152378309091166e-04
-7.4034572143465704e-01 3.0167291296630705e-04
-7.4004397398206589e-01 3.0182198208745468e-04
-7.3974207749074350e-01 3.0197099042408068e-04
-7.3944003202148934e-01 3.0211993794613715e-04
-7.3913783763513285e-01 3.0226882462364662e-04
-7.3883549439253349e-01 3.0241765042667706e-04
-7.3853300235458053e-01 3.0256641532571077e-04
-7.3823036158219357e-01 3.0271511929007739e-04
-7.3792757213632187e-01 3.0286376229017576e-04
-7.3762463407794476e-01 3.0301234429590788e-04
-7.3732154746807144e-01 3.0316086527743376e-04
-7.3701831236774096e-01 3.0330932520507205e-04
-7.3671492883802248e-01 3.0345772404855850e-04
-7.3641139694001478e-01 3.0360606177848895e-04
-7.3610771673484687e-01 3.0375433836436115e-04
-7.3580388828367738e-01 3.0390255377648646e-04
-7.3549991164769468e-01 3.0405070798550615e-04
-7.3519578688811738e-01 3.0419880096087547e-04
-7.3489151406619346e-01 3.0434683267348901e-04
-7.3458709324320115e-01 3.0449480309289290e-04
-7.3428252448044817e-01 3.0464271218965105e-04
-7.3397780783927213e-01 3.0479055993404671e-04
-7.3367294338104050e-01 3.0493834629611297e-04
-7.3336793116715049e-01 3.0508607124594245e-04
-7.3306277125902897e-01 3.0523373475404160e-04
-7.3275746371813266e-01 3.0538133679049975e-04
-7.3245200860594784e-01 3.0552887732608912e-04
-7.3214640598399083e-01 3.0567635633038231e-04
-7.3184065591380743e-01 3.0582377377392144e-04
-7.3153475845697313e-01 3.0597112962702850e-04
-7.3122871367509312e-01 3.0611842386022255e-04
-7.3092252162980231e-01 3.0626565644371423e-04
-7.3061618238276527e-01 3.0641282734780067e-04
-7.3030969599567619e-01 3.0655993654277007e-04
-7.3000306253025882e-01 3.0670698399929813e-04
-7.2969628204826664e-01 3.0685396968760094e-04
-7.2938935461148280e-01 3.0700089357779036e-04
-7.2908228028171973e-01 3.0714775564094816e-04
-7.2877505912081986e-01 3.0729455584686496e-04
-7.2846769119065491e-01 3.0744129416619307e-04
-7.2816017655312626e-01 3.0758797056933693e-04
-7.2785251527016481e-01 3.0773458502675734e-04
-7.2754470740373101e-01 3.0788113750891791e-04
-7.2723675301581470e-01 3.0802762798662971e-04
-7.2692865216843550e-01 3.0817405642991676e-04
-7.2662040492364222e-01 3.0832042280977927e-04
-7.2631201134351342e-01 3.0846672709632631e-04
-7.2600347149015698e-01 3.0861296926025045e-04
-7.2569478542571031e-01 3.0875914927197507e-04
-7.2538595321234023e-01 3.0890526710203423e-04
-7.2507697491224288e-01 3.0905132272138463e-04
-7.2476785058764404e-01 3.0919731610025197e-04
-7.2445858030079879e-01 3.0934324720918889e-04
-7.2414916411399144e-01 3.0948911601944197e-04
-7.2383960208953613e-01 3.0963492250065191e-04
-7.2352989428977588e-01 3.0978066662416007e-04
-7.2322004077708335e-01 3.0992634836035979e-04
-7.2291004161386041e-01 3.1007196768014959e-04
-7.2259989686253845e-01 3.1021752455378078e-04
-7.2228960658557795e-01 3.1036301895226778e-04
-7.2197917084546892e-01 3.1050845084594508e-04
-7.2166858970473036e-01 3.1065382020615282e-04
-7.2135786322591089e-01 3.1079912700311354e-04
-7.2104699147158824e-01 3.1094437120758204e-04
-7.2073597450436933e-01 3.1108955279061083e-04
-7.2042481238689049e-01 3.1123467172262964e-04
-7.2011350518181716e-01 3.1137972797455252e-04
-7.1980205295184396e-01 3.1152472151739936e-04
-7.1949045575969495e-01 3.1166965232147596e-04
-7.1917871366812303e-01 3.1181452035821549e-04
-7.1886682673991065e-01 3.1195932559786096e-04
-7.1855479503786923e-01 3.1210406801132759e-04
-7.1824261862483929e-01 3.1224874756977382e-04
-7.1793029756369053e-01 3.1239336424419882e-04
-7.1761783191732209e-01 3.1253791800461627e-04
-7.1730522174866163e-01 3.1268240882302166e-04
-7.1699246712066655e-01 3.1282683666927254e-04
-7.1667956809632283e-01 3.1297120151508950e-04
-7.1636652473864582e-01 3.1311550333106393e-04
-7.1605333711067987e-01 3.1325974208811760e-04
-7.1574000527549830e-01 3.1340391775744970e-04
-7.1542652929620365e-01 3.1354803030974373e-04
-7.1511290923592741e-01 3.1369207971586246e-04
-7.1479914515782994e-01 3.1383606594718208e-04
-7.1448523712510081e-01 3.1397998897446779e-04
-7.1417118520095846e-01 3.1412384876886940e-04
-7.1385698944865039e-01 3.1426764530126199e-04
-7.1354264993145311e-01 3.1441137854243563e-04
-7.1322816671267175e-01 3.1455504846418227e-04
-7.1291353985564088e-01 3.1469865503683291e-04
-7.1259876942372358e-01 3.1484219823194146e-04
-7.1228385548031203e-01 3.1498567802051863e-04
-7.1196879808882729e-01 3.1512909437374036e-04
-7.1165359731271949e-01 3.1527244726210562e-04
-7.1133825321546718e-01 3.1541573665764638e-04
-7.1102276586057833e-01 3.1555896253058325e-04
-7.1070713531158924e-01 3.1570212485288124e-04
-7.1039136163206540e-01 3.1584522359536806e-04
-7.1007544488560104e-01 3.1598825872913242e-04
-7.0975938513581904e-01 3.1613123022576503e-04
-7.0944318244637139e-01 3.1627413805598051e-04
-7.0912683688093869e-01 3.1641698219098889e-04
-7.0881034850323010e-01 3.1655976260272040e-04
-7.0849371737698408e-01 3.1670247926142718e-04
-7.0817694356596728e-01 3.1684513213909346e-04
-7.0786002713397533e-01 3.1698772120694499e-04
-7.0754296814483275e-01 3.1713024643576491e-04
-7.0722576666239234e-01 3.1727270779766158e-04
-7.0690842275053611e-01 3.1741510526308301e-04
-7.0659093647317439e-01 3.1755743880374979e-04
-7.0627330789424625e-01 3.1769970839108170e-04
-7.0595553707771952e-01 3.1784191399624552e-04
-7.0563762408759056e-01 3.1798405559072793e-04
-7.0531956898788450e-01 3.1812613314569337e-04
-7.0500137184265488e-01 3.1826814663289996e-04
-7.0468303271598409e-01 3.1841009602334193e-04
-7.0436455167198286e-01 3.1855198128888677e-04
-7.0404592877479077e-01 3.1869380240055230e-04
-7.0372716408857583e-01 3.1883555932977814e-04
-7.0340825767753445e-01 3.1897725204848339e-04
-7.0308920960589194e-01 3.1911888052757096e-04
-7.0277001993790189e-01 3.1926044473863131e-04
-7.0245068873784633e-01 3.1940194465357913e-04
-7.0213121607003603e-01 3.1954338024353136e-04
-7.0181160199881010e-01 3.1968475148021387e-04
-7.0149184658853625e-01 3.1982605833482893e-04
-7.0117194990361054e-01 3.1996730077904923e-04
-7.0085191200845742e-01 3.2010847878470372e-04
-7.0053173296753002e-01 3.2024959232294708e-04
-7.0021141284530952e-01 3.2039064136601242e-04
-6.9989095170630600e-01 3.2053162588477005e-04
-6.9957034961505760e-01 3.2067254585101996e-04
-6.9924960663613089e-01 3.2081340123648222e-04
-6.9892872283412089e-01 3.2095419201273831e-04
-6.9860769827365088e-01 3.2109491815155258e-04
-6.9828653301937249e-01 3.2123557962480682e-04
-6.9796522713596598e-01 3.2137617640343706e-04
-6.9764378068813948e-01 3.2151670845981240e-04
-6.9732219374062976e-01 3.2165717576526100e-04
-6.9700046635820168e-01 3.2179757829176107e-04
-6.9667859860564851e-01 3.2193791601088683e-04
-6.9635659054779186e-01 3.2207818889409931e-04
-6.9603444224948130e-01 3.2221839691373185e-04
-6.9571215377559492e-01 3.2235854004121256e-04
-6.9538972519103903e-01 3.2249861824812202e-04
-6.9506715656074791e-01 3.2263863150675741e-04
-6.9474444794968437e-01 3.2277857978842269e-04
-6.9442159942283921e-01 3.2291846306510373e-04
-6.9409861104523130e-01 3.2305828130906316e-04
-6.9377548288190805e-01 3.2319803449144563e-04
-6.9345221499794463e-01 3.2333772258462515e-04
-6.9312880745844463e-01 3.2347734556013852e-04
-6.9280526032853962e-01 3.2361690338996433e-04
-6.9248157367338936e-01 3.2375639604582425e-04
-6.9215774755818149e-01 3.2389582350019858e-04
-6.9183378204813206e-01 3.2403518572451641e-04
-6.9150967720848500e-01 3.2417448269087494e-04
-6.9118543310451241e-01 3.2431371437095357e-04
-6.9086104980151430e-01 3.2445288073698088e-04
-6.9053652736481874e-01 3.2459198176104502e-04
-6.9021186585978189e-01 3.2473101741503668e-04
-6.8988706535178801e-01 3.2486998767060766e-04
-6.8956212590624910e-01 3.2500889250013272e-04
-6.8923704758860527e-01 3.2514773187572270e-04
-6.8891183046432469e-01 3.2528650576907624e-04
-6.8858647459890332e-01 3.2542521415254483e-04
-6.8826098005786518e-01 3.2556385699804839e-04
-6.8793534690676217e-01 3.2570243427766014e-04
-6.8760957521117405e-01 3.2584094596366491e-04
-6.8728366503670868e-01 3.2597939202778128e-04
-6.8695761644900155e-01 3.2611777244247018e-04
-6.8663142951371625e-01 3.2625608717955836e-04
-6.8630510429654401e-01 3.2639433621155424e-04
-6.8597864086320415e-01 3.2653251951026509e-04
-6.8565203927944363e-01 3.2667063704803557e-04
-6.8532529961103728e-01 3.2680868879715602e-04
-6.8499842192378779e-01 3.2694667472972879e-04
-6.8467140628352563e-01 3.2708459481798160e-04
-6.8434425275610911e-01 3.2722244903391211e-04
-6.8401696140742407e-01 3.2736023735022949e-04
-6.8368953230338447e-01 3.2749795973870485e-04
-6.8336196550993178e-01 3.2763561617167461e-04
-6.8303426109303511e-01 3.2777320662179509e-04
-6.8270641911869157e-01 3.2791073106094490e-04
-6.8237843965292566e-01 3.2804818946183066e-04
-6.8205032276178990e-01 3.2818558179634612e-04
-6.8172206851136430e-01 3.2832290803680192e-04
-6.8139367696775643e-01 3.2846016815592536e-04
-6.8106514819710162e-01 3.2859736212611753e-04
-6.8073648226556305e-01 3.2873448991914699e-04
-6.8040767923933110e-01 3.2887155150799346e-04
-6.8007873918462403e-01 3.2900854686493711e-04
-6.7974966216768773e-01 3.2914547596211698e-04
-6.7942044825479553e-01 3.2928233877213661e-04
-6.7909109751224839e-01 3.2941913526744607e-04
-6.7876161000637492e-01 3.2955586542017111e-04
-6.7843198580353092e-01 3.2969252920353416e-04
-6.7810222497010020e-01 3.2982912658940439e-04
-6.7777232757249384e-01 3.2996565755029930e-04
-6.7744229367715036e-01 3.3010212205893455e-04
-6.7711212335053594e-01 3.3023852008766684e-04
-6.7678181665914416e-01 3.3037485160894599e-04
-6.7645137366949593e-01 3.3051111659570766e-04
-6.7612079444813977e-01 3.3064731502034303e-04
-6.7579007906165167e-01 3.3078344685527562e-04
-6.7545922757663501e-01 3.3091951207294833e-04
-6.7512824005972039e-01 3.3105551064642718e-04
-6.7479711657756614e-01 3.3119144254775435e-04
-6.7446585719685759e-01 3.3132730775014391e-04
-6.7413446198430771e-01 3.3146310622601507e-04
-6.7380293100665689e-01 3.3159883794763891e-04
-6.7347126433067250e-01 3.3173450288831316e-04
-6.7313946202314967e-01 3.3187010102015774e-04
-6.7280752415091050e-01 3.3200563231623135e-04
-6.7247545078080451e-01 3.3214109674928398e-04
-6.7214324197970865e-01 3.3227649429169650e-04
-6.7181089781452696e-01 3.3241182491638727e-04
-6.7147841835219080e-01 3.3254708859615140e-04
-6.7114580365965881e-01 3.3268228530358886e-04
-6.7081305380391687e-01 3.3281741501143527e-04
-6.7048016885197792e-01 3.3295247769281555e-04
-6.7014714887088234e-01 3.3308747332024322e-04
-6.6981399392769758e-01 3.3322240186654258e-04
-6.6948070408951821e-01 3.3335726330482407e-04
-6.6914727942346619e-01 3.3349205760745793e-04
-6.6881371999669026e-01 3.3362678474797646e-04
-6.6848002587636679e-01 3.3376144469848986e-04
-6.6814619712969892e-01 3.3389603743217469e-04
-6.6781223382391697e-01 3.3403056292194856e-04
-6.6747813602627837e-01 3.3416502114080377e-04
-6.6714390380406763e-01 3.3429941206170358e-04
-6.6680953722459646e-01 3.3443373565728176e-04
-6.6647503635520344e-01 3.3456799190072749e-04
-6.6614040126325424e-01 3.3470218076509406e-04
-6.6580563201614174e-01 3.3483630222299194e-04
-6.6547072868128554e-01 3.3497035624779556e-04
-6.6513569132613248e-01 3.3510434281229864e-04
-6.6480052001815626e-01 3.3523826188968135e-04
-6.6446521482485765e-01 3.3537211345282370e-04
-6.6412977581376442e-01 3.3550589747457089e-04
-6.6379420305243109e-01 3.3563961392831995e-04
-6.6345849660843925e-01 3.3577326278705507e-04
-6.6312265654939739e-01 3.3590684402394738e-04
-6.6278668294294107e-01 3.3604035761164436e-04
-6.6245057585673239e-01 3.3617380352383058e-04
-6.6211433535846065e-01 3.3630718173331469e-04
-6.6177796151584178e-01 3.3644049221355054e-04
-6.6144145439661883e-01 3.3657373493733539e-04
-6.6110481406856159e-01 3.3670690987771775e-04
-6.6076804059946648e-01 3.3684001700828029e-04
-6.6043113405715692e-01 3.3697305630212758e-04
-6.6009409450948320e-01 3.3710602773223344e-04
-6.5975692202432212e-01 3.3723893127224970e-04
-6.5941961666957760e-01 3.3737176689497053e-04
-6.5908217851318007e-01 3.3750453457383770e-04
-6.5874460762308684e-01 3.3763723428197729e-04
-6.5840690406728186e-01 3.3776986599273615e-04
-6.5806906791377573e-01 3.3790242967968984e-04
-6.5773109923060602e-01 3.3803492531567193e-04
-6.5739299808583673e-01 3.3816735287427717e-04
-6.5705476454755862e-01 3.3829971232885770e-04
-6.5671639868388920e-01 3.3843200365256870e-04
-6.5637790056297252e-01 3.3856422681886162e-04
-6.5603927025297926e-01 3.3869638180121194e-04
-6.5570050782210676e-01 3.3882846857296700e-04
-6.5536161333857912e-01 3.3896048710718246e-04
-6.5502258687064663e-01 3.3909243737792667e-04
-6.5468342848658667e-01 3.3922431935793490e-04
-6.5434413825470272e-01 3.3935613302122204e-04
-6.5400471624332512e-01 3.3948787834100244e-04
-6.5366516252081075e-01 3.3961955529047006e-04
-6.5332547715554279e-01 3.3975116384359517e-04
-6.5298566021593096e-01 3.3988270397369890e-04
-6.5264571177041186e-01 3.4001417565398948e-04
-6.5230563188744806e-01 3.4014557885848814e-04
-6.5196542063552898e-01 3.4027691356028323e-04
-6.5162507808317027e-01 3.4040817973318314e-04
-6.5128460429891410e-01 3.4053937735074478e-04
-6.5094399935132907e-01 3.4067050638658474e-04
-6.5060326330901030e-01 3.4080156681396702e-04
-6.5026239624057902e-01 3.4093255860704664e-04
-6.4992139821468331e-01 3.4106348173868438e-04
-6.4958026929999702e-01 3.4119433618342177e-04
-6.4923900956522096e-01 3.4132512191413576e-04
-6.4889761907908183e-01 3.4145583890501534e-04
-6.4855609791033297e-01 3.4158648712942811e-04
-6.4821444612775392e-01 3.4171706656103653e-04
-6.4787266380015041e-01 3.4184757717383970e-04
-6.4753075099635471e-01 3.4197801894117567e-04
-6.4718870778522508e-01 3.4210839183717565e-04
-6.4684653423564642e-01 3.4223869583499197e-04
-6.4650423041652938e-01 3.4236893090908578e-04
-6.4616179639681126e-01 3.4249909703285616e-04
-6.4581923224545534e-01 3.4262919418033701e-04
-6.4547653803145133e-01 3.4275922232501017e-04
-6.4513371382381501e-01 3.4288918144067008e-04
-6.4479075969158828e-01 3.4301907150131790e-04
-6.4444767570383921e-01 3.4314889248090422e-04
-6.4410446192966220e-01 3.4327864435298810e-04
-6.4376111843817763e-01 3.4340832709151128e-04
-6.4341764529853185e-01 3.4353794067084096e-04
-6.4307404257989775e-01 3.4366748506424834e-04
-6.4273031035147410e-01 3.4379696024557972e-04
-6.4238644868248551e-01 3.4392636618931280e-04
-6.4204245764218293e-01 3.4405570286926519e-04
-6.4169833729984338e-01 3.4418497025916607e-04
-6.4135408772476987e-01 3.4431416833294526e-04
-6.4100970898629139e-01 3.4444329706464832e-04
-6.4066520115376291e-01 3.4457235642843757e-04
-6.4032056429656548e-01 3.4470134639823935e-04
-6.3997579848410613e-01 3.4483026694801222e-04
-6.3963090378581788e-01 3.4495911805170447e-04
-6.3928588027115951e-01 3.4508789968379437e-04
-6.3894072800961610e-01 3.4521661181781047e-04
-6.3859544707069837e-01 3.4534525442806016e-04
-6.3825003752394305e-01 3.4547382748863074e-04
-6.3790449943891270e-01 3.4560233097377365e-04
-6.3755883288519599e-01 3.4573076485720945e-04
-6.3721303793240713e-01 3.4585912911352294e-04
-6.3686711465018642e-01 3.4598742371671468e-04
-6.3652106310820000e-01 3.4611564864078196e-04
-6.3617488337613981e-01 3.4624380385987372e-04
-6.3582857552372340e-01 3.4637188934861791e-04
-6.3548213962069444e-01 3.4649990508091517e-04
-6.3513557573682233e-01 3.4662785103074719e-04
-6.3478888394190203e-01 3.4675572717272803e-04
-6.3444206430575445e-01 3.4688353348095123e-04
-6.3409511689822617e-01 3.4701126992973502e-04
-6.3374804178918953e-01 3.4713893649337952e-04
-6.3340083904854261e-01 3.4726653314609486e-04
-6.3305350874620914e-01 3.4739405986223030e-04
-6.3270605095213861e-01 3.4752151661600816e-04
-6.3235846573630605e-01 3.4764890338201068e-04
-6.3201075316871247e-01 3.4777622013401665e-04
-6.3166291331938396e-01 3.4790346684725610e-04
-6.3131494625837292e-01 3.4803064349520465e-04
-6.3096685205575687e-01 3.4815775005275708e-04
-6.3061863078163904e-01 3.4828478649439541e-04
-6.3027028250614847e-01 3.4841175279419170e-04
-6.2992180729943947e-01 3.4853864892692605e-04
-6.2957320523169225e-01 3.4866547486658725e-04
-6.2922447637311218e-01 3.4879223058809691e-04
-6.2887562079393045e-01 3.4891891606578842e-04
-6.2852663856440372e-01 3.4904553127399548e-04
-6.2817752975481411e-01 3.4917207618727217e-04
-6.2782829443546928e-01 3.4929855078005790e-04
-6.2747893267670218e-01 3.4942495502725675e-04
-6.2712944454887154e-01 3.4955128890301211e-04
-6.2677983012236127e-01 3.4967755238213331e-04
-6.2643008946758083e-01 3.4980374543917879e-04
-6.2608022265496521e-01 3.4992986804842526e-04
-6.2573022975497450e-01 3.5005592018498756e-04
-6.2538011083809464e-01 3.5018190182277658e-04
-6.2502986597483634e-01 3.5030781293728011e-04
-6.2467949523573629e-01 3.5043365350246832e-04
-6.2432899869135616e-01 3.5055942349324900e-04
-6.2397837641228315e-01 3.5068512288403389e-04
-6.2362762846912945e-01 3.5081075165010588e-04
-6.2327675493253309e-01 3.5093630976539128e-04
-6.2292575587315679e-01 3.5106179720541361e-04
-6.2257463136168911e-01 3.5118721394424945e-04
-6.2222338146884348e-01 3.5131255995698508e-04
-6.2187200626535877e-01 3.5143783521826208e-04
-6.2152050582199903e-01 3.5156303970286149e-04
-6.2116888020955352e-01 3.5168817338560699e-04
-6.2081712949883683e-01 3.5181323624107659e-04
-6.2046525376068851e-01 3.5193822824438893e-04
-6.2011325306597342e-01 3.5206314937035805e-04
-6.1976112748558165e-01 3.5218799959371618e-04
-6.1940887709042836e-01 3.5231277888934855e-04
-6.1905650195145390e-01 3.5243748723200814e-04
-6.1870400213962373e-01 3.5256212459653183e-04
-6.1835137772592830e-01 3.5268669095808356e-04
-6.1799862878138323e-01 3.5281118629157279e-04
-6.1764575537702937e-01 3.5293561057162990e-04
-6.1729275758393232e-01 3.5305996377365975e-04
-6.1693963547318309e-01 3.5318424587215313e-04
-6.1658638911589758e-01 3.5330845684201917e-04
-6.1623301858321644e-01 3.5343259665885892e-04
-6.1587952394630574e-01 3.5355666529724556e-04
-6.1552590527635642e-01 3.5368066273205011e-04
-6.1517216264458430e-01 3.5380458893849101e-04
-6.1481829612223016e-01 3.5392844389170393e-04
-6.1446430578055977e-01 3.5405222756680090e-04
-6.1411019169086400e-01 3.5417593993849626e-04
-6.1375595392445836e-01 3.5429958098222997e-04
-6.1340159255268345e-01 3.5442315067297614e-04
-6.1304710764690473e-01 3.5454664898581926e-04
-6.1269249927851255e-01 3.5467007589583683e-04
-6.1233776751892210e-01 3.5479343137814149e-04
-6.1198291243957326e-01 3.5491671540833380e-04
-6.1162793411193117e-01 3.5503992796088671e-04
-6.1127283260748533e-01 3.5516306901151403e-04
-6.1091760799775030e-01 3.5528613853523565e-04
-6.1056226035426542e-01 3.5540913650719666e-04
-6.1020678974859477e-01 3.5553206290259241e-04
-6.0985119625232709e-01 3.5565491769692800e-04
-6.0949547993707598e-01 3.5577770086524864e-04
-6.0913964087447992e-01 3.5590041238290948e-04
-6.0878367913620179e-01 3.5602305222512013e-04
-6.0842759479392938e-01 3.5614562036725788e-04
-6.0807138791937509e-01 3.5626811678472200e-04
-6.0771505858427610e-01 3.5639054145269474e-04
-6.0735860686039422e-01 3.5651289434644479e-04
-6.0700203281951581e-01 3.5663517544148594e-04
-6.0664533653345187e-01 3.5675738471333468e-04
-6.0628851807403827e-01 3.5687952213693796e-04
-6.0593157751313509e-01 3.5700158768818199e-04
-6.0557451492262737e-01 3.5712358134207093e-04
-6.0521733037442438e-01 3.5724550307448632e-04
-6.0486002394046035e-01 3.5736735286036439e-04
-6.0450259569269371e-01 3.5748913067542172e-04
-6.0414504570310745e-01 3.5761083649541527e-04
-6.0378737404370941e-01 3.5773247029528507e-04
-6.0342958078653164e-01 3.5785403205067636e-04
-6.0307166600363060e-01 3.5797552173743403e-04
-6.0271362976708742e-01 3.5809693933096514e-04
-6.0235547214900775e-01 3.5821828480652867e-04
-6.0199719322152145e-01 3.5833955813999418e-04
-6.0163879305678292e-01 3.5846075930697906e-04
-6.0128027172697118e-01 3.5858188828256053e-04
-6.0092162930428916e-01 3.5870294504309101e-04
-6.0056286586096475e-01 3.5882392956355225e-04
-6.0020398146924969e-01 3.5894484182010341e-04
-5.9984497620142052e-01 3.5906568178801845e-04
-5.9948585012977795e-01 3.5918644944284573e-04
-5.9912660332664680e-01 3.5930714476078046e-04
-5.9876723586437652e-01 3.5942776771719987e-04
-5.9840774781534078e-01 3.5954831828775022e-04
-5.9804813925193745e-01 3.5966879644826850e-04
-5.9768841024658870e-01 3.5978920217451314e-04
-5.9732856087174102e-01 3.5990953544212586e-04
-5.9696859119986501e-01 3.6002979622710681e-04
-5.9660850130345577e-01 3.6014998450475174e-04
-5.9624829125503220e-01 3.6027010025141523e-04
-5.9588796112713771e-01 3.6039014344270876e-04
-5.9552751099233991e-01 3.6051011405417488e-04
-5.9516694092323030e-01 3.6063001206209402e-04
-5.9480625099242479e-01 3.6074983744211608e-04
-5.9444544127256338e-01 3.6086959017001859e-04
-5.9408451183631017e-01 3.6098927022168231e-04
-5.9372346275635324e-01 3.6110887757328142e-04
-5.9336229410540509e-01 3.6122841220025316e-04
-5.9300100595620187e-01 3.6134787407904540e-04
-5.9263959838150415e-01 3.6146726318529569e-04
-5.9227807145409639e-01 3.6158657949507471e-04
-5.9191642524678711e-01 3.6170582298434396e-04
-5.9155465983240885e-01 3.6182499362914750e-04
-5.9119277528381831e-01 3.6194409140514149e-04
-5.9083077167389586e-01 3.6206311628875638e-04
-5.9046864907554619e-01 3.6218206825567158e-04
-5.9010640756169763e-01 3.6230094728230877e-04
-5.8974404720530271e-01 3.6241975334452018e-04
-5.8938156807933784e-01 3.6253848641832389e-04
-5.8901897025680328e-01 3.6265714647984638e-04
-5.8865625381072317e-01 3.6277573350534698e-04
-5.8829341881414565e-01 3.6289424747084644e-04
-5.8793046534014282e-01 3.6301268835216971e-04
-5.8756739346181031e-01 3.6313105612589158e-04
-5.8720420325226785e-01 3.6324935076802281e-04
-5.8684089478465895e-01 3.6336757225476996e-04
-5.8647746813215085e-01 3.6348572056247582e-04
-5.8611392336793489e-01 3.6360379566684962e-04
-5.8575026056522572e-01 3.6372179754468292e-04
-5.8538647979726222e-01 3.6383972617177942e-04
-5.8502258113730665e-01 3.6395758152475276e-04
-5.8465856465864541e-01 3.6407536357939771e-04
-5.8429443043458817e-01 3.6419307231250479e-04
-5.8393017853846874e-01 3.6431070769997351e-04
-5.8356580904364430e-01 3.6442826971836995e-04
-5.8320132202349584e-01 3.6454575834409106e-04
-5.8283671755142819e-01 3.6466317355308807e-04
-5.8247199570086949e-01 3.6478051532210046e-04
-5.8210715654527190e-01 3.6489778362710850e-04
-5.8174220015811084e-01 3.6501497844481897e-04
-5.8137712661288554e-01 3.6513209975158633e-04
-5.8101193598311873e-01 3.6524914752394385e-04
-5.8064662834235703e-01 3.6536612173777367e-04
-5.8028120376417003e-01 3.6548302237028081e-04
-5.7991566232215153e-01 3.6559984939720652e-04
-5.7955000408991830e-01 3.6571660279558280e-04
-5.7918422914111112e-01 3.6583328254140274e-04
-5.7881833754939382e-01 3.6594988861159670e-04
-5.7845232938845403e-01 3.6606642098252240e-04
-5.7808620473200278e-01 3.6618287963066914e-04
-5.7771996365377454e-01 3.6629926453258615e-04
-5.7735360622752718e-01 3.6641557566493226e-04
-5.7698713252704215e-01 3.6653181300410508e-04
-5.7662054262612406e-01 3.6664797652703155e-04
-5.7625383659860130e-01 3.6676406620981579e-04
-5.7588701451832525e-01 3.6688008202950470e-04
-5.7552007645917092e-01 3.6699602396255554e-04
-5.7515302249503664e-01 3.6711189198550021e-04
-5.7478585269984384e-01 3.6722768607547510e-04
-5.7441856714753770e-01 3.6734340620865738e-04
-5.7405116591208649e-01 3.6745905236173202e-04
-5.7368364906748159e-01 3.6757462451183468e-04
-5.7331601668773802e-01 3.6769012263533987e-04
-5.7294826884689376e-01 3.6780554670924718e-04
-5.7258040561901036e-01 3.6792089670995140e-04
-5.7221242707817221e-01 3.6803617261467854e-04
-5.7184433329848738e-01 3.6815137439971755e-04
-5.7147612435408679e-01 3.6826650204213189e-04
-5.7110780031912456e-01 3.6838155551897466e-04
-5.7073936126777836e-01 3.6849653480650589e-04
-5.7037080727424849e-01 3.6861143988215823e-04
-5.7000213841275893e-01 3.6872627072226941e-04
-5.6963335475755628e-01 3.6884102730425089e-04
-5.6926445638291079e-01 3.6895570960439642e-04
-5.6889544336311526e-01 3.6907031760020768e-04
-5.6852631577248613e-01 3.6918485126803306e-04
-5.6815707368536239e-01 3.6929931058536663e-04
-5.6778771717610654e-01 3.6941369552867732e-04
-5.6741824631910387e-01 3.6952800607508574e-04
-5.6704866118876263e-01 3.6964224220181876e-04
-5.6667896185951439e-01 3.6975640388547232e-04
-5.6630914840581337e-01 3.6987049110340518e-04
-5.6593922090213711e-01 3.6998450383229209e-04
-5.6556917942298579e-01 3.7009844204948932e-04
-5.6519902404288280e-01 3.7021230573185533e-04
-5.6482875483637429e-01 3.7032609485662194e-04
-5.6445837187802950e-01 3.7043980940069487e-04
-5.6408787524244042e-01 3.7055344934132638e-04
-5.6371726500422203e-01 3.7066701465554585e-04
-5.6334654123801220e-01 3.7078050532046405e-04
-5.6297570401847163e-01 3.7089392131318255e-04
-5.6260475342028371e-01 3.7100726261121090e-04
-5.6223368951815511e-01 3.7112052919108994e-04
-5.6186251238681473e-01 3.7123372103066887e-04
-5.6149122210101476e-01 3.7134683810671342e-04
-5.6111981873552996e-01 3.7145988039654623e-04
-5.6074830236515794e-01 3.7157284787730312e-04
-5.6037667306471883e-01 3.7168574052659731e-04
-5.6000493090905579e-01 3.7179855832154433e-04
-5.5963307597303480e-01 3.7191130123899132e-04
-5.5926110833154408e-01 3.7202396925685525e-04
-5.5888902805949503e-01 3.7213656235203003e-04
-5.5851683523182138e-01 3.7224908050216489e-04
-5.5814452992347985e-01 3.7236152368428082e-04
-5.5777211220944956e-01 3.7247389187588538e-04
-5.5739958216473240e-01 3.7258618505424379e-04
-5.5702693986435281e-01 3.7269840319683858e-04
-5.5665418538335776e-01 3.7281054628126594e-04
-5.5628131879681708e-01 3.7292261428460986e-04
-5.5590834017982305e-01 3.7303460718422841e-04
-5.5553524960749023e-01 3.7314652495805704e-04
-5.5516204715495621e-01 3.7325836758310649e-04
-5.5478873289738073e-01 3.7337013503709927e-04
-5.5441530690994623e-01 3.7348182729751716e-04
-5.5404176926785775e-01 3.7359344434150193e-04
-5.5366812004634247e-01 3.7370498614706737e-04
-5.5329435932065041e-01 3.7381645269140402e-04
-5.5292048716605369e-01 3.7392784395247336e-04
-5.5254650365784730e-01 3.7403915990733938e-04
-5.5217240887134833e-01 3.7415040053379847e-04
-5.5179820288189629e-01 3.7426156580960975e-04
-5.5142388576485335e-01 3.7437265571203419e-04
-5.5104945759560364e-01 3.7448367021916510e-04
-5.5067491844955407e-01 3.7459460930829133e-04
-5.5030026840213375e-01 3.7470547295703006e-04
-5.4992550752879399e-01 3.7481626114327653e-04
-5.4955063590500852e-01 3.7492697384470950e-04
-5.4917565360627352e-01 3.7503761103877567e-04
-5.4880056070810712e-01 3.7514817270359351e-04
-5.4842535728605013e-01 3.7525865881648119e-04
-5.4805004341566532e-01 3.7536906935538164e-04
-5.4767461917253768e-01 3.7547940429830535e-04
-5.4729908463227483e-01 3.7558966362242428e-04
-5.4692343987050607e-01 3.7569984730607991e-04
-5.4654768496288320e-01 3.7580995532694700e-04
-5.4617181998508013e-01 3.7591998766286285e-04
-5.4579584501279310e-01 3.7602994429142831e-04
-5.4541976012174020e-01 3.7613982519078023e-04
-5.4504356538766197e-01 3.7624963033850762e-04
-5.4466726088632067e-01 3.7635935971294714e-04
-5.4429084669350114e-01 3.7646901329157649e-04
-5.4391432288501007e-01 3.7657859105232392e-04
-5.4353768953667603e-01 3.7668809297355515e-04
-5.4316094672435011e-01 3.7679751903268234e-04
-5.4278409452390508e-01 3.7690686920794015e-04
-5.4240713301123578e-01 3.7701614347743022e-04
-5.4203006226225925e-01 3.7712534181891000e-04
-5.4165288235291442e-01 3.7723446421040769e-04
-5.4127559335916209e-01 3.7734351063016368e-04
-5.4089819535698536e-01 3.7745248105577873e-04
-5.4052068842238876e-01 3.7756137546590088e-04
-5.4014307263139938e-01 3.7767019383799045e-04
-5.3976534806006560e-01 3.7777893615073956e-04
-5.3938751478445834e-01 3.7788760238161441e-04
-5.3900957288066986e-01 3.7799619250922266e-04
-5.3863152242481460e-01 3.7810470651153069e-04
-5.3825336349302877e-01 3.7821314436675403e-04
-5.3787509616147056e-01 3.7832150605280636e-04
-5.3749672050631969e-01 3.7842979154825533e-04
-5.3711823660377811e-01 3.7853800083084753e-04
-5.3673964453006917e-01 3.7864613387914665e-04
-5.3636094436143822e-01 3.7875419067128348e-04
-5.3598213617415236e-01 3.7886217118546651e-04
-5.3560322004450045e-01 3.7897007539987559e-04
-5.3522419604879312e-01 3.7907790329268909e-04
-5.3484506426336242e-01 3.7918565484266190e-04
-5.3446582476456261e-01 3.7929333002760486e-04
-5.3408647762876926e-01 3.7940092882607086e-04
-5.3370702293237982e-01 3.7950845121625151e-04
-5.3332746075181325e-01 3.7961589717660013e-04
-5.3294779116351032e-01 3.7972326668535061e-04
-5.3256801424393319e-01 3.7983055972117794e-04
-5.3218813006956589e-01 3.7993777626223202e-04
-5.3180813871691401e-01 3.8004491628682979e-04
-5.3142804026250456e-01 3.8015197977360352e-04
-5.3104783478288620e-01 3.8025896670104426e-04
-5.3066752235462933e-01 3.8036587704724090e-04
-5.3028710305432558e-01 3.8047271079098442e-04
-5.2990657695858823e-01 3.8057946791079456e-04
-5.2952594414405219e-01 3.8068614838495816e-04
-5.2914520468737369e-01 3.8079275219209450e-04
-5.2876435866523053e-01 3.8089927931075852e-04
-5.2838340615432200e-01 3.8100572971932643e-04
-5.2800234723136863e-01 3.8111210339669297e-04
-5.2762118197311270e-01 3.8121840032110386e-04
-5.2723991045631768e-01 3.8132462047123754e-04
-5.2685853275776839e-01 3.8143076382595679e-04
-5.2647704895427139e-01 3.8153683036339190e-04
-5.2609545912265410e-01 3.8164282006266297e-04
-5.2571376333976572e-01 3.8174873290213130e-04
-5.2533196168247653e-01 3.8185456886060315e-04
-5.2495005422767826e-01 3.8196032791673747e-04
-5.2456804105228394e-01 3.8206601004916985e-04
-5.2418592223322780e-01 3.8217161523672815e-04
-5.2380369784746539e-01 3.8227714345816363e-04
-5.2342136797197358e-01 3.8238259469215312e-04
-5.2303893268375057e-01 3.8248796891723598e-04
-5.2265639205981540e-01 3.8259326611267500e-04
-5.2227374617720879e-01 3.8269848625686171e-04
-5.2189099511299242e-01 3.8280362932868929e-04
-5.2150813894424919e-01 3.8290869530695107e-04
-5.2112517774808298e-01 3.8301368417086918e-04
-5.2074211160161932e-01 3.8311859589868809e-04
-5.2035894058200427e-01 3.8322343046982274e-04
-5.1997566476640544e-01 3.8332818786289630e-04
-5.1959228423201154e-01 3.8343286805659509e-04
-5.1920879905603190e-01 3.8353747103042792e-04
-5.1882520931569753e-01 3.8364199676284505e-04
-5.1844151508826020e-01 3.8374644523286367e-04
-5.1805771645099263e-01 3.8385081641962438e-04
-5.1767381348118879e-01 3.8395511030197746e-04
-5.1728980625616350e-01 3.8405932685901800e-04
-5.1690569485325266e-01 3.8416346606958020e-04
-5.1652147934981318e-01 3.8426752791293140e-04
-5.1613715982322284e-01 3.8437151236788493e-04
-5.1575273635088048e-01 3.8447541941344317e-04
-5.1536820901020564e-01 3.8457924902904176e-04
-5.1498357787863902e-01 3.8468300119357099e-04
-5.1459884303364223e-01 3.8478667588602063e-04
-5.1421400455269761e-01 3.8489027308563390e-04
-5.1382906251330840e-01 3.8499379277163472e-04
-5.1344401699299880e-01 3.8509723492306602e-04
-5.1305886806931378e-01 3.8520059951911186e-04
-5.1267361581981918e-01 3.8530388653887647e-04
-5.1228826032210162e-01 3.8540709596158004e-04
-5.1190280165376845e-01 3.8551022776652291e-04
-5.1151723989244791e-01 3.8561328193284332e-04
-5.1113157511578888e-01 3.8571625843988926e-04
-5.1074580740146103e-01 3.8581915726700993e-04
-5.1035993682715497e-01 3.8592197839309132e-04
-5.0997396347058155e-01 3.8602472179799090e-04
-5.0958788740947292e-01 3.8612738746046275e-04
-5.0920170872158144e-01 3.8622997536009063e-04
-5.0881542748468023e-01 3.8633248547635511e-04
-5.0842904377656328e-01 3.8643491778834674e-04
-5.0804255767504503e-01 3.8653727227553686e-04
-5.0765596925796064e-01 3.8663954891716767e-04
-5.0726927860316562e-01 3.8674174769302757e-04
-5.0688248578853645e-01 3.8684386858218030e-04
-5.0649559089196994e-01 3.8694591156430600e-04
-5.0610859399138342e-01 3.8704787661870602e-04
-5.0572149516471510e-01 3.8714976372472158e-04
-5.0533429448992329e-01 3.8725157286207724e-04
-5.0494699204498705e-01 3.8735330401016242e-04
-5.0455958790790589e-01 3.8745495714852116e-04
-5.0417208215669984e-01 3.8755653225659389e-04
-5.0378447486940925e-01 3.8765802931409025e-04
-5.0339676612409512e-01 3.8775944830040862e-04
-5.0300895599883877e-01 3.8786078919512414e-04
-5.0262104457174184e-01 3.8796205197803553e-04
-5.0223303192092661e-01 3.8806323662851416e-04
-5.0184491812453558e-01 3.8816434312625417e-04
-5.0145670326073166e-01 3.8826537145087179e-04
-5.0106838740769810e-01 3.8836632158205771e-04
-5.0067997064363845e-01 3.8846719349957208e-04
-5.0029145304677669e-01 3.8856798718297554e-04
-4.9990283469535707e-01 3.8866870261194248e-04
-4.9951411566764403e-01 3.8876933976631758e-04
-4.9912529604192241e-01 3.8886989862578432e-04
-4.9873637589649727e-01 3.8897037917004235e-04
-4.9834735530969393e-01 3.8907078137884643e-04
-4.9795823435985787e-01 3.8917110523205506e-04
-4.9756901312535484e-01 3.8927135070941150e-04
-4.9717969168457077e-01 3.8937151779079316e-04
-4.9679027011591181e-01 3.8947160645591106e-04
-4.9640074849780425e-01 3.8957161668463756e-04
-4.9601112690869442e-01 3.8967154845696438e-04
-4.9562140542704902e-01 3.8977140175254938e-04
-4.9523158413135460e-01 3.8987117655149101e-04
-4.9484166310011807e-01 3.8997087283356043e-04
-4.9445164241186618e-01 3.9007049057877808e-04
-4.9406152214514598e-01 3.9017002976691865e-04
-4.9367130237852436e-01 3.9026949037814461e-04
-4.9328098319058838e-01 3.9036887239232585e-04
-4.9289056465994513e-01 3.9046817578943915e-04
-4.9250004686522170e-01 3.9056740054940357e-04
-4.9210942988506501e-01 3.9066654665246111e-04
-4.9171871379814225e-01 3.9076561407837252e-04
-4.9132789868314025e-01 3.9086460280746279e-04
-4.9093698461876606e-01 3.9096351281957525e-04
-4.9054597168374647e-01 3.9106234409490569e-04
-4.9015485995682828e-01 3.9116109661346165e-04
-4.8976364951677820e-01 3.9125977035541301e-04
-4.8937234044238265e-01 3.9135836530096441e-04
-4.8898093281244814e-01 3.9145688143009887e-04
-4.8858942670580091e-01 3.9155531872306403e-04
-4.8819782220128699e-01 3.9165367716010094e-04
-4.8780611937777235e-01 3.9175195672129900e-04
-4.8741431831414267e-01 3.9185015738691222e-04
-4.8702241908930349e-01 3.9194827913706056e-04
-4.8663042178218002e-01 3.9204632195210870e-04
-4.8623832647171727e-01 3.9214428581228181e-04
-4.8584613323687997e-01 3.9224217069791728e-04
-4.8545384215665266e-01 3.9233997658916073e-04
-4.8506145331003953e-01 3.9243770346630261e-04
-4.8466896677606430e-01 3.9253535130988007e-04
-4.8427638263377071e-01 3.9263292009994151e-04
-4.8388370096222177e-01 3.9273040981710304e-04
-4.8349092184050046e-01 3.9282782044152976e-04
-4.8309804534770917e-01 3.9292515195371992e-04
-4.8270507156296999e-01 3.9302240433403102e-04
-4.8231200056542456e-01 3.9311957756293404e-04
-4.8191883243423417e-01 3.9321667162078698e-04
-4.8152556724857964e-01 3.9331368648798924e-04
-4.8113220508766125e-01 3.9341062214517432e-04
-4.8073874603069899e-01 3.9350747857258165e-04
-4.8034519015693217e-01 3.9360425575091609e-04
-4.7995153754561970e-01 3.9370095366061150e-04
-4.7955778827603995e-01 3.9379757228223141e-04
-4.7916394242749083e-01 3.9389411159621116e-04
-4.7877000007928955e-01 3.9399057158323207e-04
-4.7837596131077287e-01 3.9408695222383394e-04
-4.7798182620129698e-01 3.9418325349851541e-04
-4.7758759483023738e-01 3.9427947538796785e-04
-4.7719326727698902e-01 3.9437561787280113e-04
-4.7679884362096620e-01 3.9447168093366365e-04
-4.7640432394160259e-01 3.9456766455115588e-04
-4.7600970831835115e-01 3.9466356870605026e-04
-4.7561499683068426e-01 3.9475939337893566e-04
-4.7522018955809353e-01 3.9485513855050749e-04
-4.7482528658008982e-01 3.9495080420159863e-04
-4.7443028797620340e-01 3.9504639031281335e-04
-4.7403519382598369e-01 3.9514189686495140e-04
-4.7364000420899938e-01 3.9523732383877600e-04
-4.7324471920483835e-01 3.9533267121513423e-04
-4.7284933889310782e-01 3.9542793897467509e-04
-4.7245386335343398e-01 3.9552312709842456e-04
-4.7205829266546245e-01 3.9561823556700392e-04
-4.7166262690885785e-01 3.9571326436136137e-04
-4.7126686616330399e-01 3.9580821346234214e-04
-4.7087101050850383e-01 3.9590308285076961e-04
-4.7047506002417938e-01 3.9599787250762879e-04
-4.7007901479007180e-01 3.9609258241380708e-04
-4.6968287488594129e-01 3.9618721255029626e-04
-4.6928664039156726e-01 3.9628176289784446e-04
-4.6889031138674797e-01 3.9637623343754082e-04
-4.6849388795130076e-01 3.9647062415045122e-04
-4.6809737016506214e-01 3.9656493501736623e-04
-4.6770075810788747e-01 3.9665916601936638e-04
-4.6730405185965107e-01 3.9675331713758422e-04
-4.6690725150024642e-01 3.9684738835283928e-04
-4.6651035710958572e-01 3.9694137964639428e-04
-4.6611336876760023e-01 3.9703529099925194e-04
-4.6571628655424019e-01 3.9712912239242207e-04
-4.6531911054947456e-01 3.9722287380716321e-04
-4.6492184083329141e-01 3.9731654522441931e-04
-4.6452447748569747e-01 3.9741013662549570e-04
-4.6412702058671851e-01 3.9750364799142235e-04
-4.6372947021639904e-01 3.9759707930338138e-04
-4.6333182645480242e-01 3.9769043054256484e-04
-4.6293408938201075e-01 3.9778370169026229e-04
-4.6253625907812507e-01 3.9787689272755130e-04
-4.6213833562326506e-01 3.9797000363574366e-04
-4.6174031909756919e-01 3.9806303439613762e-04
-4.6134220958119476e-01 3.9815598498985522e-04
-4.6094400715431771e-01 3.9824885539825134e-04
-4.6054571189713267e-01 3.9834164560268018e-04
-4.6014732388985308e-01 3.9843435558433279e-04
-4.5974884321271092e-01 3.9852698532462697e-04
-4.5935026994595696e-01 3.9861953480485661e-04
-4.5895160416986047e-01 3.9871200400648412e-04
-4.5855284596470952e-01 3.9880439291077900e-04
-4.5815399541081070e-01 3.9889670149914288e-04
-4.5775505258848920e-01 3.9898892975300925e-04
-4.5735601757808875e-01 3.9908107765387467e-04
-4.5695689045997179e-01 3.9917314518304658e-04
-4.5655767131451919e-01 3.9926513232202871e-04
-4.5615836022213030e-01 3.9935703905241818e-04
-4.5575895726322319e-01 3.9944886535552135e-04
-4.5535946251823423e-01 3.9954061121295892e-04
-4.5495987606761840e-01 3.9963227660620222e-04
-4.5456019799184905e-01 3.9972386151686354e-04
-4.5416042837141807e-01 3.9981536592644391e-04
-4.5376056728683578e-01 3.9990678981648083e-04
-4.5336061481863088e-01 3.9999813316857945e-04
-4.5296057104735044e-01 4.0008939596441632e-04
-4.5256043605356000e-01 4.0018057818555448e-04
-4.5216020991784345e-01 4.0027167981361258e-04
-4.5175989272080297e-01 4.0036270083031482e-04
-4.5135948454305924e-01 4.0045364121716557e-04
-4.5095898546525098e-01 4.0054450095612361e-04
-4.5055839556803556e-01 4.0063528002861790e-04
-4.5015771493208839e-01 4.0072597841649588e-04
-4.4975694363810320e-01 4.0081659610154716e-04
-4.4935608176679209e-01 4.0090713306539165e-04
-4.4895512939888527e-01 4.0099758928989265e-04
-4.4855408661513124e-01 4.0108796475677903e-04
-4.4815295349629669e-01 4.0117825944790129e-04
-4.4775173012316655e-01 4.0126847334499773e-04
-4.4735041657654384e-01 4.0135860642996629e-04
-4.4694901293724981e-01 4.0144865868462415e-04
-4.4654751928612385e-01 4.0153863009081508e-04
-4.4614593570402339e-01 4.0162852063051587e-04
-4.4574426227182412e-01 4.0171833028549098e-04
-4.4534249907041967e-01 4.0180805903777865e-04
-4.4494064618072188e-01 4.0189770686923379e-04
-4.4453870368366055e-01 4.0198727376183419e-04
-4.4413667166018367e-01 4.0207675969744288e-04
-4.4373455019125702e-01 4.0216616465822447e-04
-4.4333233935786465e-01 4.0225548862599580e-04
-4.4293003924100843e-01 4.0234473158285903e-04
-4.4252764992170829e-01 4.0243389351085200e-04
-4.4212517148100211e-01 4.0252297439198495e-04
-4.4172260399994578e-01 4.0261197420821181e-04
-4.4131994755961290e-01 4.0270089294189602e-04
-4.4091720224109532e-01 4.0278973057482852e-04
-4.4051436812550249e-01 4.0287848708931204e-04
-4.4011144529396196e-01 4.0296716246732909e-04
-4.3970843382761898e-01 4.0305575669112082e-04
-4.3930533380763670e-01 4.0314426974291065e-04
-4.3890214531519622e-01 4.0323270160470863e-04
-4.3849886843149638e-01 4.0332105225869937e-04
-4.3809550323775365e-01 4.0340932168732860e-04
-4.3769204981520260e-01 4.0349750987254713e-04
-4.3728850824509535e-01 4.0358561679670999e-04
-4.3688487860870179e-01 4.0367364244216116e-04
-4.3648116098730966e-01 4.0376158679101409e-04
-4.3607735546222437e-01 4.0384944982555388e-04
-4.3567346211476887e-01 4.0393723152828612e-04
-4.3526948102628410e-01 4.0402493188130704e-04
-4.3486541227812836e-01 4.0411255086714995e-04
-4.3446125595167789e-01 4.0420008846797656e-04
-4.3405701212832637e-01 4.0428754466625288e-04
-4.3365268088948511e-01 4.0437491944442569e-04
-4.3324826231658314e-01 4.0446221278479604e-04
-4.3284375649106699e-01 4.0454942466984479e-04
-4.3243916349440076e-01 4.0463655508202851e-04
-4.3203448340806622e-01 4.0472360400366561e-04
-4.3162971631356251e-01 4.0481057141734353e-04
-4.3122486229240636e-01 4.0489745730556704e-04
-4.3081992142613207e-01 4.0498426165077987e-04
-4.3041489379629139e-01 4.0507098443547216e-04
-4.3000977948445346e-01 4.0515762564226717e-04
-4.2960457857220502e-01 4.0524418525363131e-04
-4.2919929114115013e-01 4.0533066325221674e-04
-4.2879391727291033e-01 4.0541705962057772e-04
-4.2838845704912459e-01 4.0550337434127638e-04
-4.2798291055144927e-01 4.0558960739690440e-04
-4.2757727786155802e-01 4.0567575877015514e-04
-4.2717155906114190e-01 4.0576182844372056e-04
-4.2676575423190938e-01 4.0584781640015948e-04
-4.2635986345558613e-01 4.0593372262223687e-04
-4.2595388681391527e-01 4.0601954709255347e-04
-4.2554782438865701e-01 4.0610528979400837e-04
-4.2514167626158911e-01 4.0619095070912076e-04
-4.2473544251450635e-01 4.0627652982075808e-04
-4.2432912322922084e-01 4.0636202711169040e-04
-4.2392271848756197e-01 4.0644744256465283e-04
-4.2351622837137620e-01 4.0653277616255207e-04
-4.2310965296252739e-01 4.0661802788804081e-04
-4.2270299234289643e-01 4.0670319772400949e-04
-4.2229624659438136e-01 4.0678828565335611e-04
-4.2188941579889749e-01 4.0687329165882603e-04
-4.2148250003837706e-01 4.0695821572347019e-04
-4.2107549939476963e-01 4.0704305783005232e-04
-4.2066841395004168e-01 4.0712781796159160e-04
-4.2026124378617691e-01 4.0721249610093475e-04
-4.1985398898517606e-01 4.0729709223096569e-04
-4.1944664962905676e-01 4.0738160633484676e-04
-4.1903922579985386e-01 4.0746603839539504e-04
-4.1863171757961914e-01 4.0755038839566715e-04
-4.1822412505042139e-01 4.0763465631864432e-04
-4.1781644829434633e-01 4.0771884214741973e-04
-4.1740868739349674e-01 4.0780294586495707e-04
-4.1700084242999225e-01 4.0788696745437528e-04
-4.1659291348596950e-01 4.0797090689869233e-04
-4.1618490064358199e-01 4.0805476418102383e-04
-4.1577680398500005e-01 4.0813853928459707e-04
-4.1536862359241106e-01 4.0822223219243300e-04
-4.1496035954801919e-01 4.0830584288760967e-04
-4.1455201193404534e-01 4.0838937135345807e-04
-4.1414358083272745e-01 4.0847281757298880e-04
-4.1373506632632007e-01 4.0855618152954272e-04
-4.1332646849709470e-01 4.0863946320622867e-04
-4.1291778742733953e-01 4.0872266258633111e-04
-4.1250902319935956e-01 4.0880577965307505e-04
-4.1210017589547654e-01 4.0888881438967548e-04
-4.1169124559802889e-01 4.0897176677949938e-04
-4.1128223238937184e-01 4.0905463680574264e-04
-4.1087313635187722e-01 4.0913742445178894e-04
-4.1046395756793358e-01 4.0922012970097361e-04
-4.1005469611994616e-01 4.0930275253662140e-04
-4.0964535209033687e-01 4.0938529294202183e-04
-4.0923592556154414e-01 4.0946775090064321e-04
-4.0882641661602315e-01 4.0955012639582985e-04
-4.0841682533624551e-01 4.0963241941105921e-04
-4.0800715180469965e-01 4.0971462992963752e-04
-4.0759739610389029e-01 4.0979675793518009e-04
-4.0718755831633896e-01 4.0987880341096023e-04
-4.0677763852458354e-01 4.0996076634054773e-04
-4.0636763681117843e-01 4.1004264670749962e-04
-4.0595755325869470e-01 4.1012444449518224e-04
-4.0554738794971973e-01 4.1020615968719189e-04
-4.0513714096685732e-01 4.1028779226718069e-04
-4.0472681239272801e-01 4.1036934221847995e-04
-4.0431640230996840e-01 4.1045080952486872e-04
-4.0390591080123178e-01 4.1053219416985654e-04
-4.0349533794918774e-01 4.1061349613703802e-04
-4.0308468383652224e-01 4.1069471541003977e-04
-4.0267394854593763e-01 4.1077585197250415e-04
-4.0226313216015253e-01 4.1085690580819979e-04
-4.0185223476190207e-01 4.1093787690061370e-04
-4.0144125643393747e-01 4.1101876523363853e-04
-4.0103019725902644e-01 4.1109957079084509e-04
-4.0061905731995290e-01 4.1118029355599026e-04
-4.0020783669951698e-01 4.1126093351284508e-04
-3.9979653548053518e-01 4.1134149064511532e-04
-3.9938515374584010e-01 4.1142196493662065e-04
-3.9897369157828061e-01 4.1150235637120442e-04
-3.9856214906072185e-01 4.1158266493255440e-04
-3.9815052627604502e-01 4.1166289060457813e-04
-3.9773882330714755e-01 4.1174303337112791e-04
-3.9732704023694304e-01 4.1182309321600676e-04
-3.9691517714836116e-01 4.1190307012312977e-04
-3.9650323412434774e-01 4.1198296407640413e-04
-3.9609121124786467e-01 4.1206277505973627e-04
-3.9567910860188998e-01 4.1214250305703559e-04
-3.9526692626941778e-01 4.1222214805216012e-04
-3.9485466433345806e-01 4.1230171002925784e-04
-3.9444232287703707e-01 4.1238118897213879e-04
-3.9402990198319687e-01 4.1246058486491878e-04
-3.9361740173499571e-01 4.1253989769150838e-04
-3.9320482221550768e-01 4.1261912743598015e-04
-3.9279216350782287e-01 4.1269827408238615e-04
-3.9237942569504736e-01 4.1277733761474938e-04
-3.9196660886030310e-01 4.1285631801718498e-04
-3.9155371308672798e-01 4.1293521527379463e-04
-3.9114073845747582e-01 4.1301402936866593e-04
-3.9072768505571631e-01 4.1309276028588020e-04
-3.9031455296463491e-01 4.1317140800969362e-04
-3.8990134226743306e-01 4.1324997252418968e-04
-3.8948805304732798e-01 4.1332845381354140e-04
-3.8907468538755263e-01 4.1340685186201881e-04
-3.8866123937135594e-01 4.1348516665372479e-04
-3.8824771508200245e-01 4.1356339817293569e-04
-3.8783411260277256e-01 4.1364154640389302e-04
-3.8742043201696230e-01 4.1371961133095445e-04
-3.8700667340788364e-01 4.1379759293824070e-04
-3.8659283685886409e-01 4.1387549121010104e-04
-3.8617892245324686e-01 4.1395330613090453e-04
-3.8576493027439096e-01 4.1403103768490433e-04
-3.8535086040567096e-01 4.1410868585646434e-04
-3.8493671293047704e-01 4.1418625063004394e-04
-3.8452248793221516e-01 4.1426373198990380e-04
-3.8410818549430681e-01 4.1434112992042607e-04
-3.8369380570018902e-01 4.1441844440610979e-04
-3.8327934863331448e-01 4.1449567543133854e-04
-3.8286481437715136e-01 4.1457282298059994e-04
-3.8245020301518351e-01 4.1464988703829590e-04
-3.8203551463091018e-01 4.1472686758894272e-04
-3.8162074930784617e-01 4.1480376461704421e-04
-3.8120590712952179e-01 4.1488057810711943e-04
-3.8079098817948287e-01 4.1495730804363057e-04
-3.8037599254129062e-01 4.1503395441117068e-04
-3.7996092029852169e-01 4.1511051719433879e-04
-3.7954577153476821e-01 4.1518699637770311e-04
-3.7913054633363774e-01 4.1526339194581253e-04
-3.7871524477875318e-01 4.1533970388331673e-04
-3.7829986695375284e-01 4.1541593217481393e-04
-3.7788441294229030e-01 4.1549207680505364e-04
-3.7746888282803465e-01 4.1556813775860525e-04
-3.7705327669467020e-01 4.1564411502013475e-04
-3.7663759462589658e-01 4.1572000857438221e-04
-3.7622183670542869e-01 4.1579581840607170e-04
-3.7580600301699674e-01 4.1587154449995251e-04
-3.7539009364434622e-01 4.1594718684072129e-04
-3.7497410867123782e-01 4.1602274541317768e-04
-3.7455804818144750e-01 4.1609822020204437e-04
-3.7414191225876631e-01 4.1617361119227034e-04
-3.7372570098700070e-01 4.1624891836848546e-04
-3.7330941444997207e-01 4.1632414171567997e-04
-3.7289305273151718e-01 4.1639928121856181e-04
-3.7247661591548775e-01 4.1647433686212805e-04
-3.7206010408575074e-01 4.1654930863121667e-04
-3.7164351732618817e-01 4.1662419651074852e-04
-3.7122685572069719e-01 4.1669900048558729e-04
-3.7081011935319003e-01 4.1677372054065899e-04
-3.7039330830759387e-01 4.1684835666098990e-04
-3.6997642266785108e-01 4.1692290883146990e-04
-3.6955946251791888e-01 4.1699737703720344e-04
-3.6914242794176971e-01 4.1707176126302812e-04
-3.6872531902339079e-01 4.1714606149411608e-04
-3.6830813584678446e-01 4.1722027771539587e-04
-3.6789087849596791e-01 4.1729440991199239e-04
-3.6747354705497332e-01 4.1736845806899641e-04
-3.6705614160784789e-01 4.1744242217133719e-04
-3.6663866223865349e-01 4.1751630220429430e-04
-3.6622110903146704e-01 4.1759009815295947e-04
-3.6580348207038038e-01 4.1766381000235705e-04
-3.6538578143950001e-01 4.1773743773779361e-04
-3.6496800722294748e-01 4.1781098134432293e-04
-3.6455015950485903e-01 4.1788444080715563e-04
-3.6413223836938569e-01 4.1795781611155615e-04
-3.6371424390069335e-01 4.1803110724270329e-04
-3.6329617618296262e-01 4.1810431418586161e-04
-3.6287803530038887e-01 4.1817743692629429e-04
-3.6245982133718230e-01 4.1825047544917309e-04
-3.6204153437756764e-01 4.1832342973990790e-04
-3.6162317450578441e-01 4.1839629978382653e-04
-3.6120474180608692e-01 4.1846908556612470e-04
-3.6078623636274404e-01 4.1854178707217353e-04
-3.6036765826003919e-01 4.1861440428746455e-04
-3.5994900758227066e-01 4.1868693719721375e-04
-3.5953028441375118e-01 4.1875938578689510e-04
-3.5911148883880811e-01 4.1883175004192504e-04
-3.5869262094178345e-01 4.1890402994769428e-04
-3.5827368080703370e-01 4.1897622548966551e-04
-3.5785466851892994e-01 4.1904833665330537e-04
-3.5743558416185783e-01 4.1912036342402572e-04
-3.5701642782021742e-01 4.1919230578741691e-04
-3.5659719957842340e-01 4.1926416372889300e-04
-3.5617789952090473e-01 4.1933593723413780e-04
-3.5575852773210515e-01 4.1940762628850039e-04
-3.5533908429648253e-01 4.1947923087768660e-04
-3.5491956929850937e-01 4.1955075098722551e-04
-3.5449998282267253e-01 4.1962218660267925e-04
-3.5408032495347319e-01 4.1969353770975824e-04
-3.5366059577542708e-01 4.1976480429394599e-04
-3.5324079537306408e-01 4.1983598634105329e-04
-3.5282092383092850e-01 4.1990708383664809e-04
-3.5240098123357910e-01 4.1997809676640413e-04
-3.5198096766558878e-01 4.2004902511605721e-04
-3.5156088321154477e-01 4.2011986887135317e-04
-3.5114072795604867e-01 4.2019062801794334e-04
-3.5072050198371624e-01 4.2026130254162251e-04
-3.5030020537917744e-01 4.2033189242822439e-04
-3.4987983822707669e-01 4.2040239766335787e-04
-3.4945940061207231e-01 4.2047281823297462e-04
-3.4903889261883703e-01 4.2054315412284372e-04
-3.4861831433205764e-01 4.2061340531881006e-04
-3.4819766583643513e-01 4.2068357180673037e-04
-3.4777694721668467e-01 4.2075365357242762e-04
-3.4735615855753549e-01 4.2082365060180986e-04
-3.4693529994373090e-01 4.2089356288081995e-04
-3.4651437146002839e-01 4.2096339039532636e-04
-3.4609337319119943e-01 4.2103313313133426e-04
-3.4567230522202963e-01 4.2110279107471791e-04
-3.4525116763731856e-01 4.2117236421150854e-04
-3.4482996052187986e-01 4.2124185252765658e-04
-3.4440868396054114e-01 4.2131125600921020e-04
-3.4398733803814407e-01 4.2138057464211591e-04
-3.4356592283954418e-01 4.2144980841247244e-04
-3.4314443844961101e-01 4.2151895730632212e-04
-3.4272288495322800e-01 4.2158802130978854e-04
-3.4230126243529257e-01 4.2165700040890553e-04
-3.4187957098071603e-01 4.2172589458976318e-04
-3.4145781067442355e-01 4.2179470383848041e-04
-3.4103598160135407e-01 4.2186342814130807e-04
-3.4061408384646058e-01 4.2193206748428181e-04
-3.4019211749470973e-01 4.2200062185365615e-04
-3.3977008263108205e-01 4.2206909123564069e-04
-3.3934797934057193e-01 4.2213747561635213e-04
-3.3892580770818748e-01 4.2220577498202472e-04
-3.3850356781895047e-01 4.2227398931902609e-04
-3.3808125975789660e-01 4.2234211861352225e-04
-3.3765888361007523e-01 4.2241016285178622e-04
-3.3723643946054938e-01 4.2247812202015332e-04
-3.3681392739439581e-01 4.2254599610492920e-04
-3.3639134749670496e-01 4.2261378509243482e-04
-3.3596869985258093e-01 4.2268148896902288e-04
-3.3554598454714146e-01 4.2274910772105369e-04
-3.3512320166551790e-01 4.2281664133490962e-04
-3.3470035129285519e-01 4.2288408979704729e-04
-3.3427743351431199e-01 4.2295145309376360e-04
-3.3385444841506035e-01 4.2301873121161117e-04
-3.3343139608028605e-01 4.2308592413691539e-04
-3.3300827659518822e-01 4.2315303185628118e-04
-3.3258509004497971e-01 4.2322005435607870e-04
-3.3216183651488679e-01 4.2328699162290075e-04
-3.3173851609014920e-01 4.2335384364317074e-04
-3.3131512885602010e-01 4.2342061040355445e-04
-3.3089167489776627e-01 4.2348729189049437e-04
-3.3046815430066778e-01 4.2355388809061896e-04
-3.3004456715001823e-01 4.2362039899045459e-04
-3.2962091353112449e-01 4.2368682457668064e-04
-3.2919719352930693e-01 4.2375316483588894e-04
-3.2877340722989928e-01 4.2381941975468709e-04
-3.2834955471824856e-01 4.2388558931976691e-04
-3.2792563607971514e-01 4.2395167351781069e-04
-3.2750165139967274e-01 4.2401767233551669e-04
-3.2707760076350839e-01 4.2408358575954938e-04
-3.2665348425662238e-01 4.2414941377663201e-04
-3.2622930196442823e-01 4.2421515637356083e-04
-3.2580505397235271e-01 4.2428081353710863e-04
-3.2538074036583597e-01 4.2434638525393805e-04
-3.2495636123033117e-01 4.2441187151094346e-04
-3.2453191665130476e-01 4.2447727229493457e-04
-3.2410740671423638e-01 4.2454258759270998e-04
-3.2368283150461880e-01 4.2460781739114058e-04
-3.2325819110795800e-01 4.2467296167703181e-04
-3.2283348560977304e-01 4.2473802043729419e-04
-3.2240871509559604e-01 4.2480299365884737e-04
-3.2198387965097225e-01 4.2486788132864840e-04
-3.2155897936146011e-01 4.2493268343351008e-04
-3.2113401431263094e-01 4.2499739996046583e-04
-3.2070898459006925e-01 4.2506203089645632e-04
-3.2028389027937237e-01 4.2512657622850768e-04
-3.1985873146615096e-01 4.2519103594353369e-04
-3.1943350823602840e-01 4.2525541002859688e-04
-3.1900822067464107e-01 4.2531969847079667e-04
-3.1858286886763848e-01 4.2538390125707856e-04
-3.1815745290068287e-01 4.2544801837459783e-04
-3.1773197285944954e-01 4.2551204981039210e-04
-3.1730642882962662e-01 4.2557599555160668e-04
-3.1688082089691522e-01 4.2563985558529744e-04
-3.1645514914702916e-01 4.2570362989869374e-04
-3.1602941366569531e-01 4.2576731847884087e-04
-3.1560361453865315e-01 4.2583092131303875e-04
-3.1517775185165525e-01 4.2589443838835010e-04
-3.1475182569046667e-01 4.2595786969211718e-04
-3.1432583614086557e-01 4.2602121521142676e-04
-3.1389978328864260e-01 4.2608447493362788e-04
-3.1347366721960135e-01 4.2614764884590662e-04
-3.1304748801955801e-01 4.2621073693561952e-04
-3.1262124577434158e-01 4.2627373918999471e-04
-3.1219494056979374e-01 4.2633665559634694e-04
-3.1176857249176876e-01 4.2639948614208567e-04
-3.1134214162613372e-01 4.2646223081445306e-04
-3.1091564805876820e-01 4.2652488960088673e-04
-3.1048909187556456e-01 4.2658746248869347e-04
-3.1006247316242758e-01 4.2664994946536720e-04
-3.0963579200527486e-01 4.2671235051819703e-04
-3.0920904849003633e-01 4.2677466563474816e-04
-3.0878224270265464e-01 4.2683689480243114e-04
-3.0835537472908497e-01 4.2689903800868361e-04
-3.0792844465529501e-01 4.2696109524098861e-04
-3.0750145256726491e-01 4.2702306648685943e-04
-3.0707439855098739e-01 4.2708495173378406e-04
-3.0664728269246749e-01 4.2714675096940503e-04
-3.0622010507772290e-01 4.2720846418117775e-04
-3.0579286579278364e-01 4.2727009135669358e-04
-3.0536556492369216e-01 4.2733163248355043e-04
-3.0493820255650333e-01 4.2739308754932817e-04
-3.0451077877728433e-01 4.2745445654172811e-04
-3.0408329367211484e-01 4.2751573944832386e-04
-3.0365574732708683e-01 4.2757693625676129e-04
-3.0322813982830454e-01 4.2763804695476287e-04
-3.0280047126188464e-01 4.2769907152996969e-04
-3.0237274171395595e-01 4.2776000997018962e-04
-3.0194495127065979e-01 4.2782086226301000e-04
-3.0151710001814946e-01 4.2788162839632035e-04
-3.0108918804259083e-01 4.2794230835774396e-04
-3.0066121543016167e-01 4.2800290213520104e-04
-3.0023318226705226e-01 4.2806340971634826e-04
-2.9980508863946481e-01 4.2812383108912973e-04
-2.9937693463361398e-01 4.2818416624123423e-04
-2.9894872033572628e-01 4.2824441516066863e-04
-2.9852044583204063e-01 4.2830457783520206e-04
-2.9809211120880796e-01 4.2836465425271654e-04
-2.9766371655229129e-01 4.2842464440115223e-04
-2.9723526194876582e-01 4.2848454826837859e-04
-2.9680674748451863e-01 4.2854436584242362e-04
-2.9637817324584914e-01 4.2860409711110986e-04
-2.9594953931906853e-01 4.2866374206253693e-04
-2.9552084579050020e-01 4.2872330068462487e-04
-2.9509209274647946e-01 4.2878277296536836e-04
-2.9466328027335364e-01 4.2884215889279131e-04
-2.9423440845748194e-01 4.2890145845502273e-04
-2.9380547738523571e-01 4.2896067164000266e-04
-2.9337648714299808e-01 4.2901979843584418e-04
-2.9294743781716409e-01 4.2907883883067116e-04
-2.9251832949414075e-01 4.2913779281257910e-04
-2.9208916226034698e-01 4.2919666036963242e-04
-2.9165993620221342e-01 4.2925544149006415e-04
-2.9123065140618265e-01 4.2931413616204115e-04
-2.9080130795870912e-01 4.2937274437368711e-04
-2.9037190594625906e-01 4.2943126611320165e-04
-2.8994244545531045e-01 4.2948970136881233e-04
-2.8951292657235311e-01 4.2954805012872428e-04
-2.8908334938388852e-01 4.2960631238125635e-04
-2.8865371397643003e-01 4.2966448811461748e-04
-2.8822402043650264e-01 4.2972257731710770e-04
-2.8779426885064308e-01 4.2978057997700912e-04
-2.8736445930539972e-01 4.2983849608268902e-04
-2.8693459188733267e-01 4.2989632562247178e-04
-2.8650466668301372e-01 4.2995406858464000e-04
-2.8607468377902617e-01 4.3001172495765836e-04
-2.8564464326196509e-01 4.3006929472984144e-04
-2.8521454521843703e-01 4.3012677788963858e-04
-2.8478438973506021e-01 4.3018417442544860e-04
-2.8435417689846432e-01 4.3024148432576259e-04
-2.8392390679529073e-01 4.3029870757898365e-04
-2.8349357951219223e-01 4.3035584417362840e-04
-2.8306319513583322e-01 4.3041289409815112e-04
-2.8263275375288954e-01 4.3046985734107596e-04
-2.8220225545004851e-01 4.3052673389093249e-04
-2.8177170031400894e-01 4.3058352373625516e-04
-2.8134108843148103e-01 4.3064022686564534e-04
-2.8091041988918652e-01 4.3069684326762711e-04
-2.8047969477385842e-01 4.3075337293085463e-04
-2.8004891317224123e-01 4.3080981584391655e-04
-2.7961807517109083e-01 4.3086617199542112e-04
-2.7918718085717437e-01 4.3092244137407279e-04
-2.7875623031727043e-01 4.3097862396850143e-04
-2.7832522363816886e-01 4.3103471976742503e-04
-2.7789416090667085e-01 4.3109072875952389e-04
-2.7746304220958889e-01 4.3114665093349925e-04
-2.7703186763374671e-01 4.3120248627811179e-04
-2.7660063726597928e-01 4.3125823478210815e-04
-2.7616935119313285e-01 4.3131389643425968e-04
-2.7573800950206484e-01 4.3136947122336873e-04
-2.7530661227964393e-01 4.3142495913823489e-04
-2.7487515961274989e-01 4.3148036016770462e-04
-2.7444365158827377e-01 4.3153567430058377e-04
-2.7401208829311774e-01 4.3159090152572992e-04
-2.7358046981419498e-01 4.3164604183207984e-04
-2.7314879623842997e-01 4.3170109520846361e-04
-2.7271706765275816e-01 4.3175606164381418e-04
-2.7228528414412612e-01 4.3181094112707457e-04
-2.7185344579949144e-01 4.3186573364719386e-04
-2.7142155270582285e-01 4.3192043919311419e-04
-2.7098960495009999e-01 4.3197505775385337e-04
-2.7055760261931361e-01 4.3202958931837628e-04
-2.7012554580046533e-01 4.3208403387574401e-04
-2.6969343458056794e-01 4.3213839141490547e-04
-2.6926126904664494e-01 4.3219266192501054e-04
-2.6882904928573093e-01 4.3224684539510294e-04
-2.6839677538487144e-01 4.3230094181422062e-04
-2.6796444743112280e-01 4.3235495117153653e-04
-2.6753206551155229e-01 4.3240887345614998e-04
-2.6709962971323808e-01 4.3246270865716956e-04
-2.6666714012326914e-01 4.3251645676379007e-04
-2.6623459682874528e-01 4.3257011776519068e-04
-2.6580199991677717e-01 4.3262369165053723e-04
-2.6536934947448626e-01 4.3267717840902526e-04
-2.6493664558900470e-01 4.3273057802994296e-04
-2.6450388834747551e-01 4.3278389050250849e-04
-2.6407107783705247e-01 4.3283711581594217e-04
-2.6363821414489991e-01 4.3289025395962466e-04
-2.6320529735819315e-01 4.3294330492271542e-04
-2.6277232756411789e-01 4.3299626869467637e-04
-2.6233930484987078e-01 4.3304914526473971e-04
-2.6190622930265894e-01 4.3310193462231219e-04
-2.6147310100970028e-01 4.3315463675670020e-04
-2.6103992005822318e-01 4.3320725165735030e-04
-2.6060668653546670e-01 4.3325977931366321e-04
-2.6017340052868054e-01 4.3331221971501521e-04
-2.5974006212512485e-01 4.3336457285090223e-04
-2.5930667141207048e-01 4.3341683871071015e-04
-2.5887322847679861e-01 4.3346901728401273e-04
-2.5843973340660120e-01 4.3352110856019038e-04
-2.5800618628878047e-01 4.3357311252883285e-04
-2.5757258721064930e-01 4.3362502917940790e-04
-2.5713893625953083e-01 4.3367685850154679e-04
-2.5670523352275892e-01 4.3372860048469824e-04
-2.5627147908767761e-01 4.3378025511853186e-04
-2.5583767304164151e-01 4.3383182239258521e-04
-2.5540381547201552e-01 4.3388330229653772e-04
-2.5496990646617501e-01 4.3393469481994715e-04
-2.5453594611150565e-01 4.3398599995249961e-04
-2.5410193449540341e-01 4.3403721768390282e-04
-2.5366787170527472e-01 4.3408834800377511e-04
-2.5323375782853619e-01 4.3413939090184323e-04
-2.5279959295261473e-01 4.3419034636785827e-04
-2.5236537716494761e-01 4.3424121439151954e-04
-2.5193111055298228e-01 4.3429199496258395e-04
-2.5149679320417645e-01 4.3434268807083354e-04
-2.5106242520599803e-01 4.3439329370604818e-04
-2.5062800664592511e-01 4.3444381185807340e-04
-2.5019353761144603e-01 4.3449424251670122e-04
-2.4975901819005922e-01 4.3454458567180172e-04
-2.4932444846927332e-01 4.3459484131322103e-04
-2.4888982853660710e-01 4.3464500943081734e-04
-2.4845515847958938e-01 4.3469509001451458e-04
-2.4802043838575913e-01 4.3474508305421308e-04
-2.4758566834266538e-01 4.3479498853984570e-04
-2.4715084843786722e-01 4.3484480646136523e-04
-2.4671597875893375e-01 4.3489453680874303e-04
-2.4628105939344413e-01 4.3494417957198021e-04
-2.4584609042898758e-01 4.3499373474103397e-04
-2.4541107195316317e-01 4.3504320230596406e-04
-2.4497600405358008e-01 4.3509258225676948e-04
-2.4454088681785735e-01 4.3514187458354822e-04
-2.4410572033362399e-01 4.3519107927636680e-04
-2.4367050468851895e-01 4.3524019632528891e-04
-2.4323523997019103e-01 4.3528922572044722e-04
-2.4279992626629898e-01 4.3533816745195000e-04
-2.4236456366451134e-01 4.3538702150995931e-04
-2.4192915225250655e-01 4.3543578788461413e-04
-2.4149369211797289e-01 4.3548446656610826e-04
-2.4105818334860837e-01 4.3553305754463496e-04
-2.4062262603212090e-01 4.3558156081041719e-04
-2.4018702025622810e-01 4.3562997635366858e-04
-2.3975136610865735e-01 4.3567830416465575e-04
-2.3931566367714585e-01 4.3572654423363027e-04
-2.3887991304944040e-01 4.3577469655087898e-04
-2.3844411431329757e-01 4.3582276110674045e-04
-2.3800826755648366e-01 4.3587073789148813e-04
-2.3757237286677460e-01 4.3591862689546011e-04
-2.3713643033195594e-01 4.3596642810902949e-04
-2.3670044003982291e-01 4.3601414152259012e-04
-2.3626440207818034e-01 4.3606176712650605e-04
-2.3582831653484268e-01 4.3610930491118756e-04
-2.3539218349763394e-01 4.3615675486707216e-04
-2.3495600305438771e-01 4.3620411698458688e-04
-2.3451977529294712e-01 4.3625139125420598e-04
-2.3408350030116484e-01 4.3629857766639351e-04
-2.3364717816690303e-01 4.3634567621167399e-04
-2.3321080897803334e-01 4.3639268688054514e-04
-2.3277439282243695e-01 4.3643960966353531e-04
-2.3233792978800444e-01 4.3648644455119808e-04
-2.3190141996263586e-01 4.3653319153410435e-04
-2.3146486343424066e-01 4.3657985060284194e-04
-2.3102826029073772e-01 4.3662642174801636e-04
-2.3059161062005532e-01 4.3667290496023650e-04
-2.3015491451013104e-01 4.3671930023016789e-04
-2.2971817204891193e-01 4.3676560754841374e-04
-2.2928138332435424e-01 4.3681182690570358e-04
-2.2884454842442367e-01 4.3685795829269397e-04
-2.2840766743709509e-01 4.3690400170011981e-04
-2.2797074045035276e-01 4.3694995711868575e-04
-2.2753376755219015e-01 4.3699582453913643e-04
-2.2709674883060996e-01 4.3704160395227913e-04
-2.2665968437362416e-01 4.3708729534884001e-04
-2.2622257426925393e-01 4.3713289871962369e-04
-2.2578541860552959e-01 4.3717841405548606e-04
-2.2534821747049072e-01 4.3722384134721383e-04
-2.2491097095218598e-01 4.3726918058567196e-04
-2.2447367913867319e-01 4.3731443176175835e-04
-2.2403634211801932e-01 4.3735959486633903e-04
-2.2359895997830043e-01 4.3740466989030270e-04
-2.2316153280760165e-01 4.3744965682459392e-04
-2.2272406069401721e-01 4.3749455566013886e-04
-2.2228654372565035e-01 4.3753936638790355e-04
-2.2184898199061337e-01 4.3758408899886836e-04
-2.2141137557702761e-01 4.3762872348400119e-04
-2.2097372457302333e-01 4.3767326983435443e-04
-2.2053602906673986e-01 4.3771772804092731e-04
-2.2009828914632545e-01 4.3776209809476046e-04
-2.1966050489993730e-01 4.3780637998692290e-04
-2.1922267641574147e-01 4.3785057370853683e-04
-2.1878480378191309e-01 4.3789467925064372e-04
-2.1834688708663602e-01 4.3793869660440233e-04
-2.1790892641810308e-01 4.3798262576092399e-04
-2.1747092186451594e-01 4.3802646671135722e-04
-2.1703287351408504e-01 4.3807021944690264e-04
-2.1659478145502975e-01 4.3811388395872291e-04
-2.1615664577557814e-01 4.3815746023804624e-04
-2.1571846656396715e-01 4.3820094827606116e-04
-2.1528024390844239e-01 4.3824434806405963e-04
-2.1484197789725834e-01 4.3828765959324557e-04
-2.1440366861867810e-01 4.3833088285495132e-04
-2.1396531616097356e-01 4.3837401784043323e-04
-2.1352692061242529e-01 4.3841706454099513e-04
-2.1308848206132247e-01 4.3846002294801035e-04
-2.1265000059596303e-01 4.3850289305280321e-04
-2.1221147630465351e-01 4.3854567484674244e-04
-2.1177290927570905e-01 4.3858836832122813e-04
-2.1133429959745345e-01 4.3863097346762722e-04
-2.1089564735821906e-01 4.3867349027738363e-04
-2.1045695264634681e-01 4.3871591874192450e-04
-2.1001821555018618e-01 4.3875825885270747e-04
-2.0957943615809518e-01 4.3880051060122210e-04
-2.0914061455844035e-01 4.3884267397895229e-04
-2.0870175083959674e-01 4.3888474897738929e-04
-2.0826284508994788e-01 4.3892673558806541e-04
-2.0782389739788576e-01 4.3896863380252433e-04
-2.0738490785181077e-01 4.3901044361234503e-04
-2.0694587654013180e-01 4.3905216500908533e-04
-2.0650680355126610e-01 4.3909379798437199e-04
-2.0606768897363936e-01 4.3913534252979885e-04
-2.0562853289568564e-01 4.3917679863699014e-04
-2.0518933540584730e-01 4.3921816629760563e-04
-2.0475009659257509e-01 4.3925944550333144e-04
-2.0431081654432809e-01 4.3930063624583710e-04
-2.0387149534957363e-01 4.3934173851683329e-04
-2.0343213309678740e-01 4.3938275230802934e-04
-2.0299272987445330e-01 4.3942367761118443e-04
-2.0255328577106352e-01 4.3946451441803804e-04
-2.0211380087511843e-01 4.3950526272039050e-04
-2.0167427527512669e-01 4.3954592251000768e-04
-2.0123470905960511e-01 4.3958649377870965e-04
-2.0079510231707864e-01 4.3962697651835683e-04
-2.0035545513608052e-01 4.3966737072074959e-04
-1.9991576760515201e-01 4.3970767637776533e-04
-1.9947603981284251e-01 4.3974789348131540e-04
-1.9903627184770961e-01 4.3978802202326639e-04
-1.9859646379831891e-01 4.3982806199555920e-04
-1.9815661575324414e-01 4.3986801339010375e-04
-1.9771672780106703e-01 4.3990787619887112e-04
-1.9727680003037737e-01 4.3994765041384566e-04
-1.9683683252977296e-01 4.3998733602700822e-04
-1.9639682538785966e-01 4.4002693303035295e-04
-1.9595677869325123e-01 4.4006644141591535e-04
-1.9551669253456944e-01 4.4010586117574610e-04
-1.9507656700044398e-01 4.4014519230190641e-04
-1.9463640217951256e-01 4.4018443478643693e-04
-1.9419619816042064e-01 4.4022358862150207e-04
-1.9375595503182172e-01 4.4026265379916343e-04
-1.9331567288237711e-01 4.4030163031156947e-04
-1.9287535180075602e-01 4.4034051815085789e-04
-1.9243499187563540e-01 4.4037931730924184e-04
-1.9199459319570017e-01 4.4041802777885163e-04
-1.9155415584964294e-01 4.4045664955191295e-04
-1.9111367992616415e-01 4.4049518262065764e-04
-1.9067316551397201e-01 4.4053362697732645e-04
-1.9023261270178246e-01 4.4057198261416935e-04
-1.8979202157831920e-01 4.4061024952346729e-04
-1.8935139223231368e-01 4.4064842769748423e-04
-1.8891072475250492e-01 4.4068651712857475e-04
-1.8847001922763978e-01 4.4072451780903179e-04
-1.8802927574647266e-01 4.4076242973123978e-04
-1.8758849439776565e-01 4.4080025288753349e-04
-1.8714767527028850e-01 4.4083798727029142e-04
-1.8670681845281850e-01 4.4087563287193354e-04
-1.8626592403414058e-01 4.4091318968486978e-04
-1.8582499210304720e-01 4.4095065770155686e-04
-1.8538402274833846e-01 4.4098803691440731e-04
-1.8494301605882185e-01 4.4102532731594648e-04
-1.8450197212331257e-01 4.4106252889860567e-04
-1.8406089103063314e-01 4.4109964165493467e-04
-1.8361977286961367e-01 4.4113666557744289e-04
-1.8317861772909172e-01 4.4117360065868208e-04
-1.8273742569791224e-01 4.4121044689121846e-04
-1.8229619686492771e-01 4.4124720426760741e-04
-1.8185493131899791e-01 4.4128387278046991e-04
-1.8141362914899012e-01 4.4132045242240681e-04
-1.8097229044377891e-01 4.4135694318605753e-04
-1.8053091529224627e-01 4.4139334506407334e-04
-1.8008950378328145e-01 4.4142965804913078e-04
-1.7964805600578115e-01 4.4146588213389565e-04
-1.7920657204864923e-01 4.4150201731109725e-04
-1.7876505200079695e-01 4.4153806357343672e-04
-1.7832349595114277e-01 4.4157402091366801e-04
-1.7788190398861242e-01 4.4160988932455912e-04
-1.7744027620213890e-01 4.4164566879885517e-04
-1.7699861268066236e-01 4.4168135932937396e-04
-1.7655691351313019e-01 4.4171696090892668e-04
-1.7611517878849692e-01 4.4175247353034353e-04
-1.7567340859572431e-01 4.4178789718645779e-04
-1.7523160302378119e-01 4.4182323187015127e-04
-1.7478976216164355e-01 4.4185847757430687e-04
-1.7434788609829449e-01 4.4189363429180810e-04
-1.7390597492272422e-01 4.4192870201559731e-04
-1.7346402872392994e-01 4.4196368073860939e-04
-1.7302204759091597e-01 4.4199857045379659e-04
-1.7258003161269367e-01 4.4203337115412326e-04
-1.7213798087828142e-01 4.4206808283257348e-04
-1.7169589547670450e-01 4.4210270548219734e-04
-1.7125377549699533e-01 4.4213723909598053e-04
-1.7081162102819319e-01 4.4217168366697930e-04
-1.7036943215934433e-01 4.4220603918826499e-04
-1.6992720897950192e-01 4.4224030565291145e-04
-1.6948495157772603e-01 4.4227448305404136e-04
-1.6904266004308369e-01 4.4230857138472971e-04
-1.6860033446464873e-01 4.4234257063813232e-04
-1.6815797493150184e-01 4.4237648080741279e-04
-1.6771558153273058e-01 4.4241030188572585e-04
-1.6727315435742937e-01 4.4244403386625708e-04
-1.6683069349469931e-01 4.4247767674223244e-04
-1.6638819903364838e-01 4.4251123050686255e-04
-1.6594567106339131e-01 4.4254469515339829e-04
-1.6550310967304957e-01 4.4257807067508574e-04
-1.6506051495175134e-01 4.4261135706522980e-04
-1.6461788698863156e-01 4.4264455431710118e-04
-1.6417522587283184e-01 4.4267766242401212e-04
-1.6373253169350044e-01 4.4271068137932229e-04
-1.6328980453979233e-01 4.4274361117634933e-04
-1.6284704450086906e-01 4.4277645180849185e-04
-1.6240425166589889e-01 4.4280920326911151e-04
-1.6196142612405656e-01 4.4284186555164091e-04
-1.6151856796452355e-01 4.4287443864946826e-04
-1.6107567727648778e-01 4.4290692255604508e-04
-1.6063275414914377e-01 4.4293931726483528e-04
-1.6018979867169258e-01 4.4297162276931492e-04
-1.5974681093334178e-01 4.4300383906297657e-04
-1.5930379102330541e-01 4.4303596613934376e-04
-1.5886073903080405e-01 4.4306800399192053e-04
-1.5841765504506469e-01 4.4309995261426679e-04
-1.5797453915532078e-01 4.4313181199995950e-04
-1.5753139145081219e-01 4.4316358214255920e-04
-1.5708821202078518e-01 4.4319526303569047e-04
-1.5664500095449244e-01 4.4322685467297184e-04
-1.5620175834119301e-01 4.4325835704802144e-04
-1.5575848427015229e-01 4.4328977015450606e-04
-1.5531517883064197e-01 4.4332109398612118e-04
-1.5487184211194016e-01 4.4335232853651184e-04
-1.5442847420333117e-01 4.4338347379941766e-04
-1.5398507519410562e-01 4.4341452976856419e-04
-1.5354164517356039e-01 4.4344549643770301e-04
-1.5309818423099866e-01 4.4347637380057881e-04
-1.5265469245572977e-01 4.4350716185098627e-04
-1.5221116993706929e-01 4.4353786058272323e-04
-1.5176761676433898e-01 4.4356846998960109e-04
-1.5132403302686678e-01 4.4359899006547401e-04
-1.5088041881398681e-01 4.4362942080416470e-04
-1.5043677421503926e-01 4.4365976219957299e-04
-1.4999309931937049e-01 4.4369001424558030e-04
-1.4954939421633298e-01 4.4372017693608009e-04
-1.4910565899528525e-01 4.4375025026501295e-04
-1.4866189374559188e-01 4.4378023422631777e-04
-1.4821809855662355e-01 4.4381012881395743e-04
-1.4777427351775693e-01 4.4383993402190210e-04
-1.4733041871837468e-01 4.4386964984416367e-04
-1.4688653424786552e-01 4.4389927627475631e-04
-1.4644262019562410e-01 4.4392881330770196e-04
-1.4599867665105101e-01 4.4395826093706313e-04
-1.4555470370355283e-01 4.4398761915691212e-04
-1.4511070144254204e-01 4.4401688796131834e-04
-1.4466666995743702e-01 4.4404606734440080e-04
-1.4422260933766201e-01 4.4407515730028477e-04
-1.4377851967264718e-01 4.4410415782309705e-04
-1.4333440105182849e-01 4.4413306890702048e-04
-1.4289025356464777e-01 4.4416189054621066e-04
-1.4244607730055261e-01 4.4419062273487312e-04
-1.4200187234899650e-01 4.4421926546722398e-04
-1.4155763879943856e-01 4.4424781873749419e-04
-1.4111337674134383e-01 4.4427628253992246e-04
-1.4066908626418295e-01 4.4430465686879245e-04
-1.4022476745743237e-01 4.4433294171838142e-04
-1.3978042041057423e-01 4.4436113708298520e-04
-1.3933604521309634e-01 4.4438924295693550e-04
-1.3889164195449216e-01 4.4441725933457504e-04
-1.3844721072426086e-01 4.4444518621026077e-04
-1.3800275161190720e-01 4.4447302357835820e-04
-1.3755826470694157e-01 4.4450077143327166e-04
-1.3711375009887997e-01 4.4452842976940726e-04
-1.3666920787724393e-01 4.4455599858118932e-04
-1.3622463813156060e-01 4.4458347786307509e-04
-1.3578004095136262e-01 4.4461086760953469e-04
-1.3533541642618821e-01 4.4463816781504416e-04
-1.3489076464558106e-01 4.4466537847410466e-04
-1.3444608569909036e-01 4.4469249958123787e-04
-1.3400137967627077e-01 4.4471953113097394e-04
-1.3355664666668238e-01 4.4474647311789240e-04
-1.3311188675989077e-01 4.4477332553654285e-04
-1.3266710004546689e-01 4.4480008838152950e-04
-1.3222228661298710e-01 4.4482676164745734e-04
-1.3177744655203313e-01 4.4485334532896962e-04
-1.3133257995219214e-01 4.4487983942068375e-04
-1.3088768690305652e-01 4.4490624391728449e-04
-1.3044276749422407e-01 4.4493255881346202e-04
-1.2999782181529790e-01 4.4495878410388113e-04
-1.2955284995588634e-01 4.4498491978330220e-04
-1.2910785200560307e-01 4.4501096584644159e-04
-1.2866282805406701e-01 4.4503692228805539e-04
-1.2821777819090224e-01 4.4506278910291667e-04
-1.2777270250573819e-01 4.4508856628581181e-04
-1.2732760108820940e-01 4.4511425383155092e-04
-1.2688247402795558e-01 4.4513985173496890e-04
-1.2643732141462166e-01 4.4516535999090029e-04
-1.2599214333785769e-01 4.4519077859421220e-04
-1.2554693988731883e-01 4.4521610753979550e-04
-1.2510171115266541e-01 4.4524134682253350e-04
-1.2465645722356276e-01 4.4526649643735730e-04
-1.2421117818968140e-01 4.4529155637917413e-04
-1.2376587414069679e-01 4.4531652664298147e-04
-1.2332054516628950e-01 4.4534140722370932e-04
-1.2287519135614509e-01 4.4536619811637367e-04
-1.2242981279995416e-01 4.4539089931596023e-04
-1.2198440958741223e-01 4.4541551081751389e-04
-1.2153898180821983e-01 4.4544003261607219e-04
-1.2109352955208244e-01 4.4546446470669062e-04
-1.2064805290871045e-01 4.4548880708445316e-04
-1.2020255196781916e-01 4.4551305974445881e-04
-1.1975702681912880e-01 4.4553722268181767e-04
-1.1931147755236440e-01 4.4556129589167051e-04
-1.1886590425725595e-01 4.4558527936916194e-04
-1.1842030702353817e-01 4.4560917310947616e-04
-1.1797468594095070e-01 4.4563297710777978e-04
-1.1752904109923792e-01 4.4565669135929545e-04
-1.1708337258814901e-01 4.4568031585924019e-04
-1.1663768049743792e-01 4.4570385060285685e-04
-1.1619196491686334e-01 4.4572729558541171e-04
-1.1574622593618872e-01 4.4575065080217964e-04
-1.1530046364518219e-01 4.4577391624845287e-04
-1.1485467813361658e-01 4.4579709191954695e-04
-1.1440886949126941e-01 4.4582017781079943e-04
-1.1396303780792286e-01 4.4584317391755432e-04
-1.1351718317336372e-01 4.4586608023518693e-04
-1.1307130567738344e-01 4.4588889675907788e-04
-1.1262540540977804e-01 4.4591162348464033e-04
-1.1217948246034816e-01 4.4593426040728947e-04
-1.1173353691889898e-01 4.4595680752247408e-04
-1.1128756887524026e-01 4.4597926482564486e-04
-1.1084157841918625e-01 4.4600163231227948e-04
-1.1039556564055575e-01 4.4602390997788225e-04
-1.0994953062917202e-01 4.4604609781795970e-04
-1.0950347347486286e-01 4.4606819582804560e-04
-1.0905739426746046e-01 4.4609020400368282e-04
-1.0861129309680148e-01 4.4611212234045339e-04
-1.0816517005272702e-01 4.4613395083392915e-04
-1.0771902522508256e-01 4.4615568947972364e-04
-1.0727285870371797e-01 4.4617733827344947e-04
-1.0682667057848749e-01 4.4619889721076291e-04
-1.0638046093924974e-01 4.4622036628730327e-04
-1.0593422987586763e-01 4.4624174549874986e-04
-1.0548797747820840e-01 4.4626303484081726e-04
-1.0504170383614360e-01 4.4628423430918840e-04
-1.0459540903954904e-01 4.4630534389961194e-04
-1.0414909317830480e-01 4.4632636360784271e-04
-1.0370275634229521e-01 4.4634729342962813e-04
-1.0325639862140880e-01 4.4636813336076654e-04
-1.0281002010553833e-01 4.4638888339705731e-04
-1.0236362088458073e-01 4.4640954353432024e-04
-1.0191720104843711e-01 4.4643011376839612e-04
-1.0147076068701276e-01 4.4645059409514410e-04
-1.0102429989021702e-01 4.4647098451043560e-04
-1.0057781874796344e-01 4.4649128501016529e-04
-1.0013131735016961e-01 4.4651149559024676e-04
-9.9684795786757222e-02 4.4653161624660887e-04
-9.9238254147652027e-02 4.4655164697520112e-04
-9.8791692522783803e-02 4.4657158777198315e-04
-9.8345111002086358e-02 4.4659143863294993e-04
-9.7898509675497541e-02 4.4661119955409625e-04
-9.7451888632959158e-02 4.4663087053143795e-04
-9.7005247964416966e-02 4.4665045156102050e-04
-9.6558587759820722e-02 4.4666994263889724e-04
-9.6111908109124081e-02 4.4668934376114949e-04
-9.5665209102284640e-02 4.4670865492386111e-04
-9.5218490829263883e-02 4.4672787612314333e-04
-9.4771753380027149e-02 4.4674700735514085e-04
-9.4324996844543693e-02 4.4676604861598019e-04
-9.3878221312786558e-02 4.4678499990183579e-04
-9.3431426874732659e-02 4.4680386120888612e-04
-9.2984613620362672e-02 4.4682263253335034e-04
-9.2537781639661129e-02 4.4684131387142078e-04
-9.2090931022616257e-02 4.4685990521935002e-04
-9.1644061859220083e-02 4.4687840657340065e-04
-9.1197174239468354e-02 4.4689681792983742e-04
-9.0750268253360550e-02 4.4691513928494869e-04
-9.0303343990899829e-02 4.4693337063505601e-04
-8.9856401542093040e-02 4.4695151197647365e-04
-8.9409440996950681e-02 4.4696956330556579e-04
-8.8962462445486931e-02 4.4698752461868290e-04
-8.8515465977719560e-02 4.4700539591221202e-04
-8.8068451683669946e-02 4.4702317718255141e-04
-8.7621419653363078e-02 4.4704086842612729e-04
-8.7174369976827509e-02 4.4705846963936523e-04
-8.6727302744095333e-02 4.4707598081873554e-04
-8.6280218045202209e-02 4.4709340196070292e-04
-8.5833115970187279e-02 4.4711073306175487e-04
-8.5385996609093198e-02 4.4712797411840461e-04
-8.4938860051966117e-02 4.4714512512718853e-04
-8.4491706388855642e-02 4.4716218608463904e-04
-8.4044535709814794e-02 4.4717915698733434e-04
-8.3597348104900077e-02 4.4719603783183279e-04
-8.3150143664171353e-02 4.4721282861476524e-04
-8.2702922477691898e-02 4.4722952933273059e-04
-8.2255684635528362e-02 4.4724613998237416e-04
-8.1808430227750750e-02 4.4726266056034050e-04
-8.1361159344432388e-02 4.4727909106330547e-04
-8.0913872075649942e-02 4.4729543148797518e-04
-8.0466568511483344e-02 4.4731168183103460e-04
-8.0019248742015853e-02 4.4732784208923528e-04
-7.9571912857333948e-02 4.4734391225931074e-04
-7.9124560947527400e-02 4.4735989233801629e-04
-7.8677193102689155e-02 4.4737578232214795e-04
-7.8229809412915408e-02 4.4739158220849203e-04
-7.7782409968305516e-02 4.4740729199388305e-04
-7.7334994858962045e-02 4.4742291167514770e-04
-7.6887564174990694e-02 4.4743844124913525e-04
-7.6440118006500288e-02 4.4745388071272768e-04
-7.5992656443602771e-02 4.4746923006281194e-04
-7.5545179576413227e-02 4.4748448929630112e-04
-7.5097687495049775e-02 4.4749965841010944e-04
-7.4650180289633619e-02 4.4751473740119532e-04
-7.4202658050289014e-02 4.4752972626651801e-04
-7.3755120867143226e-02 4.4754462500305487e-04
-7.3307568830326533e-02 4.4755943360780883e-04
-7.2860002029972226e-02 4.4757415207779747e-04
-7.2412420556216550e-02 4.4758878041005685e-04
-7.1964824499198707e-02 4.4760331860163886e-04
-7.1517213949060840e-02 4.4761776664962121e-04
-7.1069588995948008e-02 4.4763212455108911e-04
-7.0621949730008182e-02 4.4764639230314749e-04
-7.0174296241392181e-02 4.4766056990292878e-04
-6.9726628620253722e-02 4.4767465734758013e-04
-6.9278946956749382e-02 4.4768865463425773e-04
-6.8831251341038513e-02 4.4770256176015030e-04
-6.8383541863283312e-02 4.4771637872244850e-04
-6.7935818613648780e-02 4.4773010551837114e-04
-6.7488081682302664e-02 4.4774374214515562e-04
-6.7040331159415462e-02 4.4775728860006406e-04
-6.6592567135160444e-02 4.4777074488035396e-04
-6.6144789699713560e-02 4.4778411098332134e-04
-6.5696998943253496e-02 4.4779738690628365e-04
-6.5249194955961598e-02 4.4781057264655115e-04
-6.4801377828021881e-02 4.4782366820147616e-04
-6.4353547649621007e-02 4.4783667356842311e-04
-6.3905704510948277e-02 4.4784958874476908e-04
-6.3457848502195574e-02 4.4786241372791628e-04
-6.3009979713557401e-02 4.4787514851527720e-04
-6.2562098235230845e-02 4.4788779310429014e-04
-6.2114204157415497e-02 4.4790034749240967e-04
-6.1666297570313527e-02 4.4791281167710819e-04
-6.1218378564129629e-02 4.4792518565587279e-04
-6.0770447229070969e-02 4.4793746942620920e-04
-6.0322503655347207e-02 4.4794966298565184e-04
-5.9874547933170486e-02 4.4796176633173665e-04
-5.9426580152755371e-02 4.4797377946203246e-04
-5.8978600404318869e-02 4.4798570237410801e-04
-5.8530608778080390e-02 4.4799753506558104e-04
-5.8082605364261741e-02 4.4800927753405555e-04
-5.7634590253087106e-02 4.4802092977716919e-04
-5.7186563534783019e-02 4.4803249179257418e-04
-5.6738525299578346e-02 4.4804396357794911e-04
-5.6290475637704285e-02 4.4805534513096769e-04
-5.5842414639394329e-02 4.4806663644935085e-04
-5.5394342394884249e-02 4.4807783753082780e-04
-5.4946258994412099e-02 4.4808894837313704e-04
-5.4498164528218151e-02 4.4809996897403537e-04
-5.4050059086544935e-02 4.4811089933130999e-04
-5.3601942759637179e-02 4.4812173944275746e-04
-5.3153815637741790e-02 4.4813248930620125e-04
-5.2705677811107868e-02 4.4814314891946527e-04
-5.2257529369986670e-02 4.4815371828040891e-04
-5.1809370404631565e-02 4.4816419738690616e-04
-5.1361201005298077e-02 4.4817458623683742e-04
-5.0913021262243806e-02 4.4818488482812425e-04
-5.0464831265728441e-02 4.4819509315867996e-04
-5.0016631106013738e-02 4.4820521122645833e-04
-4.9568420873363508e-02 4.4821523902940815e-04
-4.9120200658043567e-02 4.4822517656552719e-04
-4.8671970550321769e-02 4.4823502383279973e-04
-4.8223730640467949e-02 4.4824478082924874e-04
-4.7775481018753903e-02 4.4825444755290959e-04
-4.7327221775453406e-02 4.4826402400183950e-04
-4.6878953000842154e-02 4.4827351017409693e-04
-4.6430674785197773e-02 4.4828290606778730e-04
-4.5982387218799776e-02 4.4829221168100474e-04
-4.5534090391929578e-02 4.4830142701188458e-04
-4.5085784394870446e-02 4.4831055205856270e-04
-4.4637469317907498e-02 4.4831958681921239e-04
-4.4189145251327673e-02 4.4832853129200801e-04
-4.3740812285419740e-02 4.4833738547514246e-04
-4.3292470510474239e-02 4.4834614936684199e-04
-4.2844120016783491e-02 4.4835482296533779e-04
-4.2395760894641581e-02 4.4836340626888124e-04
-4.1947393234344321e-02 4.4837189927574749e-04
-4.1499017126189253e-02 4.4838030198422686e-04
-4.1050632660475608e-02 4.4838861439262090e-04
-4.0602239927504308e-02 4.4839683649925847e-04
-4.0153839017577936e-02 4.4840496830248167e-04
-3.9705430021000729e-02 4.4841300980066109e-04
-3.9257013028078540e-02 4.4842096099216740e-04
-3.8808588129118846e-02 4.4842882187540905e-04
-3.8360155414430712e-02 4.4843659244879383e-04
-3.7911714974324773e-02 4.4844427271076526e-04
-3.7463266899113216e-02 4.4845186265976675e-04
-3.7014811279109779e-02 4.4845936229427299e-04
-3.6566348204629708e-02 4.4846677161277613e-04
-3.6117877765989757e-02 4.4847409061378463e-04
-3.5669400053508167e-02 4.4848131929582402e-04
-3.5220915157504619e-02 4.4848845765744008e-04
-3.4772423168300280e-02 4.4849550569718929e-04
-3.4323924176217706e-02 4.4850246341365276e-04
-3.3875418271580894e-02 4.4850933080544297e-04
-3.3426905544715224e-02 4.4851610787115497e-04
-3.2978386085947435e-02 4.4852279460943719e-04
-3.2529859985605640e-02 4.4852939101894447e-04
-3.2081327334019284e-02 4.4853589709834343e-04
-3.1632788221519124e-02 4.4854231284632747e-04
-3.1184242738437236e-02 4.4854863826159901e-04
-3.0735690975106963e-02 4.4855487334288617e-04
-3.0287133021862915e-02 4.4856101808893361e-04
-2.9838568969040954e-02 4.4856707249851259e-04
-2.9389998906978167e-02 4.4857303657038432e-04
-2.8941422926012848e-02 4.4857891030336696e-04
-2.8492841116484494e-02 4.4858469369627059e-04
-2.8044253568733763e-02 4.4859038674792396e-04
-2.7595660373102477e-02 4.4859598945718707e-04
-2.7147061619933594e-02 4.4860150182293588e-04
-2.6698457399571187e-02 4.4860692384405626e-04
-2.6249847802360435e-02 4.4861225551944841e-04
-2.5801232918647592e-02 4.4861749684804790e-04
-2.5352612838779993e-02 4.4862264782879498e-04
-2.4903987653106002e-02 4.4862770846065456e-04
-2.4455357451975020e-02 4.4863267874260940e-04
-2.4006722325737456e-02 4.4863755867365117e-04
-2.3558082364744711e-02 4.4864234825281110e-04
-2.3109437659349159e-02 4.4864704747910668e-04
-2.2660788299904134e-02 4.4865165635160317e-04
-2.2212134376763899e-02 4.4865617486936467e-04
-2.1763475980283647e-02 4.4866060303149505e-04
-2.1314813200819457e-02 4.4866494083709160e-04
-2.0866146128728308e-02 4.4866918828527562e-04
-2.0417474854368029e-02 4.4867334537520063e-04
-1.9968799468097303e-02 4.4867741210603596e-04
-1.9520120060275641e-02 4.4868138847694298e-04
-1.9071436721263359e-02 4.4868527448713793e-04
-1.8622749541421568e-02 4.4868907013582738e-04
-1.8174058611112154e-02 4.4869277542226112e-04
-1.7725364020697760e-02 4.4869639034567874e-04
-1.7276665860541756e-02 4.4869991490534955e-04
-1.6827964221008244e-02 4.4870334910058004e-04
-1.6379259192462015e-02 4.4870669293066852e-04
-1.5930550865268549e-02 4.4870994639494379e-04
-1.5481839329793993e-02 4.4871310949274262e-04
-1.5033124676405133e-02 4.4871618222344341e-04
-1.4584406995469389e-02 4.4871916458641696e-04
-1.4135686377354784e-02 4.4872205658106262e-04
-1.3686962912429941e-02 4.4872485820679644e-04
-1.3238236691064050e-02 4.4872756946306454e-04
-1.2789507803626858e-02 4.4873019034931047e-04
-1.2340776340488649e-02 4.4873272086501007e-04
-1.1892042392020224e-02 4.4873516100965615e-04
-1.1443306048592889e-02 4.4873751078275647e-04
-1.0994567400578428e-02 4.4873977018382663e-04
-1.0545826538349092e-02 4.4874193921243082e-04
-1.0097083552277574e-02 4.4874401786811860e-04
-9.6483385327369997e-03 4.4874600615047469e-04
-9.1995915701009005e-03 4.4874790405910443e-04
-8.7508427547432020e-03 4.4874971159361419e-04
-8.3020921770381988e-03 4.4875142875365048e-04
-7.8533399273605468e-03 4.4875305553885827e-04
-7.4045860960852321e-03 4.4875459194892211e-04
-6.9558307735875635e-03 4.4875603798351848e-04
-6.5070740502431480e-03 4.4875739364236636e-04
-6.0583160164278740e-03 4.4875865892518455e-04
-5.6095567625178994e-03 4.4875983383173545e-04
-5.1607963788896198e-03 4.4876091836176004e-04
-4.7120349559196641e-03 4.4876191251504686e-04
-4.2632725839848694e-03 4.4876281629140563e-04
-3.8145093534622605e-03 4.4876362969064351e-04
-3.3657453547290394e-03 4.4876435271260390e-04
-2.9169806781625613e-03 4.4876498535713789e-04
-2.4682154141403177e-03 4.4876552762411221e-04
-2.0194496530399186e-03 4.4876597951343174e-04
-1.5706834852390727e-03 4.4876634102499320e-04
-1.1219170011155738e-03 4.4876661215872976e-04
-6.7315029104727652e-04 4.4876679291458416e-04
-2.2438344541208160e-04 4.4876688329251895e-04
2.2438344541208160e-04 4.4876688329251895e-04
6.7315029104727652e-04 4.4876679291458416e-04
1.1219170011155738e-03 4.4876661215872976e-04
1.5706834852390727e-03 4.4876634102499320e-04
2.0194496530399186e-03 4.4876597951343174e-04
2.4682154141403177e-03 4.4876552762411221e-04
2.9169806781625613e-03 4.4876498535713789e-04
3.3657453547290394e-03 4.4876435271260390e-04
3.8145093534622605e-03 4.4876362969064351e-04
4.2632725839848694e-03 4.4876281629140563e-04
4.7120349559196641e-03 4.4876191251504686e-04
5.1607963788896198e-03 4.4876091836176004e-04
5.6095567625178994e-03 4.4875983383173545e-04
6.0583160164278740e-03 4.4875865892518455e-04
6.5070740502431480e-03 4.4875739364236636e-04
6.9558307735875635e-03 4.4875603798351848e-04
7.4045860960852321e-03 4.4875459194892211e-04
7.8533399273605468e-03 4.4875305553885827e-04
8.3020921770381988e-03 4.4875142875365048e-04
8.7508427547432020e-03 4.4874971159361419e-04
9.1995915701009005e-03 4.4874790405910443e-04
9.6483385327369997e-03 4.4874600615047469e-04
1.0097083552277574e-02 4.4874401786811860e-04
1.0545826538349092e-02 4.4874193921243082e-04
1.0994567400578428e-02 4.4873977018382663e-04
1.1443306048592889e-02 4.4873751078275647e-04
1.1892042392020224e-02 4.4873516100965615e-04
1.2340776340488649e-02 4.4873272086501007e-04
1.2789507803626858e-02 4.4873019034931047e-04
1.3238236691064050e-02 4.4872756946306454e-04
1.3686962912429941e-02 4.4872485820679644e-04
1.4135686377354784e-02 4.4872205658106262e-04
1.4584406995469389e-02 4.4871916458641696e-04
1.5033124676405133e-02 4.4871618222344341e-04
1.5481839329793993e-02 4.4871310949274262e-04
1.5930550865268549e-02 4.4870994639494379e-04
1.6379259192462015e-02 4.4870669293066852e-04
1.6827964221008244e-02 4.4870334910058004e-04
1.7276665860541756e-02 4.4869991490534955e-04
1.7725364020697760e-02 4.4869639034567874e-04
1.8174058611112154e-02 4.4869277542226112e-04
1.8622749541421568e-02 4.4868907013582738e-04
1.9071436721263359e-02 4.4868527448713793e-04
1.9520120060275641e-02 4.4868138847694298e-04
1.9968799468097303e-02 4.4867741210603596e-04
2.0417474854368029e-02 4.4867334537520063e-04
2.0866146128728308e-02 4.4866918828527562e-04
2.1314813200819457e-02 4.4866494083709160e-04
2.1763475980283647e-02 4.4866060303149505e-04
2.2212134376763899e-02 4.4865617486936467e-04
2.2660788299904134e-02 4.4865165635160317e-04
2.3109437659349159e-02 4.4864704747910668e-04
2.3558082364744711e-02 4.4864234825281110e-04
2.4006722325737456e-02 4.4863755867365117e-04
2.4455357451975020e-02 4.4863267874260940e-04
2.4903987653106002e-02 4.4862770846065456e-04
2.5352612838779993e-02 4.4862264782879498e-04
2.5801232918647592e-02 4.4861749684804790e-04
2.6249847802360435e-02 4.4861225551944841e-04
2.6698457399571187e-02 4.4860692384405626e-04
2.7147061619933594e-02 4.4860150182293588e-04
2.7595660373102477e-02 4.4859598945718707e-04
2.8044253568733763e-02 4.4859038674792396e-04
2.8492841116484494e-02 4.4858469369627059e-04
2.8941422926012848e-02 4.4857891030336696e-04
2.9389998906978167e-02 4.4857303657038432e-04
2.9838568969040954e-02 4.4856707249851259e-04
3.0287133021862915e-02 4.4856101808893361e-04
3.0735690975106963e-02 4.4855487334288617e-04
3.1184242738437236e-02 4.4854863826159901e-04
3.1632788221519124e-02 4.4854231284632747e-04
3.2081327334019284e-02 4.4853589709834343e-04
3.2529859985605640e-02 4.4852939101894447e-04
3.2978386085947435e-02 4.4852279460943719e-04
3.3426905544715224e-02 4.4851610787115497e-04
3.3875418271580894e-02 4.4850933080544297e-04
3.4323924176217706e-02 4.4850246341365276e-04
3.4772423168300280e-02 4.4849550569718929e-04
3.5220915157504619e-02 4.4848845765744008e-04
3.5669400053508167e-02 4.4848131929582402e-04
3.6117877765989757e-02 4.4847409061378463e-04
3.6566348204629708e-02 4.4846677161277613e-04
3.7014811279109779e-02 4.4845936229427299e-04
3.7463266899113216e-02 4.4845186265976675e-04
3.7911714974324773e-02 4.4844427271076526e-04
3.8360155414430712e-02 4.4843659244879383e-04
3.8808588129118846e-02 4.4842882187540905e-04
3.9257013028078540e-02 4.4842096099216740e-04
3.9705430021000729e-02 4.4841300980066109e-04
4.0153839017577936e-02 4.4840496830248167e-04
4.0602239927504308e-02 4.4839683649925847e-04
4.1050632660475608e-02 4.4838861439262090e-04
4.1499017126189253e-02 4.4838030198422686e-04
4.1947393234344321e-02 4.4837189927574749e-04
4.2395760894641581e-02 4.4836340626888124e-04
4.2844120016783491e-02 4.4835482296533779e-04
4.3292470510474239e-02 4.4834614936684199e-04
4.3740812285419740e-02 4.4833738547514246e-04
4.4189145251327673e-02 4.4832853129200801e-04
4.4637469317907498e-02 4.4831958681921239e-04
4.5085784394870446e-02 4.4831055205856270e-04
4.5534090391929578e-02 4.4830142701188458e-04
4.5982387218799776e-02 4.4829221168100474e-04
4.6430674785197773e-02 4.4828290606778730e-04
4.6878953000842154e-02 4.4827351017409693e-04
4.7327221775453406e-02 4.4826402400183950e-04
4.7775481018753903e-02 4.4825444755290959e-04
4.8223730640467949e-02 4.4824478082924874e-04
4.8671970550321769e-02 4.4823502383279973e-04
4.9120200658043567e-02 4.4822517656552719e-04
4.9568420873363508e-02 4.4821523902940815e-04
5.0016631106013738e-02 4.4820521122645833e-04
5.0464831265728441e-02 4.4819509315867996e-04
5.0913021262243806e-02 4.4818488482812425e-04
5.1361201005298077e-02 4.4817458623683742e-04
5.1809370404631565e-02 4.4816419738690616e-04
5.2257529369986670e-02 4.4815371828040891e-04
5.2705677811107868e-02 4.4814314891946527e-04
5.3153815637741790e-02 4.4813248930620125e-04
5.3601942759637179e-02 4.4812173944275746e-04
5.4050059086544935e-02 4.4811089933130999e-04
5.4498164528218151e-02 4.4809996897403537e-04
5.4946258994412099e-02 4.4808894837313704e-04
5.5394342394884249e-02 4.4807783753082780e-04
5.5842414639394329e-02 4.4806663644935085e-04
5.6290475637704285e-02 4.4805534513096769e-04
5.6738525299578346e-02 4.4804396357794911e-04
5.7186563534783019e-02 4.4803249179257418e-04
5.7634590253087106e-02 4.4802092977716919e-04
5.8082605364261741e-02 4.4800927753405555e-04
5.8530608778080390e-02 4.4799753506558104e-04
5.8978600404318869e-02 4.4798570237410801e-04
5.9426580152755371e-02 4.4797377946203246e-04
5.9874547933170486e-02 4.4796176633173665e-04
6.0322503655347207e-02 4.4794966298565184e-04
6.0770447229070969e-02 4.4793746942620920e-04
6.1218378564129629e-02 4.4792518565587279e-04
6.1666297570313527e-02 4.4791281167710819e-04
6.2114204157415497e-02 4.4790034749240967e-04
6.2562098235230845e-02 4.4788779310429014e-04
6.3009979713557401e-02 4.4787514851527720e-04
6.3457848502195574e-02 4.4786241372791628e-04
6.3905704510948277e-02 4.4784958874476908e-04
6.4353547649621007e-02 4.4783667356842311e-04
6.4801377828021881e-02 4.4782366820147616e-04
6.5249194955961598e-02 4.4781057264655115e-04
6.5696998943253496e-02 4.4779738690628365e-04
6.6144789699713560e-02 4.4778411098332134e-04
6.6592567135160444e-02 4.4777074488035396e-04
6.7040331159415462e-02 4.4775728860006406e-04
6.7488081682302664e-02 4.4774374214515562e-04
6.7935818613648780e-02 4.4773010551837114e-04
6.8383541863283312e-02 4.4771637872244850e-04
6.8831251341038513e-02 4.4770256176015030e-04
6.9278946956749382e-02 4.4768865463425773e-04
6.9726628620253722e-02 4.4767465734758013e-04
7.0174296241392181e-02 4.4766056990292878e-04
7.0621949730008182e-02 4.4764639230314749e-04
7.1069588995948008e-02 4.4763212455108911e-04
7.1517213949060840e-02 4.4761776664962121e-04
7.1964824499198707e-02 4.4760331860163886e-04
7.2412420556216550e-02 4.4758878041005685e-04
7.2860002029972226e-02 4.4757415207779747e-04
7.3307568830326533e-02 4.4755943360780883e-04
7.3755120867143226e-02 4.4754462500305487e-04
7.4202658050289014e-02 4.4752972626651801e-04
7.4650180289633619e-02 4.4751473740119532e-04
7.5097687495049775e-02 4.4749965841010944e-04
7.5545179576413227e-02 4.4748448929630112e-04
7.5992656443602771e-02 4.4746923006281194e-04
7.6440118006500288e-02 4.4745388071272768e-04
7.6887564174990694e-02 4.4743844124913525e-04
7.7334994858962045e-02 4.4742291167514770e-04
7.7782409968305516e-02 4.4740729199388305e-04
7.8229809412915408e-02 4.4739158220849203e-04
7.8677193102689155e-02 4.4737578232214795e-04
7.9124560947527400e-02 4.4735989233801629e-04
7.9571912857333948e-02 4.4734391225931074e-04
8.0019248742015853e-02 4.4732784208923528e-04
8.0466568511483344e-02 4.4731168183103460e-04
8.0913872075649942e-02 4.4729543148797518e-04
8.1361159344432388e-02 4.4727909106330547e-04
8.1808430227750750e-02 4.4726266056034050e-04
8.2255684635528362e-02 4.4724613998237416e-04
8.2702922477691898e-02 4.4722952933273059e-04
8.3150143664171353e-02 4.4721282861476524e-04
8.3597348104900077e-02 4.4719603783183279e-04
8.4044535709814794e-02 4.4717915698733434e-04
8.4491706388855642e-02 4.4716218608463904e-04
8.4938860051966117e-02 4.4714512512718853e-04
8.5385996609093198e-02 4.4712797411840461e-04
8.5833115970187279e-02 4.4711073306175487e-04
8.6280218045202209e-02 4.4709340196070292e-04
8.6727302744095333e-02 4.4707598081873554e-04
8.7174369976827509e-02 4.4705846963936523e-04
8.7621419653363078e-02 4.4704086842612729e-04
8.8068451683669946e-02 4.4702317718255141e-04
8.8515465977719560e-02 4.4700539591221202e-04
8.8962462445486931e-02 4.4698752461868290e-04
8.9409440996950681e-02 4.4696956330556579e-04
8.9856401542093040e-02 4.4695151197647365e-04
9.0303343990899829e-02 4.4693337063505601e-04
9.0750268253360550e-02 4.4691513928494869e-04
9.1197174239468354e-02 4.4689681792983742e-04
9.1644061859220083e-02 4.4687840657340065e-04
9.2090931022616257e-02 4.4685990521935002e-04
9.2537781639661129e-02 4.4684131387142078e-04
9.2984613620362672e-02 4.4682263253335034e-04
9.3431426874732659e-02 4.4680386120888612e-04
9.3878221312786558e-02 4.4678499990183579e-04
9.4324996844543693e-02 4.4676604861598019e-04
9.4771753380027149e-02 4.4674700735514085e-04
9.5218490829263883e-02 4.4672787612314333e-04
9.5665209102284640e-02 4.4670865492386111e-04
9.6111908109124081e-02 4.4668934376114949e-04
9.6558587759820722e-02 4.4666994263889724e-04
9.7005247964416966e-02 4.4665045156102050e-04
9.7451888632959158e-02 4.4663087053143795e-04
9.7898509675497541e-02 4.4661119955409625e-04
9.8345111002086358e-02 4.4659143863294993e-04
9.8791692522783803e-02 4.4657158777198315e-04
9.9238254147652027e-02 4.4655164697520112e-04
9.9684795786757222e-02 4.4653161624660887e-04
1.0013131735016961e-01 4.4651149559024676e-04
1.0057781874796344e-01 4.4649128501016529e-04
1.0102429989021702e-01 4.4647098451043560e-04
1.0147076068701276e-01 4.4645059409514410e-04
1.0191720104843711e-01 4.4643011376839612e-04
1.0236362088458073e-01 4.4640954353432024e-04
1.0281002010553833e-01 4.4638888339705731e-04
1.0325639862140880e-01 4.4636813336076654e-04
1.0370275634229521e-01 4.4634729342962813e-04
1.0414909317830480e-01 4.4632636360784271e-04
1.0459540903954904e-01 4.4630534389961194e-04
1.0504170383614360e-01 4.4628423430918840e-04
1.0548797747820840e-01 4.4626303484081726e-04
1.0593422987586763e-01 4.4624174549874986e-04
1.0638046093924974e-01 4.4622036628730327e-04
1.0682667057848749e-01 4.4619889721076291e-04
1.0727285870371797e-01 4.4617733827344947e-04
1.0771902522508256e-01 4.4615568947972364e-04
1.0816517005272702e-01 4.4613395083392915e-04
1.0861129309680148e-01 4.4611212234045339e-04
1.0905739426746046e-01 4.4609020400368282e-04
1.0950347347486286e-01 4.4606819582804560e-04
1.0994953062917202e-01 4.4604609781795970e-04
1.1039556564055575e-01 4.4602390997788225e-04
1.1084157841918625e-01 4.4600163231227948e-04
1.1128756887524026e-01 4.4597926482564486e-04
1.1173353691889898e-01 4.4595680752247408e-04
1.1217948246034816e-01 4.4593426040728947e-04
1.1262540540977804e-01 4.4591162348464033e-04
1.1307130567738344e-01 4.4588889675907788e-04
1.1351718317336372e-01 4.4586608023518693e-04
1.1396303780792286e-01 4.4584317391755432e-04
1.1440886949126941e-01 4.4582017781079943e-04
1.1485467813361658e-01 4.4579709191954695e-04
1.1530046364518219e-01 4.4577391624845287e-04
1.1574622593618872e-01 4.4575065080217964e-04
1.1619196491686334e-01 4.4572729558541171e-04
1.1663768049743792e-01 4.4570385060285685e-04
1.1708337258814901e-01 4.4568031585924019e-04
1.1752904109923792e-01 4.4565669135929545e-04
1.1797468594095070e-01 4.4563297710777978e-04
1.1842030702353817e-01 4.4560917310947616e-04
1.1886590425725595e-01 4.4558527936916194e-04
1.1931147755236440e-01 4.4556129589167051e-04
1.1975702681912880e-01 4.4553722268181767e-04
1.2020255196781916e-01 4.4551305974445881e-04
1.2064805290871045e-01 4.4548880708445316e-04
1.2109352955208244e-01 4.4546446470669062e-04
1.2153898180821983e-01 4.4544003261607219e-04
1.2198440958741223e-01 4.4541551081751389e-04
1.2242981279995416e-01 4.4539089931596023e-04
1.2287519135614509e-01 4.4536619811637367e-04
1.2332054516628950e-01 4.4534140722370932e-04
1.2376587414069679e-01 4.4531652664298147e-04
1.2421117818968140e-01 4.4529155637917413e-04
1.2465645722356276e-01 4.4526649643735730e-04
1.2510171115266541e-01 4.4524134682253350e-04
1.2554693988731883e-01 4.4521610753979550e-04
1.2599214333785769e-01 4.4519077859421220e-04
1.2643732141462166e-01 4.4516535999090029e-04
1.2688247402795558e-01 4.4513985173496890e-04
1.2732760108820940e-01 4.4511425383155092e-04
1.2777270250573819e-01 4.4508856628581181e-04
1.2821777819090224e-01 4.4506278910291667e-04
1.2866282805406701e-01 4.4503692228805539e-04
1.2910785200560307e-01 4.4501096584644159e-04
1.2955284995588634e-01 4.4498491978330220e-04
1.2999782181529790e-01 4.4495878410388113e-04
1.3044276749422407e-01 4.4493255881346202e-04
1.3088768690305652e-01 4.4490624391728449e-04
1.3133257995219214e-01 4.4487983942068375e-04
1.3177744655203313e-01 4.4485334532896962e-04
1.3222228661298710e-01 4.4482676164745734e-04
1.3266710004546689e-01 4.4480008838152950e-04
1.3311188675989077e-01 4.4477332553654285e-04
1.3355664666668238e-01 4.4474647311789240e-04
1.3400137967627077e-01 4.4471953113097394e-04
1.3444608569909036e-01 4.4469249958123787e-04
1.3489076464558106e-01 4.4466537847410466e-04
1.3533541642618821e-01 4.4463816781504416e-04
1.3578004095136262e-01 4.4461086760953469e-04
1.3622463813156060e-01 4.4458347786307509e-04
1.3666920787724393e-01 4.4455599858118932e-04
1.3711375009887997e-01 4.4452842976940726e-04
1.3755826470694157e-01 4.4450077143327166e-04
1.3800275161190720e-01 4.4447302357835820e-04
1.3844721072426086e-01 4.4444518621026077e-04
1.3889164195449216e-01 4.4441725933457504e-04
1.3933604521309634e-01 4.4438924295693550e-04
1.3978042041057423e-01 4.4436113708298520e-04
1.4022476745743237e-01 4.4433294171838142e-04
1.4066908626418295e-01 4.4430465686879245e-04
1.4111337674134383e-01 4.4427628253992246e-04
1.4155763879943856e-01 4.4424781873749419e-04
1.4200187234899650e-01 4.4421926546722398e-04
1.4244607730055261e-01 4.4419062273487312e-04
1.4289025356464777e-01 4.4416189054621066e-04
1.4333440105182849e-01 4.4413306890702048e-04
1.4377851967264718e-01 4.4410415782309705e-04
1.4422260933766201e-01 4.4407515730028477e-04
1.4466666995743702e-01 4.4404606734440080e-04
1.4511070144254204e-01 4.4401688796131834e-04
1.4555470370355283e-01 4.4398761915691212e-04
1.4599867665105101e-01 4.4395826093706313e-04
1.4644262019562410e-01 4.4392881330770196e-04
1.4688653424786552e-01 4.4389927627475631e-04
1.4733041871837468e-01 4.4386964984416367e-04
1.4777427351775693e-01 4.4383993402190210e-04
1.4821809855662355e-01 4.4381012881395743e-04
1.4866189374559188e-01 4.4378023422631777e-04
1.4910565899528525e-01 4.4375025026501295e-04
1.4954939421633298e-01 4.4372017693608009e-04
1.4999309931937049e-01 4.4369001424558030e-04
1.5043677421503926e-01 4.4365976219957299e-04
1.5088041881398681e-01 4.4362942080416470e-04
1.5132403302686678e-01 4.4359899006547401e-04
1.5176761676433898e-01 4.4356846998960109e-04
1.5221116993706929e-01 4.4353786058272323e-04
1.5265469245572977e-01 4.4350716185098627e-04
1.5309818423099866e-01 4.4347637380057881e-04
1.5354164517356039e-01 4.4344549643770301e-04
1.5398507519410562e-01 4.4341452976856419e-04
1.5442847420333117e-01 4.4338347379941766e-04
1.5487184211194016e-01 4.4335232853651184e-04
1.5531517883064197e-01 4.4332109398612118e-04
1.5575848427015229e-01 4.4328977015450606e-04
1.5620175834119301e-01 4.4325835704802144e-04
1.5664500095449244e-01 4.4322685467297184e-04
1.5708821202078518e-01 4.4319526303569047e-04
1.5753139145081219e-01 4.4316358214255920e-04
1.5797453915532078e-01 4.4313181199995950e-04
1.5841765504506469e-01 4.4309995261426679e-04
1.5886073903080405e-01 4.4306800399192053e-04
1.5930379102330541e-01 4.4303596613934376e-04
1.5974681093334178e-01 4.4300383906297657e-04
1.6018979867169258e-01 4.4297162276931492e-04
1.6063275414914377e-01 4.4293931726483528e-04
1.6107567727648778e-01 4.4290692255604508e-04
1.6151856796452355e-01 4.4287443864946826e-04
1.6196142612405656e-01 4.4284186555164091e-04
1.6240425166589889e-01 4.4280920326911151e-04
1.6284704450086906e-01 4.4277645180849185e-04
1.6328980453979233e-01 4.4274361117634933e-04
1.6373253169350044e-01 4.4271068137932229e-04
1.6417522587283184e-01 4.4267766242401212e-04
1.6461788698863156e-01 4.4264455431710118e-04
1.6506051495175134e-01 4.4261135706522980e-04
1.6550310967304957e-01 4.4257807067508574e-04
1.6594567106339131e-01 4.4254469515339829e-04
1.6638819903364838e-01 4.4251123050686255e-04
1.6683069349469931e-01 4.4247767674223244e-04
1.6727315435742937e-01 4.4244403386625708e-04
1.6771558153273058e-01 4.4241030188572585e-04
1.6815797493150184e-01 4.4237648080741279e-04
1.6860033446464873e-01 4.4234257063813232e-04
1.6904266004308369e-01 4.4230857138472971e-04
1.6948495157772603e-01 4.4227448305404136e-04
1.6992720897950192e-01 4.4224030565291145e-04
1.7036943215934433e-01 4.4220603918826499e-04
1.7081162102819319e-01 4.4217168366697930e-04
1.7125377549699533e-01 4.4213723909598053e-04
1.7169589547670450e-01 4.4210270548219734e-04
1.7213798087828142e-01 4.4206808283257348e-04
1.7258003161269367e-01 4.4203337115412326e-04
1.7302204759091597e-01 4.4199857045379659e-04
1.7346402872392994e-01 4.4196368073860939e-04
1.7390597492272422e-01 4.4192870201559731e-04
1.7434788609829449e-01 4.4189363429180810e-04
1.7478976216164355e-01 4.4185847757430687e-04
1.7523160302378119e-01 4.4182323187015127e-04
1.7567340859572431e-01 4.4178789718645779e-04
1.7611517878849692e-01 4.4175247353034353e-04
1.7655691351313019e-01 4.4171696090892668e-04
1.7699861268066236e-01 4.4168135932937396e-04
1.7744027620213890e-01 4.4164566879885517e-04
1.7788190398861242e-01 4.4160988932455912e-04
1.7832349595114277e-01 4.4157402091366801e-04
1.7876505200079695e-01 4.4153806357343672e-04
1.7920657204864923e-01 4.4150201731109725e-04
1.7964805600578115e-01 4.4146588213389565e-04
1.8008950378328145e-01 4.4142965804913078e-04
1.8053091529224627e-01 4.4139334506407334e-04
1.8097229044377891e-01 4.4135694318605753e-04
1.8141362914899012e-01 4.4132045242240681e-04
1.8185493131899791e-01 4.4128387278046991e-04
1.8229619686492771e-01 4.4124720426760741e-04
1.8273742569791224e-01 4.4121044689121846e-04
1.8317861772909172e-01 4.4117360065868208e-04
1.8361977286961367e-01 4.4113666557744289e-04
1.8406089103063314e-01 4.4109964165493467e-04
1.8450197212331257e-01 4.4106252889860567e-04
1.8494301605882185e-01 4.4102532731594648e-04
1.8538402274833846e-01 4.4098803691440731e-04
1.8582499210304720e-01 4.4095065770155686e-04
1.8626592403414058e-01 4.4091318968486978e-04
1.8670681845281850e-01 4.4087563287193354e-04
1.8714767527028850e-01 4.4083798727029142e-04
1.8758849439776565e-01 4.4080025288753349e-04
1.8802927574647266e-01 4.4076242973123978e-04
1.8847001922763978e-01 4.4072451780903179e-04
1.8891072475250492e-01 4.4068651712857475e-04
1.8935139223231368e-01 4.4064842769748423e-04
1.8979202157831920e-01 4.4061024952346729e-04
1.9023261270178246e-01 4.4057198261416935e-04
1.9067316551397201e-01 4.4053362697732645e-04
1.9111367992616415e-01 4.4049518262065764e-04
1.9155415584964294e-01 4.4045664955191295e-04
1.9199459319570017e-01 4.4041802777885163e-04
1.9243499187563540e-01 4.4037931730924184e-04
1.9287535180075602e-01 4.4034051815085789e-04
1.9331567288237711e-01 4.4030163031156947e-04
1.9375595503182172e-01 4.4026265379916343e-04
1.9419619816042064e-01 4.4022358862150207e-04
1.9463640217951256e-01 4.4018443478643693e-04
1.9507656700044398e-01 4.4014519230190641e-04
1.9551669253456944e-01 4.4010586117574610e-04
1.9595677869325123e-01 4.4006644141591535e-04
1.9639682538785966e-01 4.4002693303035295e-04
1.9683683252977296e-01 4.3998733602700822e-04
1.9727680003037737e-01 4.3994765041384566e-04
1.9771672780106703e-01 4.3990787619887112e-04
1.9815661575324414e-01 4.3986801339010375e-04
1.9859646379831891e-01 4.3982806199555920e-04
1.9903627184770961e-01 4.3978802202326639e-04
1.9947603981284251e-01 4.3974789348131540e-04
1.9991576760515201e-01 4.3970767637776533e-04
2.0035545513608052e-01 4.3966737072074959e-04
2.0079510231707864e-01 4.3962697651835683e-04
2.0123470905960511e-01 4.3958649377870965e-04
2.0167427527512669e-01 4.3954592251000768e-04
2.0211380087511843e-01 4.3950526272039050e-04
2.0255328577106352e-01 4.3946451441803804e-04
2.0299272987445330e-01 4.3942367761118443e-04
2.0343213309678740e-01 4.3938275230802934e-04
2.0387149534957363e-01 4.3934173851683329e-04
2.0431081654432809e-01 4.3930063624583710e-04
2.0475009659257509e-01 4.3925944550333144e-04
2.0518933540584730e-01 4.3921816629760563e-04
2.0562853289568564e-01 4.3917679863699014e-04
2.0606768897363936e-01 4.3913534252979885e-04
2.0650680355126610e-01 4.3909379798437199e-04
2.0694587654013180e-01 4.3905216500908533e-04
2.0738490785181077e-01 4.3901044361234503e-04
2.0782389739788576e-01 4.3896863380252433e-04
2.0826284508994788e-01 4.3892673558806541e-04
2.0870175083959674e-01 4.3888474897738929e-04
2.0914061455844035e-01 4.3884267397895229e-04
2.0957943615809518e-01 4.3880051060122210e-04
2.1001821555018618e-01 4.3875825885270747e-04
2.1045695264634681e-01 4.3871591874192450e-04
2.1089564735821906e-01 4.3867349027738363e-04
2.1133429959745345e-01 4.3863097346762722e-04
2.1177290927570905e-01 4.3858836832122813e-04
2.1221147630465351e-01 4.3854567484674244e-04
2.1265000059596303e-01 4.3850289305280321e-04
2.1308848206132247e-01 4.3846002294801035e-04
2.1352692061242529e-01 4.3841706454099513e-04
2.1396531616097356e-01 4.3837401784043323e-04
2.1440366861867810e-01 4.3833088285495132e-04
2.1484197789725834e-01 4.3828765959324557e-04
2.1528024390844239e-01 4.3824434806405963e-04
2.1571846656396715e-01 4.3820094827606116e-04
2.1615664577557814e-01 4.3815746023804624e-04
2.1659478145502975e-01 4.3811388395872291e-04
2.1703287351408504e-01 4.3807021944690264e-04
2.1747092186451594e-01 4.3802646671135722e-04
2.1790892641810308e-01 4.3798262576092399e-04
2.1834688708663602e-01 4.3793869660440233e-04
2.1878480378191309e-01 4.3789467925064372e-04
2.1922267641574147e-01 4.3785057370853683e-04
2.1966050489993730e-01 4.3780637998692290e-04
2.2009828914632545e-01 4.3776209809476046e-04
2.2053602906673986e-01 4.3771772804092731e-04
2.2097372457302333e-01 4.3767326983435443e-04
2.2141137557702761e-01 4.3762872348400119e-04
2.2184898199061337e-01 4.3758408899886836e-04
2.2228654372565035e-01 4.3753936638790355e-04
2.2272406069401721e-01 4.3749455566013886e-04
2.2316153280760165e-01 4.3744965682459392e-04
2.2359895997830043e-01 4.3740466989030270e-04
2.2403634211801932e-01 4.3735959486633903e-04
2.2447367913867319e-01 4.3731443176175835e-04
2.2491097095218598e-01 4.3726918058567196e-04
2.2534821747049072e-01 4.3722384134721383e-04
2.2578541860552959e-01 4.3717841405548606e-04
2.2622257426925393e-01 4.3713289871962369e-04
2.2665968437362416e-01 4.3708729534884001e-04
2.2709674883060996e-01 4.3704160395227913e-04
2.2753376755219015e-01 4.3699582453913643e-04
2.2797074045035276e-01 4.3694995711868575e-04
2.2840766743709509e-01 4.3690400170011981e-04
2.2884454842442367e-01 4.3685795829269397e-04
2.2928138332435424e-01 4.3681182690570358e-04
2.2971817204891193e-01 4.3676560754841374e-04
2.3015491451013104e-01 4.3671930023016789e-04
2.3059161062005532e-01 4.3667290496023650e-04
2.3102826029073772e-01 4.3662642174801636e-04
2.3146486343424066e-01 4.3657985060284194e-04
2.3190141996263586e-01 4.3653319153410435e-04
2.3233792978800444e-01 4.3648644455119808e-04
2.3277439282243695e-01 4.3643960966353531e-04
2.3321080897803334e-01 4.3639268688054514e-04
2.3364717816690303e-01 4.3634567621167399e-04
2.3408350030116484e-01 4.3629857766639351e-04
2.3451977529294712e-01 4.3625139125420598e-04
2.3495600305438771e-01 4.3620411698458688e-04
2.3539218349763394e-01 4.3615675486707216e-04
2.3582831653484268e-01 4.3610930491118756e-04
2.3626440207818034e-01 4.3606176712650605e-04
2.3670044003982291e-01 4.3601414152259012e-04
2.3713643033195594e-01 4.3596642810902949e-04
2.3757237286677460e-01 4.3591862689546011e-04
2.3800826755648366e-01 4.3587073789148813e-04
2.3844411431329757e-01 4.3582276110674045e-04
2.3887991304944040e-01 4.3577469655087898e-04
2.3931566367714585e-01 4.3572654423363027e-04
2.3975136610865735e-01 4.3567830416465575e-04
2.4018702025622810e-01 4.3562997635366858e-04
2.4062262603212090e-01 4.3558156081041719e-04
2.4105818334860837e-01 4.3553305754463496e-04
2.4149369211797289e-01 4.3548446656610826e-04
2.4192915225250655e-01 4.3543578788461413e-04
2.4236456366451134e-01 4.3538702150995931e-04
2.4279992626629898e-01 4.3533816745195000e-04
2.4323523997019103e-01 4.3528922572044722e-04
2.4367050468851895e-01 4.3524019632528891e-04
2.4410572033362399e-01 4.3519107927636680e-04
2.4454088681785735e-01 4.3514187458354822e-04
2.4497600405358008e-01 4.3509258225676948e-04
2.4541107195316317e-01 4.3504320230596406e-04
2.4584609042898758e-01 4.3499373474103397e-04
2.4628105939344413e-01 4.3494417957198021e-04
2.4671597875893375e-01 4.3489453680874303e-04
2.4715084843786722e-01 4.3484480646136523e-04
2.4758566834266538e-01 4.3479498853984570e-04
2.4802043838575913e-01 4.3474508305421308e-04
2.4845515847958938e-01 4.3469509001451458e-04
2.4888982853660710e-01 4.3464500943081734e-04
2.4932444846927332e-01 4.3459484131322103e-04
2.4975901819005922e-01 4.3454458567180172e-04
2.5019353761144603e-01 4.3449424251670122e-04
2.5062800664592511e-01 4.3444381185807340e-04
2.5106242520599803e-01 4.3439329370604818e-04
2.5149679320417645e-01 4.3434268807083354e-04
2.5193111055298228e-01 4.3429199496258395e-04
2.5236537716494761e-01 4.3424121439151954e-04
2.5279959295261473e-01 4.3419034636785827e-04
2.5323375782853619e-01 4.3413939090184323e-04
2.5366787170527472e-01 4.3408834800377511e-04
2.5410193449540341e-01 4.3403721768390282e-04
2.5453594611150565e-01 4.3398599995249961e-04
2.5496990646617501e-01 4.3393469481994715e-04
2.5540381547201552e-01 4.3388330229653772e-04
2.5583767304164151e-01 4.3383182239258521e-04
2.5627147908767761e-01 4.3378025511853186e-04
2.5670523352275892e-01 4.3372860048469824e-04
2.5713893625953083e-01 4.3367685850154679e-04
2.5757258721064930e-01 4.3362502917940790e-04
2.5800618628878047e-01 4.3357311252883285e-04
2.5843973340660120e-01 4.3352110856019038e-04
2.5887322847679861e-01 4.3346901728401273e-04
2.5930667141207048e-01 4.3341683871071015e-04
2.5974006212512485e-01 4.3336457285090223e-04
2.6017340052868054e-01 4.3331221971501521e-04
2.6060668653546670e-01 4.3325977931366321e-04
2.6103992005822318e-01 4.3320725165735030e-04
2.6147310100970028e-01 4.3315463675670020e-04
2.6190622930265894e-01 4.3310193462231219e-04
2.6233930484987078e-01 4.3304914526473971e-04
2.6277232756411789e-01 4.3299626869467637e-04
2.6320529735819315e-01 4.3294330492271542e-04
2.6363821414489991e-01 4.3289025395962466e-04
2.6407107783705247e-01 4.3283711581594217e-04
2.6450388834747551e-01 4.3278389050250849e-04
2.6493664558900470e-01 4.3273057802994296e-04
2.6536934947448626e-01 4.3267717840902526e-04
2.6580199991677717e-01 4.3262369165053723e-04
2.6623459682874528e-01 4.3257011776519068e-04
2.6666714012326914e-01 4.3251645676379007e-04
2.6709962971323808e-01 4.3246270865716956e-04
2.6753206551155229e-01 4.3240887345614998e-04
2.6796444743112280e-01 4.3235495117153653e-04
2.6839677538487144e-01 4.3230094181422062e-04
2.6882904928573093e-01 4.3224684539510294e-04
2.6926126904664494e-01 4.3219266192501054e-04
2.6969343458056794e-01 4.3213839141490547e-04
2.7012554580046533e-01 4.3208403387574401e-04
2.7055760261931361e-01 4.3202958931837628e-04
2.7098960495009999e-01 4.3197505775385337e-04
2.7142155270582285e-01 4.3192043919311419e-04
2.7185344579949144e-01 4.3186573364719386e-04
2.7228528414412612e-01 4.3181094112707457e-04
2.7271706765275816e-01 4.3175606164381418e-04
2.7314879623842997e-01 4.3170109520846361e-04
2.7358046981419498e-01 4.3164604183207984e-04
2.7401208829311774e-01 4.3159090152572992e-04
2.7444365158827377e-01 4.3153567430058377e-04
2.7487515961274989e-01 4.3148036016770462e-04
2.7530661227964393e-01 4.3142495913823489e-04
2.7573800950206484e-01 4.3136947122336873e-04
2.7616935119313285e-01 4.3131389643425968e-04
2.7660063726597928e-01 4.3125823478210815e-04
2.7703186763374671e-01 4.3120248627811179e-04
2.7746304220958889e-01 4.3114665093349925e-04
2.7789416090667085e-01 4.3109072875952389e-04
2.7832522363816886e-01 4.3103471976742503e-04
2.7875623031727043e-01 4.3097862396850143e-04
2.7918718085717437e-01 4.3092244137407279e-04
2.7961807517109083e-01 4.3086617199542112e-04
2.8004891317224123e-01 4.3080981584391655e-04
2.8047969477385842e-01 4.3075337293085463e-04
2.8091041988918652e-01 4.3069684326762711e-04
2.8134108843148103e-01 4.3064022686564534e-04
2.8177170031400894e-01 4.3058352373625516e-04
2.8220225545004851e-01 4.3052673389093249e-04
2.8263275375288954e-01 4.3046985734107596e-04
2.8306319513583322e-01 4.3041289409815112e-04
2.8349357951219223e-01 4.3035584417362840e-04
2.8392390679529073e-01 4.3029870757898365e-04
2.8435417689846432e-01 4.3024148432576259e-04
2.8478438973506021e-01 4.3018417442544860e-04
2.8521454521843703e-01 4.3012677788963858e-04
2.8564464326196509e-01 4.3006929472984144e-04
2.8607468377902617e-01 4.3001172495765836e-04
2.8650466668301372e-01 4.2995406858464000e-04
2.8693459188733267e-01 4.2989632562247178e-04
2.8736445930539972e-01 4.2983849608268902e-04
2.8779426885064308e-01 4.2978057997700912e-04
2.8822402043650264e-01 4.2972257731710770e-04
2.8865371397643003e-01 4.2966448811461748e-04
2.8908334938388852e-01 4.2960631238125635e-04
2.8951292657235311e-01 4.2954805012872428e-04
2.8994244545531045e-01 4.2948970136881233e-04
2.9037190594625906e-01 4.2943126611320165e-04
2.9080130795870912e-01 4.2937274437368711e-04
2.9123065140618265e-01 4.2931413616204115e-04
2.9165993620221342e-01 4.2925544149006415e-04
2.9208916226034698e-01 4.2919666036963242e-04
2.9251832949414075e-01 4.2913779281257910e-04
2.9294743781716409e-01 4.2907883883067116e-04
2.9337648714299808e-01 4.2901979843584418e-04
2.9380547738523571e-01 4.2896067164000266e-04
2.9423440845748194e-01 4.2890145845502273e-04
2.9466328027335364e-01 4.2884215889279131e-04
2.9509209274647946e-01 4.2878277296536836e-04
2.9552084579050020e-01 4.2872330068462487e-04
2.9594953931906853e-01 4.2866374206253693e-04
2.9637817324584914e-01 4.2860409711110986e-04
2.9680674748451863e-01 4.2854436584242362e-04
2.9723526194876582e-01 4.2848454826837859e-04
2.9766371655229129e-01 4.2842464440115223e-04
2.9809211120880796e-01 4.2836465425271654e-04
2.9852044583204063e-01 4.2830457783520206e-04
2.9894872033572628e-01 4.2824441516066863e-04
2.9937693463361398e-01 4.2818416624123423e-04
2.9980508863946481e-01 4.2812383108912973e-04
3.0023318226705226e-01 4.2806340971634826e-04
3.0066121543016167e-01 4.2800290213520104e-04
3.0108918804259083e-01 4.2794230835774396e-04
3.0151710001814946e-01 4.2788162839632035e-04
3.0194495127065979e-01 4.2782086226301000e-04
3.0237274171395595e-01 4.2776000997018962e-04
3.0280047126188464e-01 4.2769907152996969e-04
3.0322813982830454e-01 4.2763804695476287e-04
3.0365574732708683e-01 4.2757693625676129e-04
3.0408329367211484e-01 4.2751573944832386e-04
3.0451077877728433e-01 4.2745445654172811e-04
3.0493820255650333e-01 4.2739308754932817e-04
3.0536556492369216e-01 4.2733163248355043e-04
3.0579286579278364e-01 4.2727009135669358e-04
3.0622010507772290e-01 4.2720846418117775e-04
3.0664728269246749e-01 4.2714675096940503e-04
3.0707439855098739e-01 4.2708495173378406e-04
3.0750145256726491e-01 4.2702306648685943e-04
3.0792844465529501e-01 4.2696109524098861e-04
3.0835537472908497e-01 4.2689903800868361e-04
3.0878224270265464e-01 4.2683689480243114e-04
3.0920904849003633e-01 4.2677466563474816e-04
3.0963579200527486e-01 4.2671235051819703e-04
3.1006247316242758e-01 4.2664994946536720e-04
3.1048909187556456e-01 4.2658746248869347e-04
3.1091564805876820e-01 4.2652488960088673e-04
3.1134214162613372e-01 4.2646223081445306e-04
3.1176857249176876e-01 4.2639948614208567e-04
3.1219494056979374e-01 4.2633665559634694e-04
3.1262124577434158e-01 4.2627373918999471e-04
3.1304748801955801e-01 4.2621073693561952e-04
3.1347366721960135e-01 4.2614764884590662e-04
3.1389978328864260e-01 4.2608447493362788e-04
3.1432583614086557e-01 4.2602121521142676e-04
3.1475182569046667e-01 4.2595786969211718e-04
3.1517775185165525e-01 4.2589443838835010e-04
3.1560361453865315e-01 4.2583092131303875e-04
3.1602941366569531e-01 4.2576731847884087e-04
3.1645514914702916e-01 4.2570362989869374e-04
3.1688082089691522e-01 4.2563985558529744e-04
3.1730642882962662e-01 4.2557599555160668e-04
3.1773197285944954e-01 4.2551204981039210e-04
3.1815745290068287e-01 4.2544801837459783e-04
3.1858286886763848e-01 4.2538390125707856e-04
3.1900822067464107e-01 4.2531969847079667e-04
3.1943350823602840e-01 4.2525541002859688e-04
3.1985873146615096e-01 4.2519103594353369e-04
3.2028389027937237e-01 4.2512657622850768e-04
3.2070898459006925e-01 4.2506203089645632e-04
3.2113401431263094e-01 4.2499739996046583e-04
3.2155897936146011e-01 4.2493268343351008e-04
3.2198387965097225e-01 4.2486788132864840e-04
3.2240871509559604e-01 4.2480299365884737e-04
3.2283348560977304e-01 4.2473802043729419e-04
3.2325819110795800e-01 4.2467296167703181e-04
3.2368283150461880e-01 4.2460781739114058e-04
3.2410740671423638e-01 4.2454258759270998e-04
3.2453191665130476e-01 4.2447727229493457e-04
3.2495636123033117e-01 4.2441187151094346e-04
3.2538074036583597e-01 4.2434638525393805e-04
3.2580505397235271e-01 4.2428081353710863e-04
3.2622930196442823e-01 4.2421515637356083e-04
3.2665348425662238e-01 4.2414941377663201e-04
3.2707760076350839e-01 4.2408358575954938e-04
3.2750165139967274e-01 4.2401767233551669e-04
3.2792563607971514e-01 4.2395167351781069e-04
3.2834955471824856e-01 4.2388558931976691e-04
3.2877340722989928e-01 4.2381941975468709e-04
3.2919719352930693e-01 4.2375316483588894e-04
3.2962091353112449e-01 4.2368682457668064e-04
3.3004456715001823e-01 4.2362039899045459e-04
3.3046815430066778e-01 4.2355388809061896e-04
3.3089167489776627e-01 4.2348729189049437e-04
3.3131512885602010e-01 4.2342061040355445e-04
3.3173851609014920e-01 4.2335384364317074e-04
3.3216183651488679e-01 4.2328699162290075e-04
3.3258509004497971e-01 4.2322005435607870e-04
3.3300827659518822e-01 4.2315303185628118e-04
3.3343139608028605e-01 4.2308592413691539e-04
3.3385444841506035e-01 4.2301873121161117e-04
3.3427743351431199e-01 4.2295145309376360e-04
3.3470035129285519e-01 4.2288408979704729e-04
3.3512320166551790e-01 4.2281664133490962e-04
3.3554598454714146e-01 4.2274910772105369e-04
3.3596869985258093e-01 4.2268148896902288e-04
3.3639134749670496e-01 4.2261378509243482e-04
3.3681392739439581e-01 4.2254599610492920e-04
3.3723643946054938e-01 4.2247812202015332e-04
3.3765888361007523e-01 4.2241016285178622e-04
3.3808125975789660e-01 4.2234211861352225e-04
3.3850356781895047e-01 4.2227398931902609e-04
3.3892580770818748e-01 4.2220577498202472e-04
3.3934797934057193e-01 4.2213747561635213e-04
3.3977008263108205e-01 4.2206909123564069e-04
3.4019211749470973e-01 4.2200062185365615e-04
3.4061408384646058e-01 4.2193206748428181e-04
3.4103598160135407e-01 4.2186342814130807e-04
3.4145781067442355e-01 4.2179470383848041e-04
3.4187957098071603e-01 4.2172589458976318e-04
3.4230126243529257e-01 4.2165700040890553e-04
3.4272288495322800e-01 4.2158802130978854e-04
3.4314443844961101e-01 4.2151895730632212e-04
3.4356592283954418e-01 4.2144980841247244e-04
3.4398733803814407e-01 4.2138057464211591e-04
3.4440868396054114e-01 4.2131125600921020e-04
3.4482996052187986e-01 4.2124185252765658e-04
3.4525116763731856e-01 4.2117236421150854e-04
3.4567230522202963e-01 4.2110279107471791e-04
3.4609337319119943e-01 4.2103313313133426e-04
3.4651437146002839e-01 4.2096339039532636e-04
3.4693529994373090e-01 4.2089356288081995e-04
3.4735615855753549e-01 4.2082365060180986e-04
3.4777694721668467e-01 4.2075365357242762e-04
3.4819766583643513e-01 4.2068357180673037e-04
3.4861831433205764e-01 4.2061340531881006e-04
3.4903889261883703e-01 4.2054315412284372e-04
3.4945940061207231e-01 4.2047281823297462e-04
3.4987983822707669e-01 4.2040239766335787e-04
3.5030020537917744e-01 4.2033189242822439e-04
3.5072050198371624e-01 4.2026130254162251e-04
3.5114072795604867e-01 4.2019062801794334e-04
3.5156088321154477e-01 4.2011986887135317e-04
3.5198096766558878e-01 4.2004902511605721e-04
3.5240098123357910e-01 4.1997809676640413e-04
3.5282092383092850e-01 4.1990708383664809e-04
3.5324079537306408e-01 4.1983598634105329e-04
3.5366059577542708e-01 4.1976480429394599e-04
3.5408032495347319e-01 4.1969353770975824e-04
3.5449998282267253e-01 4.1962218660267925e-04
3.5491956929850937e-01 4.1955075098722551e-04
3.5533908429648253e-01 4.1947923087768660e-04
3.5575852773210515e-01 4.1940762628850039e-04
3.5617789952090473e-01 4.1933593723413780e-04
3.5659719957842340e-01 4.1926416372889300e-04
3.5701642782021742e-01 4.1919230578741691e-04
3.5743558416185783e-01 4.1912036342402572e-04
3.5785466851892994e-01 4.1904833665330537e-04
3.5827368080703370e-01 4.1897622548966551e-04
3.5869262094178345e-01 4.1890402994769428e-04
3.5911148883880811e-01 4.1883175004192504e-04
3.5953028441375118e-01 4.1875938578689510e-04
3.5994900758227066e-01 4.1868693719721375e-04
3.6036765826003919e-01 4.1861440428746455e-04
3.6078623636274404e-01 4.1854178707217353e-04
3.6120474180608692e-01 4.1846908556612470e-04
3.6162317450578441e-01 4.1839629978382653e-04
3.6204153437756764e-01 4.1832342973990790e-04
3.6245982133718230e-01 4.1825047544917309e-04
3.6287803530038887e-01 4.1817743692629429e-04
3.6329617618296262e-01 4.1810431418586161e-04
3.6371424390069335e-01 4.1803110724270329e-04
3.6413223836938569e-01 4.1795781611155615e-04
3.6455015950485903e-01 4.1788444080715563e-04
3.6496800722294748e-01 4.1781098134432293e-04
3.6538578143950001e-01 4.1773743773779361e-04
3.6580348207038038e-01 4.1766381000235705e-04
3.6622110903146704e-01 4.1759009815295947e-04
3.6663866223865349e-01 4.1751630220429430e-04
3.6705614160784789e-01 4.1744242217133719e-04
3.6747354705497332e-01 4.1736845806899641e-04
3.6789087849596791e-01 4.1729440991199239e-04
3.6830813584678446e-01 4.1722027771539587e-04
3.6872531902339079e-01 4.1714606149411608e-04
3.6914242794176971e-01 4.1707176126302812e-04
3.6955946251791888e-01 4.1699737703720344e-04
3.6997642266785108e-01 4.1692290883146990e-04
3.7039330830759387e-01 4.1684835666098990e-04
3.7081011935319003e-01 4.1677372054065899e-04
3.7122685572069719e-01 4.1669900048558729e-04
3.7164351732618817e-01 4.1662419651074852e-04
3.7206010408575074e-01 4.1654930863121667e-04
3.7247661591548775e-01 4.1647433686212805e-04
3.7289305273151718e-01 4.1639928121856181e-04
3.7330941444997207e-01 4.1632414171567997e-04
3.7372570098700070e-01 4.1624891836848546e-04
3.7414191225876631e-01 4.1617361119227034e-04
3.7455804818144750e-01 4.1609822020204437e-04
3.7497410867123782e-01 4.1602274541317768e-04
3.7539009364434622e-01 4.1594718684072129e-04
3.7580600301699674e-01 4.1587154449995251e-04
3.7622183670542869e-01 4.1579581840607170e-04
3.7663759462589658e-01 4.1572000857438221e-04
3.7705327669467020e-01 4.1564411502013475e-04
3.7746888282803465e-01 4.1556813775860525e-04
3.7788441294229030e-01 4.1549207680505364e-04
3.7829986695375284e-01 4.1541593217481393e-04
3.7871524477875318e-01 4.1533970388331673e-04
3.7913054633363774e-01 4.1526339194581253e-04
3.7954577153476821e-01 4.1518699637770311e-04
3.7996092029852169e-01 4.1511051719433879e-04
3.8037599254129062e-01 4.1503395441117068e-04
3.8079098817948287e-01 4.1495730804363057e-04
3.8120590712952179e-01 4.1488057810711943e-04
3.8162074930784617e-01 4.1480376461704421e-04
3.8203551463091018e-01 4.1472686758894272e-04
3.8245020301518351e-01 4.1464988703829590e-04
3.8286481437715136e-01 4.1457282298059994e-04
3.8327934863331448e-01 4.1449567543133854e-04
3.8369380570018902e-01 4.1441844440610979e-04
3.8410818549430681e-01 4.1434112992042607e-04
3.8452248793221516e-01 4.1426373198990380e-04
3.8493671293047704e-01 4.1418625063004394e-04
3.8535086040567096e-01 4.1410868585646434e-04
3.8576493027439096e-01 4.1403103768490433e-04
3.8617892245324686e-01 4.1395330613090453e-04
3.8659283685886409e-01 4.1387549121010104e-04
3.8700667340788364e-01 4.1379759293824070e-04
3.8742043201696230e-01 4.1371961133095445e-04
3.8783411260277256e-01 4.1364154640389302e-04
3.8824771508200245e-01 4.1356339817293569e-04
3.8866123937135594e-01 4.1348516665372479e-04
3.8907468538755263e-01 4.1340685186201881e-04
3.8948805304732798e-01 4.1332845381354140e-04
3.8990134226743306e-01 4.1324997252418968e-04
3.9031455296463491e-01 4.1317140800969362e-04
3.9072768505571631e-01 4.1309276028588020e-04
3.9114073845747582e-01 4.1301402936866593e-04
3.9155371308672798e-01 4.1293521527379463e-04
3.9196660886030310e-01 4.1285631801718498e-04
3.9237942569504736e-01 4.1277733761474938e-04
3.9279216350782287e-01 4.1269827408238615e-04
3.9320482221550768e-01 4.1261912743598015e-04
3.9361740173499571e-01 4.1253989769150838e-04
3.9402990198319687e-01 4.1246058486491878e-04
3.9444232287703707e-01 4.1238118897213879e-04
3.9485466433345806e-01 4.1230171002925784e-04
3.9526692626941778e-01 4.1222214805216012e-04
3.9567910860188998e-01 4.1214250305703559e-04
3.9609121124786467e-01 4.1206277505973627e-04
3.9650323412434774e-01 4.1198296407640413e-04
3.9691517714836116e-01 4.1190307012312977e-04
3.9732704023694304e-01 4.1182309321600676e-04
3.9773882330714755e-01 4.1174303337112791e-04
3.9815052627604502e-01 4.1166289060457813e-04
3.9856214906072185e-01 4.1158266493255440e-04
3.9897369157828061e-01 4.1150235637120442e-04
3.9938515374584010e-01 4.1142196493662065e-04
3.9979653548053518e-01 4.1134149064511532e-04
4.0020783669951698e-01 4.1126093351284508e-04
4.0061905731995290e-01 4.1118029355599026e-04
4.0103019725902644e-01 4.1109957079084509e-04
4.0144125643393747e-01 4.1101876523363853e-04
4.0185223476190207e-01 4.1093787690061370e-04
4.0226313216015253e-01 4.1085690580819979e-04
4.0267394854593763e-01 4.1077585197250415e-04
4.0308468383652224e-01 4.1069471541003977e-04
4.0349533794918774e-01 4.1061349613703802e-04
4.0390591080123178e-01 4.1053219416985654e-04
4.0431640230996840e-01 4.1045080952486872e-04
4.0472681239272801e-01 4.1036934221847995e-04
4.0513714096685732e-01 4.1028779226718069e-04
4.0554738794971973e-01 4.1020615968719189e-04
4.0595755325869470e-01 4.1012444449518224e-04
4.0636763681117843e-01 4.1004264670749962e-04
4.0677763852458354e-01 4.0996076634054773e-04
4.0718755831633896e-01 4.0987880341096023e-04
4.0759739610389029e-01 4.0979675793518009e-04
4.0800715180469965e-01 4.0971462992963752e-04
4.0841682533624551e-01 4.0963241941105921e-04
4.0882641661602315e-01 4.0955012639582985e-04
4.0923592556154414e-01 4.0946775090064321e-04
4.0964535209033687e-01 4.0938529294202183e-04
4.1005469611994616e-01 4.0930275253662140e-04
4.1046395756793358e-01 4.0922012970097361e-04
4.1087313635187722e-01 4.0913742445178894e-04
4.1128223238937184e-01 4.0905463680574264e-04
4.1169124559802889e-01 4.0897176677949938e-04
4.1210017589547654e-01 4.0888881438967548e-04
4.1250902319935956e-01 4.0880577965307505e-04
4.1291778742733953e-01 4.0872266258633111e-04
4.1332646849709470e-01 4.0863946320622867e-04
4.1373506632632007e-01 4.0855618152954272e-04
4.1414358083272745e-01 4.0847281757298880e-04
4.1455201193404534e-01 4.0838937135345807e-04
4.1496035954801919e-01 4.0830584288760967e-04
4.1536862359241106e-01 4.0822223219243300e-04
4.1577680398500005e-01 4.0813853928459707e-04
4.1618490064358199e-01 4.0805476418102383e-04
4.1659291348596950e-01 4.0797090689869233e-04
4.1700084242999225e-01 4.0788696745437528e-04
4.1740868739349674e-01 4.0780294586495707e-04
4.1781644829434633e-01 4.0771884214741973e-04
4.1822412505042139e-01 4.0763465631864432e-04
4.1863171757961914e-01 4.0755038839566715e-04
4.1903922579985386e-01 4.0746603839539504e-04
4.1944664962905676e-01 4.0738160633484676e-04
4.1985398898517606e-01 4.0729709223096569e-04
4.2026124378617691e-01 4.0721249610093475e-04
4.2066841395004168e-01 4.0712781796159160e-04
4.2107549939476963e-01 4.0704305783005232e-04
4.2148250003837706e-01 4.0695821572347019e-04
4.2188941579889749e-01 4.0687329165882603e-04
4.2229624659438136e-01 4.0678828565335611e-04
4.2270299234289643e-01 4.0670319772400949e-04
4.2310965296252739e-01 4.0661802788804081e-04
4.2351622837137620e-01 4.0653277616255207e-04
4.2392271848756197e-01 4.0644744256465283e-04
4.2432912322922084e-01 4.0636202711169040e-04
4.2473544251450635e-01 4.0627652982075808e-04
4.2514167626158911e-01 4.0619095070912076e-04
4.2554782438865701e-01 4.0610528979400837e-04
4.2595388681391527e-01 4.0601954709255347e-04
4.2635986345558613e-01 4.0593372262223687e-04
4.2676575423190938e-01 4.0584781640015948e-04
4.2717155906114190e-01 4.0576182844372056e-04
4.2757727786155802e-01 4.0567575877015514e-04
4.2798291055144927e-01 4.0558960739690440e-04
4.2838845704912459e-01 4.0550337434127638e-04
4.2879391727291033e-01 4.0541705962057772e-04
4.2919929114115013e-01 4.0533066325221674e-04
4.2960457857220502e-01 4.0524418525363131e-04
4.3000977948445346e-01 4.0515762564226717e-04
4.3041489379629139e-01 4.0507098443547216e-04
4.3081992142613207e-01 4.0498426165077987e-04
4.3122486229240636e-01 4.0489745730556704e-04
4.3162971631356251e-01 4.0481057141734353e-04
4.3203448340806622e-01 4.0472360400366561e-04
4.3243916349440076e-01 4.0463655508202851e-04
4.3284375649106699e-01 4.0454942466984479e-04
4.3324826231658314e-01 4.0446221278479604e-04
4.3365268088948511e-01 4.0437491944442569e-04
4.3405701212832637e-01 4.0428754466625288e-04
4.3446125595167789e-01 4.0420008846797656e-04
4.3486541227812836e-01 4.0411255086714995e-04
4.3526948102628410e-01 4.0402493188130704e-04
4.3567346211476887e-01 4.0393723152828612e-04
4.3607735546222437e-01 4.0384944982555388e-04
4.3648116098730966e-01 4.0376158679101409e-04
4.3688487860870179e-01 4.0367364244216116e-04
4.3728850824509535e-01 4.0358561679670999e-04
4.3769204981520260e-01 4.0349750987254713e-04
4.3809550323775365e-01 4.0340932168732860e-04
4.3849886843149638e-01 4.0332105225869937e-04
4.3890214531519622e-01 4.0323270160470863e-04
4.3930533380763670e-01 4.0314426974291065e-04
4.3970843382761898e-01 4.0305575669112082e-04
4.4011144529396196e-01 4.0296716246732909e-04
4.4051436812550249e-01 4.0287848708931204e-04
4.4091720224109532e-01 4.0278973057482852e-04
4.4131994755961290e-01 4.0270089294189602e-04
4.4172260399994578e-01 4.0261197420821181e-04
4.4212517148100211e-01 4.0252297439198495e-04
4.4252764992170829e-01 4.0243389351085200e-04
4.4293003924100843e-01 4.0234473158285903e-04
4.4333233935786465e-01 4.0225548862599580e-04
4.4373455019125702e-01 4.0216616465822447e-04
4.4413667166018367e-01 4.0207675969744288e-04
4.4453870368366055e-01 4.0198727376183419e-04
4.4494064618072188e-01 4.0189770686923379e-04
4.4534249907041967e-01 4.0180805903777865e-04
4.4574426227182412e-01 4.0171833028549098e-04
4.4614593570402339e-01 4.0162852063051587e-04
4.4654751928612385e-01 4.0153863009081508e-04
4.4694901293724981e-01 4.0144865868462415e-04
4.4735041657654384e-01 4.0135860642996629e-04
4.4775173012316655e-01 4.0126847334499773e-04
4.4815295349629669e-01 4.0117825944790129e-04
4.4855408661513124e-01 4.0108796475677903e-04
4.4895512939888527e-01 4.0099758928989265e-04
4.4935608176679209e-01 4.0090713306539165e-04
4.4975694363810320e-01 4.0081659610154716e-04
4.5015771493208839e-01 4.0072597841649588e-04
4.5055839556803556e-01 4.0063528002861790e-04
4.5095898546525098e-01 4.0054450095612361e-04
4.5135948454305924e-01 4.0045364121716557e-04
4.5175989272080297e-01 4.0036270083031482e-04
4.5216020991784345e-01 4.0027167981361258e-04
4.5256043605356000e-01 4.0018057818555448e-04
4.5296057104735044e-01 4.0008939596441632e-04
4.5336061481863088e-01 3.9999813316857945e-04
4.5376056728683578e-01 3.9990678981648083e-04
4.5416042837141807e-01 3.9981536592644391e-04
4.5456019799184905e-01 3.9972386151686354e-04
4.5495987606761840e-01 3.9963227660620222e-04
4.5535946251823423e-01 3.9954061121295892e-04
4.5575895726322319e-01 3.9944886535552135e-04
4.5615836022213030e-01 3.9935703905241818e-04
4.5655767131451919e-01 3.9926513232202871e-04
4.5695689045997179e-01 3.9917314518304658e-04
4.5735601757808875e-01 3.9908107765387467e-04
4.5775505258848920e-01 3.9898892975300925e-04
4.5815399541081070e-01 3.9889670149914288e-04
4.5855284596470952e-01 3.9880439291077900e-04
4.5895160416986047e-01 3.9871200400648412e-04
4.5935026994595696e-01 3.9861953480485661e-04
4.5974884321271092e-01 3.9852698532462697e-04
4.6014732388985308e-01 3.9843435558433279e-04
4.6054571189713267e-01 3.9834164560268018e-04
4.6094400715431771e-01 3.9824885539825134e-04
4.6134220958119476e-01 3.9815598498985522e-04
4.6174031909756919e-01 3.9806303439613762e-04
4.6213833562326506e-01 3.9797000363574366e-04
4.6253625907812507e-01 3.9787689272755130e-04
4.6293408938201075e-01 3.9778370169026229e-04
4.6333182645480242e-01 3.9769043054256484e-04
4.6372947021639904e-01 3.9759707930338138e-04
4.6412702058671851e-01 3.9750364799142235e-04
4.6452447748569747e-01 3.9741013662549570e-04
4.6492184083329141e-01 3.9731654522441931e-04
4.6531911054947456e-01 3.9722287380716321e-04
4.6571628655424019e-01 3.9712912239242207e-04
4.6611336876760023e-01 3.9703529099925194e-04
4.6651035710958572e-01 3.9694137964639428e-04
4.6690725150024642e-01 3.9684738835283928e-04
4.6730405185965107e-01 3.9675331713758422e-04
4.6770075810788747e-01 3.9665916601936638e-04
4.6809737016506214e-01 3.9656493501736623e-04
4.6849388795130076e-01 3.9647062415045122e-04
4.6889031138674797e-01 3.9637623343754082e-04
4.6928664039156726e-01 3.9628176289784446e-04
4.6968287488594129e-01 3.9618721255029626e-04
4.7007901479007180e-01 3.9609258241380708e-04
4.7047506002417938e-01 3.9599787250762879e-04
4.7087101050850383e-01 3.9590308285076961e-04
4.7126686616330399e-01 3.9580821346234214e-04
4.7166262690885785e-01 3.9571326436136137e-04
4.7205829266546245e-01 3.9561823556700392e-04
4.7245386335343398e-01 3.9552312709842456e-04
4.7284933889310782e-01 3.9542793897467509e-04
4.7324471920483835e-01 3.9533267121513423e-04
4.7364000420899938e-01 3.9523732383877600e-04
4.7403519382598369e-01 3.9514189686495140e-04
4.7443028797620340e-01 3.9504639031281335e-04
4.7482528658008982e-01 3.9495080420159863e-04
4.7522018955809353e-01 3.9485513855050749e-04
4.7561499683068426e-01 3.9475939337893566e-04
4.7600970831835115e-01 3.9466356870605026e-04
4.7640432394160259e-01 3.9456766455115588e-04
4.7679884362096620e-01 3.9447168093366365e-04
4.7719326727698902e-01 3.9437561787280113e-04
4.7758759483023738e-01 3.9427947538796785e-04
4.7798182620129698e-01 3.9418325349851541e-04
4.7837596131077287e-01 3.9408695222383394e-04
4.7877000007928955e-01 3.9399057158323207e-04
4.7916394242749083e-01 3.9389411159621116e-04
4.7955778827603995e-01 3.9379757228223141e-04
4.7995153754561970e-01 3.9370095366061150e-04
4.8034519015693217e-01 3.9360425575091609e-04
4.8073874603069899e-01 3.9350747857258165e-04
4.8113220508766125e-01 3.9341062214517432e-04
4.8152556724857964e-01 3.9331368648798924e-04
4.8191883243423417e-01 3.9321667162078698e-04
4.8231200056542456e-01 3.9311957756293404e-04
4.8270507156296999e-01 3.9302240433403102e-04
4.8309804534770917e-01 3.9292515195371992e-04
4.8349092184050046e-01 3.9282782044152976e-04
4.8388370096222177e-01 3.9273040981710304e-04
4.8427638263377071e-01 3.9263292009994151e-04
4.8466896677606430e-01 3.9253535130988007e-04
4.8506145331003953e-01 3.9243770346630261e-04
4.8545384215665266e-01 3.9233997658916073e-04
4.8584613323687997e-01 3.9224217069791728e-04
4.8623832647171727e-01 3.9214428581228181e-04
4.8663042178218002e-01 3.9204632195210870e-04
4.8702241908930349e-01 3.9194827913706056e-04
4.8741431831414267e-01 3.9185015738691222e-04
4.8780611937777235e-01 3.9175195672129900e-04
4.8819782220128699e-01 3.9165367716010094e-04
4.8858942670580091e-01 3.9155531872306403e-04
4.8898093281244814e-01 3.9145688143009887e-04
4.8937234044238265e-01 3.9135836530096441e-04
4.8976364951677820e-01 3.9125977035541301e-04
4.9015485995682828e-01 3.9116109661346165e-04
4.9054597168374647e-01 3.9106234409490569e-04
4.9093698461876606e-01 3.9096351281957525e-04
4.9132789868314025e-01 3.9086460280746279e-04
4.9171871379814225e-01 3.9076561407837252e-04
4.9210942988506501e-01 3.9066654665246111e-04
4.9250004686522170e-01 3.9056740054940357e-04
4.9289056465994513e-01 3.9046817578943915e-04
4.9328098319058838e-01 3.9036887239232585e-04
4.9367130237852436e-01 3.9026949037814461e-04
4.9406152214514598e-01 3.9017002976691865e-04
4.9445164241186618e-01 3.9007049057877808e-04
4.9484166310011807e-01 3.8997087283356043e-04
4.9523158413135460e-01 3.8987117655149101e-04
4.9562140542704902e-01 3.8977140175254938e-04
4.9601112690869442e-01 3.8967154845696438e-04
4.9640074849780425e-01 3.8957161668463756e-04
4.9679027011591181e-01 3.8947160645591106e-04
4.9717969168457077e-01 3.8937151779079316e-04
4.9756901312535484e-01 3.8927135070941150e-04
4.9795823435985787e-01 3.8917110523205506e-04
4.9834735530969393e-01 3.8907078137884643e-04
4.9873637589649727e-01 3.8897037917004235e-04
4.9912529604192241e-01 3.8886989862578432e-04
4.9951411566764403e-01 3.8876933976631758e-04
4.9990283469535707e-01 3.8866870261194248e-04
5.0029145304677669e-01 3.8856798718297554e-04
5.0067997064363845e-01 3.8846719349957208e-04
5.0106838740769810e-01 3.8836632158205771e-04
5.0145670326073166e-01 3.8826537145087179e-04
5.0184491812453558e-01 3.8816434312625417e-04
5.0223303192092661e-01 3.8806323662851416e-04
5.0262104457174184e-01 3.8796205197803553e-04
5.0300895599883877e-01 3.8786078919512414e-04
5.0339676612409512e-01 3.8775944830040862e-04
5.0378447486940925e-01 3.8765802931409025e-04
5.0417208215669984e-01 3.8755653225659389e-04
5.0455958790790589e-01 3.8745495714852116e-04
5.0494699204498705e-01 3.8735330401016242e-04
5.0533429448992329e-01 3.8725157286207724e-04
5.0572149516471510e-01 3.8714976372472158e-04
5.0610859399138342e-01 3.8704787661870602e-04
5.0649559089196994e-01 3.8694591156430600e-04
5.0688248578853645e-01 3.8684386858218030e-04
5.0726927860316562e-01 3.8674174769302757e-04
5.0765596925796064e-01 3.8663954891716767e-04
5.0804255767504503e-01 3.8653727227553686e-04
5.0842904377656328e-01 3.8643491778834674e-04
5.0881542748468023e-01 3.8633248547635511e-04
5.0920170872158144e-01 3.8622997536009063e-04
5.0958788740947292e-01 3.8612738746046275e-04
5.0997396347058155e-01 3.8602472179799090e-04
5.1035993682715497e-01 3.8592197839309132e-04
5.1074580740146103e-01 3.8581915726700993e-04
5.1113157511578888e-01 3.8571625843988926e-04
5.1151723989244791e-01 3.8561328193284332e-04
5.1190280165376845e-01 3.8551022776652291e-04
5.1228826032210162e-01 3.8540709596158004e-04
5.1267361581981918e-01 3.8530388653887647e-04
5.1305886806931378e-01 3.8520059951911186e-04
5.1344401699299880e-01 3.8509723492306602e-04
5.1382906251330840e-01 3.8499379277163472e-04
5.1421400455269761e-01 3.8489027308563390e-04
5.1459884303364223e-01 3.8478667588602063e-04
5.1498357787863902e-01 3.8468300119357099e-04
5.1536820901020564e-01 3.8457924902904176e-04
5.1575273635088048e-01 3.8447541941344317e-04
5.1613715982322284e-01 3.8437151236788493e-04
5.1652147934981318e-01 3.8426752791293140e-04
5.1690569485325266e-01 3.8416346606958020e-04
5.1728980625616350e-01 3.8405932685901800e-04
5.1767381348118879e-01 3.8395511030197746e-04
5.1805771645099263e-01 3.8385081641962438e-04
5.1844151508826020e-01 3.8374644523286367e-04
5.1882520931569753e-01 3.8364199676284505e-04
5.1920879905603190e-01 3.8353747103042792e-04
5.1959228423201154e-01 3.8343286805659509e-04
5.1997566476640544e-01 3.8332818786289630e-04
5.2035894058200427e-01 3.8322343046982274e-04
5.2074211160161932e-01 3.8311859589868809e-04
5.2112517774808298e-01 3.8301368417086918e-04
5.2150813894424919e-01 3.8290869530695107e-04
5.2189099511299242e-01 3.8280362932868929e-04
5.2227374617720879e-01 3.8269848625686171e-04
5.2265639205981540e-01 3.8259326611267500e-04
5.2303893268375057e-01 3.8248796891723598e-04
5.2342136797197358e-01 3.8238259469215312e-04
5.2380369784746539e-01 3.8227714345816363e-04
5.2418592223322780e-01 3.8217161523672815e-04
5.2456804105228394e-01 3.8206601004916985e-04
5.2495005422767826e-01 3.8196032791673747e-04
5.2533196168247653e-01 3.8185456886060315e-04
5.2571376333976572e-01 3.8174873290213130e-04
5.2609545912265410e-01 3.8164282006266297e-04
5.2647704895427139e-01 3.8153683036339190e-04
5.2685853275776839e-01 3.8143076382595679e-04
5.2723991045631768e-01 3.8132462047123754e-04
5.2762118197311270e-01 3.8121840032110386e-04
5.2800234723136863e-01 3.8111210339669297e-04
5.2838340615432200e-01 3.8100572971932643e-04
5.2876435866523053e-01 3.8089927931075852e-04
5.2914520468737369e-01 3.8079275219209450e-04
5.2952594414405219e-01 3.8068614838495816e-04
5.2990657695858823e-01 3.8057946791079456e-04
5.3028710305432558e-01 3.8047271079098442e-04
5.3066752235462933e-01 3.8036587704724090e-04
5.3104783478288620e-01 3.8025896670104426e-04
5.3142804026250456e-01 3.8015197977360352e-04
5.3180813871691401e-01 3.8004491628682979e-04
5.3218813006956589e-01 3.7993777626223202e-04
5.3256801424393319e-01 3.7983055972117794e-04
5.3294779116351032e-01 3.7972326668535061e-04
5.3332746075181325e-01 3.7961589717660013e-04
5.3370702293237982e-01 3.7950845121625151e-04
5.3408647762876926e-01 3.7940092882607086e-04
5.3446582476456261e-01 3.7929333002760486e-04
5.3484506426336242e-01 3.7918565484266190e-04
5.3522419604879312e-01 3.7907790329268909e-04
5.3560322004450045e-01 3.7897007539987559e-04
5.3598213617415236e-01 3.7886217118546651e-04
5.3636094436143822e-01 3.7875419067128348e-04
5.3673964453006917e-01 3.7864613387914665e-04
5.3711823660377811e-01 3.7853800083084753e-04
5.3749672050631969e-01 3.7842979154825533e-04
5.3787509616147056e-01 3.7832150605280636e-04
5.3825336349302877e-01 3.7821314436675403e-04
5.3863152242481460e-01 3.7810470651153069e-04
5.3900957288066986e-01 3.7799619250922266e-04
5.3938751478445834e-01 3.7788760238161441e-04
5.3976534806006560e-01 3.7777893615073956e-04
5.4014307263139938e-01 3.7767019383799045e-04
5.4052068842238876e-01 3.7756137546590088e-04
5.4089819535698536e-01 3.7745248105577873e-04
5.4127559335916209e-01 3.7734351063016368e-04
5.4165288235291442e-01 3.7723446421040769e-04
5.4203006226225925e-01 3.7712534181891000e-04
5.4240713301123578e-01 3.7701614347743022e-04
5.4278409452390508e-01 3.7690686920794015e-04
5.4316094672435011e-01 3.7679751903268234e-04
5.4353768953667603e-01 3.7668809297355515e-04
5.4391432288501007e-01 3.7657859105232392e-04
5.4429084669350114e-01 3.7646901329157649e-04
5.4466726088632067e-01 3.7635935971294714e-04
5.4504356538766197e-01 3.7624963033850762e-04
5.4541976012174020e-01 3.7613982519078023e-04
5.4579584501279310e-01 3.7602994429142831e-04
5.4617181998508013e-01 3.7591998766286285e-04
5.4654768496288320e-01 3.7580995532694700e-04
5.4692343987050607e-01 3.7569984730607991e-04
5.4729908463227483e-01 3.7558966362242428e-04
5.4767461917253768e-01 3.7547940429830535e-04
5.4805004341566532e-01 3.7536906935538164e-04
5.4842535728605013e-01 3.7525865881648119e-04
5.4880056070810712e-01 3.7514817270359351e-04
5.4917565360627352e-01 3.7503761103877567e-04
5.4955063590500852e-01 3.7492697384470950e-04
5.4992550752879399e-01 3.7481626114327653e-04
5.5030026840213375e-01 3.7470547295703006e-04
5.5067491844955407e-01 3.7459460930829133e-04
5.5104945759560364e-01 3.7448367021916510e-04
5.5142388576485335e-01 3.7437265571203419e-04
5.5179820288189629e-01 3.7426156580960975e-04
5.5217240887134833e-01 3.7415040053379847e-04
5.5254650365784730e-01 3.7403915990733938e-04
5.5292048716605369e-01 3.7392784395247336e-04
5.5329435932065041e-01 3.7381645269140402e-04
5.5366812004634247e-01 3.7370498614706737e-04
5.5404176926785775e-01 3.7359344434150193e-04
5.5441530690994623e-01 3.7348182729751716e-04
5.5478873289738073e-01 3.7337013503709927e-04
5.5516204715495621e-01 3.7325836758310649e-04
5.5553524960749023e-01 3.7314652495805704e-04
5.5590834017982305e-01 3.7303460718422841e-04
5.5628131879681708e-01 3.7292261428460986e-04
5.5665418538335776e-01 3.7281054628126594e-04
5.5702693986435281e-01 3.7269840319683858e-04
5.5739958216473240e-01 3.7258618505424379e-04
5.5777211220944956e-01 3.7247389187588538e-04
5.5814452992347985e-01 3.7236152368428082e-04
5.5851683523182138e-01 3.7224908050216489e-04
5.5888902805949503e-01 3.7213656235203003e-04
5.5926110833154408e-01 3.7202396925685525e-04
5.5963307597303480e-01 3.7191130123899132e-04
5.6000493090905579e-01 3.7179855832154433e-04
5.6037667306471883e-01 3.7168574052659731e-04
5.6074830236515794e-01 3.7157284787730312e-04
5.6111981873552996e-01 3.7145988039654623e-04
5.6149122210101476e-01 3.7134683810671342e-04
5.6186251238681473e-01 3.7123372103066887e-04
5.6223368951815511e-01 3.7112052919108994e-04
5.6260475342028371e-01 3.7100726261121090e-04
5.6297570401847163e-01 3.7089392131318255e-04
5.6334654123801220e-01 3.7078050532046405e-04
5.6371726500422203e-01 3.7066701465554585e-04
5.6408787524244042e-01 3.7055344934132638e-04
5.6445837187802950e-01 3.7043980940069487e-04
5.6482875483637429e-01 3.7032609485662194e-04
5.6519902404288280e-01 3.7021230573185533e-04
5.6556917942298579e-01 3.7009844204948932e-04
5.6593922090213711e-01 3.6998450383229209e-04
5.6630914840581337e-01 3.6987049110340518e-04
5.6667896185951439e-01 3.6975640388547232e-04
5.6704866118876263e-01 3.6964224220181876e-04
5.6741824631910387e-01 3.6952800607508574e-04
5.6778771717610654e-01 3.6941369552867732e-04
5.6815707368536239e-01 3.6929931058536663e-04
5.6852631577248613e-01 3.6918485126803306e-04
5.6889544336311526e-01 3.6907031760020768e-04
5.6926445638291079e-01 3.6895570960439642e-04
5.6963335475755628e-01 3.6884102730425089e-04
5.7000213841275893e-01 3.6872627072226941e-04
5.7037080727424849e-01 3.6861143988215823e-04
5.7073936126777836e-01 3.6849653480650589e-04
5.7110780031912456e-01 3.6838155551897466e-04
5.7147612435408679e-01 3.6826650204213189e-04
5.7184433329848738e-01 3.6815137439971755e-04
5.7221242707817221e-01 3.6803617261467854e-04
5.7258040561901036e-01 3.6792089670995140e-04
5.7294826884689376e-01 3.6780554670924718e-04
5.7331601668773802e-01 3.6769012263533987e-04
5.7368364906748159e-01 3.6757462451183468e-04
5.7405116591208649e-01 3.6745905236173202e-04
5.7441856714753770e-01 3.6734340620865738e-04
5.7478585269984384e-01 3.6722768607547510e-04
5.7515302249503664e-01 3.6711189198550021e-04
5.7552007645917092e-01 3.6699602396255554e-04
5.7588701451832525e-01 3.6688008202950470e-04
5.7625383659860130e-01 3.6676406620981579e-04
5.7662054262612406e-01 3.6664797652703155e-04
5.7698713252704215e-01 3.6653181300410508e-04
5.7735360622752718e-01 3.6641557566493226e-04
5.7771996365377454e-01 3.6629926453258615e-04
5.7808620473200278e-01 3.6618287963066914e-04
5.7845232938845403e-01 3.6606642098252240e-04
5.7881833754939382e-01 3.6594988861159670e-04
5.7918422914111112e-01 3.6583328254140274e-04
5.7955000408991830e-01 3.6571660279558280e-04
5.7991566232215153e-01 3.6559984939720652e-04
5.8028120376417003e-01 3.6548302237028081e-04
5.8064662834235703e-01 3.6536612173777367e-04
5.8101193598311873e-01 3.6524914752394385e-04
5.8137712661288554e-01 3.6513209975158633e-04
5.8174220015811084e-01 3.6501497844481897e-04
5.8210715654527190e-01 3.6489778362710850e-04
5.8247199570086949e-01 3.6478051532210046e-04
5.8283671755142819e-01 3.6466317355308807e-04
5.8320132202349584e-01 3.6454575834409106e-04
5.8356580904364430e-01 3.6442826971836995e-04
5.8393017853846874e-01 3.6431070769997351e-04
5.8429443043458817e-01 3.6419307231250479e-04
5.8465856465864541e-01 3.6407536357939771e-04
5.8502258113730665e-01 3.6395758152475276e-04
5.8538647979726222e-01 3.6383972617177942e-04
5.8575026056522572e-01 3.6372179754468292e-04
5.8611392336793489e-01 3.6360379566684962e-04
5.8647746813215085e-01 3.6348572056247582e-04
5.8684089478465895e-01 3.6336757225476996e-04
5.8720420325226785e-01 3.6324935076802281e-04
5.8756739346181031e-01 3.6313105612589158e-04
5.8793046534014282e-01 3.6301268835216971e-04
5.8829341881414565e-01 3.6289424747084644e-04
5.8865625381072317e-01 3.6277573350534698e-04
5.8901897025680328e-01 3.6265714647984638e-04
5.8938156807933784e-01 3.6253848641832389e-04
5.8974404720530271e-01 3.6241975334452018e-04
5.9010640756169763e-01 3.6230094728230877e-04
5.9046864907554619e-01 3.6218206825567158e-04
5.9083077167389586e-01 3.6206311628875638e-04
5.9119277528381831e-01 3.6194409140514149e-04
5.9155465983240885e-01 3.6182499362914750e-04
5.9191642524678711e-01 3.6170582298434396e-04
5.9227807145409639e-01 3.6158657949507471e-04
5.9263959838150415e-01 3.6146726318529569e-04
5.9300100595620187e-01 3.6134787407904540e-04
5.9336229410540509e-01 3.6122841220025316e-04
5.9372346275635324e-01 3.6110887757328142e-04
5.9408451183631017e-01 3.6098927022168231e-04
5.9444544127256338e-01 3.6086959017001859e-04
5.9480625099242479e-01 3.6074983744211608e-04
5.9516694092323030e-01 3.6063001206209402e-04
5.9552751099233991e-01 3.6051011405417488e-04
5.9588796112713771e-01 3.6039014344270876e-04
5.9624829125503220e-01 3.6027010025141523e-04
5.9660850130345577e-01 3.6014998450475174e-04
5.9696859119986501e-01 3.6002979622710681e-04
5.9732856087174102e-01 3.5990953544212586e-04
5.9768841024658870e-01 3.5978920217451314e-04
5.9804813925193745e-01 3.5966879644826850e-04
5.9840774781534078e-01 3.5954831828775022e-04
5.9876723586437652e-01 3.5942776771719987e-04
5.9912660332664680e-01 3.5930714476078046e-04
5.9948585012977795e-01 3.5918644944284573e-04
5.9984497620142052e-01 3.5906568178801845e-04
6.0020398146924969e-01 3.5894484182010341e-04
6.0056286586096475e-01 3.5882392956355225e-04
6.0092162930428916e-01 3.5870294504309101e-04
6.0128027172697118e-01 3.5858188828256053e-04
6.0163879305678292e-01 3.5846075930697906e-04
6.0199719322152145e-01 3.5833955813999418e-04
6.0235547214900775e-01 3.5821828480652867e-04
6.0271362976708742e-01 3.5809693933096514e-04
6.0307166600363060e-01 3.5797552173743403e-04
6.0342958078653164e-01 3.5785403205067636e-04
6.0378737404370941e-01 3.5773247029528507e-04
6.0414504570310745e-01 3.5761083649541527e-04
6.0450259569269371e-01 3.5748913067542172e-04
6.0486002394046035e-01 3.5736735286036439e-04
6.0521733037442438e-01 3.5724550307448632e-04
6.0557451492262737e-01 3.5712358134207093e-04
6.0593157751313509e-01 3.5700158768818199e-04
6.0628851807403827e-01 3.5687952213693796e-04
6.0664533653345187e-01 3.5675738471333468e-04
6.0700203281951581e-01 3.5663517544148594e-04
6.0735860686039422e-01 3.5651289434644479e-04
6.0771505858427610e-01 3.5639054145269474e-04
6.0807138791937509e-01 3.5626811678472200e-04
6.0842759479392938e-01 3.5614562036725788e-04
6.0878367913620179e-01 3.5602305222512013e-04
6.0913964087447992e-01 3.5590041238290948e-04
6.0949547993707598e-01 3.5577770086524864e-04
6.0985119625232709e-01 3.5565491769692800e-04
6.1020678974859477e-01 3.5553206290259241e-04
6.1056226035426542e-01 3.5540913650719666e-04
6.1091760799775030e-01 3.5528613853523565e-04
6.1127283260748533e-01 3.5516306901151403e-04
6.1162793411193117e-01 3.5503992796088671e-04
6.1198291243957326e-01 3.5491671540833380e-04
6.1233776751892210e-01 3.5479343137814149e-04
6.1269249927851255e-01 3.5467007589583683e-04
6.1304710764690473e-01 3.5454664898581926e-04
6.1340159255268345e-01 3.5442315067297614e-04
6.1375595392445836e-01 3.5429958098222997e-04
6.1411019169086400e-01 3.5417593993849626e-04
6.1446430578055977e-01 3.5405222756680090e-04
6.1481829612223016e-01 3.5392844389170393e-04
6.1517216264458430e-01 3.5380458893849101e-04
6.1552590527635642e-01 3.5368066273205011e-04
6.1587952394630574e-01 3.5355666529724556e-04
6.1623301858321644e-01 3.5343259665885892e-04
6.1658638911589758e-01 3.5330845684201917e-04
6.1693963547318309e-01 3.5318424587215313e-04
6.1729275758393232e-01 3.5305996377365975e-04
6.1764575537702937e-01 3.5293561057162990e-04
6.1799862878138323e-01 3.5281118629157279e-04
6.1835137772592830e-01 3.5268669095808356e-04
6.1870400213962373e-01 3.5256212459653183e-04
6.1905650195145390e-01 3.5243748723200814e-04
6.1940887709042836e-01 3.5231277888934855e-04
6.1976112748558165e-01 3.5218799959371618e-04
6.2011325306597342e-01 3.5206314937035805e-04
6.2046525376068851e-01 3.5193822824438893e-04
6.2081712949883683e-01 3.5181323624107659e-04
6.2116888020955352e-01 3.5168817338560699e-04
6.2152050582199903e-01 3.5156303970286149e-04
6.2187200626535877e-01 3.5143783521826208e-04
6.2222338146884348e-01 3.5131255995698508e-04
6.2257463136168911e-01 3.5118721394424945e-04
6.2292575587315679e-01 3.5106179720541361e-04
6.2327675493253309e-01 3.5093630976539128e-04
6.2362762846912945e-01 3.5081075165010588e-04
6.2397837641228315e-01 3.5068512288403389e-04
6.2432899869135616e-01 3.5055942349324900e-04
6.2467949523573629e-01 3.5043365350246832e-04
6.2502986597483634e-01 3.5030781293728011e-04
6.2538011083809464e-01 3.5018190182277658e-04
6.2573022975497450e-01 3.5005592018498756e-04
6.2608022265496521e-01 3.4992986804842526e-04
6.2643008946758083e-01 3.4980374543917879e-04
6.2677983012236127e-01 3.4967755238213331e-04
6.2712944454887154e-01 3.4955128890301211e-04
6.2747893267670218e-01 3.4942495502725675e-04
6.2782829443546928e-01 3.4929855078005790e-04
6.2817752975481411e-01 3.4917207618727217e-04
6.2852663856440372e-01 3.4904553127399548e-04
6.2887562079393045e-01 3.4891891606578842e-04
6.2922447637311218e-01 3.4879223058809691e-04
6.2957320523169225e-01 3.4866547486658725e-04
6.2992180729943947e-01 3.4853864892692605e-04
6.3027028250614847e-01 3.4841175279419170e-04
6.3061863078163904e-01 3.4828478649439541e-04
6.3096685205575687e-01 3.4815775005275708e-04
6.3131494625837292e-01 3.4803064349520465e-04
6.3166291331938396e-01 3.4790346684725610e-04
6.3201075316871247e-01 3.4777622013401665e-04
6.3235846573630605e-01 3.4764890338201068e-04
6.3270605095213861e-01 3.4752151661600816e-04
6.3305350874620914e-01 3.4739405986223030e-04
6.3340083904854261e-01 3.4726653314609486e-04
6.3374804178918953e-01 3.4713893649337952e-04
6.3409511689822617e-01 3.4701126992973502e-04
6.3444206430575445e-01 3.4688353348095123e-04
6.3478888394190203e-01 3.4675572717272803e-04
6.3513557573682233e-01 3.4662785103074719e-04
6.3548213962069444e-01 3.4649990508091517e-04
6.3582857552372340e-01 3.4637188934861791e-04
6.3617488337613981e-01 3.4624380385987372e-04
6.3652106310820000e-01 3.4611564864078196e-04
6.3686711465018642e-01 3.4598742371671468e-04
6.3721303793240713e-01 3.4585912911352294e-04
6.3755883288519599e-01 3.4573076485720945e-04
6.3790449943891270e-01 3.4560233097377365e-04
6.3825003752394305e-01 3.4547382748863074e-04
6.3859544707069837e-01 3.4534525442806016e-04
6.3894072800961610e-01 3.4521661181781047e-04
6.3928588027115951e-01 3.4508789968379437e-04
6.3963090378581788e-01 3.4495911805170447e-04
6.3997579848410613e-01 3.4483026694801222e-04
6.4032056429656548e-01 3.4470134639823935e-04
6.4066520115376291e-01 3.4457235642843757e-04
6.4100970898629139e-01 3.4444329706464832e-04
6.4135408772476987e-01 3.4431416833294526e-04
6.4169833729984338e-01 3.4418497025916607e-04
6.4204245764218293e-01 3.4405570286926519e-04
6.4238644868248551e-01 3.4392636618931280e-04
6.4273031035147410e-01 3.4379696024557972e-04
6.4307404257989775e-01 3.4366748506424834e-04
6.4341764529853185e-01 3.4353794067084096e-04
6.4376111843817763e-01 3.4340832709151128e-04
6.4410446192966220e-01 3.4327864435298810e-04
6.4444767570383921e-01 3.4314889248090422e-04
6.4479075969158828e-01 3.4301907150131790e-04
6.4513371382381501e-01 3.4288918144067008e-04
6.4547653803145133e-01 3.4275922232501017e-04
6.4581923224545534e-01 3.4262919418033701e-04
6.4616179639681126e-01 3.4249909703285616e-04
6.4650423041652938e-01 3.4236893090908578e-04
6.4684653423564642e-01 3.4223869583499197e-04
6.4718870778522508e-01 3.4210839183717565e-04
6.4753075099635471e-01 3.4197801894117567e-04
6.4787266380015041e-01 3.4184757717383970e-04
6.4821444612775392e-01 3.4171706656103653e-04
6.4855609791033297e-01 3.4158648712942811e-04
6.4889761907908183e-01 3.4145583890501534e-04
6.4923900956522096e-01 3.4132512191413576e-04
6.4958026929999702e-01 3.4119433618342177e-04
6.4992139821468331e-01 3.4106348173868438e-04
6.5026239624057902e-01 3.4093255860704664e-04
6.5060326330901030e-01 3.4080156681396702e-04
6.5094399935132907e-01 3.4067050638658474e-04
6.5128460429891410e-01 3.4053937735074478e-04
6.5162507808317027e-01 3.4040817973318314e-04
6.5196542063552898e-01 3.4027691356028323e-04
6.5230563188744806e-01 3.4014557885848814e-04
6.5264571177041186e-01 3.4001417565398948e-04
6.5298566021593096e-01 3.3988270397369890e-04
6.5332547715554279e-01 3.3975116384359517e-04
6.5366516252081075e-01 3.3961955529047006e-04
6.5400471624332512e-01 3.3948787834100244e-04
6.5434413825470272e-01 3.3935613302122204e-04
6.5468342848658667e-01 3.3922431935793490e-04
6.5502258687064663e-01 3.3909243737792667e-04
6.5536161333857912e-01 3.3896048710718246e-04
6.5570050782210676e-01 3.3882846857296700e-04
6.5603927025297926e-01 3.3869638180121194e-04
6.5637790056297252e-01 3.3856422681886162e-04
6.5671639868388920e-01 3.3843200365256870e-04
6.5705476454755862e-01 3.3829971232885770e-04
6.5739299808583673e-01 3.3816735287427717e-04
6.5773109923060602e-01 3.3803492531567193e-04
6.5806906791377573e-01 3.3790242967968984e-04
6.5840690406728186e-01 3.3776986599273615e-04
6.5874460762308684e-01 3.3763723428197729e-04
6.5908217851318007e-01 3.3750453457383770e-04
6.5941961666957760e-01 3.3737176689497053e-04
6.5975692202432212e-01 3.3723893127224970e-04
6.6009409450948320e-01 3.3710602773223344e-04
6.6043113405715692e-01 3.3697305630212758e-04
6.6076804059946648e-01 3.3684001700828029e-04
6.6110481406856159e-01 3.3670690987771775e-04
6.6144145439661883e-01 3.3657373493733539e-04
6.6177796151584178e-01 3.3644049221355054e-04
6.6211433535846065e-01 3.3630718173331469e-04
6.6245057585673239e-01 3.3617380352383058e-04
6.6278668294294107e-01 3.3604035761164436e-04
6.6312265654939739e-01 3.3590684402394738e-04
6.6345849660843925e-01 3.3577326278705507e-04
6.6379420305243109e-01 3.3563961392831995e-04
6.6412977581376442e-01 3.3550589747457089e-04
6.6446521482485765e-01 3.3537211345282370e-04
6.6480052001815626e-01 3.3523826188968135e-04
6.6513569132613248e-01 3.3510434281229864e-04
6.6547072868128554e-01 3.3497035624779556e-04
6.6580563201614174e-01 3.3483630222299194e-04
6.6614040126325424e-01 3.3470218076509406e-04
6.6647503635520344e-01 3.3456799190072749e-04
6.6680953722459646e-01 3.3443373565728176e-04
6.6714390380406763e-01 3.3429941206170358e-04
6.6747813602627837e-01 3.3416502114080377e-04
6.6781223382391697e-01 3.3403056292194856e-04
6.6814619712969892e-01 3.3389603743217469e-04
6.6848002587636679e-01 3.3376144469848986e-04
6.6881371999669026e-01 3.3362678474797646e-04
6.6914727942346619e-01 3.3349205760745793e-04
6.6948070408951821e-01 3.3335726330482407e-04
6.6981399392769758e-01 3.3322240186654258e-04
6.7014714887088234e-01 3.3308747332024322e-04
6.7048016885197792e-01 3.3295247769281555e-04
6.7081305380391687e-01 3.3281741501143527e-04
6.7114580365965881e-01 3.3268228530358886e-04
6.7147841835219080e-01 3.3254708859615140e-04
6.7181089781452696e-01 3.3241182491638727e-04
6.7214324197970865e-01 3.3227649429169650e-04
6.7247545078080451e-01 3.3214109674928398e-04
6.7280752415091050e-01 3.3200563231623135e-04
6.7313946202314967e-01 3.3187010102015774e-04
6.7347126433067250e-01 3.3173450288831316e-04
6.7380293100665689e-01 3.3159883794763891e-04
6.7413446198430771e-01 3.3146310622601507e-04
6.7446585719685759e-01 3.3132730775014391e-04
6.7479711657756614e-01 3.3119144254775435e-04
6.7512824005972039e-01 3.3105551064642718e-04
6.7545922757663501e-01 3.3091951207294833e-04
6.7579007906165167e-01 3.3078344685527562e-04
6.7612079444813977e-01 3.3064731502034303e-04
6.7645137366949593e-01 3.3051111659570766e-04
6.7678181665914416e-01 3.3037485160894599e-04
6.7711212335053594e-01 3.3023852008766684e-04
6.7744229367715036e-01 3.3010212205893455e-04
6.7777232757249384e-01 3.2996565755029930e-04
6.7810222497010020e-01 3.2982912658940439e-04
6.7843198580353092e-01 3.2969252920353416e-04
6.7876161000637492e-01 3.2955586542017111e-04
6.7909109751224839e-01 3.2941913526744607e-04
6.7942044825479553e-01 3.2928233877213661e-04
6.7974966216768773e-01 3.2914547596211698e-04
6.8007873918462403e-01 3.2900854686493711e-04
6.8040767923933110e-01 3.2887155150799346e-04
6.8073648226556305e-01 3.2873448991914699e-04
6.8106514819710162e-01 3.2859736212611753e-04
6.8139367696775643e-01 3.2846016815592536e-04
6.8172206851136430e-01 3.2832290803680192e-04
6.8205032276178990e-01 3.2818558179634612e-04
6.8237843965292566e-01 3.2804818946183066e-04
6.8270641911869157e-01 3.2791073106094490e-04
6.8303426109303511e-01 3.2777320662179509e-04
6.8336196550993178e-01 3.2763561617167461e-04
6.8368953230338447e-01 3.2749795973870485e-04
6.8401696140742407e-01 3.2736023735022949e-04
6.8434425275610911e-01 3.2722244903391211e-04
6.8467140628352563e-01 3.2708459481798160e-04
6.8499842192378779e-01 3.2694667472972879e-04
6.8532529961103728e-01 3.2680868879715602e-04
6.8565203927944363e-01 3.2667063704803557e-04
6.8597864086320415e-01 3.2653251951026509e-04
6.8630510429654401e-01 3.2639433621155424e-04
6.8663142951371625e-01 3.2625608717955836e-04
6.8695761644900155e-01 3.2611777244247018e-04
6.8728366503670868e-01 3.2597939202778128e-04
6.8760957521117405e-01 3.2584094596366491e-04
6.8793534690676217e-01 3.2570243427766014e-04
6.8826098005786518e-01 3.2556385699804839e-04
6.8858647459890332e-01 3.2542521415254483e-04
6.8891183046432469e-01 3.2528650576907624e-04
6.8923704758860527e-01 3.2514773187572270e-04
6.8956212590624910e-01 3.2500889250013272e-04
6.8988706535178801e-01 3.2486998767060766e-04
6.9021186585978189e-01 3.2473101741503668e-04
6.9053652736481874e-01 3.2459198176104502e-04
6.9086104980151430e-01 3.2445288073698088e-04
6.9118543310451241e-01 3.2431371437095357e-04
6.9150967720848500e-01 3.2417448269087494e-04
6.9183378204813206e-01 3.2403518572451641e-04
6.9215774755818149e-01 3.2389582350019858e-04
6.9248157367338936e-01 3.2375639604582425e-04
6.9280526032853962e-01 3.2361690338996433e-04
6.9312880745844463e-01 3.2347734556013852e-04
6.9345221499794463e-01 3.2333772258462515e-04
6.9377548288190805e-01 3.2319803449144563e-04
6.9409861104523130e-01 3.2305828130906316e-04
6.9442159942283921e-01 3.2291846306510373e-04
6.9474444794968437e-01 3.2277857978842269e-04
6.9506715656074791e-01 3.2263863150675741e-04
6.9538972519103903e-01 3.2249861824812202e-04
6.9571215377559492e-01 3.2235854004121256e-04
6.9603444224948130e-01 3.2221839691373185e-04
6.9635659054779186e-01 3.2207818889409931e-04
6.9667859860564851e-01 3.2193791601088683e-04
6.9700046635820168e-01 3.2179757829176107e-04
6.9732219374062976e-01 3.2165717576526100e-04
6.9764378068813948e-01 3.2151670845981240e-04
6.9796522713596598e-01 3.2137617640343706e-04
6.9828653301937249e-01 3.2123557962480682e-04
6.9860769827365088e-01 3.2109491815155258e-04
6.9892872283412089e-01 3.2095419201273831e-04
6.9924960663613089e-01 3.2081340123648222e-04
6.9957034961505760e-01 3.2067254585101996e-04
6.9989095170630600e-01 3.2053162588477005e-04
7.0021141284530952e-01 3.2039064136601242e-04
7.0053173296753002e-01 3.2024959232294708e-04
7.0085191200845742e-01 3.2010847878470372e-04
7.0117194990361054e-01 3.1996730077904923e-04
7.0149184658853625e-01 3.1982605833482893e-04
7.0181160199881010e-01 3.1968475148021387e-04
7.0213121607003603e-01 3.1954338024353136e-04
7.0245068873784633e-01 3.1940194465357913e-04
7.0277001993790189e-01 3.1926044473863131e-04
7.0308920960589194e-01 3.1911888052757096e-04
7.0340825767753445e-01 3.1897725204848339e-04
7.0372716408857583e-01 3.1883555932977814e-04
7.0404592877479077e-01 3.1869380240055230e-04
7.0436455167198286e-01 3.1855198128888677e-04
7.0468303271598409e-01 3.1841009602334193e-04
7.0500137184265488e-01 3.1826814663289996e-04
7.0531956898788450e-01 3.1812613314569337e-04
7.0563762408759056e-01 3.1798405559072793e-04
7.0595553707771952e-01 3.1784191399624552e-04
7.0627330789424625e-01 3.1769970839108170e-04
7.0659093647317439e-01 3.1755743880374979e-04
7.0690842275053611e-01 3.1741510526308301e-04
7.0722576666239234e-01 3.1727270779766158e-04
7.0754296814483275e-01 3.1713024643576491e-04
7.0786002713397533e-01 3.1698772120694499e-04
7.0817694356596728e-01 3.1684513213909346e-04
7.0849371737698408e-01 3.1670247926142718e-04
7.0881034850323010e-01 3.1655976260272040e-04
7.0912683688093869e-01 3.1641698219098889e-04
7.0944318244637139e-01 3.1627413805598051e-04
7.0975938513581904e-01 3.1613123022576503e-04
7.1007544488560104e-01 3.1598825872913242e-04
7.1039136163206540e-01 3.1584522359536806e-04
7.1070713531158924e-01 3.1570212485288124e-04
7.1102276586057833e-01 3.1555896253058325e-04
7.1133825321546718e-01 3.1541573665764638e-04
7.1165359731271949e-01 3.1527244726210562e-04
7.1196879808882729e-01 3.1512909437374036e-04
7.1228385548031203e-01 3.1498567802051863e-04
7.1259876942372358e-01 3.1484219823194146e-04
7.1291353985564088e-01 3.1469865503683291e-04
7.1322816671267175e-01 3.1455504846418227e-04
7.1354264993145311e-01 3.1441137854243563e-04
7.1385698944865039e-01 3.1426764530126199e-04
7.1417118520095846e-01 3.1412384876886940e-04
7.1448523712510081e-01 3.1397998897446779e-04
7.1479914515782994e-01 3.1383606594718208e-04
7.1511290923592741e-01 3.1369207971586246e-04
7.1542652929620365e-01 3.1354803030974373e-04
7.1574000527549830e-01 3.1340391775744970e-04
7.1605333711067987e-01 3.1325974208811760e-04
7.1636652473864582e-01 3.1311550333106393e-04
7.1667956809632283e-01 3.1297120151508950e-04
7.1699246712066655e-01 3.1282683666927254e-04
7.1730522174866163e-01 3.1268240882302166e-04
7.1761783191732209e-01 3.1253791800461627e-04
7.1793029756369053e-01 3.1239336424419882e-04
7.1824261862483929e-01 3.1224874756977382e-04
7.1855479503786923e-01 3.1210406801132759e-04
7.1886682673991065e-01 3.1195932559786096e-04
7.1917871366812303e-01 3.1181452035821549e-04
7.1949045575969495e-01 3.1166965232147596e-04
7.1980205295184396e-01 3.1152472151739936e-04
7.2011350518181716e-01 3.1137972797455252e-04
7.2042481238689049e-01 3.1123467172262964e-04
7.2073597450436933e-01 3.1108955279061083e-04
7.2104699147158824e-01 3.1094437120758204e-04
7.2135786322591089e-01 3.1079912700311354e-04
7.2166858970473036e-01 3.1065382020615282e-04
7.2197917084546892e-01 3.1050845084594508e-04
7.2228960658557795e-01 3.1036301895226778e-04
7.2259989686253845e-01 3.1021752455378078e-04
7.2291004161386041e-01 3.1007196768014959e-04
7.2322004077708335e-01 3.0992634836035979e-04
7.2352989428977588e-01 3.0978066662416007e-04
7.2383960208953613e-01 3.0963492250065191e-04
7.2414916411399144e-01 3.0948911601944197e-04
7.2445858030079879e-01 3.0934324720918889e-04
7.2476785058764404e-01 3.0919731610025197e-04
7.2507697491224288e-01 3.0905132272138463e-04
7.2538595321234023e-01 3.0890526710203423e-04
7.2569478542571031e-01 3.0875914927197507e-04
7.2600347149015698e-01 3.0861296926025045e-04
7.2631201134351342e-01 3.0846672709632631e-04
7.2662040492364222e-01 3.0832042280977927e-04
7.2692865216843550e-01 3.0817405642991676e-04
7.2723675301581470e-01 3.0802762798662971e-04
7.2754470740373101e-01 3.0788113750891791e-04
7.2785251527016481e-01 3.0773458502675734e-04
7.2816017655312626e-01 3.0758797056933693e-04
7.2846769119065491e-01 3.0744129416619307e-04
7.2877505912081986e-01 3.0729455584686496e-04
7.2908228028171973e-01 3.0714775564094816e-04
7.2938935461148280e-01 3.0700089357779036e-04
7.2969628204826664e-01 3.0685396968760094e-04
7.3000306253025882e-01 3.0670698399929813e-04
7.3030969599567619e-01 3.0655993654277007e-04
7.3061618238276527e-01 3.0641282734780067e-04
7.3092252162980231e-01 3.0626565644371423e-04
7.3122871367509312e-01 3.0611842386022255e-04
7.3153475845697313e-01 3.0597112962702850e-04
7.3184065591380743e-01 3.0582377377392144e-04
7.3214640598399083e-01 3.0567635633038231e-04
7.3245200860594784e-01 3.0552887732608912e-04
7.3275746371813266e-01 3.0538133679049975e-04
7.3306277125902897e-01 3.0523373475404160e-04
7.3336793116715049e-01 3.0508607124594245e-04
7.3367294338104050e-01 3.0493834629611297e-04
7.3397780783927213e-01 3.0479055993404671e-04
7.3428252448044817e-01 3.0464271218965105e-04
7.3458709324320115e-01 3.0449480309289290e-04
7.3489151406619346e-01 3.0434683267348901e-04
7.3519578688811738e-01 3.0419880096087547e-04
7.3549991164769468e-01 3.0405070798550615e-04
7.3580388828367738e-01 3.0390255377648646e-04
7.3610771673484687e-01 3.0375433836436115e-04
7.3641139694001478e-01 3.0360606177848895e-04
7.3671492883802248e-01 3.0345772404855850e-04
7.3701831236774096e-01 3.0330932520507205e-04
7.3732154746807144e-01 3.0316086527743376e-04
7.3762463407794476e-01 3.0301234429590788e-04
7.3792757213632187e-01 3.0286376229017576e-04
7.3823036158219357e-01 3.0271511929007739e-04
7.3853300235458053e-01 3.0256641532571077e-04
7.3883549439253349e-01 3.0241765042667706e-04
7.3913783763513285e-01 3.0226882462364662e-04
7.3944003202148934e-01 3.0211993794613715e-04
7.3974207749074350e-01 3.0197099042408068e-04
7.4004397398206589e-01 3.0182198208745468e-04
7.4034572143465704e-01 3.0167291296630705e-04
7.4064731978774745e-01 3.0152378309091166e-04
7.4094876898059769e-01 3.0137459249129575e-04
7.4125006895249856e-01 3.0122534119695932e-04
7.4155121964277060e-01 3.0107602923844706e-04
7.4185222099076453e-01 3.0092665664585778e-04
7.4215307293586119e-01 3.0077722344925032e-04
7.4245377541747160e-01 3.0062772967833564e-04
7.4275432837503663e-01 3.0047817536363731e-04
7.4305473174802750e-01 3.0032856053502783e-04
7.4335498547594547e-01 3.0017888522248799e-04
7.4365508949832182e-01 3.0002914945663793e-04
7.4395504375471810e-01 2.9987935326749866e-04
7.4425484818472609e-01 2.9972949668496360e-04
7.4455450272796753e-01 2.9957957973970401e-04
7.4485400732409457e-01 2.9942960246149745e-04
7.4515336191278958e-01 2.9927956488019937e-04
7.4545256643376479e-01 2.9912946702683846e-04
7.4575162082676294e-01 2.9897930893142157e-04
7.4605052503155711e-01 2.9882909062366956e-04
7.4634927898795023e-01 2.9867881213465041e-04
7.4664788263577597e-01 2.9852847349374193e-04
7.4694633591489779e-01 2.9837807473212681e-04
7.4724463876520986e-01 2.9822761587934690e-04
7.4754279112663635e-01 2.9807709696609894e-04
7.4784079293913197e-01 2.9792651802227986e-04
7.4813864414268139e-01 2.9777587907900286e-04
7.4843634467730003e-01 2.9762518016594069e-04
7.4873389448303351e-01 2.9747442131326996e-04
7.4903129349995756e-01 2.9732360255210966e-04
7.4932854166817853e-01 2.9717272391264717e-04
7.4962563892783329e-01 2.9702178542455738e-04
7.4992258521908872e-01 2.9687078711894291e-04
7.5021938048214232e-01 2.9671972902613349e-04
7.5051602465722211e-01 2.9656861117604796e-04
7.5081251768458623e-01 2.9641743359978156e-04
7.5110885950452344e-01 2.9626619632781625e-04
7.5140505005735314e-01 2.9611489938985577e-04
7.5170108928342494e-01 2.9596354281665312e-04
7.5199697712311886e-01 2.9581212663912557e-04
7.5229271351684557e-01 2.9566065088767145e-04
7.5258829840504637e-01 2.9550911559217966e-04
7.5288373172819267e-01 2.9535752078407304e-04
7.5317901342678684e-01 2.9520586649320259e-04
7.5347414344136154e-01 2.9505415275018706e-04
7.5376912171248001e-01 2.9490237958575881e-04
7.5406394818073608e-01 2.9475054703036489e-04
7.5435862278675414e-01 2.9459865511458788e-04
7.5465314547118911e-01 2.9444670386923126e-04
7.5494751617472655e-01 2.9429469332493220e-04
7.5524173483808277e-01 2.9414262351182513e-04
7.5553580140200449e-01 2.9399049446077028e-04
7.5582971580726910e-01 2.9383830620259907e-04
7.5612347799468460e-01 2.9368605876817612e-04
7.5641708790508999e-01 2.9353375218719356e-04
7.5671054547935435e-01 2.9338138649148758e-04
7.5700385065837794e-01 2.9322896171097358e-04
7.5729700338309158e-01 2.9307647787626148e-04
7.5759000359445650e-01 2.9292393501889001e-04
7.5788285123346510e-01 2.9277133316871293e-04
7.5817554624114025e-01 2.9261867235670381e-04
7.5846808855853542e-01 2.9246595261420968e-04
7.5876047812673530e-01 2.9231317397093265e-04
7.5905271488685477e-01 2.9216033645868618e-04
7.5934479878003991e-01 2.9200744010770505e-04
7.5963672974746754e-01 2.9185448494838194e-04
7.5992850773034493e-01 2.9170147101251556e-04
7.6022013266991062e-01 2.9154839833006943e-04
7.6051160450743360e-01 2.9139526693249435e-04
7.6080292318421405e-01 2.9124207684991851e-04
7.6109408864158257e-01 2.9108882811405736e-04
7.6138510082090105e-01 2.9093552075496750e-04
7.6167595966356194e-01 2.9078215480394544e-04
7.6196666511098865e-01 2.9062873029198240e-04
7.6225721710463568e-01 2.9047524724934985e-04
7.6254761558598805e-01 2.9032170570772665e-04
7.6283786049656199e-01 2.9016810569773257e-04
7.6312795177790460e-01 2.9001444725023842e-04
7.6341788937159383e-01 2.8986073039643763e-04
7.6370767321923883e-01 2.8970695516659657e-04
7.6399730326247928e-01 2.8955312159261679e-04
7.6428677944298629e-01 2.8939922970475242e-04
7.6457610170246160e-01 2.8924527953452133e-04
7.6486526998263826e-01 2.8909127111235625e-04
7.6515428422527998e-01 2.8893720447001439e-04
7.6544314437218186e-01 2.8878307963783813e-04
7.6573185036516977e-01 2.8862889664717873e-04
7.6602040214610068e-01 2.8847465552927880e-04
7.6630879965686283e-01 2.8832035631445635e-04
7.6659704283937502e-01 2.8816599903500387e-04
7.6688513163558780e-01 2.8801158372077762e-04
7.6717306598748236e-01 2.8785711040328827e-04
7.6746084583707097e-01 2.8770257911412707e-04
7.6774847112639721e-01 2.8754798988419732e-04
7.6803594179753587e-01 2.8739334274409753e-04
7.6832325779259258e-01 2.8723863772555893e-04
7.6861041905370442e-01 2.8708387485921571e-04
7.6889742552303930e-01 2.8692905417691860e-04
7.6918427714279669e-01 2.8677417570911631e-04
7.6947097385520680e-01 2.8661923948795041e-04
7.6975751560253158e-01 2.8646424554344631e-04
7.7004390232706366e-01 2.8630919390782209e-04
7.7033013397112726e-01 2.8615408461165346e-04
7.7061621047707762e-01 2.8599891768655222e-04
7.7090213178730138e-01 2.8584369316344530e-04
7.7118789784421626e-01 2.8568841107391745e-04
7.7147350859027131e-01 2.8553307144945299e-04
7.7175896396794708e-01 2.8537767432050407e-04
7.7204426391975500e-01 2.8522221971921853e-04
7.7232940838823827e-01 2.8506670767602623e-04
7.7261439731597092e-01 2.8491113822305409e-04
7.7289923064555854e-01 2.8475551139170874e-04
7.7318390831963824e-01 2.8459982721260236e-04
7.7346843028087819e-01 2.8444408571739408e-04
7.7375279647197803e-01 2.8428828693754452e-04
7.7403700683566878e-01 2.8413243090427958e-04
7.7432106131471279e-01 2.8397651764918357e-04
7.7460495985190381e-01 2.8382054720370894e-04
7.7488870239006713e-01 2.8366451959888983e-04
7.7517228887205925e-01 2.8350843486654384e-04
7.7545571924076828e-01 2.8335229303774219e-04
7.7573899343911357e-01 2.8319609414449438e-04
7.7602211141004618e-01 2.8303983821762114e-04
7.7630507309654839e-01 2.8288352528902527e-04
7.7658787844163413e-01 2.8272715538995533e-04
7.7687052738834872e-01 2.8257072855193872e-04
7.7715301987976904e-01 2.8241424480635529e-04
7.7743535585900325e-01 2.8225770418543084e-04
7.7771753526919152e-01 2.8210110671958411e-04
7.7799955805350507e-01 2.8194445244099765e-04
7.7828142415514678e-01 2.8178774138150906e-04
7.7856313351735140e-01 2.8163097357170849e-04
7.7884468608338475e-01 2.8147414904412934e-04
7.7912608179654452e-01 2.8131726783013383e-04
7.7940732060016005e-01 2.8116032996097534e-04
7.7968840243759208e-01 2.8100333546854172e-04
7.7996932725223311e-01 2.8084628438423292e-04
7.8025009498750719e-01 2.8068917673981726e-04
7.8053070558686999e-01 2.8053201256702587e-04
7.8081115899380893e-01 2.8037479189720472e-04
7.8109145515184297e-01 2.8021751476218582e-04
7.8137159400452272e-01 2.8006018119396023e-04
7.8165157549543063e-01 2.7990279122376392e-04
7.8193139956818070e-01 2.7974534488350671e-04
7.8221106616641867e-01 2.7958784220492492e-04
7.8249057523382204e-01 2.7943028321957274e-04
7.8276992671409995e-01 2.7927266795937814e-04
7.8304912055099329e-01 2.7911499645619789e-04
7.8332815668827493e-01 2.7895726874104453e-04
7.8360703506974916e-01 2.7879948484626094e-04
7.8388575563925211e-01 2.7864164480380425e-04
7.8416431834065181e-01 2.7848374864538288e-04
7.8444272311784813e-01 2.7832579640239309e-04
7.8472096991477258e-01 2.7816778810690640e-04
7.8499905867538855e-01 2.7800972379082758e-04
7.8527698934369128e-01 2.7785160348588395e-04
7.8555476186370787e-01 2.7769342722379033e-04
7.8583237617949719e-01 2.7753519503658305e-04
7.8610983223515007e-01 2.7737690695590244e-04
7.8638712997478899e-01 2.7721856301431684e-04
7.8666426934256872e-01 2.7706016324271127e-04
7.8694125028267548e-01 2.7690170767387628e-04
7.8721807273932776e-01 2.7674319633899316e-04
7.8749473665677572e-01 2.7658462927038799e-04
7.8777124197930148e-01 2.7642600650021944e-04
7.8804758865121938e-01 2.7626732805957431e-04
7.8832377661687525e-01 2.7610859398130409e-04
7.8859980582064715e-01 2.7594980429727418e-04
7.8887567620694521e-01 2.7579095903896303e-04
7.8915138772021132e-01 2.7563205823875610e-04
7.8942694030491956e-01 2.7547310192825358e-04
7.8970233390557576e-01 2.7531409014008341e-04
7.8997756846671807e-01 2.7515502290574383e-04
7.9025264393291639e-01 2.7499590025783740e-04
7.9052756024877302e-01 2.7483672222745393e-04
7.9080231735892181e-01 2.7467748884780612e-04
7.9107691520802925e-01 2.7451820014978419e-04
7.9135135374079335e-01 2.7435885616647955e-04
7.9162563290194454e-01 2.7419945692965094e-04
7.9189975263624535e-01 2.7404000247111318e-04
7.9217371288849026e-01 2.7388049282321621e-04
7.9244751360350596e-01 2.7372092801802265e-04
7.9272115472615123e-01 2.7356130808778561e-04
7.9299463620131705e-01 2.7340163306451861e-04
7.9326795797392657e-01 2.7324190298007696e-04
7.9354111998893484e-01 2.7308211786757194e-04
7.9381412219132952e-01 2.7292227775817794e-04
7.9408696452613003e-01 2.7276238268487984e-04
7.9435964693838834e-01 2.7260243267930167e-04
7.9463216937318848e-01 2.7244242777356290e-04
7.9490453177564657e-01 2.7228236800035609e-04
7.9517673409091105e-01 2.7212225339203698e-04
7.9544877626416277e-01 2.7196208398027634e-04
7.9572065824061466e-01 2.7180185979743058e-04
7.9599237996551186e-01 2.7164158087610349e-04
7.9626394138413181e-01 2.7148124724881638e-04
7.9653534244178448e-01 2.7132085894704963e-04
7.9680658308381191e-01 2.7116041600318773e-04
7.9707766325558826e-01 2.7099991845052539e-04
7.9734858290252053e-01 2.7083936632014158e-04
7.9761934197004747e-01 2.7067875964543586e-04
7.9788994040364059e-01 2.7051809845822424e-04
7.9816037814880370e-01 2.7035738279040987e-04
7.9843065515107270e-01 2.7019661267511810e-04
7.9870077135601603e-01 2.7003578814476686e-04
7.9897072670923464e-01 2.6987490923124674e-04
7.9924052115636168e-01 2.6971397596724510e-04
7.9951015464306285e-01 2.6955298838495726e-04
7.9977962711503625e-01 2.6939194651655904e-04
8.0004893851801218e-01 2.6923085039521531e-04
8.0031808879775357e-01 2.6906970005322381e-04
8.0058707790005590e-01 2.6890849552262586e-04
8.0085590577074695e-01 2.6874723683606325e-04
8.0112457235568701e-01 2.6858592402592121e-04
8.0139307760076883e-01 2.6842455712489441e-04
8.0166142145191766e-01 2.6826313616554583e-04
8.0192960385509138e-01 2.6810166117982581e-04
8.0219762475628009e-01 2.6794013220108345e-04
8.0246548410150675e-01 2.6777854926120974e-04
8.0273318183682663e-01 2.6761691239311080e-04
8.0300071790832772e-01 2.6745522162881203e-04
8.0326809226213036e-01 2.6729347700143135e-04
8.0353530484438751e-01 2.6713167854376717e-04
8.0380235560128499e-01 2.6696982628744611e-04
8.0406924447904082e-01 2.6680792026578820e-04
8.0433597142390578e-01 2.6664596051142699e-04
8.0460253638216339e-01 2.6648394705650042e-04
8.0486893930012959e-01 2.6632187993396421e-04
8.0513518012415308e-01 2.6615975917628068e-04
8.0540125880061508e-01 2.6599758481644703e-04
8.0566717527592957e-01 2.6583535688706365e-04
8.0593292949654327e-01 2.6567307542031259e-04
8.0619852140893544e-01 2.6551074044909900e-04
8.0646395095961798e-01 2.6534835200647951e-04
8.0672921809513565e-01 2.6518591012484824e-04
8.0699432276206584e-01 2.6502341483688281e-04
8.0725926490701860e-01 2.6486086617564484e-04
8.0752404447663684e-01 2.6469826417359734e-04
8.0778866141759620e-01 2.6453560886321293e-04
8.0805311567660498e-01 2.6437290027740142e-04
8.0831740720040413e-01 2.6421013844964191e-04
8.0858153593576776e-01 2.6404732341164919e-04
8.0884550182950232e-01 2.6388445519712591e-04
8.0910930482844745e-01 2.6372153383808465e-04
8.0937294487947520e-01 2.6355855936823218e-04
8.0963642192949092e-01 2.6339553181918470e-04
8.0989973592543230e-01 2.6323245122476162e-04
8.1016288681427007e-01 2.6306931761775761e-04
8.1042587454300796e-01 2.6290613103044017e-04
8.1068869905868235e-01 2.6274289149603276e-04
8.1095136030836246e-01 2.6257959904779421e-04
8.1121385823915071e-01 2.6241625371761437e-04
8.1147619279818195e-01 2.6225285553947719e-04
8.1173836393262433e-01 2.6208940454558677e-04
8.1200037158967875e-01 2.6192590076886470e-04
8.1226221571657897e-01 2.6176234424253191e-04
8.1252389626059174e-01 2.6159873499959036e-04
8.1278541316901687e-01 2.6143507307249664e-04
8.1304676638918683e-01 2.6127135849508007e-04
8.1330795586846749e-01 2.6110759129914583e-04
8.1356898155425728e-01 2.6094377151856456e-04
8.1382984339398778e-01 2.6077989918619929e-04
8.1409054133512360e-01 2.6061597433510767e-04
8.1435107532516249e-01 2.6045199699747121e-04
8.1461144531163476e-01 2.6028796720769246e-04
8.1487165124210437e-01 2.6012388499743353e-04
8.1513169306416777e-01 2.5995975040067610e-04
8.1539157072545476e-01 2.5979556345021905e-04
8.1565128417362820e-01 2.5963132417880936e-04
8.1591083335638381e-01 2.5946703262009373e-04
8.1617021822145064e-01 2.5930268880678146e-04
8.1642943871659068e-01 2.5913829277205070e-04
8.1668849478959904e-01 2.5897384454925612e-04
8.1694738638830411e-01 2.5880934417082084e-04
8.1720611346056704e-01 2.5864479167089782e-04
8.1746467595428263e-01 2.5848018708132900e-04
8.1772307381737830e-01 2.5831553043629050e-04
8.1798130699781491e-01 2.5815082176874893e-04
8.1823937544358638e-01 2.5798606111206097e-04
8.1849727910272008e-01 2.5782124849850458e-04
8.1875501792327610e-01 2.5765638396232953e-04
8.1901259185334818e-01 2.5749146753579550e-04
8.1927000084106283e-01 2.5732649925324665e-04
8.1952724483458017e-01 2.5716147914711977e-04
8.1978432378209343e-01 2.5699640725049331e-04
8.2004123763182890e-01 2.5683128359718584e-04
8.2029798633204642e-01 2.5666610821974378e-04
8.2055456983103869e-01 2.5650088115254270e-04
8.2081098807713215e-01 2.5633560242776333e-04
8.2106724101868622e-01 2.5617027207900089e-04
8.2132332860409363e-01 2.5600489013979190e-04
8.2157925078178040e-01 2.5583945664366532e-04
8.2183500750020611e-01 2.5567397162314456e-04
8.2209059870786327e-01 2.5550843511238606e-04
8.2234602435327819e-01 2.5534284714363978e-04
8.2260128438500990e-01 2.5517720775184420e-04
8.2285637875165152e-01 2.5501151696864240e-04
8.2311130740182881e-01 2.5484577482896636e-04
8.2336607028420150e-01 2.5467998136502397e-04
8.2362066734746231e-01 2.5451413661092159e-04
8.2387509854033758e-01 2.5434824059966324e-04
8.2412936381158697e-01 2.5418229336469792e-04
8.2438346311000354e-01 2.5401629493946020e-04
8.2463739638441380e-01 2.5385024535746190e-04
8.2489116358367764e-01 2.5368414465226039e-04
8.2514476465668851e-01 2.5351799285712137e-04
8.2539819955237326e-01 2.5335179000542227e-04
8.2565146821969215e-01 2.5318553613082285e-04
8.2590457060763889e-01 2.5301923126725686e-04
8.2615750666524101e-01 2.5285287544692575e-04
8.2641027634155906e-01 2.5268646870445276e-04
8.2666287958568729e-01 2.5252001107339952e-04
8.2691531634675375e-01 2.5235350258621649e-04
8.2716758657391953e-01 2.5218694327742221e-04
8.2741969021637951e-01 2.5202033318056646e-04
8.2767162722336229e-01 2.5185367232829581e-04
8.2792339754412958e-01 2.5168696075543922e-04
8.2817500112797715e-01 2.5152019849444167e-04
8.2842643792423398e-01 2.5135338557957505e-04
8.2867770788226280e-01 2.5118652204432718e-04
8.2892881095146009e-01 2.5101960792155132e-04
8.2917974708125552e-01 2.5085264324597187e-04
8.2943051622111275e-01 2.5068562805076250e-04
8.2968111832052893e-01 2.5051856236949936e-04
8.2993155332903479e-01 2.5035144623632551e-04
8.3018182119619499e-01 2.5018427968391684e-04
8.3043192187160753e-01 2.5001706274656180e-04
8.3068185530490424e-01 2.4984979545770693e-04
8.3093162144575050e-01 2.4968247785150119e-04
8.3118122024384566e-01 2.4951510996079997e-04
8.3143065164892238e-01 2.4934769182030403e-04
8.3167991561074739e-01 2.4918022346299951e-04
8.3192901207912096e-01 2.4901270492276361e-04
8.3217794100387699e-01 2.4884513623393503e-04
8.3242670233488347e-01 2.4867751742923557e-04
8.3267529602204182e-01 2.4850984854299710e-04
8.3292372201528730e-01 2.4834212960907670e-04
8.3317198026458894e-01 2.4817436066142129e-04
8.3342007071994972e-01 2.4800654173313350e-04
8.3366799333140629e-01 2.4783867285798575e-04
8.3391574804902890e-01 2.4767075407061760e-04
8.3416333482292182e-01 2.4750278540482503e-04
8.3441075360322337e-01 2.4733476689324903e-04
8.3465800434010518e-01 2.4716669857098903e-04
8.3490508698377308e-01 2.4699858047148155e-04
8.3515200148446678e-01 2.4683041262818153e-04
8.3539874779245960e-01 2.4666219507556337e-04
8.3564532585805906e-01 2.4649392784658523e-04
8.3589173563160613e-01 2.4632561097642970e-04
8.3613797706347603e-01 2.4615724449832783e-04
8.3638405010407790e-01 2.4598882844571382e-04
8.3662995470385448e-01 2.4582036285336959e-04
8.3687569081328272e-01 2.4565184775468334e-04
8.3712125838287332e-01 2.4548328318405607e-04
8.3736665736317117e-01 2.4531466917457356e-04
8.3761188770475481e-01 2.4514600576090023e-04
8.3785694935823685e-01 2.4497729297712326e-04
8.3810184227426399e-01 2.4480853085675575e-04
8.3834656640351679e-01 2.4463971943396444e-04
8.3859112169670980e-01 2.4447085874299126e-04
8.3883550810459162e-01 2.4430194881768186e-04
8.3907972557794497e-01 2.4413298969154257e-04
8.3932377406758629e-01 2.4396398139943438e-04
8.3956765352436635e-01 2.4379492397486697e-04
8.3981136389916988e-01 2.4362581745172952e-04
8.4005490514291548e-01 2.4345666186480238e-04
8.4029827720655614e-01 2.4328745724745850e-04
8.4054148004107854e-01 2.4311820363407197e-04
8.4078451359750372e-01 2.4294890105900716e-04
8.4102737782688686e-01 2.4277954955564051e-04
8.4127007268031706e-01 2.4261014915819731e-04
8.4151259810891743e-01 2.4244069990163886e-04
8.4175495406384548e-01 2.4227120181942753e-04
8.4199714049629271e-01 2.4210165494585980e-04
8.4223915735748478e-01 2.4193205931498363e-04
8.4248100459868158e-01 2.4176241496058276e-04
8.4272268217117685e-01 2.4159272191792838e-04
8.4296419002629897e-01 2.4142298022005989e-04
8.4320552811541016e-01 2.4125318990151181e-04
8.4344669638990688e-01 2.4108335099684130e-04
8.4368769480121986e-01 2.4091346354006637e-04
8.4392852330081414e-01 2.4074352756477241e-04
8.4416918184018863e-01 2.4057354310629873e-04
8.4440967037087689e-01 2.4040351019794412e-04
8.4464998884444642e-01 2.4023342887436299e-04
8.4489013721249906e-01 2.4006329916991066e-04
8.4513011542667094e-01 2.3989312111874202e-04
8.4536992343863249e-01 2.3972289475481228e-04
8.4560956120008823e-01 2.3955262011304704e-04
8.4584902866277722e-01 2.3938229722717146e-04
8.4608832577847271e-01 2.3921192613145399e-04
8.4632745249898211e-01 2.3904150686072229e-04
8.4656640877614742e-01 2.3887103944872603e-04
8.4680519456184467e-01 2.3870052393050426e-04
8.4704380980798455e-01 2.3852996033951930e-04
8.4728225446651173e-01 2.3835934871112473e-04
8.4752052848940562e-01 2.3818868907870953e-04
8.4775863182867972e-01 2.3801798147709725e-04
8.4799656443638194e-01 2.3784722594089638e-04
8.4823432626459472e-01 2.3767642250398376e-04
8.4847191726543469e-01 2.3750557120126109e-04
8.4870933739105314e-01 2.3733467206646001e-04
8.4894658659363542e-01 2.3716372513495870e-04
8.4918366482540175e-01 2.3699273043994372e-04
8.4942057203860633e-01 2.3682168801694120e-04
8.4965730818553808e-01 2.3665059789991874e-04
8.4989387321852028e-01 2.3647946012360959e-04
8.5013026708991069e-01 2.3630827472233696e-04
8.5036648975210161e-01 2.3613704173026991e-04
8.5060254115751965e-01 2.3596576118237124e-04
8.5083842125862608e-01 2.3579443311287903e-04
8.5107413000791654e-01 2.3562305755647704e-04
8.5130966735792135e-01 2.3545163454721950e-04
8.5154503326120512e-01 2.3528016412017563e-04
8.5178022767036721e-01 2.3510864630936176e-04
8.5201525053804128e-01 2.3493708114996861e-04
8.5225010181689576e-01 2.3476546867612529e-04
8.5248478145963358e-01 2.3459380892217578e-04
8.5271928941899211e-01 2.3442210192319335e-04
8.5295362564774346e-01 2.3425034771336177e-04
8.5318779009869417e-01 2.3407854632778748e-04
8.5342178272468550e-01 2.3390669780074119e-04
8.5365560347859337e-01 2.3373480216633993e-04
8.5388925231332802e-01 2.3356285946027924e-04
8.5412272918183463e-01 2.3339086971649626e-04
8.5435603403709293e-01 2.3321883296948052e-04
8.5458916683211728e-01 2.3304674925369152e-04
8.5482212751995645e-01 2.3287461860484546e-04
8.5505491605369421e-01 2.3270244105710598e-04
8.5528753238644895e-01 2.3253021664474278e-04
8.5551997647137368e-01 2.3235794540252310e-04
8.5575224826165586e-01 2.3218562736554812e-04
8.5598434771051812e-01 2.3201326256804618e-04
8.5621627477121742e-01 2.3184085104521624e-04
8.5644802939704556e-01 2.3166839283175110e-04
8.5667961154132910e-01 2.3149588796232549e-04
8.5691102115742945e-01 2.3132333647090549e-04
8.5714225819874246e-01 2.3115073839318523e-04
8.5737332261869892e-01 2.3097809376375179e-04
8.5760421437076439e-01 2.3080540261730250e-04
8.5783493340843930e-01 2.3063266498801611e-04
8.5806547968525848e-01 2.3045988091180414e-04
8.5829585315479218e-01 2.3028705042240787e-04
8.5852605377064473e-01 2.3011417355562247e-04
8.5875608148645588e-01 2.2994125034525267e-04
8.5898593625589981e-01 2.2976828082692566e-04
8.5921561803268565e-01 2.2959526503553836e-04
8.5944512677055762e-01 2.2942220300472692e-04
8.5967446242329426e-01 2.2924909477095768e-04
8.5990362494470951e-01 2.2907594036781717e-04
8.6013261428865184e-01 2.2890273983063519e-04
8.6036143040900470e-01 2.2872949319429771e-04
8.6059007325968628e-01 2.2855620049438551e-04
8.6081854279465009e-01 2.2838286176431796e-04
8.6104683896788403e-01 2.2820947704012907e-04
8.6127496173341112e-01 2.2803604635694656e-04
8.6150291104528953e-01 2.2786256974847375e-04
8.6173068685761200e-01 2.2768904725056318e-04
8.6195828912450634e-01 2.2751547889831902e-04
8.6218571780013542e-01 2.2734186472616851e-04
8.6241297283869700e-01 2.2716820476907906e-04
8.6264005419442380e-01 2.2699449906197957e-04
8.6286696182158340e-01 2.2682074764047354e-04
8.6309369567447858e-01 2.2664695053901878e-04
8.6332025570744697e-01 2.2647310779284687e-04
8.6354664187486130e-01 2.2629921943680516e-04
8.6377285413112925e-01 2.2612528550591449e-04
8.6399889243069350e-01 2.2595130603554148e-04
8.6422475672803190e-01 2.2577728106019438e-04
8.6445044697765716e-01 2.2560321061532686e-04
8.6467596313411721e-01 2.2542909473567346e-04
8.6490130515199493e-01 2.2525493345646055e-04
8.6512647298590828e-01 2.2508072681279810e-04
8.6535146659051043e-01 2.2490647483927920e-04
8.6557628592048930e-01 2.2473217757224006e-04
8.6580093093056831e-01 2.2455783504575936e-04
8.6602540157550589e-01 2.2438344729465206e-04
8.6624969781009531e-01 2.2420901435508196e-04
8.6647381958916525e-01 2.2403453626167186e-04
8.6669776686757949e-01 2.2386001304934534e-04
8.6692153960023677e-01 2.2368544475391355e-04
8.6714513774207125e-01 2.2351083140982576e-04
8.6736856124805206e-01 2.2333617305251143e-04
8.6759181007318353e-01 2.2316146971730174e-04
8.6781488417250530e-01 2.2298672143887969e-04
8.6803778350109195e-01 2.2281192825305364e-04
8.6826050801405352e-01 2.2263709019450522e-04
8.6848305766653511e-01 2.2246220729858318e-04
8.6870543241371700e-01 2.2228727960073020e-04
8.6892763221081470e-01 2.2211230713660489e-04
8.6914965701307922e-01 2.2193728994027124e-04
8.6937150677579644e-01 2.2176222804782631e-04
8.6959318145428777e-01 2.2158712149395837e-04
8.6981468100390957e-01 2.2141197031489047e-04
8.7003600538005388e-01 2.2123677454481721e-04
8.7025715453814767e-01 2.2106153421968690e-04
8.7047812843365335e-01 2.2088624937468976e-04
8.7069892702206864e-01 2.2071092004501028e-04
8.7091955025892653e-01 2.2053554626581983e-04
8.7113999809979537e-01 2.2036012807238889e-04
8.7136027050027864e-01 2.2018466550066614e-04
8.7158036741601541e-01 2.2000915858555963e-04
8.7180028880268001e-01 2.1983360736215724e-04
8.7202003461598210e-01 2.1965801186585394e-04
8.7223960481166651e-01 2.1948237213293366e-04
8.7245899934551385e-01 2.1930668819758380e-04
8.7267821817333979e-01 2.1913096009559409e-04
8.7289726125099532e-01 2.1895518786328621e-04
8.7311612853436726e-01 2.1877937153433008e-04
8.7333481997937734e-01 2.1860351114546780e-04
8.7355333554198300e-01 2.1842760673159090e-04
8.7377167517817700e-01 2.1825165832816589e-04
8.7398983884398762e-01 2.1807566597020008e-04
8.7420782649547835e-01 2.1789962969406894e-04
8.7442563808874829e-01 2.1772354953504818e-04
8.7464327357993221e-01 2.1754742552745730e-04
8.7486073292519984e-01 2.1737125770838502e-04
8.7507801608075686e-01 2.1719504611210437e-04
8.7529512300284407e-01 2.1701879077517939e-04
8.7551205364773821e-01 2.1684249173147384e-04
8.7572880797175090e-01 2.1666614901845764e-04
8.7594538593122995e-01 2.1648976266975653e-04
8.7616178748255802e-01 2.1631333272272609e-04
8.7637801258215386e-01 2.1613685921159374e-04
8.7659406118647154e-01 2.1596034217187730e-04
8.7680993325200052e-01 2.1578378163988426e-04
8.7702562873526602e-01 2.1560717765075328e-04
8.7724114759282867e-01 2.1543053024053707e-04
8.7745648978128488e-01 2.1525383944417844e-04
8.7767165525726654e-01 2.1507710529704001e-04
8.7788664397744098e-01 2.1490032783541126e-04
8.7810145589851130e-01 2.1472350709472209e-04
8.7831609097721619e-01 2.1454664311026361e-04
8.7853054917032980e-01 2.1436973591846092e-04
8.7874483043466223e-01 2.1419278555371587e-04
8.7895893472705877e-01 2.1401579205299591e-04
8.7917286200440081e-01 2.1383875545070231e-04
8.7938661222360504e-01 2.1366167578328962e-04
8.7960018534162399e-01 2.1348455308596782e-04
8.7981358131544574e-01 2.1330738739481036e-04
8.8002680010209411e-01 2.1313017874518899e-04
8.8023984165862879e-01 2.1295292717266479e-04
8.8045270594214464e-01 2.1277563271385153e-04
8.8066539290977275e-01 2.1259829540373567e-04
8.8087790251867981e-01 2.1242091527744230e-04
8.8109023472606796e-01 2.1224349237183830e-04
8.8130238948917539e-01 2.1206602672178848e-04
8.8151436676527573e-01 2.1188851836399149e-04
8.8172616651167868e-01 2.1171096733315216e-04
8.8193778868572947e-01 2.1153337366536072e-04
8.8214923324480909e-01 2.1135573739677267e-04
8.8236050014633449e-01 2.1117805856231848e-04
8.8257158934775803e-01 2.1100033719916335e-04
8.8278250080656828e-01 2.1082257334202769e-04
8.8299323448028944e-01 2.1064476702659142e-04
8.8320379032648133e-01 2.1046691828949691e-04
8.8341416830273989e-01 2.1028902716583686e-04
8.8362436836669667e-01 2.1011109369179721e-04
8.8383439047601908e-01 2.0993311790336511e-04
8.8404423458841053e-01 2.0975509983578211e-04
8.8425390066161003e-01 2.0957703952548574e-04
8.8446338865339258e-01 2.0939893700835360e-04
8.8467269852156916e-01 2.0922079231946731e-04
8.8488183022398637e-01 2.0904260549544225e-04
8.8509078371852690e-01 2.0886437657165313e-04
8.8529955896310908e-01 2.0868610558503450e-04
8.8550815591568754e-01 2.0850779256995362e-04
8.8571657453425234e-01 2.0832943756394736e-04
8.8592481477682994e-01 2.0815104060134800e-04
8.8613287660148221e-01 2.0797260171966626e-04
8.8634075996630746e-01 2.0779412095353473e-04
8.8654846482943961e-01 2.0761559833929949e-04
8.8675599114904857e-01 2.0743703391324224e-04
8.8696333888334034e-01 2.0725842771090674e-04
8.8717050799055674e-01 2.0707977976851385e-04
8.8737749842897573e-01 2.0690109012158693e-04
8.8758431015691097e-01 2.0672235880702262e-04
8.8779094313271245e-01 2.0654358585995018e-04
8.8799739731476590e-01 2.0636477131692413e-04
8.8820367266149314e-01 2.0618591521409367e-04
8.8840976913135217e-01 2.0600701758656013e-04
8.8861568668283675e-01 2.0582807847104059e-04
8.8882142527447683e-01 2.0564909790334114e-04
8.8902698486483833e-01 2.0547007591969349e-04
8.8923236541252326e-01 2.0529101255613202e-04
8.8943756687616971e-01 2.0511190784848054e-04
8.8964258921445172e-01 2.0493276183330104e-04
8.8984743238607955e-01 2.0475357454630496e-04
8.9005209634979943e-01 2.0457434602393811e-04
8.9025658106439387e-01 2.0439507630136517e-04
8.9046088648868116e-01 2.0421576541587496e-04
8.9066501258151609e-01 2.0403641340222469e-04
8.9086895930178911e-01 2.0385702029807713e-04
8.9107272660842718e-01 2.0367758613869382e-04
8.9127631446039324e-01 2.0349811096023206e-04
8.9147972281668642e-01 2.0331859479865325e-04
8.9168295163634181e-01 2.0313903769092598e-04
8.9188600087843106e-01 2.0295943967180030e-04
8.9208887050206143e-01 2.0277980077932479e-04
8.9229156046637692e-01 2.0260012104787882e-04
8.9249407073055720e-01 2.0242040051536751e-04
8.9269640125381866e-01 2.0224063921613195e-04
8.9289855199541335e-01 2.0206083718803043e-04
8.9310052291462994e-01 2.0188099446630538e-04
8.9330231397079318e-01 2.0170111108692860e-04
8.9350392512326393e-01 2.0152118708685081e-04
8.9370535633143933e-01 2.0134122250254808e-04
8.9390660755475293e-01 2.0116121736934013e-04
8.9410767875267427e-01 2.0098117172440407e-04
8.9430856988470941e-01 2.0080108560310657e-04
8.9450928091040049e-01 2.0062095904206539e-04
8.9470981178932596e-01 2.0044079207760400e-04
8.9491016248110045e-01 2.0026058474670620e-04
8.9511033294537523e-01 2.0008033708407018e-04
8.9531032314183745e-01 1.9990004912719329e-04
8.9551013303021076e-01 1.9971972091219117e-04
8.9570976257025514e-01 1.9953935247521152e-04
8.9590921172176674e-01 1.9935894385326921e-04
8.9610848044457836e-01 1.9917849508136604e-04
8.9630756869855877e-01 1.9899800619686055e-04
8.9650647644361325e-01 1.9881747723595182e-04
8.9670520363968353e-01 1.9863690823450055e-04
8.9690375024674751e-01 1.9845629922939136e-04
8.9710211622481961e-01 1.9827565025652377e-04
8.9730030153395046e-01 1.9809496135300635e-04
8.9749830613422732e-01 1.9791423255431512e-04
8.9769612998577353e-01 1.9773346389794259e-04
8.9789377304874918e-01 1.9755265541912756e-04
8.9809123528335044e-01 1.9737180715528695e-04
8.9828851664981013e-01 1.9719091914237213e-04
8.9848561710839747e-01 1.9700999141639703e-04
8.9868253661941788e-01 1.9682902401500476e-04
8.9887927514321364e-01 1.9664801697310210e-04
8.9907583264016311e-01 1.9646697032793599e-04
8.9927220907068117e-01 1.9628588411639192e-04
8.9946840439521936e-01 1.9610475837420692e-04
8.9966441857426549e-01 1.9592359313819478e-04
8.9986025156834393e-01 1.9574238844496971e-04
9.0005590333801555e-01 1.9556114433080633e-04
9.0025137384387766e-01 1.9537986083259401e-04
9.0044666304656429e-01 1.9519853798564287e-04
9.0064177090674558e-01 1.9501717582803241e-04
9.0083669738512862e-01 1.9483577439494384e-04
9.0103144244245659e-01 1.9465433372414779e-04
9.0122600603950975e-01 1.9447285385124882e-04
9.0142038813710434e-01 1.9429133481348174e-04
9.0161458869609357e-01 1.9410977664679815e-04
9.0180860767736704e-01 1.9392817938771158e-04
9.0200244504185079e-01 1.9374654307383044e-04
9.0219610075050782e-01 1.9356486774007553e-04
9.0238957476433723e-01 1.9338315342475504e-04
9.0258286704437518e-01 1.9320140016289256e-04
9.0277597755169403e-01 1.9301960799226488e-04
9.0296890624740289e-01 1.9283777694968079e-04
9.0316165309264773e-01 1.9265590707038521e-04
9.0335421804861082e-01 1.9247399839170253e-04
9.0354660107651108e-01 1.9229205095092652e-04
9.0373880213760427e-01 1.9211006478393145e-04
9.0393082119318269e-01 1.9192803992736486e-04
9.0412265820457516e-01 1.9174597641873981e-04
9.0431431313314747e-01 1.9156387429351794e-04
9.0450578594030184e-01 1.9138173358890380e-04
9.0469707658747722e-01 1.9119955434157397e-04
9.0488818503614932e-01 1.9101733658784560e-04
9.0507911124783036e-01 1.9083508036511984e-04
9.0526985518406933e-01 1.9065278571058015e-04
9.0546041680645228e-01 1.9047045265877880e-04
9.0565079607660137e-01 1.9028808124864276e-04
9.0584099295617593e-01 1.9010567151590081e-04
9.0603100740687181e-01 1.8992322349772076e-04
9.0622083939042175e-01 1.8974073723042871e-04
9.0641048886859521e-01 1.8955821275034790e-04
9.0659995580319819e-01 1.8937565009541899e-04
9.0678924015607365e-01 1.8919304930211753e-04
9.0697834188910142e-01 1.8901041040634314e-04
9.0716726096419786e-01 1.8882773344572272e-04
9.0735599734331629e-01 1.8864501845664011e-04
9.0754455098844677e-01 1.8846226547576404e-04
9.0773292186161614e-01 1.8827947454015193e-04
9.0792110992488806e-01 1.8809664568654892e-04
9.0810911514036297e-01 1.8791377895211326e-04
9.0829693747017815e-01 1.8773087437379295e-04
9.0848457687650785e-01 1.8754793198762313e-04
9.0867203332156299e-01 1.8736495183100361e-04
9.0885930676759141e-01 1.8718193394050788e-04
9.0904639717687785e-01 1.8699887835266056e-04
9.0923330451174367e-01 1.8681578510551728e-04
9.0942002873454741e-01 1.8663265423500615e-04
9.0960656980768440e-01 1.8644948577790945e-04
9.0979292769358666e-01 1.8626627977192588e-04
9.0997910235472346e-01 1.8608303625265962e-04
9.1016509375360055e-01 1.8589975525843007e-04
9.1035090185276091e-01 1.8571643682548507e-04
9.1053652661478435e-01 1.8553308099053135e-04
9.1072196800228744e-01 1.8534968779142894e-04
9.1090722597792406e-01 1.8516625726347158e-04
9.1109230050438461e-01 1.8498278944486165e-04
9.1127719154439657e-01 1.8479928437278319e-04
9.1146189906072450e-01 1.8461574208365728e-04
9.1164642301616994e-01 1.8443216261370841e-04
9.1183076337357116e-01 1.8424854600075308e-04
9.1201492009580343e-01 1.8406489228264263e-04
9.1219889314577940e-01 1.8388120149424135e-04
9.1238268248644816e-01 1.8369747367440788e-04
9.1256628808079621e-01 1.8351370885910905e-04
9.1274970989184689e-01 1.8332990708530865e-04
9.1293294788266044e-01 1.8314606839109349e-04
9.1311600201633436e-01 1.8296219281257420e-04
9.1329887225600304e-01 1.8277828038699523e-04
9.1348155856483793e-01 1.8259433115128424e-04
9.1366406090604757e-01 1.8241034514216689e-04
9.1384637924287737e-01 1.8222632239764413e-04
9.1402851353861003e-01 1.8204226295401421e-04
9.1421046375656512e-01 1.8185816684902450e-04
9.1439222986009949e-01 1.8167403411883124e-04
9.1457381181260688e-01 1.8148986480107497e-04
9.1475520957751821e-01 1.8130565893272938e-04
9.1493642311830148e-01 1.8112141655079032e-04
9.1511745239846165e-01 1.8093713769327550e-04
9.1529829738154111e-01 1.8075282239594104e-04
9.1547895803111912e-01 1.8056847069644326e-04
9.1565943431081209e-01 1.8038408263196094e-04
9.1583972618427367e-01 1.8019965823915538e-04
9.1601983361519435e-01 1.8001519755680366e-04
9.1619975656730224e-01 1.7983070062002596e-04
9.1637949500436222e-01 1.7964616746702280e-04
9.1655904889017648e-01 1.7946159813481068e-04
9.1673841818858437e-01 1.7927699266034327e-04
9.1691760286346236e-01 1.7909235108116652e-04
9.1709660287872419e-01 1.7890767343401264e-04
9.1727541819832070e-01 1.7872295975636599e-04
9.1745404878623993e-01 1.7853821008578560e-04
9.1763249460650720e-01 1.7835342445908481e-04
9.1781075562318504e-01 1.7816860291317076e-04
9.1798883180037305e-01 1.7798374548602439e-04
9.1816672310220837e-01 1.7779885221343779e-04
9.1834442949286488e-01 1.7761392313467663e-04
9.1852195093655420e-01 1.7742895828537500e-04
9.1869928739752493e-01 1.7724395770317956e-04
9.1887643884006287e-01 1.7705892142616357e-04
9.1905340522849133e-01 1.7687384949048091e-04
9.1923018652717059e-01 1.7668874193449045e-04
9.1940678270049858e-01 1.7650359879390088e-04
9.1958319371291009e-01 1.7631842010755187e-04
9.1975941952887752e-01 1.7613320591172978e-04
9.1993546011291027e-01 1.7594795624510169e-04
9.2011131542955549e-01 1.7576267114314384e-04
9.2028698544339727e-01 1.7557735064380504e-04
9.2046247011905702e-01 1.7539199478515836e-04
9.2063776942119369e-01 1.7520660360380432e-04
9.2081288331450339e-01 1.7502117713737760e-04
9.2098781176371969e-01 1.7483571542299055e-04
9.2116255473361330e-01 1.7465021849895630e-04
9.2133711218899272e-01 1.7446468640053720e-04
9.2151148409470318e-01 1.7427911916767505e-04
9.2168567041562799e-01 1.7409351683497440e-04
9.2185967111668710e-01 1.7390787944254586e-04
9.2203348616283842e-01 1.7372220702610976e-04
9.2220711551907708e-01 1.7353649962289689e-04
9.2238055915043538e-01 1.7335075727166116e-04
9.2255381702198336e-01 1.7316498000854644e-04
9.2272688909882827e-01 1.7297916787143301e-04
9.2289977534611478e-01 1.7279332089811361e-04
9.2307247572902507e-01 1.7260743912572189e-04
9.2324499021277873e-01 1.7242152259147573e-04
9.2341731876263278e-01 1.7223557133280512e-04
9.2358946134388165e-01 1.7204958538731500e-04
9.2376141792185729e-01 1.7186356479221329e-04
9.2393318846192896e-01 1.7167750958575257e-04
9.2410477292950366e-01 1.7149141980412155e-04
9.2427617129002548e-01 1.7130529548646458e-04
9.2444738350897648e-01 1.7111913666827193e-04
9.2461840955187569e-01 1.7093294338890302e-04
9.2478924938427998e-01 1.7074671568502429e-04
9.2495990297178365e-01 1.7056045359384512e-04
9.2513037028001843e-01 1.7037415715349092e-04
9.2530065127465366e-01 1.7018782640098611e-04
9.2547074592139611e-01 1.7000146137425851e-04
9.2564065418599017e-01 1.6981506211043068e-04
9.2581037603421767e-01 1.6962862864756199e-04
9.2597991143189806e-01 1.6944216102292097e-04
9.2614926034488843e-01 1.6925565927322029e-04
9.2631842273908305e-01 1.6906912343796004e-04
9.2648739858041429e-01 1.6888255355260246e-04
9.2665618783485160e-01 1.6869594965641198e-04
9.2682479046840238e-01 1.6850931178562866e-04
9.2699320644711136e-01 1.6832263997872281e-04
9.2716143573706089e-01 1.6813593427372617e-04
9.2732947830437118e-01 1.6794919470674983e-04
9.2749733411519975e-01 1.6776242131614840e-04
9.2766500313574174e-01 1.6757561414012796e-04
9.2783248533223017e-01 1.6738877321507839e-04
9.2799978067093536e-01 1.6720189857981699e-04
9.2816688911816547e-01 1.6701499027148376e-04
9.2833381064026632e-01 1.6682804832713062e-04
9.2850054520362113e-01 1.6664107278572095e-04
9.2866709277465109e-01 1.6645406368367098e-04
9.2883345331981482e-01 1.6626702105938560e-04
9.2899962680560866e-01 1.6607994495057210e-04
9.2916561319856672e-01 1.6589283539436933e-04
9.2933141246526074e-01 1.6570569242824767e-04
9.2949702457229999e-01 1.6551851609096307e-04
9.2966244948633159e-01 1.6533130641997157e-04
9.2982768717404052e-01 1.6514406345145716e-04
9.2999273760214907e-01 1.6495678722481779e-04
9.3015760073741749e-01 1.6476947777782506e-04
9.3032227654664368e-01 1.6458213514717823e-04
9.3048676499666338e-01 1.6439475937115176e-04
9.3065106605435000e-01 1.6420735048708576e-04
9.3081517968661454e-01 1.6401990853348006e-04
9.3097910586040600e-01 1.6383243354719187e-04
9.3114284454271090e-01 1.6364492556675766e-04
9.3130639570055374e-01 1.6345738462914008e-04
9.3146975930099651e-01 1.6326981077321260e-04
9.3163293531113933e-01 1.6308220403533086e-04
9.3179592369811970e-01 1.6289456445488113e-04
9.3195872442911332e-01 1.6270689206786677e-04
9.3212133747133330e-01 1.6251918691347441e-04
9.3228376279203073e-01 1.6233144902940523e-04
9.3244600035849456e-01 1.6214367845302028e-04
9.3260805013805148e-01 1.6195587522218875e-04
9.3276991209806603e-01 1.6176803937442382e-04
9.3293158620594052e-01 1.6158017094788322e-04
9.3309307242911510e-01 1.6139226998060306e-04
9.3325437073506778e-01 1.6120433651035303e-04
9.3341548109131445e-01 1.6101637057485267e-04
9.3357640346540882e-01 1.6082837221176151e-04
9.3373713782494239e-01 1.6064034145963336e-04
9.3389768413754459e-01 1.6045227835617684e-04
9.3405804237088286e-01 1.6026418293832190e-04
9.3421821249266235e-01 1.6007605524401243e-04
9.3437819447062598e-01 1.5988789531243877e-04
9.3453798827255474e-01 1.5969970318107044e-04
9.3469759386626761e-01 1.5951147888691020e-04
9.3485701121962117e-01 1.5932322246915085e-04
9.3501624030051023e-01 1.5913493396462191e-04
9.3517528107686732e-01 1.5894661341158859e-04
9.3533413351666295e-01 1.5875826084791030e-04
9.3549279758790549e-01 1.5856987631209408e-04
9.3565127325864150e-01 1.5838145984044225e-04
9.3580956049695507e-01 1.5819301147283952e-04
9.3596765927096848e-01 1.5800453124705481e-04
9.3612556954884207e-01 1.5781601919987611e-04
9.3628329129877397e-01 1.5762747536983418e-04
9.3644082448900035e-01 1.5743889979460239e-04
9.3659816908779514e-01 1.5725029251369409e-04
9.3675532506347070e-01 1.5706165356301423e-04
9.3691229238437701e-01 1.5687298298140757e-04
9.3706907101890213e-01 1.5668428080703575e-04
9.3722566093547222e-01 1.5649554707732952e-04
9.3738206210255126e-01 1.5630678183100729e-04
9.3753827448864135e-01 1.5611798510619713e-04
9.3769429806228277e-01 1.5592915693959705e-04
9.3785013279205343e-01 1.5574029737122009e-04
9.3800577864656975e-01 1.5555140643681541e-04
9.3816123559448572e-01 1.5536248417658384e-04
9.3831650360449370e-01 1.5517353062757526e-04
9.3847158264532404e-01 1.5498454582745625e-04
9.3862647268574495e-01 1.5479552981571365e-04
9.3878117369456304e-01 1.5460648262871881e-04
9.3893568564062280e-01 1.5441740430476001e-04
9.3909000849280666e-01 1.5422829488296881e-04
9.3924414222003538e-01 1.5403915440066849e-04
9.3939808679126768e-01 1.5384998289608457e-04
9.3955184217550036e-01 1.5366078040767532e-04
9.3970540834176841e-01 1.5347154697308544e-04
9.3985878525914479e-01 1.5328228263111429e-04
9.4001197289674077e-01 1.5309298741898299e-04
9.4016497122370557e-01 1.5290366137524940e-04
9.4031778020922663e-01 1.5271430453775903e-04
9.4047039982252945e-01 1.5252491694497206e-04
9.4062283003287772e-01 1.5233549863475563e-04
9.4077507080957323e-01 1.5214604964565329e-04
9.4092712212195595e-01 1.5195657001577565e-04
9.4107898393940403e-01 1.5176705978293774e-04
9.4123065623133373e-01 1.5157751898572892e-04
9.4138213896719958e-01 1.5138794766151567e-04
9.4153343211649410e-01 1.5119834584952720e-04
9.4168453564874821e-01 1.5100871358686337e-04
9.4183544953353082e-01 1.5081905091264347e-04
9.4198617374044913e-01 1.5062935786503014e-04
9.4213670823914863e-01 1.5043963448118177e-04
9.4228705299931281e-01 1.5024988080042625e-04
9.4243720799066355e-01 1.5006009686032899e-04
9.4258717318296081e-01 1.4987028269963096e-04
9.4273694854600287e-01 1.4968043835639902e-04
9.4288653404962619e-01 1.4949056386900800e-04
9.4303592966370553e-01 1.4930065927531587e-04
9.4318513535815385e-01 1.4911072461361869e-04
9.4333415110292240e-01 1.4892075992164886e-04
9.4348297686800053e-01 1.4873076523881103e-04
9.4363161262341599e-01 1.4854074060308362e-04
9.4378005833923484e-01 1.4835068605216690e-04
9.4392831398556132e-01 1.4816060162442610e-04
9.4407637953253787e-01 1.4797048735904844e-04
9.4422425495034545e-01 1.4778034329310092e-04
9.4437194020920312e-01 1.4759016946547633e-04
9.4451943527936832e-01 1.4739996591405815e-04
9.4466674013113672e-01 1.4720973267772525e-04
9.4481385473484225e-01 1.4701946979543904e-04
9.4496077906085751e-01 1.4682917730318501e-04
9.4510751307959284e-01 1.4663885524225271e-04
9.4525405676149754e-01 1.4644850364801349e-04
9.4540041007705866e-01 1.4625812256121540e-04
9.4554657299680200e-01 1.4606771201885547e-04
9.4569254549129145e-01 1.4587727206038506e-04
9.4583832753112951e-01 1.4568680272261084e-04
9.4598391908695678e-01 1.4549630404484407e-04
9.4612932012945228e-01 1.4530577606601243e-04
9.4627453062933364e-01 1.4511521882247755e-04
9.4641955055735638e-01 1.4492463235545820e-04
9.4656437988431497e-01 1.4473401670069073e-04
9.4670901858104184e-01 1.4454337189771590e-04
9.4685346661840786e-01 1.4435269798596123e-04
9.4699772396732262e-01 1.4416199500161359e-04
9.4714179059873371e-01 1.4397126298473307e-04
9.4728566648362733e-01 1.4378050197350279e-04
9.4742935159302821e-01 1.4358971200494205e-04
9.4757284589799906e-01 1.4339889312037197e-04
9.4771614936964166e-01 1.4320804535492048e-04
9.4785926197909565e-01 1.4301716874911199e-04
9.4800218369753941e-01 1.4282626334064582e-04
9.4814491449618965e-01 1.4263532916852090e-04
9.4828745434630157e-01 1.4244436627096777e-04
9.4842980321916892e-01 1.4225337468569730e-04
9.4857196108612374e-01 1.4206235445182763e-04
9.4871392791853659e-01 1.4187130560797308e-04
9.4885570368781647e-01 1.4168022819328589e-04
9.4899728836541108e-01 1.4148912224443022e-04
9.4913868192280637e-01 1.4129798780078507e-04
9.4927988433152688e-01 1.4110682490039972e-04
9.4942089556313547e-01 1.4091563358314301e-04
9.4956171558923375e-01 1.4072441388661270e-04
9.4970234438146173e-01 1.4053316584919904e-04
9.4984278191149796e-01 1.4034188950926986e-04
9.4998302815105939e-01 1.4015058490617272e-04
9.5012308307190174e-01 1.3995925207712487e-04
9.5026294664581890e-01 1.3976789106257735e-04
9.5040261884464372e-01 1.3957650189889609e-04
9.5054209964024727e-01 1.3938508462573834e-04
9.5068138900453925e-01 1.3919363928195273e-04
9.5082048690946797e-01 1.3900216590557801e-04
9.5095939332702017e-01 1.3881066453606347e-04
9.5109810822922147e-01 1.3861913520999902e-04
9.5123663158813565e-01 1.3842757796770562e-04
9.5137496337586525e-01 1.3823599284776977e-04
9.5151310356455143e-01 1.3804437988826048e-04
9.5165105212637402e-01 1.3785273912687542e-04
9.5178880903355112e-01 1.3766107060396573e-04
9.5192637425833981e-01 1.3746937435637620e-04
9.5206374777303548e-01 1.3727765042389296e-04
9.5220092954997226e-01 1.3708589884492471e-04
9.5233791956152292e-01 1.3689411965774856e-04
9.5247471778009873e-01 1.3670231290143653e-04
9.5261132417814964e-01 1.3651047861508816e-04
9.5274773872816443e-01 1.3631861683552503e-04
9.5288396140267018e-01 1.3612672760291737e-04
9.5301999217423272e-01 1.3593481095636580e-04
9.5315583101545676e-01 1.3574286693287345e-04
9.5329147789898538e-01 1.3555089557190853e-04
9.5342693279750046e-01 1.3535889691193440e-04
9.5356219568372247e-01 1.3516687099181929e-04
9.5369726653041054e-01 1.3497481785076647e-04
9.5383214531036264e-01 1.3478273752611165e-04
9.5396683199641519e-01 1.3459063005791870e-04
9.5410132656144342e-01 1.3439849548440815e-04
9.5423562897836134e-01 1.3420633384343073e-04
9.5436973922012147e-01 1.3401414517451847e-04
9.5450365725971509e-01 1.3382192951668249e-04
9.5463738307017221e-01 1.3362968690860567e-04
9.5477091662456159e-01 1.3343741738866590e-04
9.5490425789599076e-01 1.3324512099488321e-04
9.5503740685760585e-01 1.3305279776629404e-04
9.5517036348259166e-01 1.3286044774278396e-04
9.5530312774417192e-01 1.3266807096191916e-04
9.5543569961560904e-01 1.3247566746234021e-04
9.5556807907020402e-01 1.3228323728376945e-04
9.5570026608129677e-01 1.3209078046490840e-04
9.5583226062226601e-01 1.3189829704337441e-04
9.5596406266652911e-01 1.3170578705817715e-04
9.5609567218754210e-01 1.3151325054952935e-04
9.5622708915880006e-01 1.3132068755458264e-04
9.5635831355383660e-01 1.3112809811313306e-04
9.5648934534622421e-01 1.3093548226413159e-04
9.5662018450957431e-01 1.3074284004473876e-04
9.5675083101753688e-01 1.3055017149483385e-04
9.5688128484380075e-01 1.3035747665377228e-04
9.5701154596209370e-01 1.3016475555918921e-04
9.5714161434618206e-01 1.2997200825162514e-04
9.5727148996987133e-01 1.2977923476780709e-04
9.5740117280700554e-01 1.2958643514751134e-04
9.5753066283146759e-01 1.2939360943008886e-04
9.5765996001717935e-01 1.2920075765364127e-04
9.5778906433810140e-01 1.2900787985703081e-04
9.5791797576823323e-01 1.2881497607912558e-04
9.5804669428161304e-01 1.2862204635968554e-04
9.5817521985231813e-01 1.2842909073614104e-04
9.5830355245446441e-01 1.2823610924828926e-04
9.5843169206220680e-01 1.2804310193481231e-04
9.5855963864973903e-01 1.2785006883440334e-04
9.5868739219129373e-01 1.2765700998601103e-04
9.5881495266114236e-01 1.2746392542881363e-04
9.5894232003359525e-01 1.2727081520218846e-04
9.5906949428300192e-01 1.2707767934230392e-04
9.5919647538375019e-01 1.2688451789172697e-04
9.5932326331026729e-01 1.2669133088742947e-04
9.5944985803701921e-01 1.2649811836812396e-04
9.5957625953851078e-01 1.2630488037304377e-04
9.5970246778928581e-01 1.2611161694090877e-04
9.5982848276392696e-01 1.2591832811095468e-04
9.5995430443705576e-01 1.2572501392326690e-04
9.6007993278333292e-01 1.2553167441510817e-04
9.6020536777745802e-01 1.2533830962450630e-04
9.6033060939416914e-01 1.2514491959403080e-04
9.6045565760824403e-01 1.2495150435878200e-04
9.6058051239449882e-01 1.2475806395965421e-04
9.6070517372778874e-01 1.2456459843620323e-04
9.6082964158300821e-01 1.2437110782543702e-04
9.6095391593509027e-01 1.2417759216803962e-04
9.6107799675900729e-01 1.2398405150098333e-04
9.6120188402977014e-01 1.2379048586621562e-04
9.6132557772242921e-01 1.2359689529975034e-04
9.6144907781207345e-01 1.2340327984262556e-04
9.6157238427383096e-01 1.2320963953367048e-04
9.6169549708286894e-01 1.2301597441079936e-04
9.6181841621439357e-01 1.2282228451225081e-04
9.6194114164364963e-01 1.2262856988043880e-04
9.6206367334592158e-01 1.2243483055074538e-04
9.6218601129653236e-01 1.2224106656407550e-04
9.6230815547084414e-01 1.2204727795940104e-04
9.6243010584425814e-01 1.2185346477512938e-04
9.6255186239221457e-01 1.2165962705024468e-04
9.6267342509019260e-01 1.2146576482463863e-04
9.6279479391371048e-01 1.2127187813760357e-04
9.6291596883832575e-01 1.2107796702566044e-04
9.6303694983963450e-01 1.2088403153129299e-04
9.6315773689327244e-01 1.2069007169017518e-04
9.6327832997491381e-01 1.2049608754430239e-04
9.6339872906027224e-01 1.2030207913159800e-04
9.6351893412510048e-01 1.2010804648996545e-04
9.6363894514519000e-01 1.1991398966091142e-04
9.6375876209637179e-01 1.1971990868095119e-04
9.6387838495451550e-01 1.1952580359173221e-04
9.6399781369553028e-01 1.1933167442985548e-04
9.6411704829536404e-01 1.1913752123602569e-04
9.6423608873000399e-01 1.1894334404848328e-04
9.6435493497547631e-01 1.1874914290709855e-04
9.6447358700784636e-01 1.1855491785076912e-04
9.6459204480321870e-01 1.1836066891750218e-04
9.6471030833773674e-01 1.1816639614829726e-04
9.6482837758758333e-01 1.1797209958083670e-04
9.6494625252898014e-01 1.1777777925590157e-04
9.6506393313818828e-01 1.1758343521100836e-04
9.6518141939150792e-01 1.1738906748442577e-04
9.6529871126527800e-01 1.1719467611881618e-04
9.6541580873587718e-01 1.1700026115012524e-04
9.6553271177972300e-01 1.1680582261757672e-04
9.6564942037327195e-01 1.1661136056252579e-04
9.6576593449302006e-01 1.1641687502228227e-04
9.6588225411550221e-01 1.1622236603759872e-04
9.6599837921729270e-01 1.1602783364642570e-04
9.6611430977500490e-01 1.1583327788784170e-04
9.6623004576529137e-01 1.1563869880080029e-04
9.6634558716484376e-01 1.1544409642549076e-04
9.6646093395039301e-01 1.1524947080079419e-04
9.6657608609870915e-01 1.1505482196617483e-04
9.6669104358660174e-01 1.1486014996007278e-04
9.6680580639091906e-01 1.1466545482219086e-04
9.6692037448854895e-01 1.1447073659129316e-04
9.6703474785641819e-01 1.1427599530823854e-04
9.6714892647149320e-01 1.1408123100898388e-04
9.6726291031077904e-01 1.1388644373651696e-04
9.6737669935132053e-01 1.1369163352754037e-04
9.6749029357020144e-01 1.1349680042188896e-04
9.6760369294454485e-01 1.1330194445866578e-04
9.6771689745151301e-01 1.1310706567759546e-04
9.6782990706830752e-01 1.1291216411761058e-04
9.6794272177216911e-01 1.1271723981849247e-04
9.6805534154037787e-01 1.1252229281927510e-04
9.6816776635025315e-01 1.1232732315864413e-04
9.6827999617915350e-01 1.1213233087603336e-04
9.6839203100447679e-01 1.1193731601052983e-04
9.6850387080366007e-01 1.1174227860220003e-04
9.6861551555417980e-01 1.1154721868945777e-04
9.6872696523355151e-01 1.1135213631318450e-04
9.6883821981933038e-01 1.1115703150997732e-04
9.6894927928911045e-01 1.1096190432170470e-04
9.6906014362052539e-01 1.1076675478618427e-04
9.6917081279124795e-01 1.1057158294376074e-04
9.6928128677899039e-01 1.1037638883222758e-04
9.6939156556150397e-01 1.1018117249347051e-04
9.6950164911657966e-01 1.0998593396411388e-04
9.6961153742204753e-01 1.0979067328365899e-04
9.6972123045577685e-01 1.0959539049317284e-04
9.6983072819567639e-01 1.0940008563144953e-04
9.6994003061969436e-01 1.0920475873609257e-04
9.7004913770581791e-01 1.0900940984938051e-04
9.7015804943207407e-01 1.0881403900705078e-04
9.7026676577652859e-01 1.0861864625238156e-04
9.7037528671728712e-01 1.0842323162225305e-04
9.7048361223249435e-01 1.0822779515694123e-04
9.7059174230033451e-01 1.0803233689469716e-04
9.7069967689903103e-01 1.0783685687589812e-04
9.7080741600684684e-01 1.0764135513888067e-04
9.7091495960208396e-01 1.0744583172575192e-04
9.7102230766308428e-01 1.0725028667247363e-04
9.7112946016822865e-01 1.0705472002015584e-04
9.7123641709593744e-01 1.0685913180820320e-04
9.7134317842467055e-01 1.0666352207420237e-04
9.7144974413292684e-01 1.0646789086126918e-04
9.7155611419924515e-01 1.0627223820515902e-04
9.7166228860220327e-01 1.0607656414707436e-04
9.7176826732041854e-01 1.0588086872690540e-04
9.7187405033254792e-01 1.0568515198136439e-04
9.7197963761728734e-01 1.0548941395311588e-04
9.7208502915337258e-01 1.0529365467909687e-04
9.7219022491957852e-01 1.0509787420064456e-04
9.7229522489471965e-01 1.0490207255642310e-04
9.7240002905764988e-01 1.0470624978537208e-04
9.7250463738726245e-01 1.0451040592812205e-04
9.7260904986249019e-01 1.0431454102271780e-04
9.7271326646230527e-01 1.0411865510912649e-04
9.7281728716571925e-01 1.0392274822777603e-04
9.7292111195178332e-01 1.0372682041659301e-04
9.7302474079958801e-01 1.0353087171568690e-04
9.7312817368826332e-01 1.0333490216420181e-04
9.7323141059697871e-01 1.0313891180205435e-04
9.7333445150494313e-01 1.0294290066840828e-04
9.7343729639140497e-01 1.0274686880322101e-04
9.7353994523565213e-01 1.0255081624583701e-04
9.7364239801701202e-01 1.0235474303502262e-04
9.7374465471485139e-01 1.0215864921205512e-04
9.7384671530857680e-01 1.0196253481318066e-04
9.7394857977763383e-01 1.0176639988178960e-04
9.7405024810150798e-01 1.0157024445497780e-04
9.7415172025972407e-01 1.0137406857243824e-04
9.7425299623184647e-01 1.0117787227375554e-04
9.7435407599747903e-01 1.0098165559815527e-04
9.7445495953626504e-01 1.0078541858644825e-04
9.7455564682788742e-01 1.0058916127774746e-04
9.7465613785206862e-01 1.0039288371111230e-04
9.7475643258857059e-01 1.0019658592576361e-04
9.7485653101719472e-01 1.0000026796247303e-04
9.7495643311778213e-01 9.9803929859078604e-05
9.7505613887021325e-01 9.9607571656779487e-05
9.7515564825440826e-01 9.9411193393904123e-05
9.7525496125032674e-01 9.9214795110573155e-05
9.7535407783796790e-01 9.9018376846017668e-05
9.7545299799737051e-01 9.8821938639553705e-05
9.7555172170861282e-01 9.8625480531237928e-05
9.7565024895181263e-01 9.8429002561568202e-05
9.7574857970712747e-01 9.8232504768564773e-05
9.7584671395475431e-01 9.8035987192449930e-05
9.7594465167492983e-01 9.7839449871135444e-05
9.7604239284792993e-01 9.7642892847850569e-05
9.7613993745407057e-01 9.7446316158983015e-05
9.7623728547370692e-01 9.7249719846455993e-05
9.7633443688723409e-01 9.7053103946831754e-05
9.7643139167508641e-01 9.6856468502421790e-05
9.7652814981773806e-01 9.6659813551879399e-05
9.7662471129570272e-01 9.6463139135029359e-05
9.7672107608953374e-01 9.6266445291189273e-05
9.7681724417982396e-01 9.6069732061076219e-05
9.7691321554720612e-01 9.5872999481783381e-05
9.7700899017235221e-01 9.5676247594918672e-05
9.7710456803597401e-01 9.5479476440598127e-05
9.7719994911882302e-01 9.5282686056868122e-05
9.7729513340169027e-01 9.5085876483502844e-05
9.7739012086540644e-01 9.4889047760269446e-05
9.7748491149084171e-01 9.4692199928523085e-05
9.7757950525890625e-01 9.4495333024831909e-05
9.7767390215054939e-01 9.4298447092562771e-05
9.7776810214676058e-01 9.4101542168686234e-05
9.7786210522856876e-01 9.3904618292086069e-05
9.7795591137704230e-01 9.3707675505151343e-05
9.7804952057328953e-01 9.3510713845940872e-05
9.7814293279845821e-01 9.3313733356092452e-05
9.7823614803373615e-01 9.3116734071183960e-05
9.7832916626035038e-01 9.2919716033963319e-05
9.7842198745956777e-01 9.2722679284481513e-05
9.7851461161269504e-01 9.2525623860186830e-05
9.7860703870107835e-01 9.2328549803317878e-05
9.7869926870610358e-01 9.2131457151972638e-05
9.7879130160919658e-01 9.1934345945075420e-05
9.7888313739182253e-01 9.1737216224219213e-05
9.7897477603548655e-01 9.1540068027520704e-05
9.7906621752173328e-01 9.1342901396026147e-05
9.7915746183214725e-01 9.1145716368459624e-05
9.7924850894835247e-01 9.0948512986310776e-05
9.7933935885201306e-01 9.0751291285519399e-05
9.7943001152483233e-01 9.0554051310071928e-05
9.7952046694855377e-01 9.0356793096745545e-05
9.7961072510496028e-01 9.0159516687209973e-05
9.7970078597587473e-01 8.9962222119228640e-05
9.7979064954315953e-01 8.9764909434030419e-05
9.7988031578871693e-01 8.9567578670717767e-05
9.7996978469448881e-01 8.9370229870199406e-05
9.8005905624245704e-01 8.9172863069841621e-05
9.8014813041464288e-01 8.8975478312104545e-05
9.8023700719310769e-01 8.8778075634437687e-05
9.8032568655995234e-01 8.8580655077805703e-05
9.8041416849731755e-01 8.8383216681709804e-05
9.8050245298738370e-01 8.8185760487429279e-05
9.8059054001237123e-01 8.7988286531518969e-05
9.8067842955453999e-01 8.7790794856086439e-05
9.8076612159618981e-01 8.7593285499958283e-05
9.8085361611966015e-01 8.7395758504391497e-05
9.8094091310733056e-01 8.7198213905763762e-05
9.8102801254161986e-01 8.7000651748124966e-05
9.8111491440498710e-01 8.6803072069125545e-05
9.8120161867993094e-01 8.6605474908814113e-05
9.8128812534898990e-01 8.6407860306208991e-05
9.8137443439474226e-01 8.6210228301207830e-05
9.8146054579980591e-01 8.6012578936241072e-05
9.8154645954683895e-01 8.5814912247734887e-05
9.8163217561853899e-01 8.5617228276402505e-05
9.8171769399764353e-01 8.5419527062398530e-05
9.8180301466692976e-01 8.5221808646882314e-05
9.8188813760921501e-01 8.5024073066802355e-05
9.8197306280735608e-01 8.4826320364007611e-05
9.8205779024424966e-01 8.4628550579651874e-05
9.8214231990283263e-01 8.4430763749069593e-05
9.8222665176608115e-01 8.4232959916264195e-05
9.8231078581701159e-01 8.4035139119381655e-05
9.8239472203867995e-01 8.3837301399849838e-05
9.8247846041418230e-01 8.3639446795372418e-05
9.8256200092665447e-01 8.3441575345029868e-05
9.8264534355927191e-01 8.3243687091624416e-05
9.8272848829525017e-01 8.3045782074080100e-05
9.8281143511784463e-01 8.2847860331297185e-05
9.8289418401035056e-01 8.2649921902333120e-05
9.8297673495610283e-01 8.2451966829817514e-05
9.8305908793847641e-01 8.2253995152906057e-05
9.8314124294088623e-01 8.2056006909124668e-05
9.8322319994678686e-01 8.1858002139885126e-05
9.8330495893967274e-01 8.1659980886991516e-05
9.8338651990307846e-01 8.1461943186965634e-05
9.8346788282057818e-01 8.1263889082354963e-05
9.8354904767578621e-01 8.1065818610398256e-05
9.8363001445235654e-01 8.0867731813050422e-05
9.8371078313398319e-01 8.0669628728492727e-05
9.8379135370439985e-01 8.0471509399934990e-05
9.8387172614738050e-01 8.0273373863297602e-05
9.8395190044673864e-01 8.0075222160996923e-05
9.8403187658632785e-01 7.9877054332692758e-05
9.8411165455004168e-01 7.9678870416790285e-05
9.8419123432181344e-01 7.9480670454642248e-05
9.8427061588561637e-01 7.9282454486717891e-05
9.8434979922546384e-01 7.9084222550435766e-05
9.8442878432540881e-01 7.8885974688541616e-05
9.8450757116954446e-01 7.8687710938854107e-05
9.8458615974200370e-01 7.8489431342582976e-05
9.8466455002695952e-01 7.8291135938150696e-05
9.8474274200862466e-01 7.8092824767427054e-05
9.8482073567125195e-01 7.7894497869566696e-05
9.8489853099913416e-01 7.7696155283509883e-05
9.8497612797660383e-01 7.7497797051465499e-05
9.8505352658803369e-01 7.7299423211445401e-05
9.8513072681783631e-01 7.7101033802955517e-05
9.8520772865046413e-01 7.6902628867415339e-05
9.8528453207040956e-01 7.6704208445911684e-05
9.8536113706220518e-01 7.6505772575323716e-05
9.8543754361042335e-01 7.6307321296474140e-05
9.8551375169967637e-01 7.6108854650172353e-05
9.8558976131461651e-01 7.5910372677276514e-05
9.8566557243993613e-01 7.5711875416433876e-05
9.8574118506036745e-01 7.5513362908764245e-05
9.8581659916068287e-01 7.5314835191229589e-05
9.8589181472569443e-01 7.5116292307251026e-05
9.8596683174025446e-01 7.4917734294467463e-05
9.8604165018925505e-01 7.4719161194781522e-05
9.8611627005762847e-01 7.4520573046579953e-05
9.8619069133034687e-01 7.4321969890564179e-05
9.8626491399242233e-01 7.4123351768218959e-05
9.8633893802890715e-01 7.3924718717135305e-05
9.8641276342489348e-01 7.3726070777864274e-05
9.8648639016551343e-01 7.3527407991511197e-05
9.8655981823593930e-01 7.3328730395897369e-05
9.8663304762138315e-01 7.3130038033591426e-05
9.8670607830709722e-01 7.2931330944152220e-05
9.8677891027837383e-01 7.2732609165579939e-05
9.8685154352054516e-01 7.2533872739288205e-05
9.8692397801898346e-01 7.2335121705408438e-05
9.8699621375910096e-01 7.2136356105275193e-05
9.8706825072635018e-01 7.1937575974994613e-05
9.8714008890622329e-01 7.1738781358238158e-05
9.8721172828425263e-01 7.1539972295712009e-05
9.8728316884601086e-01 7.1341148823036665e-05
9.8735441057711026e-01 7.1142310983556321e-05
9.8742545346320332e-01 7.0943458818031977e-05
9.8749629748998269e-01 7.0744592364056690e-05
9.8756694264318101e-01 7.0545711661140496e-05
9.8763738890857078e-01 7.0346816752321612e-05
9.8770763627196478e-01 7.0147907676029882e-05
9.8777768471921568e-01 6.9948984474615776e-05
9.8784753423621652e-01 6.9750047183189432e-05
9.8791718480890001e-01 6.9551095845672774e-05
9.8798663642323914e-01 6.9352130501161021e-05
9.8805588906524688e-01 6.9153151190834639e-05
9.8812494272097651e-01 6.8954157951186748e-05
9.8819379737652102e-01 6.8755150825394330e-05
9.8826245301801363e-01 6.8556129854249829e-05
9.8833090963162773e-01 6.8357095076466946e-05
9.8839916720357679e-01 6.8158046530667049e-05
9.8846722572011414e-01 6.7958984260337718e-05
9.8853508516753352e-01 6.7759908302105214e-05
9.8860274553216854e-01 6.7560818697548052e-05
9.8867020680039297e-01 6.7361715486194415e-05
9.8873746895862058e-01 6.7162598710299333e-05
9.8880453199330542e-01 6.6963468407818042e-05
9.8887139589094153e-01 6.6764324619684689e-05
9.8893806063806311e-01 6.6565167384805679e-05
9.8900452622124435e-01 6.6365996745162745e-05
9.8907079262709963e-01 6.6166812741044390e-05
9.8913685984228361e-01 6.5967615408783057e-05
9.8920272785349073e-01 6.5768404792452864e-05
9.8926839664745569e-01 6.5569180932225631e-05
9.8933386621095354e-01 6.5369943864627505e-05
9.8939913653079903e-01 6.5170693633956602e-05
9.8946420759384734e-01 6.4971430278709810e-05
9.8952907938699375e-01 6.4772153838225696e-05
9.8959375189717369e-01 6.4572864350579166e-05
9.8965822511136237e-01 6.4373561862287573e-05
9.8972249901657572e-01 6.4174246406777766e-05
9.8978657359986932e-01 6.3974918028305129e-05
9.8985044884833906e-01 6.3775576767640204e-05
9.8991412474912122e-01 6.3576222659847526e-05
9.8997760128939172e-01 6.3376855751083179e-05
9.9004087845636712e-01 6.3177476076906028e-05
9.9010395623730385e-01 6.2978083679347759e-05
9.9016683461949850e-01 6.2778678599776714e-05
9.9022951359028799e-01 6.2579260876115955e-05
9.9029199313704930e-01 6.2379830548410693e-05
9.9035427324719938e-01 6.2180387660844497e-05
9.9041635390819571e-01 6.1980932249681300e-05
9.9047823510753574e-01 6.1781464355515733e-05
9.9053991683275711e-01 6.1581984018676701e-05
9.9060139907143763e-01 6.1382491279011087e-05
9.9066268181119521e-01 6.1182986178425093e-05
9.9072376503968806e-01 6.0983468756279190e-05
9.9078464874461447e-01 6.0783939053944465e-05
9.9084533291371313e-01 6.0584397107854617e-05
9.9090581753476259e-01 6.0384842961628963e-05
9.9096610259558182e-01 6.0185276654068144e-05
9.9102618808402987e-01 5.9985698226131531e-05
9.9108607398800608e-01 5.9786107716615826e-05
9.9114576029544987e-01 5.9586505166825961e-05
9.9120524699434087e-01 5.9386890618349452e-05
9.9126453407269910e-01 5.9187264107637799e-05
9.9132362151858444e-01 5.8987625679406116e-05
9.9138250932009730e-01 5.8787975370650259e-05
9.9144119746537818e-01 5.8588313221667016e-05
9.9149968594260773e-01 5.8388639272982834e-05
9.9155797474000673e-01 5.8188953568338182e-05
9.9161606384583656e-01 5.7989256141578986e-05
9.9167395324839835e-01 5.7789547037639483e-05
9.9173164293603366e-01 5.7589826296818092e-05
9.9178913289712445e-01 5.7390093954882344e-05
9.9184642312009252e-01 5.7190350056447885e-05
9.9190351359340012e-01 5.6990594641557940e-05
9.9196040430554977e-01 5.6790827748590384e-05
9.9201709524508419e-01 5.6591049416740042e-05
9.9207358640058618e-01 5.6391259689120498e-05
9.9212987776067885e-01 5.6191458607084008e-05
9.9218596931402581e-01 5.5991646204979744e-05
9.9224186104933043e-01 5.5791822529543881e-05
9.9229755295533684e-01 5.5591987614684854e-05
9.9235304502082888e-01 5.5392141506987505e-05
9.9240833723463107e-01 5.5192284243212486e-05
9.9246342958560807e-01 5.4992415861622595e-05
9.9251832206266455e-01 5.4792536407576025e-05
9.9257301465474568e-01 5.4592645919647997e-05
9.9262750735083694e-01 5.4392744435247919e-05
9.9268180013996388e-01 5.4192831996293067e-05
9.9273589301119236e-01 5.3992908643691546e-05
9.9278978595362843e-01 5.3792974420114810e-05
9.9284347895641878e-01 5.3593029358794726e-05
9.9289697200874982e-01 5.3393073506403399e-05
9.9295026509984852e-01 5.3193106902936993e-05
9.9300335821898222e-01 5.2993129584654800e-05
9.9305625135545839e-01 5.2793141593093378e-05
9.9310894449862464e-01 5.2593142971783714e-05
9.9316143763786924e-01 5.2393133755040001e-05
9.9321373076262021e-01 5.2193113991209809e-05
9.9326582386234641e-01 5.1993083713261646e-05
9.9331771692655657e-01 5.1793042965799155e-05
9.9336940994479994e-01 5.1592991786646011e-05
9.9342090290666596e-01 5.1392930216772417e-05
9.9347219580178436e-01 5.1192858296421051e-05
9.9352328861982508e-01 5.0992776068794192e-05
9.9357418135049858e-01 5.0792683570698747e-05
9.9362487398355548e-01 5.0592580842201992e-05
9.9367536650878663e-01 5.0392467925888827e-05
9.9372565891602338e-01 5.0192344858416959e-05
9.9377575119513706e-01 4.9992211685673153e-05
9.9382564333603962e-01 4.9792068444434521e-05
9.9387533532868322e-01 4.9591915174489902e-05
9.9392482716306019e-01 4.9391751919339193e-05
9.9397411882920350e-01 4.9191578712897018e-05
9.9402321031718599e-01 4.8991395602345552e-05
9.9407210161712112e-01 4.8791202625556661e-05
9.9412079271916254e-01 4.8590999824123173e-05
9.9416928361350443e-01 4.8390787233589985e-05
9.9421757429038093e-01 4.8190564899889796e-05
9.9426566474006683e-01 4.7990332859820185e-05
9.9431355495287710e-01 4.7790091153830138e-05
9.9436124491916700e-01 4.7589839823619137e-05
9.9440873462933210e-01 4.7389578911160007e-05
9.9445602407380851e-01 4.7189308453141506e-05
9.9450311324307239e-01 4.6989028493554691e-05
9.9455000212764044e-01 4.6788739070560435e-05
9.9459669071806966e-01 4.6588440223857261e-05
9.9464317900495736e-01 4.6388131993709450e-05
9.9468946697894112e-01 4.6187814421875293e-05
9.9473555463069896e-01 4.5987487547765566e-05
9.9478144195094920e-01 4.5787151412260341e-05
9.9482712893045044e-01 4.5586806057599913e-05
9.9487261556000184e-01 4.5386451520356425e-05
9.9491790183044271e-01 4.5186087842258076e-05
9.9496298773265279e-01 4.4985715063027267e-05
9.9500787325755202e-01 4.4785333227358893e-05
9.9505255839610096e-01 4.4584942371591276e-05
9.9509704313930036e-01 4.4384542536671717e-05
9.9514132747819140e-01 4.4184133762275334e-05
9.9518541140385564e-01 4.3983716086280186e-05
9.9522929490741474e-01 4.3783289555570463e-05
9.9527297798003100e-01 4.3582854208418901e-05
9.9531646061290702e-01 4.3382410085207741e-05
9.9535974279728590e-01 4.3181957221071754e-05
9.9540282452445084e-01 4.2981495660630054e-05
9.9544570578572544e-01 4.2781025447326730e-05
9.9548838657247396e-01 4.2580546615725931e-05
9.9553086687610071e-01 4.2380059210256656e-05
9.9557314668805053e-01 4.2179563270543479e-05
9.9561522599980867e-01 4.1979058835086155e-05
9.9565710480290071e-01 4.1778545944608435e-05
9.9569878308889259e-01 4.1578024639203140e-05
9.9574026084939060e-01 4.1377494961537516e-05
9.9578153807604142e-01 4.1176956953363584e-05
9.9582261476053224e-01 4.0976410651818711e-05
9.9586349089459070e-01 4.0775856093062239e-05
9.9590416646998436e-01 4.0575293327716361e-05
9.9594464147852180e-01 4.0374722386833108e-05
9.9598491591205141e-01 4.0174143319645606e-05
9.9602498976246245e-01 3.9973556159445393e-05
9.9606486302168440e-01 3.9772960946727638e-05
9.9610453568168700e-01 3.9572357725421916e-05
9.9614400773448053e-01 3.9371746534961771e-05
9.9618327917211569e-01 3.9171127414566014e-05
9.9622234998668346e-01 3.8970500406712555e-05
9.9626122017031538e-01 3.8769865549984402e-05
9.9629988971518324e-01 3.8569222886619388e-05
9.9633835861349940e-01 3.8368572454588557e-05
9.9637662685751649e-01 3.8167914295582314e-05
9.9641469443952768e-01 3.7967248447499530e-05
9.9645256135186633e-01 3.7766574956267015e-05
9.9649022758690642e-01 3.7565893859750347e-05
9.9652769313706235e-01 3.7365205195541066e-05
9.9656495799478884e-01 3.7164509005839571e-05
9.9660202215258098e-01 3.6963805333107782e-05
9.9663888560297442e-01 3.6763094215697405e-05
9.9667554833854510e-01 3.6562375696845548e-05
9.9671201035190959e-01 3.6361649811102780e-05
9.9674827163572466e-01 3.6160916602554145e-05
9.9678433218268758e-01 3.5960176111198793e-05
9.9682019198553595e-01 3.5759428382046315e-05
9.9685585103704810e-01 3.5558673447742668e-05
9.9689130933004255e-01 3.5357911350268784e-05
9.9692656685737813e-01 3.5157142136793657e-05
9.9696162361195451e-01 3.4956365837636330e-05
9.9699647958671134e-01 3.4755582501600864e-05
9.9703113477462890e-01 3.4554792169978182e-05
9.9706558916872812e-01 3.4353994875539523e-05
9.9709984276207009e-01 3.4153190661280820e-05
9.9713389554775644e-01 3.3952379566816193e-05
9.9716774751892912e-01 3.3751561637809884e-05
9.9720139866877067e-01 3.3550736911462457e-05
9.9723484899050396e-01 3.3349905431432699e-05
9.9726809847739251e-01 3.3149067230771051e-05
9.9730114712274021e-01 3.2948222353498173e-05
9.9733399491989105e-01 3.2747370844983753e-05
9.9736664186223001e-01 3.2546512738301012e-05
9.9739908794318222e-01 3.2345648074868858e-05
9.9743133315621313e-01 3.2144776903142157e-05
9.9746337749482905e-01 3.1943899253631895e-05
9.9749522095257637e-01 3.1743015173407077e-05
9.9752686352304221e-01 3.1542124696809773e-05
9.9755830519985389e-01 3.1341227870072756e-05
9.9758954597667937e-01 3.1140324731258190e-05
9.9762058584722701e-01 3.0939415321293690e-05
9.9765142480524560e-01 3.0738499682521010e-05
9.9768206284452454e-01 3.0537577849898386e-05
9.9771249995889355e-01 3.0336649865781616e-05
9.9774273614222275e-01 3.0135715774562131e-05
9.9777277138842280e-01 2.9934775618507495e-05
9.9780260569144508e-01 2.9733829426685542e-05
9.9783223904528096e-01 2.9532877251501419e-05
9.9786167144396265e-01 2.9331919127471508e-05
9.9789090288156279e-01 2.9130955091391927e-05
9.9791993335219420e-01 2.8929985193994941e-05
9.9794876285001044e-01 2.8729009472617649e-05
9.9797739136920571e-01 2.8528027957147006e-05
9.9800581890401419e-01 2.8327040701819324e-05
9.9803404544871088e-01 2.8126047742684831e-05
9.9806207099761124e-01 2.7925049118552055e-05
9.9808989554507122e-01 2.7724044866549411e-05
9.9811751908548696e-01 2.7523035037823653e-05
9.9814494161329559e-01 2.7322019659368389e-05
9.9817216312297419e-01 2.7120998784354780e-05
9.9819918360904081e-01 2.6919972440606485e-05
9.9822600306605347e-01 2.6718940683329514e-05
9.9825262148861116e-01 2.6517903542371588e-05
9.9827903887135316e-01 2.6316861057069308e-05
9.9830525520895907e-01 2.6115813277283842e-05
9.9833127049614934e-01 2.5914760232239858e-05
9.9835708472768447e-01 2.5713701974331046e-05
9.9838269789836598e-01 2.5512638529492561e-05
9.9840811000303531e-01 2.5311569952420900e-05
9.9843332103657478e-01 2.5110496277892261e-05
9.9845833099390713e-01 2.4909417545568784e-05
9.9848313986999548e-01 2.4708333798931039e-05
9.9850774765984363e-01 2.4507245074784154e-05
9.9853215435849574e-01 2.4306151413203997e-05
9.9855635996103653e-01 2.4105052854352179e-05
9.9858036446259102e-01 2.3903949449145987e-05
9.9860416785832518e-01 2.3702841221292177e-05
9.9862777014344495e-01 2.3501728225924740e-05
9.9865117131319714e-01 2.3300610497300547e-05
9.9867437136286907e-01 2.3099488068036948e-05
9.9869737028778816e-01 2.2898360996839016e-05
9.9872016808332287e-01 2.2697229307319379e-05
9.9874276474488177e-01 2.2496093049329729e-05
9.9876516026791406e-01 2.2294952264795413e-05
9.9878735464790969e-01 2.2093806981034733e-05
9.9880934788039855e-01 2.1892657259209948e-05
9.9883113996095174e-01 2.1691503117003804e-05
9.9885273088518023e-01 2.1490344614394427e-05
9.9887412064873593e-01 2.1289181781858997e-05
9.9889530924731118e-01 2.1088014656234009e-05
9.9891629667663862e-01 2.0886843288210894e-05
9.9893708293249162e-01 2.0685667713406267e-05
9.9895766801068397e-01 2.0484487974135880e-05
9.9897805190707001e-01 2.0283304112488923e-05
9.9899823461754467e-01 2.0082116162040570e-05
9.9901821613804331e-01 1.9880924163902526e-05
9.9903799646454172e-01 1.9679728166085309e-05
9.9905757559305641e-01 1.9478528201517561e-05
9.9907695351964421e-01 1.9277324318293719e-05
9.9909613024040256e-01 1.9076116556150567e-05
9.9911510575146956e-01 1.8874904946652850e-05
9.9913388004902359e-01 1.8673689537872929e-05
9.9915245312928380e-01 1.8472470361076933e-05
9.9917082498850951e-01 1.8271247472090344e-05
9.9918899562300090e-01 1.8070020903182019e-05
9.9920696502909856e-01 1.7868790693326056e-05
9.9922473320318361e-01 1.7667556883176466e-05
9.9924230014167770e-01 1.7466319512586567e-05
9.9925966584104287e-01 1.7265078631177502e-05
9.9927683029778192e-01 1.7063834271399233e-05
9.9929379350843806e-01 1.6862586474309152e-05
9.9931055546959502e-01 1.6661335282114428e-05
9.9932711617787717e-01 1.6460080728062349e-05
9.9934347562994919e-01 1.6258822864697245e-05
9.9935963382251647e-01 1.6057561726727442e-05
9.9937559075232485e-01 1.5856297359005287e-05
9.9939134641616090e-01 1.5655029787452641e-05
9.9940690081085137e-01 1.5453759069039554e-05
9.9942225393326378e-01 1.5252485241176048e-05
9.9943740578030626e-01 1.5051208332556652e-05
9.9945235634892715e-01 1.4849928403773811e-05
9.9946710563611574e-01 1.4648645475184129e-05
9.9948165363890151e-01 1.4447359599166968e-05
9.9949600035435460e-01 1.4246070820209637e-05
9.9951014577958575e-01 1.4044779172116015e-05
9.9952408991174624e-01 1.3843484691040732e-05
9.9953783274802788e-01 1.3642187413802241e-05
9.9955137428566276e-01 1.3440887402243507e-05
9.9956471452192397e-01 1.3239584673590753e-05
9.9957785345412475e-01 1.3038279282355702e-05
9.9959079107961901e-01 1.2836971273270344e-05
9.9960352739580138e-01 1.2635660668066450e-05
9.9961606240010681e-01 1.2434347515586992e-05
9.9962839609001075e-01 1.2233031867565257e-05
9.9964052846302931e-01 1.2031713764361242e-05
9.9965245951671933e-01 1.1830393223636759e-05
9.9966418924867784e-01 1.1629070304355414e-05
9.9967571765654262e-01 1.1427745041701103e-05
9.9968704473799197e-01 1.1226417473858985e-05
9.9969817049074461e-01 1.1025087654624021e-05
9.9970909491255999e-01 1.0823755614810650e-05
9.9971981800123810e-01 1.0622421385969662e-05
9.9973033975461933e-01 1.0421085018383776e-05
9.9974066017058461e-01 1.0219746565751760e-05
9.9975077924705569e-01 1.0018406040408847e-05
9.9976069698199455e-01 9.8170635027652032e-06
9.9977041337340389e-01 9.6157189879360608e-06
9.9977992841932695e-01 9.4143725328367135e-06
9.9978924211784737e-01 9.2130241962279423e-06
9.9979835446708964e-01 9.0116739910778591e-06
9.9980726546521859e-01 8.8103219675250206e-06
9.9981597511043951e-01 8.6089681810377232e-06
9.9982448340099850e-01 8.4076126575856380e-06
9.9983279033518213e-01 8.2062554258877931e-06
9.9984089591131731e-01 8.0048965583009515e-06
9.9984880012777178e-01 7.8035360768953917e-06
9.9985650298295370e-01 7.6021740280813000e-06
9.9986400447531187e-01 7.4008104446996820e-06
9.9987130460333562e-01 7.1994453655153130e-06
9.9987840336555478e-01 6.9980788358542568e-06
9.9988530076053972e-01 6.7967109118422650e-06
9.9989199678690166e-01 6.5953415862896531e-06
9.9989849144329190e-01 6.3939709555541441e-06
9.9990478472840261e-01 6.1925990571059868e-06
9.9991087664096667e-01 5.9912258873642258e-06
9.9991676717975730e-01 5.7898515040133769e-06
9.9992245634358834e-01 5.5884759520614513e-06
9.9992794413131414e-01 5.3870992960255419e-06
9.9993323054182981e-01 5.1857215640397496e-06
9.9993831557407109e-01 4.9843427709504495e-06
9.9994319922701425e-01 4.7829629582740222e-06
9.9994788149967606e-01 4.5815822005868288e-06
9.9995236239111418e-01 4.3802005159184999e-06
9.9995664190042677e-01 4.1788179736852772e-06
9.9996072002675296e-01 3.9774345645924579e-06
9.9996459676927241e-01 3.7760503647055031e-06
9.9996827212720585e-01 3.5746653779431982e-06
9.9997174609981476e-01 3.3732796968858885e-06
9.9997501868640193e-01 3.1718933545522650e-06
9.9997808988631154e-01 2.9705063754605989e-06
9.9998095969892953e-01 2.7691187897769496e-06
9.9998362812368413e-01 2.5677306531820042e-06
9.9998609516004688e-01 2.3663420303880401e-06
9.9998836080753439e-01 2.1649528764247779e-06
9.9999042506571056e-01 1.9635633866237306e-06
9.9999228793419248e-01 1.7621734979661344e-06
9.9999394941265962e-01 1.5607833787711225e-06
9.9999540950087518e-01 1.3593930325708731e-06
9.9999666819873312e-01 1.1580027169097905e-06
9.9999772550638077e-01 9.5661275849700694e-07
9.9999858142458620e-01 7.5522410291762294e-07
9.9999923595612106e-01 5.5384063899250485e-07
9.9999968911318227e-01 3.5248249481495569e-07
9.9999994099632838e-01 1.5142273672802960e-07
