-9.9999995482450721e-01 1.1593454969818269e-07
-9.9999976197302698e-01 2.6987443635883197e-07
-9.9999941501844225e-01 4.2404167163218622e-07
-9.9999891388374473e-01 5.7822884513671318e-07
-9.9999825855957258e-01 7.3241985720033621e-07
-9.9999744904377275e-01 8.8661185725444926e-07
-9.9999648533571883e-01 1.0408042876446023e-06
-9.9999536743525275e-01 1.1949966892560042e-06
-9.9999409534240280e-01 1.3491889789267654e-06
-9.9999266905729023e-01 1.5033812063908651e-06
-9.9999108858009322e-01 1.6575731429774817e-06
-9.9998935391103028e-01 1.8117649331603325e-06
-9.9998746505035341e-01 1.9659564119355617e-06
-9.9998542199834362e-01 2.1201475977525100e-06
-9.9998322475530910e-01 2.2743384457188921e-06
-9.9998087332158381e-01 2.4285289750210237e-06
-9.9997836769752702e-01 2.5827191139514921e-06
-9.9997570788352264e-01 2.7369088289691389e-06
-9.9997289387997879e-01 2.8910981787020392e-06
-9.9996992568732812e-01 3.0452870753432657e-06
-9.9996680330602739e-01 3.1994754513074484e-06
-9.9996352673655697e-01 3.3536633750636664e-06
-9.9996009597942159e-01 3.5078507754822465e-06
-9.9995651103514960e-01 3.6620376726245078e-06
-9.9995277190429366e-01 3.8162239418800870e-06
-9.9994887858742965e-01 3.9704096733501100e-06
-9.9994483108515786e-01 4.1245947635836472e-06
-9.9994062939810202e-01 4.2787792353728382e-06
-9.9993627352690995e-01 4.4329630288306156e-06
-9.9993176347225299e-01 4.5871461585369609e-06
-9.9992709923482659e-01 4.7413285596620111e-06
-9.9992228081534962e-01 4.8955102647961626e-06
-9.9991730821456515e-01 5.0496911968414196e-06
-9.9991218143323990e-01 5.2038713224047507e-06
-9.9990690047216402e-01 5.3580506873766365e-06
-9.9990146533215196e-01 5.5122292147682307e-06
-9.9989587601404173e-01 5.6664068845881285e-06
-9.9989013251869507e-01 5.8205836800042698e-06
-9.9988423484699762e-01 5.9747595674983183e-06
-9.9987818299985853e-01 6.1289345601001395e-06
-9.9987197697821117e-01 6.2831085862427644e-06
-9.9986561678301233e-01 6.4372816443342774e-06
-9.9985910241524267e-01 6.5914537130763037e-06
-9.9985243387590661e-01 6.7456247754968958e-06
-9.9984561116603243e-01 6.8997947947511767e-06
-9.9983863428667219e-01 7.0539637398534014e-06
-9.9983150323890146e-01 7.2081316198652697e-06
-9.9982421802382004e-01 7.3622983684857249e-06
-9.9981677864255114e-01 7.5164639816332144e-06
-9.9980918509624184e-01 7.6706284370328568e-06
-9.9980143738606297e-01 7.8247917142947381e-06
-9.9979353551320915e-01 7.9789537953434011e-06
-9.9978547947889895e-01 8.1331146289323701e-06
-9.9977726928437438e-01 8.2872742186361443e-06
-9.9976890493090154e-01 8.4414325176612764e-06
-9.9976038641976994e-01 8.5955895320858697e-06
-9.9975171375229333e-01 8.7497452037229825e-06
-9.9974288692980873e-01 8.9038995407788121e-06
-9.9973390595367739e-01 9.0580524891121815e-06
-9.9972477082528388e-01 9.2122040587179542e-06
-9.9971548154603695e-01 9.3663541997107583e-06
-9.9970603811736891e-01 9.5205028942251018e-06
-9.9969644054073581e-01 9.6746501254077262e-06
-9.9968668881761757e-01 9.8287958630293452e-06
-9.9967678294951789e-01 9.9829400790600427e-06
-9.9966672293796410e-01 1.0137082759161697e-05
-9.9965650878450729e-01 1.0291223891507917e-05
-9.9964614049072265e-01 1.0445363423221092e-05
-9.9963561805820877e-01 1.0599501344143933e-05
-9.9962494148858816e-01 1.0753637631657456e-05
-9.9961411078350715e-01 1.0907772250763148e-05
-9.9960312594463552e-01 1.1061905205073755e-05
-9.9959198697366725e-01 1.1216036449663109e-05
-9.9958069387231996e-01 1.1370165952902297e-05
-9.9956924664233471e-01 1.1524293720064367e-05
-9.9955764528547686e-01 1.1678419696885031e-05
-9.9954588980353509e-01 1.1832543877945406e-05
-9.9953398019832207e-01 1.1986666235005885e-05
-9.9952191647167410e-01 1.2140786750643016e-05
-9.9950969862545147e-01 1.2294905387086940e-05
-9.9949732666153801e-01 1.2449022128639313e-05
-9.9948480058184141e-01 1.2603136949323861e-05
-9.9947212038829314e-01 1.2757249823566956e-05
-9.9945928608284829e-01 1.2911360737479392e-05
-9.9944629766748594e-01 1.3065469655093153e-05
-9.9943315514420872e-01 1.3219576562852281e-05
-9.9941985851504322e-01 1.3373681426457728e-05
-9.9940640778203960e-01 1.3527784232764326e-05
-9.9939280294727195e-01 1.3681884947986106e-05
-9.9937904401283795e-01 1.3835983559383787e-05
-9.9936513098085922e-01 1.3990080033845382e-05
-9.9935106385348094e-01 1.4144174358561105e-05
-9.9933684263287237e-01 1.4298266491350945e-05
-9.9932246732122609e-01 1.4452356429097616e-05
-9.9930793792075889e-01 1.4606444130637253e-05
-9.9929325443371098e-01 1.4760529583038766e-05
-9.9927841686234642e-01 1.4914612763357789e-05
-9.9926342520895317e-01 1.5068693640596450e-05
-9.9924827947584283e-01 1.5222772192182717e-05
-9.9923297966535074e-01 1.5376848395718078e-05
-9.9921752577983591e-01 1.5530922237460883e-05
-9.9920191782168144e-01 1.5684993677027530e-05
-9.9918615579329395e-01 1.5839062691772162e-05
-9.9917023969710361e-01 1.5993129276103420e-05
-9.9915416953556480e-01 1.6147193389702797e-05
-9.9913794531115530e-01 1.6301255016852083e-05
-9.9912156702637689e-01 1.6455314126270854e-05
-9.9910503468375500e-01 1.6609370693730384e-05
-9.9908834828583859e-01 1.6763424711356455e-05
-9.9907150783520082e-01 1.6917476138413044e-05
-9.9905451333443840e-01 1.7071524949832762e-05
-9.9903736478617156e-01 1.7225571136492384e-05
-9.9902006219304451e-01 1.7379614672472590e-05
-9.9900260555772535e-01 1.7533655523765122e-05
-9.9898499488290582e-01 1.7687693664004290e-05
-9.9896723017130107e-01 1.7841729089271040e-05
-9.9894931142565058e-01 1.7995761756933011e-05
-9.9893123864871725e-01 1.8149791646237152e-05
-9.9891301184328762e-01 1.8303818744284417e-05
-9.9889463101217235e-01 1.8457843013973281e-05
-9.9887609615820550e-01 1.8611864441036441e-05
-9.9885740728424510e-01 1.8765882995082038e-05
-9.9883856439317276e-01 1.8919898659970653e-05
-9.9881956748789402e-01 1.9073911404321376e-05
-9.9880041657133800e-01 1.9227921210150880e-05
-9.9878111164645766e-01 1.9381928052193497e-05
-9.9876165271622974e-01 1.9535931903952462e-05
-9.9874203978365461e-01 1.9689932745634274e-05
-9.9872227285175663e-01 1.9843930542372564e-05
-9.9870235192358348e-01 1.9997925286283325e-05
-9.9868227700220691e-01 2.0151916947806622e-05
-9.9866204809072234e-01 2.0305905503708571e-05
-9.9864166519224906e-01 2.0459890922951040e-05
-9.9862112830992988e-01 2.0613873186635398e-05
-9.9860043744693139e-01 2.0767852276024768e-05
-9.9857959260644402e-01 2.0921828163559379e-05
-9.9855859379168199e-01 2.1075800821099928e-05
-9.9853744100588304e-01 2.1229770233003042e-05
-9.9851613425230890e-01 2.1383736369333784e-05
-9.9849467353424493e-01 2.1537699205548299e-05
-9.9847305885500004e-01 2.1691658728574234e-05
-9.9845129021790735e-01 2.1845614899296962e-05
-9.9842936762632328e-01 2.1999567702703160e-05
-9.9840729108362813e-01 2.2153517115992448e-05
-9.9838506059322596e-01 2.2307463115334644e-05
-9.9836267615854468e-01 2.2461405669848029e-05
-9.9834013778303565e-01 2.2615344765532922e-05
-9.9831744547017420e-01 2.2769280375271795e-05
-9.9829459922345942e-01 2.2923212470548107e-05
-9.9827159904641394e-01 2.3077141033359835e-05
-9.9824844494258436e-01 2.3231066033133268e-05
-9.9822513691554071e-01 2.3384987455326666e-05
-9.9820167496887702e-01 2.3538905272237971e-05
-9.9817805910621105e-01 2.3692819455033628e-05
-9.9815428933118411e-01 2.3846729985068011e-05
-9.9813036564746127e-01 2.4000636842610948e-05
-9.9810628805873147e-01 2.4154539999970137e-05
-9.9808205656870741e-01 2.4308439429023712e-05
-9.9805767118112532e-01 2.4462335110957122e-05
-9.9803313189974530e-01 2.4616227020057019e-05
-9.9800843872835110e-01 2.4770115134521114e-05
-9.9798359167075024e-01 2.4923999431462860e-05
-9.9795859073077409e-01 2.5077879880559492e-05
-9.9793343591227746e-01 2.5231756466464511e-05
-9.9790812721913913e-01 2.5385629161606662e-05
-9.9788266465526154e-01 2.5539497941954512e-05
-9.9785704822457089e-01 2.5693362782220378e-05
-9.9783127793101700e-01 2.5847223660430703e-05
-9.9780535377857338e-01 2.6001080558774330e-05
-9.9777927577123759e-01 2.6154933441382953e-05
-9.9775304391303044e-01 2.6308782297574972e-05
-9.9772665820799689e-01 2.6462627093385501e-05
-9.9770011866020536e-01 2.6616467809465991e-05
-9.9767342527374814e-01 2.6770304419068495e-05
-9.9764657805274104e-01 2.6924136904278274e-05
-9.9761957700132387e-01 2.7077965234899934e-05
-9.9759242212365984e-01 2.7231789394233405e-05
-9.9756511342393617e-01 2.7385609353991717e-05
-9.9753765090636370e-01 2.7539425088541934e-05
-9.9751003457517695e-01 2.7693236575925988e-05
-9.9748226443463406e-01 2.7847043796993778e-05
-9.9745434048901715e-01 2.8000846720967933e-05
-9.9742626274263180e-01 2.8154645329702069e-05
-9.9739803119980752e-01 2.8308439593580840e-05
-9.9736964586489729e-01 2.8462229495390159e-05
-9.9734110674227805e-01 2.8616015006792750e-05
-9.9731241383635016e-01 2.8769796110978680e-05
-9.9728356715153810e-01 2.8923572775610545e-05
-9.9725456669228985e-01 2.9077344975667684e-05
-9.9722541246307683e-01 2.9231112698116320e-05
-9.9719610446839457e-01 2.9384875913774768e-05
-9.9716664271276223e-01 2.9538634596259318e-05
-9.9713702720072261e-01 2.9692388721479176e-05
-9.9710725793684207e-01 2.9846138272650513e-05
-9.9707733492571093e-01 2.9999883221763811e-05
-9.9704725817194317e-01 3.0153623542972061e-05
-9.9701702768017642e-01 3.0307359213098539e-05
-9.9698664345507182e-01 3.0461090215627905e-05
-9.9695610550131475e-01 3.0614816514061356e-05
-9.9692541382361366e-01 3.0768538096248048e-05
-9.9689456842670110e-01 3.0922254934652734e-05
-9.9686356931533326e-01 3.1075967003970357e-05
-9.9683241649429000e-01 3.1229674280858025e-05
-9.9680110996837479e-01 3.1383376744264272e-05
-9.9676964974241500e-01 3.1537074366456752e-05
-9.9673803582126153e-01 3.1690767125883931e-05
-9.9670626820978891e-01 3.1844455003130817e-05
-9.9667434691289580e-01 3.1998137963622976e-05
-9.9664227193550392e-01 3.2151815995764147e-05
-9.9661004328255931e-01 3.2305489064677851e-05
-9.9657766095903111e-01 3.2459157158149073e-05
-9.9654512496991265e-01 3.2612820245028656e-05
-9.9651243532022082e-01 3.2766478299666439e-05
-9.9647959201499592e-01 3.2920131307015130e-05
-9.9644659505930244e-01 3.3073779232481688e-05
-9.9641344445822799e-01 3.3227422063999932e-05
-9.9638014021688448e-01 3.3381059766610617e-05
-9.9634668234040691e-01 3.3534692326887728e-05
-9.9631307083395448e-01 3.3688319713058735e-05
-9.9627930570270973e-01 3.3841941906778427e-05
-9.9624538695187903e-01 3.3995558883154649e-05
-9.9621131458669254e-01 3.4149170614345271e-05
-9.9617708861240384e-01 3.4302777082723721e-05
-9.9614270903429047e-01 3.4456378259299680e-05
-9.9610817585765343e-01 3.4609974124619517e-05
-9.9607348908781757e-01 3.4763564652739752e-05
-9.9603864873013126e-01 3.4917149822617987e-05
-9.9600365478996677e-01 3.5070729606753900e-05
-9.9596850727271991e-01 3.5224303982845840e-05
-9.9593320618381009e-01 3.5377872929520481e-05
-9.9589775152868065e-01 3.5531436418800833e-05
-9.9586214331279832e-01 3.5684994431810388e-05
-9.9582638154165382e-01 3.5838546938835454e-05
-9.9579046622076117e-01 3.5992093922622552e-05
-9.9575439735565840e-01 3.6145635355899301e-05
-9.9571817495190706e-01 3.6299171215727847e-05
-9.9568179901509235e-01 3.6452701480160752e-05
-9.9564526955082333e-01 3.6606226120853820e-05
-9.9560858656473250e-01 3.6759745117568779e-05
-9.9557175006247611e-01 3.6913258447231935e-05
-9.9553476004973407e-01 3.7066766087331241e-05
-9.9549761653221014e-01 3.7220268009122978e-05
-9.9546031951563152e-01 3.7373764191732961e-05
-9.9542286900574917e-01 3.7527254611146607e-05
-9.9538526500833768e-01 3.7680739244422965e-05
-9.9534750752919532e-01 3.7834218068794180e-05
-9.9530959657414408e-01 3.7987691058728715e-05
-9.9527153214902953e-01 3.8141158192766679e-05
-9.9523331425972106e-01 3.8294619442842767e-05
-9.9519494291211152e-01 3.8448074788467664e-05
-9.9515641811211741e-01 3.8601524209754555e-05
-9.9511773986567931e-01 3.8754967672844058e-05
-9.9507890817876077e-01 3.8908405165689201e-05
-9.9503992305734967e-01 3.9061836655465338e-05
-9.9500078450745710e-01 3.9215262123528330e-05
-9.9496149253511801e-01 3.9368681544905581e-05
-9.9492204714639099e-01 3.9522094894578386e-05
-9.9488244834735817e-01 3.9675502151389618e-05
-9.9484269614412546e-01 3.9828903290820654e-05
-9.9480279054282239e-01 3.9982298288885255e-05
-9.9476273154960215e-01 4.0135687121320143e-05
-9.9472251917064158e-01 4.0289069764302604e-05
-9.9468215341214106e-01 4.0442446197441662e-05
-9.9464163428032482e-01 4.0595816393495558e-05
-9.9460096178144064e-01 4.0749180328729785e-05
-9.9456013592175985e-01 4.0902537983066274e-05
-9.9451915670757762e-01 4.1055889329240715e-05
-9.9447802414521269e-01 4.1209234343551168e-05
-9.9443673824100731e-01 4.1362573005463744e-05
-9.9439529900132761e-01 4.1515905287859973e-05
-9.9435370643256316e-01 4.1669231169941693e-05
-9.9431196054112725e-01 4.1822550627548230e-05
-9.9427006133345686e-01 4.1975863636098858e-05
-9.9422800881601259e-01 4.2129170171040775e-05
-9.9418580299527859e-01 4.2282470210940869e-05
-9.9414344387776277e-01 4.2435763730475247e-05
-9.9410093146999656e-01 4.2589050707610055e-05
-9.9405826577853518e-01 4.2742331116465591e-05
-9.9401544680995724e-01 4.2895604937445035e-05
-9.9397247457086535e-01 4.3048872140869240e-05
-9.9392934906788533e-01 4.3202132709441049e-05
-9.9388607030766696e-01 4.3355386615728371e-05
-9.9384263829688357e-01 4.3508633835355774e-05
-9.9379905304223204e-01 4.3661874346115638e-05
-9.9375531455043287e-01 4.3815108125716910e-05
-9.9371142282823022e-01 4.3968335151102810e-05
-9.9366737788239201e-01 4.4121555395507437e-05
-9.9362317971970970e-01 4.4274768834666135e-05
-9.9357882834699829e-01 4.4427975447014767e-05
-9.9353432377109629e-01 4.4581175213075405e-05
-9.9348966599886634e-01 4.4734368100416131e-05
-9.9344485503719415e-01 4.4887554091574163e-05
-9.9339989089298930e-01 4.5040733161883887e-05
-9.9335477357318502e-01 4.5193905286001374e-05
-9.9330950308473798e-01 4.5347070443855798e-05
-9.9326407943462869e-01 4.5500228608501983e-05
-9.9321850262986122e-01 4.5653379755327694e-05
-9.9317277267746307e-01 4.5806523864559826e-05
-9.9312688958448558e-01 4.5959660909792062e-05
-9.9308085335800356e-01 4.6112790869460621e-05
-9.9303466400511553e-01 4.6265913718281516e-05
-9.9298832153294359e-01 4.6419029432728103e-05
-9.9294182594863334e-01 4.6572137991451728e-05
-9.9289517725935417e-01 4.6725239368977829e-05
-9.9284837547229909e-01 4.6878333538758300e-05
-9.9280142059468446e-01 4.7031420482133376e-05
-9.9275431263375047e-01 4.7184500173228872e-05
-9.9270705159676076e-01 4.7337572591048304e-05
-9.9265963749100283e-01 4.7490637707625992e-05
-9.9261207032378751e-01 4.7643695502302361e-05
-9.9256435010244948e-01 4.7796745947747088e-05
-9.9251647683434663e-01 4.7949789026625867e-05
-9.9246845052686083e-01 4.8102824711862056e-05
-9.9242027118739751e-01 4.8255852977948132e-05
-9.9237193882338548e-01 4.8408873803645964e-05
-9.9232345344227724e-01 4.8561887166552086e-05
-9.9227481505154902e-01 4.8714893039915395e-05
-9.9222602365870038e-01 4.8867891404212182e-05
-9.9217707927125487e-01 4.9020882229976209e-05
-9.9212798189675910e-01 4.9173865500202410e-05
-9.9207873154278381e-01 4.9326841185584264e-05
-9.9202932821692291e-01 4.9479809266131760e-05
-9.9197977192679410e-01 4.9632769717659871e-05
-9.9193006268003869e-01 4.9785722514525211e-05
-9.9188020048432135e-01 4.9938667637771215e-05
-9.9183018534733070e-01 5.0091605058522652e-05
-9.9178001727677856e-01 5.0244534757288393e-05
-9.9172969628040064e-01 5.0397456707663752e-05
-9.9167922236595607e-01 5.0550370886884398e-05
-9.9162859554122762e-01 5.0703277270375285e-05
-9.9157781581402149e-01 5.0856175837420026e-05
-9.9152688319216764e-01 5.1009066562910978e-05
-9.9147579768351957e-01 5.1161949422667424e-05
-9.9142455929595430e-01 5.1314824393159630e-05
-9.9137316803737252e-01 5.1467691449547589e-05
-9.9132162391569822e-01 5.1620550572713767e-05
-9.9126992693887928e-01 5.1773401736476605e-05
-9.9121807711488708e-01 5.1926244915650447e-05
-9.9116607445171645e-01 5.2079080088176136e-05
-9.9111391895738576e-01 5.2231907232841723e-05
-9.9106161063993725e-01 5.2384726321200638e-05
-9.9100914950743635e-01 5.2537537333344427e-05
-9.9095653556797236e-01 5.2690340242193034e-05
-9.9090376882965781e-01 5.2843135028928403e-05
-9.9085084930062906e-01 5.2995921667496599e-05
-9.9079777698904592e-01 5.3148700135218451e-05
-9.9074455190309185e-01 5.3301470407086930e-05
-9.9069117405097384e-01 5.3454232458612852e-05
-9.9063764344092231e-01 5.3606986268303316e-05
-9.9058396008119132e-01 5.3759731812594110e-05
-9.9053012398005846e-01 5.3912469068252896e-05
-9.9047613514582500e-01 5.4065198009768980e-05
-9.9042199358681549e-01 5.4217918617072268e-05
-9.9036769931137836e-01 5.4370630862814783e-05
-9.9031325232788536e-01 5.4523334724919189e-05
-9.9025865264473190e-01 5.4676030179047679e-05
-9.9020390027033678e-01 5.4828717203577856e-05
-9.9014899521314248e-01 5.4981395774456997e-05
-9.9009393748161512e-01 5.5134065865381309e-05
-9.9003872708424401e-01 5.5286727457545969e-05
-9.8998336402954246e-01 5.5439380522276743e-05
-9.8992784832604686e-01 5.5592025040922514e-05
-9.8987217998231747e-01 5.5744660987399899e-05
-9.8981635900693798e-01 5.5897288338073656e-05
-9.8976038540851563e-01 5.6049907069311032e-05
-9.8970425919568117e-01 5.6202517157349505e-05
-9.8964798037708879e-01 5.6355118580760403e-05
-9.8959154896141643e-01 5.6507711313238203e-05
-9.8953496495736537e-01 5.6660295332985209e-05
-9.8947822837366040e-01 5.6812870618079668e-05
-9.8942133921905007e-01 5.6965437141703031e-05
-9.8936429750230626e-01 5.7117994881415242e-05
-9.8930710323222448e-01 5.7270543812322700e-05
-9.8924975641762347e-01 5.7423083916079932e-05
-9.8919225706734604e-01 5.7575615162355968e-05
-9.8913460519025798e-01 5.7728137532282377e-05
-9.8907680079524896e-01 5.7880650999557783e-05
-9.8901884389123185e-01 5.8033155544348917e-05
-9.8896073448714339e-01 5.8185651139503996e-05
-9.8890247259194364e-01 5.8338137762039897e-05
-9.8884405821461607e-01 5.8490615390800334e-05
-9.8878549136416793e-01 5.8643083999502274e-05
-9.8872677204962967e-01 5.8795543568227418e-05
-9.8866790028005569e-01 5.8947994067232822e-05
-9.8860887606452330e-01 5.9100435479937701e-05
-9.8854969941213389e-01 5.9252867777853814e-05
-9.8849037033201193e-01 5.9405290940685495e-05
-9.8843088883330565e-01 5.9557704943111493e-05
-9.8837125492518674e-01 5.9710109761455380e-05
-9.8831146861685026e-01 5.9862505373291667e-05
-9.8825152991751486e-01 6.0014891755466987e-05
-9.8819143883642269e-01 6.0167268884418842e-05
-9.8813119538283944e-01 6.0319636735189168e-05
-9.8807079956605426e-01 6.0471995284702931e-05
-9.8801025139537979e-01 6.0624344508748576e-05
-9.8794955088015202e-01 6.0776684386821576e-05
-9.8788869802973067e-01 6.0929014892875147e-05
-9.8782769285349881e-01 6.1081336004503917e-05
-9.8776653536086312e-01 6.1233647695999063e-05
-9.8770522556125351e-01 6.1385949947413018e-05
-9.8764376346412364e-01 6.1538242733258114e-05
-9.8758214907895059e-01 6.1690526029160688e-05
-9.8752038241523477e-01 6.1842799814165562e-05
-9.8745846348250021e-01 6.1995064063839918e-05
-9.8739639229029452e-01 6.2147318752854582e-05
-9.8733416884818848e-01 6.2299563859937902e-05
-9.8727179316577673e-01 6.2451799360563570e-05
-9.8720926525267705e-01 6.2604025231166236e-05
-9.8714658511853082e-01 6.2756241449055662e-05
-9.8708375277300286e-01 6.2908447991405597e-05
-9.8702076822578166e-01 6.3060644831943737e-05
-9.8695763148657889e-01 6.3212831950477209e-05
-9.8689434256512976e-01 6.3365009321371475e-05
-9.8683090147119312e-01 6.3517176921744936e-05
-9.8676730821455116e-01 6.3669334727377289e-05
-9.8670356280500937e-01 6.3821482717944458e-05
-9.8663966525239710e-01 6.3973620865343911e-05
-9.8657561556656681e-01 6.4125749148402641e-05
-9.8651141375739448e-01 6.4277867544515008e-05
-9.8644705983477965e-01 6.4429976029550641e-05
-9.8638255380864526e-01 6.4582074579791005e-05
-9.8631789568893768e-01 6.4734163172210898e-05
-9.8625308548562673e-01 6.4886241784179810e-05
-9.8618812320870586e-01 6.5038310389416571e-05
-9.8612300886819171e-01 6.5190368966294804e-05
-9.8605774247412448e-01 6.5342417491350992e-05
-9.8599232403656778e-01 6.5494455941594328e-05
-9.8592675356560877e-01 6.5646484292312919e-05
-9.8586103107135792e-01 6.5798502521118436e-05
-9.8579515656394923e-01 6.5950510603896584e-05
-9.8572913005354013e-01 6.6102508516823131e-05
-9.8566295155031136e-01 6.6254496238313970e-05
-9.8559662106446722e-01 6.6406473744808222e-05
-9.8553013860623551e-01 6.6558441011096547e-05
-9.8546350418586737e-01 6.6710398013963371e-05
-9.8539671781363736e-01 6.6862344730456594e-05
-9.8532977949984346e-01 6.7014281137552859e-05
-9.8526268925480720e-01 6.7166207210360483e-05
-9.8519544708887330e-01 6.7318122928023509e-05
-9.8512805301241013e-01 6.7470028265513427e-05
-9.8506050703580939e-01 6.7621923200078405e-05
-9.8499280916948628e-01 6.7773807706560492e-05
-9.8492495942387925e-01 6.7925681763938840e-05
-9.8485695780945037e-01 6.8077545347024069e-05
-9.8478880433668503e-01 6.8229398432315651e-05
-9.8472049901609193e-01 6.8381240998370181e-05
-9.8465204185820343e-01 6.8533073019467198e-05
-9.8458343287357508e-01 6.8684894473469368e-05
-9.8451467207278587e-01 6.8836705338139420e-05
-9.8444575946643842e-01 6.8988505586976809e-05
-9.8437669506515846e-01 6.9140295199001425e-05
-9.8430747887959535e-01 6.9292074149062433e-05
-9.8423811092042168e-01 6.9443842415387264e-05
-9.8416859119833355e-01 6.9595599973967034e-05
-9.8409891972405039e-01 6.9747346802261613e-05
-9.8402909650831516e-01 6.9899082875371838e-05
-9.8395912156189413e-01 7.0050808169756996e-05
-9.8388899489557691e-01 7.0202522663331644e-05
-9.8381871652017661e-01 7.0354226331615610e-05
-9.8374828644652956e-01 7.0505919153262240e-05
-9.8367770468549587e-01 7.0657601100691803e-05
-9.8360697124795848e-01 7.0809272155171167e-05
-9.8353608614482413e-01 7.0960932291663802e-05
-9.8346504938702284e-01 7.1112581486343850e-05
-9.8339386098550807e-01 7.1264219714524068e-05
-9.8332252095125650e-01 7.1415846954843301e-05
-9.8325102929526831e-01 7.1567463183072058e-05
-9.8317938602856692e-01 7.1719068378000279e-05
-9.8310759116219948e-01 7.1870662512086479e-05
-9.8303564470723603e-01 7.2022245566113433e-05
-9.8296354667477048e-01 7.2173817512663632e-05
-9.8289129707591960e-01 7.2325378332711374e-05
-9.8281889592182403e-01 7.2476927998829760e-05
-9.8274634322364740e-01 7.2628466490238714e-05
-9.8267363899257687e-01 7.2779993782973613e-05
-9.8260078323982303e-01 7.2931509852389485e-05
-9.8252777597661956e-01 7.3083014678339536e-05
-9.8245461721422389e-01 7.3234508233852271e-05
-9.8238130696391657e-01 7.3385990496573056e-05
-9.8230784523700143e-01 7.3537461444910966e-05
-9.8223423204480587e-01 7.3688921054103243e-05
-9.8216046739868057e-01 7.3840369300189263e-05
-9.8208655130999944e-01 7.3991806161749678e-05
-9.8201248379015993e-01 7.4143231614137996e-05
-9.8193826485058278e-01 7.4294645633432693e-05
-9.8186389450271194e-01 7.4446048197951786e-05
-9.8178937275801503e-01 7.4597439281252342e-05
-9.8171469962798252e-01 7.4748818864415006e-05
-9.8163987512412876e-01 7.4900186920086700e-05
-9.8156489925799095e-01 7.5051543428527814e-05
-9.8148977204113008e-01 7.5202888363178134e-05
-9.8141449348513021e-01 7.5354221701408720e-05
-9.8133906360159862e-01 7.5505543422770653e-05
-9.8126348240216632e-01 7.5656853499993495e-05
-9.8118774989848734e-01 7.5808151911266989e-05
-9.8111186610223899e-01 7.5959438635330812e-05
-9.8103583102512226e-01 7.6110713645494670e-05
-9.8095964467886121e-01 7.6261976919062092e-05
-9.8088330707520310e-01 7.6413228435049836e-05
-9.8080681822591886e-01 7.6564468167545862e-05
-9.8073017814280239e-01 7.6715696095815890e-05
-9.8065338683767123e-01 7.6866912193998755e-05
-9.8057644432236601e-01 7.7018116439826138e-05
-9.8049935060875082e-01 7.7169308809269503e-05
-9.8042210570871280e-01 7.7320489281716215e-05
-9.8034470963416287e-01 7.7471657829715943e-05
-9.8026716239703482e-01 7.7622814432460650e-05
-9.8018946400928586e-01 7.7773959067545516e-05
-9.8011161448289663e-01 7.7925091710523355e-05
-9.8003361382987109e-01 7.8076212336966277e-05
-9.7995546206223638e-01 7.8227320923739536e-05
-9.7987715919204288e-01 7.8378417449506495e-05
-9.7979870523136436e-01 7.8529501890689429e-05
-9.7972010019229805e-01 7.8680574222014406e-05
-9.7964134408696424e-01 7.8831634421073121e-05
-9.7956243692750655e-01 7.8982682465306419e-05
-9.7948337872609192e-01 7.9133718331755301e-05
-9.7940416949491071e-01 7.9284741995298857e-05
-9.7932480924617638e-01 7.9435753433914664e-05
-9.7924529799212578e-01 7.9586752623349974e-05
-9.7916563574501891e-01 7.9737739542419436e-05
-9.7908582251713927e-01 7.9888714165867806e-05
-9.7900585832079345e-01 8.0039676471413402e-05
-9.7892574316831149e-01 8.0190626434509561e-05
-9.7884547707204650e-01 8.0341564033448970e-05
-9.7876506004437502e-01 8.0492489244163087e-05
-9.7868449209769692e-01 8.0643402041971390e-05
-9.7860377324443504e-01 8.0794302406608353e-05
-9.7852290349703575e-01 8.0945190313677854e-05
-9.7844188286796874e-01 8.1096065738147752e-05
-9.7836071136972669e-01 8.1246928659209699e-05
-9.7827938901482581e-01 8.1397779051937334e-05
-9.7819791581580540e-01 8.1548616893968538e-05
-9.7811629178522808e-01 8.1699442162078075e-05
-9.7803451693567978e-01 8.1850254832192848e-05
-9.7795259127976952e-01 8.2001054882710806e-05
-9.7787051483012988e-01 8.2151842287754809e-05
-9.7778828759941638e-01 8.2302617025486734e-05
-9.7770590960030790e-01 8.2453379073083949e-05
-9.7762338084550648e-01 8.2604128408360399e-05
-9.7754070134773774e-01 8.2754865004912385e-05
-9.7745787111975013e-01 8.2905588841733260e-05
-9.7737489017431556e-01 8.3056299895164541e-05
-9.7729175852422911e-01 8.3206998142061451e-05
-9.7720847618230922e-01 8.3357683558197562e-05
-9.7712504316139737e-01 8.3508356121378508e-05
-9.7704145947435839e-01 8.3659015808219730e-05
-9.7695772513408030e-01 8.3809662595832920e-05
-9.7687384015347445e-01 8.3960296459992855e-05
-9.7678980454547526e-01 8.4110917378554706e-05
-9.7670561832304048e-01 8.4261525327954828e-05
-9.7662128149915117e-01 8.4412120283415489e-05
-9.7653679408681127e-01 8.4562702225179882e-05
-9.7645215609904845e-01 8.4713271125799858e-05
-9.7636736754891307e-01 8.4863826965861258e-05
-9.7628242844947910e-01 8.5014369719880317e-05
-9.7619733881384363e-01 8.5164899364126127e-05
-9.7611209865512671e-01 8.5315415878041835e-05
-9.7602670798647195e-01 8.5465919236517928e-05
-9.7594116682104592e-01 8.5616409417583333e-05
-9.7585547517203863e-01 8.5766886396211684e-05
-9.7576963305266318e-01 8.5917350148911531e-05
-9.7568364047615563e-01 8.6067800655314171e-05
-9.7559749745577562e-01 8.6218237890244118e-05
-9.7551120400480573e-01 8.6368661831670994e-05
-9.7542476013655199e-01 8.6519072454220049e-05
-9.7533816586434330e-01 8.6669469737148043e-05
-9.7525142120153197e-01 8.6819853656314497e-05
-9.7516452616149352e-01 8.6970224187478764e-05
-9.7507748075762646e-01 8.7120581309270718e-05
-9.7499028500335272e-01 8.7270924996921964e-05
-9.7490293891211721e-01 8.7421255228421150e-05
-9.7481544249738816e-01 8.7571571980031595e-05
-9.7472779577265689e-01 8.7721875229075937e-05
-9.7463999875143792e-01 8.7872164952604556e-05
-9.7455205144726909e-01 8.8022441125719386e-05
-9.7446395387371121e-01 8.8172703726173995e-05
-9.7437570604434831e-01 8.8322952731241853e-05
-9.7428730797278762e-01 8.8473188117615525e-05
-9.7419875967265945e-01 8.8623409863211535e-05
-9.7411006115761756e-01 8.8773617942164112e-05
-9.7402121244133855e-01 8.8923812332762894e-05
-9.7393221353752224e-01 8.9073993012548145e-05
-9.7384306445989177e-01 8.9224159957100975e-05
-9.7375376522219326e-01 8.9374313144204078e-05
-9.7366431583819602e-01 8.9524452551028192e-05
-9.7357471632169268e-01 8.9674578152629974e-05
-9.7348496668649875e-01 8.9824689927664044e-05
-9.7339506694645306e-01 8.9974787852618109e-05
-9.7330501711541761e-01 9.0124871903305502e-05
-9.7321481720727732e-01 9.0274942058943776e-05
-9.7312446723594059e-01 9.0424998293660018e-05
-9.7303396721533875e-01 9.0575040585175309e-05
-9.7294331715942628e-01 9.0725068910112178e-05
-9.7285251708218068e-01 9.0875083247305967e-05
-9.7276156699760286e-01 9.1025083571683160e-05
-9.7267046691971670e-01 9.1175069860145562e-05
-9.7257921686256921e-01 9.1325042089943005e-05
-9.7248781684023045e-01 9.1475000238892010e-05
-9.7239626686679381e-01 9.1624944282231335e-05
-9.7230456695637568e-01 9.1774874197126234e-05
-9.7221271712311541e-01 9.1924789962443478e-05
-9.7212071738117578e-01 9.2074691553051098e-05
-9.7202856774474256e-01 9.2224578945536385e-05
-9.7193626822802448e-01 9.2374452118300501e-05
-9.7184381884525362e-01 9.2524311046989920e-05
-9.7175121961068489e-01 9.2674155710347042e-05
-9.7165847053859666e-01 9.2823986082980558e-05
-9.7156557164329016e-01 9.2973802142581029e-05
-9.7147252293908970e-01 9.3123603866882723e-05
-9.7137932444034281e-01 9.3273391232310315e-05
-9.7128597616142009e-01 9.3423164215341835e-05
-9.7119247811671527e-01 9.3572922792537998e-05
-9.7109883032064503e-01 9.3722666941860810e-05
-9.7100503278764927e-01 9.3872396639697674e-05
-9.7091108553219096e-01 9.4022111862609035e-05
-9.7081698856875609e-01 9.4171812588375551e-05
-9.7072274191185381e-01 9.4321498793221943e-05
-9.7062834557601629e-01 9.4471170454727316e-05
-9.7053379957579877e-01 9.4620827550266309e-05
-9.7043910392577981e-01 9.4770470054179109e-05
-9.7034425864056062e-01 9.4920097946235547e-05
-9.7024926373476583e-01 9.5069711201825656e-05
-9.7015411922304295e-01 9.5219309798699468e-05
-9.7005882512006270e-01 9.5368893712971845e-05
-9.6996338144051875e-01 9.5518462921940556e-05
-9.6986778819912789e-01 9.5668017402357339e-05
-9.6977204541062989e-01 9.5817557132100539e-05
-9.6967615308978772e-01 9.5967082087154346e-05
-9.6958011125138732e-01 9.6116592244533118e-05
-9.6948391991023763e-01 9.6266087582122425e-05
-9.6938757908117079e-01 9.6415568075903461e-05
-9.6929108877904191e-01 9.6565033702773558e-05
-9.6919444901872920e-01 9.6714484438941987e-05
-9.6909765981513363e-01 9.6863920264375159e-05
-9.6900072118317970e-01 9.7013341152752669e-05
-9.6890363313781458e-01 9.7162747082657228e-05
-9.6880639569400862e-01 9.7312138030667428e-05
-9.6870900886675515e-01 9.7461513974004545e-05
-9.6861147267107062e-01 9.7610874889213033e-05
-9.6851378712199443e-01 9.7760220753364399e-05
-9.6841595223458909e-01 9.7909551542886111e-05
-9.6831796802393988e-01 9.8058867237326130e-05
-9.6821983450515559e-01 9.8208167810117560e-05
-9.6812155169336755e-01 9.8357453240510533e-05
-9.6802311960373044e-01 9.8506723504195677e-05
-9.6792453825142166e-01 9.8655978580098298e-05
-9.6782580765164206e-01 9.8805218441983469e-05
-9.6772692781961489e-01 9.8954443070907764e-05
-9.6762789877058708e-01 9.9103652440113806e-05
-9.6752872051982808e-01 9.9252846528503631e-05
-9.6742939308263043e-01 9.9402025314047497e-05
-9.6732991647430999e-01 9.9551188770914518e-05
-9.6723029071020517e-01 9.9700336878814298e-05
-9.6713051580567777e-01 9.9849469612394394e-05
-9.6703059177611228e-01 9.9998586950471476e-05
-9.6693051863691637e-01 1.0014768886926911e-04
-9.6683029640352058e-01 1.0029677534658254e-04
-9.6672992509137867e-01 1.0044584635758058e-04
-9.6662940471596703e-01 1.0059490188145784e-04
-9.6652873529278527e-01 1.0074394189483184e-04
-9.6642791683735607e-01 1.0089296637308340e-04
-9.6632694936522490e-01 1.0104197529403330e-04
-9.6622583289196007e-01 1.0119096863689479e-04
-9.6612456743315345e-01 1.0133994637422504e-04
-9.6602315300441910e-01 1.0148890848762549e-04
-9.6592158962139474e-01 1.0163785495072223e-04
-9.6581987729974050e-01 1.0178678574360126e-04
-9.6571801605513996e-01 1.0193570084070792e-04
-9.6561600590329943e-01 1.0208460021916577e-04
-9.6551384685994801e-01 1.0223348385821873e-04
-9.6541153894083809e-01 1.0238235173306984e-04
-9.6530908216174482e-01 1.0253120382121374e-04
-9.6520647653846636e-01 1.0268004009975561e-04
-9.6510372208682382e-01 1.0282886054547463e-04
-9.6500081882266120e-01 1.0297766513606814e-04
-9.6489776676184558e-01 1.0312645384751079e-04
-9.6479456592026680e-01 1.0327522665794398e-04
-9.6469121631383781e-01 1.0342398354369185e-04
-9.6458771795849430e-01 1.0357272448319931e-04
-9.6448407087019516e-01 1.0372144945185795e-04
-9.6438027506492208e-01 1.0387015842696966e-04
-9.6427633055867956e-01 1.0401885138661841e-04
-9.6417223736749524e-01 1.0416752830697839e-04
-9.6406799550741962e-01 1.0431618916488206e-04
-9.6396360499452594e-01 1.0446483393901193e-04
-9.6385906584491066e-01 1.0461346260484012e-04
-9.6375437807469300e-01 1.0476207513965410e-04
-9.6364954170001504e-01 1.0491067152131243e-04
-9.6354455673704187e-01 1.0505925172679211e-04
-9.6343942320196152e-01 1.0520781573239268e-04
-9.6333414111098481e-01 1.0535636351605325e-04
-9.6322871048034564e-01 1.0550489505363879e-04
-9.6312313132630056e-01 1.0565341032383108e-04
-9.6301740366512933e-01 1.0580190930196598e-04
-9.6291152751313425e-01 1.0595039196740760e-04
-9.6280550288664091e-01 1.0609885829491409e-04
-9.6269932980199746e-01 1.0624730826311949e-04
-9.6259300827557515e-01 1.0639574184852066e-04
-9.6248653832376796e-01 1.0654415902888449e-04
-9.6237991996299288e-01 1.0669255978114556e-04
-9.6227315320968987e-01 1.0684094408097972e-04
-9.6216623808032142e-01 1.0698931190795640e-04
-9.6205917459137336e-01 1.0713766323675955e-04
-9.6195196275935402e-01 1.0728599804593565e-04
-9.6184460260079474e-01 1.0743431631266688e-04
-9.6173709413224973e-01 1.0758261801431923e-04
-9.6162943737029616e-01 1.0773090312687752e-04
-9.6152163233153398e-01 1.0787917162757173e-04
-9.6141367903258590e-01 1.0802742349473638e-04
-9.6130557749009771e-01 1.0817565870420907e-04
-9.6119732772073785e-01 1.0832387723411864e-04
-9.6108892974119775e-01 1.0847207906115399e-04
-9.6098038356819171e-01 1.0862026416187060e-04
-9.6087168921845667e-01 1.0876843251502596e-04
-9.6076284670875267e-01 1.0891658409669584e-04
-9.6065385605586251e-01 1.0906471888390694e-04
-9.6054471727659185e-01 1.0921283685335317e-04
-9.6043543038776902e-01 1.0936093798391559e-04
-9.6032599540624541e-01 1.0950902225153342e-04
-9.6021641234889521e-01 1.0965708963309153e-04
-9.6010668123261533e-01 1.0980514010628360e-04
-9.5999680207432547e-01 1.0995317364945089e-04
-9.5988677489096852e-01 1.1010119023700464e-04
-9.5977659969950968e-01 1.1024918984874939e-04
-9.5966627651693737e-01 1.1039717246032989e-04
-9.5955580536026264e-01 1.1054513804942329e-04
-9.5944518624651931e-01 1.1069308659413814e-04
-9.5933441919276430e-01 1.1084101806973084e-04
-9.5922350421607705e-01 1.1098893245426148e-04
-9.5911244133355988e-01 1.1113682972523623e-04
-9.5900123056233788e-01 1.1128470986062652e-04
-9.5888987191955921e-01 1.1143257283529944e-04
-9.5877836542239447e-01 1.1158041862813541e-04
-9.5866671108803725e-01 1.1172824721605448e-04
-9.5855490893370376e-01 1.1187605857754826e-04
-9.5844295897663345e-01 1.1202385268680956e-04
-9.5833086123408806e-01 1.1217162952291917e-04
-9.5821861572335221e-01 1.1231938906418170e-04
-9.5810622246173360e-01 1.1246713128570357e-04
-9.5799368146656250e-01 1.1261485616505696e-04
-9.5788099275519190e-01 1.1276256368008311e-04
-9.5776815634499757e-01 1.1291025380882498e-04
-9.5765517225337826e-01 1.1305792652713072e-04
-9.5754204049775538e-01 1.1320558181210283e-04
-9.5742876109557296e-01 1.1335321964214979e-04
-9.5731533406429803e-01 1.1350083999348858e-04
-9.5720175942142027e-01 1.1364844284339673e-04
-9.5708803718445201e-01 1.1379602817044004e-04
-9.5697416737092855e-01 1.1394359595080376e-04
-9.5686014999840796e-01 1.1409114616060591e-04
-9.5674598508447073e-01 1.1423867877944187e-04
-9.5663167264672044e-01 1.1438619378329932e-04
-9.5651721270278334e-01 1.1453369114917229e-04
-9.5640260527030829e-01 1.1468117085511229e-04
-9.5628785036696706e-01 1.1482863287778435e-04
-9.5617294801045405e-01 1.1497607719481993e-04
-9.5605789821848641e-01 1.1512350378355729e-04
-9.5594270100880407e-01 1.1527091262117973e-04
-9.5582735639916983e-01 1.1541830368333198e-04
-9.5571186440736877e-01 1.1556567694995195e-04
-9.5559622505120911e-01 1.1571303239720206e-04
-9.5548043834852170e-01 1.1586037000200208e-04
-9.5536450431716002e-01 1.1600768974201176e-04
-9.5524842297500034e-01 1.1615499159443386e-04
-9.5513219433994168e-01 1.1630227553602967e-04
-9.5501581842990557e-01 1.1644954154537127e-04
-9.5489929526283657e-01 1.1659678959819846e-04
-9.5478262485670162e-01 1.1674401967313726e-04
-9.5466580722949057e-01 1.1689123174706021e-04
-9.5454884239921600e-01 1.1703842579637983e-04
-9.5443173038391294e-01 1.1718560180004633e-04
-9.5431447120163937e-01 1.1733275973432936e-04
-9.5419706487047595e-01 1.1747989957578423e-04
-9.5407951140852576e-01 1.1762702130370558e-04
-9.5396181083391496e-01 1.1777412489326744e-04
-9.5384396316479203e-01 1.1792121032332853e-04
-9.5372596841932833e-01 1.1806827757095958e-04
-9.5360782661571786e-01 1.1821532661338214e-04
-9.5348953777217726e-01 1.1836235742812740e-04
-9.5337110190694607e-01 1.1850936999087202e-04
-9.5325251903828601e-01 1.1865636428175047e-04
-9.5313378918448199e-01 1.1880334027570012e-04
-9.5301491236384128e-01 1.1895029795105779e-04
-9.5289588859469387e-01 1.1909723728518589e-04
-9.5277671789539242e-01 1.1924415825559889e-04
-9.5265740028431234e-01 1.1939106083876338e-04
-9.5253793577985146e-01 1.1953794501335251e-04
-9.5241832440043062e-01 1.1968481075479970e-04
-9.5229856616449282e-01 1.1983165804286886e-04
-9.5217866109050420e-01 1.1997848685298651e-04
-9.5205860919695318e-01 1.2012529716370997e-04
-9.5193841050235106e-01 1.2027208895136177e-04
-9.5181806502523159e-01 1.2041886219431187e-04
-9.5169757278415124e-01 1.2056561686966996e-04
-9.5157693379768915e-01 1.2071235295445831e-04
-9.5145614808444701e-01 1.2085907042639981e-04
-9.5133521566304924e-01 1.2100576926211622e-04
-9.5121413655214271e-01 1.2115244943994663e-04
-9.5109291077039715e-01 1.2129911093590184e-04
-9.5097153833650450e-01 1.2144575372988742e-04
-9.5085001926917978e-01 1.2159237779726478e-04
-9.5072835358716046e-01 1.2173898311512015e-04
-9.5060654130920641e-01 1.2188556966228788e-04
-9.5048458245410039e-01 1.2203213741555628e-04
-9.5036247704064747e-01 1.2217868635240253e-04
-9.5024022508767569e-01 1.2232521644965784e-04
-9.5011782661403532e-01 1.2247172768597433e-04
-9.4999528163859959e-01 1.2261822003673776e-04
-9.4987259018026393e-01 1.2276469348094279e-04
-9.4974975225794656e-01 1.2291114799606055e-04
-9.4962676789058820e-01 1.2305758355992582e-04
-9.4950363709715246e-01 1.2320400014759677e-04
-9.4938035989662506e-01 1.2335039773881217e-04
-9.4925693630801455e-01 1.2349677631049385e-04
-9.4913336635035217e-01 1.2364313583880171e-04
-9.4900965004269133e-01 1.2378947630336192e-04
-9.4888578740410845e-01 1.2393579767993549e-04
-9.4876177845370235e-01 1.2408209994549770e-04
-9.4863762321059419e-01 1.2422838307932124e-04
-9.4851332169392799e-01 1.2437464705786767e-04
-9.4838887392287019e-01 1.2452089185866435e-04
-9.4826427991660978e-01 1.2466711745942385e-04
-9.4813953969435827e-01 1.2481332383797508e-04
-9.4801465327534995e-01 1.2495951097010662e-04
-9.4788962067884142e-01 1.2510567883378441e-04
-9.4776444192411169e-01 1.2525182740801406e-04
-9.4763911703046255e-01 1.2539795666966912e-04
-9.4751364601721844e-01 1.2554406659468463e-04
-9.4738802890372598e-01 1.2569015716190152e-04
-9.4726226570935446e-01 1.2583622834912991e-04
-9.4713635645349581e-01 1.2598228013297082e-04
-9.4701030115556439e-01 1.2612831249091727e-04
-9.4688409983499711e-01 1.2627432540033374e-04
-9.4675775251125316e-01 1.2642031884043195e-04
-9.4663125920381475e-01 1.2656629278607627e-04
-9.4650461993218604e-01 1.2671224721698797e-04
-9.4637783471589421e-01 1.2685818210856207e-04
-9.4625090357448838e-01 1.2700409744088859e-04
-9.4612382652754079e-01 1.2714999318876277e-04
-9.4599660359464566e-01 1.2729586933163636e-04
-9.4586923479541996e-01 1.2744172584650180e-04
-9.4574172014950320e-01 1.2758756271000579e-04
-9.4561405967655709e-01 1.2773337990137104e-04
-9.4548625339626624e-01 1.2787917739628862e-04
-9.4535830132833742e-01 1.2802495517296738e-04
-9.4523020349249987e-01 1.2817071321019700e-04
-9.4510195990850565e-01 1.2831645148308438e-04
-9.4497357059612885e-01 1.2846216997122837e-04
-9.4484503557516641e-01 1.2860786865064098e-04
-9.4471635486543737e-01 1.2875354750065785e-04
-9.4458752848678362e-01 1.2889920649699932e-04
-9.4445855645906929e-01 1.2904484561765858e-04
-9.4432943880218090e-01 1.2919046484099746e-04
-9.4420017553602764e-01 1.2933606414353629e-04
-9.4407076668054091e-01 1.2948164350406471e-04
-9.4394121225567484e-01 1.2962720289860829e-04
-9.4381151228140570e-01 1.2977274230634126e-04
-9.4368166677773246e-01 1.2991826170361153e-04
-9.4355167576467647e-01 1.3006376106786881e-04
-9.4342153926228134e-01 1.3020924037759923e-04
-9.4329125729061325e-01 1.3035469961048416e-04
-9.4316082986976091e-01 1.3050013874312813e-04
-9.4303025701983534e-01 1.3064555775324366e-04
-9.4289953876096999e-01 1.3079095661840736e-04
-9.4276867511332063e-01 1.3093633531725574e-04
-9.4263766609706567e-01 1.3108169382630545e-04
-9.4250651173240585e-01 1.3122703212299435e-04
-9.4237521203956420e-01 1.3137235018555814e-04
-9.4224376703878621e-01 1.3151764799215719e-04
-9.4211217675033998e-01 1.3166292551877138e-04
-9.4198044119451574e-01 1.3180818274408790e-04
-9.4184856039162623e-01 1.3195341964561638e-04
-9.4171653436200664e-01 1.3209863620056728e-04
-9.4158436312601446e-01 1.3224383238685721e-04
-9.4145204670402960e-01 1.3238900818212033e-04
-9.4131958511645430e-01 1.3253416356453230e-04
-9.4118697838371346e-01 1.3267929851002109e-04
-9.4105422652625392e-01 1.3282441299794192e-04
-9.4092132956454533e-01 1.3296950700438705e-04
-9.4078828751907928e-01 1.3311458050881922e-04
-9.4065510041037015e-01 1.3325963348731024e-04
-9.4052176825895439e-01 1.3340466591836841e-04
-9.4038829108539101e-01 1.3354967777895712e-04
-9.4025466891026122e-01 1.3369466904741758e-04
-9.4012090175416874e-01 1.3383963970054386e-04
-9.3998698963773952e-01 1.3398458971646134e-04
-9.3985293258162184e-01 1.3412951907356834e-04
-9.3971873060648647e-01 1.3427442774866506e-04
-9.3958438373302655e-01 1.3441931571882016e-04
-9.3944989198195727e-01 1.3456418296320364e-04
-9.3931525537401650e-01 1.3470902945841683e-04
-9.3918047392996429e-01 1.3485385518208944e-04
-9.3904554767058290e-01 1.3499866011299053e-04
-9.3891047661667726e-01 1.3514344422722299e-04
-9.3877526078907425e-01 1.3528820750375949e-04
-9.3863990020862331e-01 1.3543294991976579e-04
-9.3850439489619619e-01 1.3557767145245397e-04
-9.3836874487268684e-01 1.3572237207998917e-04
-9.3823295015901154e-01 1.3586705178052959e-04
-9.3809701077610896e-01 1.3601171053127071e-04
-9.3796092674494014e-01 1.3615634830927909e-04
-9.3782469808648816e-01 1.3630096509347915e-04
-9.3768832482175868e-01 1.3644556086071113e-04
-9.3755180697177942e-01 1.3659013558963746e-04
-9.3741514455760078e-01 1.3673468925584520e-04
-9.3727833760029489e-01 1.3687922183944887e-04
-9.3714138612095654e-01 1.3702373331750625e-04
-9.3700429014070286e-01 1.3716822366681026e-04
-9.3686704968067303e-01 1.3731269286580607e-04
-9.3672966476202857e-01 1.3745714089248811e-04
-9.3659213540595343e-01 1.3760156772367149e-04
-9.3645446163365365e-01 1.3774597333769876e-04
-9.3631664346635757e-01 1.3789035771239757e-04
-9.3617868092531586e-01 1.3803472082530568e-04
-9.3604057403180141e-01 1.3817906265436165e-04
-9.3590232280710939e-01 1.3832338317700560e-04
-9.3576392727255719e-01 1.3846768237123290e-04
-9.3562538744948454e-01 1.3861196021435547e-04
-9.3548670335925332e-01 1.3875621668411133e-04
-9.3534787502324757e-01 1.3890045175955074e-04
-9.3520890246287380e-01 1.3904466541721409e-04
-9.3506978569956067e-01 1.3918885763482961e-04
-9.3493052475475902e-01 1.3933302839049132e-04
-9.3479111964994199e-01 1.3947717766146550e-04
-9.3465157040660485e-01 1.3962130542624000e-04
-9.3451187704626515e-01 1.3976541166249999e-04
-9.3437203959046267e-01 1.3990949634811456e-04
-9.3423205806075937e-01 1.4005355946104488e-04
-9.3409193247873967e-01 1.4019760097755754e-04
-9.3395166286600972e-01 1.4034162087757159e-04
-9.3381124924419834e-01 1.4048561913745095e-04
-9.3367069163495642e-01 1.4062959573445490e-04
-9.3352999005995674e-01 1.4077355064858065e-04
-9.3338914454089472e-01 1.4091748385610525e-04
-9.3324815509948778e-01 1.4106139533505616e-04
-9.3310702175747562e-01 1.4120528506249446e-04
-9.3296574453661985e-01 1.4134915301801713e-04
-9.3282432345870459e-01 1.4149299917841842e-04
-9.3268275854553606e-01 1.4163682352116025e-04
-9.3254104981894259e-01 1.4178062602439033e-04
-9.3239919730077470e-01 1.4192440666606219e-04
-9.3225720101290510e-01 1.4206816542386438e-04
-9.3211506097722863e-01 1.4221190227606159e-04
-9.3197277721566241e-01 1.4235561719973876e-04
-9.3183034975014556e-01 1.4249931017341704e-04
-9.3168777860263952e-01 1.4264298117435266e-04
-9.3154506379512769e-01 1.4278663018118498e-04
-9.3140220534961582e-01 1.4293025717124466e-04
-9.3125920328813172e-01 1.4307386212232279e-04
-9.3111605763272542e-01 1.4321744501169742e-04
-9.3097276840546883e-01 1.4336100581882055e-04
-9.3082933562845638e-01 1.4350454451998647e-04
-9.3068575932380426e-01 1.4364806109445037e-04
-9.3054203951365122e-01 1.4379155551822012e-04
-9.3039817622015764e-01 1.4393502777113864e-04
-9.3025416946550632e-01 1.4407847783062585e-04
-9.3011001927190229e-01 1.4422190567344633e-04
-9.2996572566157243e-01 1.4436531127833173e-04
-9.2982128865676583e-01 1.4450869462328766e-04
-9.2967670827975379e-01 1.4465205568561334e-04
-9.2953198455282959e-01 1.4479539444353214e-04
-9.2938711749830860e-01 1.4493871087537739e-04
-9.2924210713852839e-01 1.4508200495869978e-04
-9.2909695349584864e-01 1.4522527667102999e-04
-9.2895165659265100e-01 1.4536852599080706e-04
-9.2880621645133932e-01 1.4551175289553573e-04
-9.2866063309433955e-01 1.4565495736275290e-04
-9.2851490654409941e-01 1.4579813937241372e-04
-9.2836903682308924e-01 1.4594129890008859e-04
-9.2822302395380107e-01 1.4608443592465287e-04
-9.2807686795874911e-01 1.4622755042400826e-04
-9.2793056886046965e-01 1.4637064237584275e-04
-9.2778412668152099e-01 1.4651371175845046e-04
-9.2763754144448352e-01 1.4665675854995438e-04
-9.2749081317195980e-01 1.4679978272731141e-04
-9.2734394188657421e-01 1.4694278426978535e-04
-9.2719692761097350e-01 1.4708576315370311e-04
-9.2704977036782599e-01 1.4722871935936931e-04
-9.2690247017982264e-01 1.4737165286243792e-04
-9.2675502706967605e-01 1.4751456364155475e-04
-9.2660744106012083e-01 1.4765745167585138e-04
-9.2645971217391399e-01 1.4780031694135431e-04
-9.2631184043383408e-01 1.4794315941795271e-04
-9.2616382586268209e-01 1.4808597908244414e-04
-9.2601566848328087e-01 1.4822877591281772e-04
-9.2586736831847527e-01 1.4837154988728372e-04
-9.2571892539113210e-01 1.4851430098445872e-04
-9.2557033972414049e-01 1.4865702918048399e-04
-9.2542161134041101e-01 1.4879973445607419e-04
-9.2527274026287687e-01 1.4894241678696117e-04
-9.2512372651449293e-01 1.4908507615165510e-04
-9.2497457011823603e-01 1.4922771252873373e-04
-9.2482527109710511e-01 1.4937032589605877e-04
-9.2467582947412108e-01 1.4951291623152162e-04
-9.2452624527232685e-01 1.4965548351315259e-04
-9.2437651851478742e-01 1.4979802771804108e-04
-9.2422664922458941e-01 1.4994054882589577e-04
-9.2407663742484181e-01 1.5008304681382047e-04
-9.2392648313867543e-01 1.5022552165975208e-04
-9.2377618638924297e-01 1.5036797334226794e-04
-9.2362574719971924e-01 1.5051040183912989e-04
-9.2347516559330101e-01 1.5065280712786610e-04
-9.2332444159320692e-01 1.5079518918669575e-04
-9.2317357522267751e-01 1.5093754799452174e-04
-9.2302256650497538e-01 1.5107988352910216e-04
-9.2287141546338525e-01 1.5122219576717952e-04
-9.2272012212121335e-01 1.5136448468858036e-04
-9.2256868650178825e-01 1.5150675027024956e-04
-9.2241710862846027e-01 1.5164899249054702e-04
-9.2226538852460171e-01 1.5179121132740035e-04
-9.2211352621360676e-01 1.5193340675928477e-04
-9.2196152171889156e-01 1.5207557876418799e-04
-9.2180937506389415e-01 1.5221772732052367e-04
-9.2165708627207465e-01 1.5235985240538108e-04
-9.2150465536691495e-01 1.5250195399708276e-04
-9.2135208237191879e-01 1.5264403207420924e-04
-9.2119936731061192e-01 1.5278608661482273e-04
-9.2104651020654205e-01 1.5292811759642892e-04
-9.2089351108327855e-01 1.5307012499837718e-04
-9.2074036996441311e-01 1.5321210879695279e-04
-9.2058708687355884e-01 1.5335406897192037e-04
-9.2043366183435105e-01 1.5349600550072906e-04
-9.2028009487044693e-01 1.5363791836089003e-04
-9.2012638600552532e-01 1.5377980753169689e-04
-9.1997253526328715e-01 1.5392167299094417e-04
-9.1981854266745533e-01 1.5406351471549201e-04
-9.1966440824177420e-01 1.5420533268561401e-04
-9.1951013201001053e-01 1.5434712687743552e-04
-9.1935571399595251e-01 1.5448889727031297e-04
-9.1920115422341042e-01 1.5463064384191219e-04
-9.1904645271621632e-01 1.5477236657059876e-04
-9.1889160949822413e-01 1.5491406543467211e-04
-9.1873662459330974e-01 1.5505574041140921e-04
-9.1858149802537059e-01 1.5519739148038222e-04
-9.1842622981832633e-01 1.5533901861851252e-04
-9.1827081999611826e-01 1.5548062180415327e-04
-9.1811526858270942e-01 1.5562220101617225e-04
-9.1795957560208485e-01 1.5576375623235525e-04
-9.1780374107825147e-01 1.5590528743020382e-04
-9.1764776503523782e-01 1.5604679458847468e-04
-9.1749164749709422e-01 1.5618827768638610e-04
-9.1733538848789320e-01 1.5632973670036488e-04
-9.1717898803172870e-01 1.5647117160958861e-04
-9.1702244615271666e-01 1.5661258239205061e-04
-9.1686576287499488e-01 1.5675396902528922e-04
-9.1670893822272270e-01 1.5689533148865095e-04
-9.1655197222008156e-01 1.5703666975950192e-04
-9.1639486489127442e-01 1.5717798381697842e-04
-9.1623761626052636e-01 1.5731927363805436e-04
-9.1608022635208386e-01 1.5746053920232569e-04
-9.1592269519021563e-01 1.5760178048635878e-04
-9.1576502279921179e-01 1.5774299746924364e-04
-9.1560720920338423e-01 1.5788419013021117e-04
-9.1544925442706704e-01 1.5802535844540561e-04
-9.1529115849461551e-01 1.5816650239499968e-04
-9.1513292143040714e-01 1.5830762195598612e-04
-9.1497454325884109e-01 1.5844871710628481e-04
-9.1481602400433792e-01 1.5858978782605797e-04
-9.1465736369134054e-01 1.5873083409149980e-04
-9.1449856234431315e-01 1.5887185588195823e-04
-9.1433961998774183e-01 1.5901285317580592e-04
-9.1418053664613452e-01 1.5915382595054731e-04
-9.1402131234402073e-01 1.5929477418514780e-04
-9.1386194710595181e-01 1.5943569785755384e-04
-9.1370244095650088e-01 1.5957659694556639e-04
-9.1354279392026261e-01 1.5971747142826459e-04
-9.1338300602185352e-01 1.5985832128376164e-04
-9.1322307728591190e-01 1.5999914648979894e-04
-9.1306300773709759e-01 1.6013994702546020e-04
-9.1290279740009239e-01 1.6028072286788835e-04
-9.1274244629959944e-01 1.6042147399700565e-04
-9.1258195446034396e-01 1.6056220039000193e-04
-9.1242132190707270e-01 1.6070290202520294e-04
-9.1226054866455419e-01 1.6084357888051685e-04
-9.1209963475757838e-01 1.6098423093569903e-04
-9.1193858021095731e-01 1.6112485816769238e-04
-9.1177738504952444e-01 1.6126546055521290e-04
-9.1161604929813489e-01 1.6140603807731301e-04
-9.1145457298166566e-01 1.6154659071157703e-04
-9.1129295612501537e-01 1.6168711843581282e-04
-9.1113119875310411e-01 1.6182762122955469e-04
-9.1096930089087391e-01 1.6196809907010367e-04
-9.1080726256328814e-01 1.6210855193718592e-04
-9.1064508379533227e-01 1.6224897980753817e-04
-9.1048276461201305e-01 1.6238938266020637e-04
-9.1032030503835903e-01 1.6252976047349122e-04
-9.1015770509942040e-01 1.6267011322570679e-04
-9.0999496482026898e-01 1.6281044089510728e-04
-9.0983208422599815e-01 1.6295074346065594e-04
-9.0966906334172315e-01 1.6309102089975572e-04
-9.0950590219258054e-01 1.6323127319184990e-04
-9.0934260080372875e-01 1.6337150031485551e-04
-9.0917915920034775e-01 1.6351170224715374e-04
-9.0901557740763927e-01 1.6365187896625916e-04
-9.0885185545082636e-01 1.6379203045171315e-04
-9.0868799335515382e-01 1.6393215668205119e-04
-9.0852399114588822e-01 1.6407225763478872e-04
-9.0835984884831755e-01 1.6421233328862427e-04
-9.0819556648775146e-01 1.6435238362194816e-04
-9.0803114408952113e-01 1.6449240861356681e-04
-9.0786658167897949e-01 1.6463240824110130e-04
-9.0770187928150092e-01 1.6477238248331793e-04
-9.0753703692248133e-01 1.6491233131932465e-04
-9.0737205462733839e-01 1.6505225472694478e-04
-9.0720693242151129e-01 1.6519215268434500e-04
-9.0704167033046079e-01 1.6533202516988077e-04
-9.0687626837966906e-01 1.6547187216288059e-04
-9.0671072659464014e-01 1.6561169364061909e-04
-9.0654504500089927e-01 1.6575148958281443e-04
-9.0637922362399359e-01 1.6589125996701546e-04
-9.0621326248949163e-01 1.6603100477165526e-04
-9.0604716162298338e-01 1.6617072397595765e-04
-9.0588092105008056e-01 1.6631041755776918e-04
-9.0571454079641645e-01 1.6645008549492178e-04
-9.0554802088764552e-01 1.6658972776749200e-04
-9.0538136134944425e-01 1.6672934435254735e-04
-9.0521456220751040e-01 1.6686893522860997e-04
-9.0504762348756307e-01 1.6700850037559839e-04
-9.0488054521534333e-01 1.6714803977034253e-04
-9.0471332741661337e-01 1.6728755339250528e-04
-9.0454597011715721e-01 1.6742704121942446e-04
-9.0437847334278010e-01 1.6756650323039894e-04
-9.0421083711930894e-01 1.6770593940382576e-04
-9.0404306147259217e-01 1.6784534971783319e-04
-9.0387514642849953e-01 1.6798473415178058e-04
-9.0370709201292254e-01 1.6812409268327912e-04
-9.0353889825177403e-01 1.6826342529108998e-04
-9.0337056517098824e-01 1.6840273195432970e-04
-9.0320209279652119e-01 1.6854201265030101e-04
-9.0303348115435000e-01 1.6868126735888444e-04
-9.0286473027047365e-01 1.6882049605729225e-04
-9.0269584017091220e-01 1.6895969872523324e-04
-9.0252681088170750e-01 1.6909887534051468e-04
-9.0235764242892269e-01 1.6923802588183882e-04
-9.0218833483864247e-01 1.6937715032745035e-04
-9.0201888813697273e-01 1.6951624865721462e-04
-9.0184930235004124e-01 1.6965532084820792e-04
-9.0167957750399697e-01 1.6979436687912755e-04
-9.0150971362501020e-01 1.6993338672946528e-04
-9.0133971073927299e-01 1.7007238037663132e-04
-9.0116956887299848e-01 1.7021134780023829e-04
-9.0099928805242158e-01 1.7035028897778375e-04
-9.0082886830379827e-01 1.7048920388886227e-04
-9.0065830965340621e-01 1.7062809251169826e-04
-9.0048761212754436e-01 1.7076695482504771e-04
-9.0031677575253322e-01 1.7090579080697985e-04
-9.0014580055471449e-01 1.7104460043680384e-04
-8.9997468656045154e-01 1.7118338369231681e-04
-8.9980343379612893e-01 1.7132214055255615e-04
-8.9963204228815274e-01 1.7146087099564777e-04
-8.9946051206295030e-01 1.7159957500098431e-04
-8.9928884314697044e-01 1.7173825254690966e-04
-8.9911703556668343e-01 1.7187690361161219e-04
-8.9894508934858075e-01 1.7201552817435687e-04
-8.9877300451917530e-01 1.7215412621405220e-04
-8.9860078110500163e-01 1.7229269770792184e-04
-8.9842841913261529e-01 1.7243124263558937e-04
-8.9825591862859333e-01 1.7256976097560484e-04
-8.9808327961953427e-01 1.7270825270611532e-04
-8.9791050213205770e-01 1.7284671780691798e-04
-8.9773758619280497e-01 1.7298515625520077e-04
-8.9756453182843843e-01 1.7312356803053360e-04
-8.9739133906564184e-01 1.7326195311191512e-04
-8.9721800793112061e-01 1.7340031147639281e-04
-8.9704453845160093e-01 1.7353864310467730e-04
-8.9687093065383083e-01 1.7367694797404859e-04
-8.9669718456457936e-01 1.7381522606400187e-04
-8.9652330021063720e-01 1.7395347735193174e-04
-8.9634927761881589e-01 1.7409170181810704e-04
-8.9617511681594864e-01 1.7422989944064341e-04
-8.9600081782888996e-01 1.7436807019768688e-04
-8.9582638068451548e-01 1.7450621406869661e-04
-8.9565180540972233e-01 1.7464433103163524e-04
-8.9547709203142878e-01 1.7478242106579078e-04
-8.9530224057657448e-01 1.7492048414962839e-04
-8.9512725107212032e-01 1.7505852026209574e-04
-8.9495212354504861e-01 1.7519652938130479e-04
-8.9477685802236273e-01 1.7533451148657000e-04
-8.9460145453108753e-01 1.7547246655622947e-04
-8.9442591309826891e-01 1.7561039456973849e-04
-8.9425023375097434e-01 1.7574829550495019e-04
-8.9407441651629238e-01 1.7588616934072793e-04
-8.9389846142133278e-01 1.7602401605629501e-04
-8.9372236849322662e-01 1.7616183563055613e-04
-8.9354613775912639e-01 1.7629962804126877e-04
-8.9336976924620559e-01 1.7643739326789049e-04
-8.9319326298165902e-01 1.7657513128942247e-04
-8.9301661899270290e-01 1.7671284208367976e-04
-8.9283983730657446e-01 1.7685052563016316e-04
-8.9266291795053221e-01 1.7698818190770848e-04
-8.9248586095185600e-01 1.7712581089469648e-04
-8.9230866633784678e-01 1.7726341257027402e-04
-8.9213133413582690e-01 1.7740098691236314e-04
-8.9195386437313962e-01 1.7753853390092863e-04
-8.9177625707714958e-01 1.7767605351466645e-04
-8.9159851227524278e-01 1.7781354573157308e-04
-8.9142062999482630e-01 1.7795101053030190e-04
-8.9124261026332818e-01 1.7808844789088369e-04
-8.9106445310819804e-01 1.7822585779120393e-04
-8.9088615855690645e-01 1.7836324021040263e-04
-8.9070772663694531e-01 1.7850059512685554e-04
-8.9052915737582750e-01 1.7863792252014908e-04
-8.9035045080108732e-01 1.7877522236833254e-04
-8.9017160694028008e-01 1.7891249465063047e-04
-8.8999262582098237e-01 1.7904973934532907e-04
-8.8981350747079169e-01 1.7918695643260007e-04
-8.8963425191732703e-01 1.7932414589021437e-04
-8.8945485918822842e-01 1.7946130769701596e-04
-8.8927532931115694e-01 1.7959844183224600e-04
-8.8909566231379489e-01 1.7973554827475317e-04
-8.8891585822384578e-01 1.7987262700303679e-04
-8.8873591706903421e-01 1.8000967799586674e-04
-8.8855583887710576e-01 1.8014670123294300e-04
-8.8837562367582745e-01 1.8028369669213131e-04
-8.8819527149298705e-01 1.8042066435355924e-04
-8.8801478235639386e-01 1.8055760419479980e-04
-8.8783415629387807e-01 1.8069451619493566e-04
-8.8765339333329085e-01 1.8083140033384789e-04
-8.8747249350250479e-01 1.8096825658944725e-04
-8.8729145682941335e-01 1.8110508494109318e-04
-8.8711028334193121e-01 1.8124188536754440e-04
-8.8692897306799412e-01 1.8137865784747731e-04
-8.8674752603555884e-01 1.8151540236032159e-04
-8.8656594227260344e-01 1.8165211888409560e-04
-8.8638422180712662e-01 1.8178880739940845e-04
-8.8620236466714875e-01 1.8192546788347872e-04
-8.8602037088071095e-01 1.8206210031536548e-04
-8.8583824047587523e-01 1.8219870467536456e-04
-8.8565597348072511e-01 1.8233528094092370e-04
-8.8547356992336479e-01 1.8247182909193131e-04
-8.8529102983191976e-01 1.8260834910679174e-04
-8.8510835323453640e-01 1.8274484096490596e-04
-8.8492554015938230e-01 1.8288130464482659e-04
-8.8474259063464589e-01 1.8301774012608845e-04
-8.8455950468853684e-01 1.8315414738691961e-04
-8.8437628234928589e-01 1.8329052640651304e-04
-8.8419292364514446e-01 1.8342687716437490e-04
-8.8400942860438547e-01 1.8356319963829329e-04
-8.8382579725530241e-01 1.8369949380855579e-04
-8.8364202962621008e-01 1.8383575965376988e-04
-8.8345812574544436e-01 1.8397199715197067e-04
-8.8327408564136178e-01 1.8410820628336628e-04
-8.8308990934234022e-01 1.8424438702636117e-04
-8.8290559687677828e-01 1.8438053936070786e-04
-8.8272114827309589e-01 1.8451666326433125e-04
-8.8253656355973376e-01 1.8465275871645801e-04
-8.8235184276515344e-01 1.8478882569708294e-04
-8.8216698591783793e-01 1.8492486418352337e-04
-8.8198199304629055e-01 1.8506087415699296e-04
-8.8179686417903635e-01 1.8519685559413449e-04
-8.8161159934462063e-01 1.8533280847600974e-04
-8.8142619857161020e-01 1.8546873278039235e-04
-8.8124066188859251e-01 1.8560462848681320e-04
-8.8105498932417614e-01 1.8574049557409564e-04
-8.8086918090699040e-01 1.8587633402206849e-04
-8.8068323666568593e-01 1.8601214380849546e-04
-8.8049715662893391e-01 1.8614792491347074e-04
-8.8031094082542671e-01 1.8628367731555461e-04
-8.8012458928387760e-01 1.8641940099361224e-04
-8.7993810203302059e-01 1.8655509592761051e-04
-8.7975147910161089e-01 1.8669076209577607e-04
-8.7956472051842449e-01 1.8682639947737109e-04
-8.7937782631225825e-01 1.8696200805183184e-04
-8.7919079651193000e-01 1.8709758779821359e-04
-8.7900363114627855e-01 1.8723313869519457e-04
-8.7881633024416361e-01 1.8736866072155081e-04
-8.7862889383446552e-01 1.8750415385758944e-04
-8.7844132194608582e-01 1.8763961808172244e-04
-8.7825361460794693e-01 1.8777505337256933e-04
-8.7806577184899193e-01 1.8791045971004890e-04
-8.7787779369818497e-01 1.8804583707288249e-04
-8.7768968018451099e-01 1.8818118544042999e-04
-8.7750143133697578e-01 1.8831650479209019e-04
-8.7731304718460623e-01 1.8845179510594380e-04
-8.7712452775644978e-01 1.8858705636197719e-04
-8.7693587308157483e-01 1.8872228853936672e-04
-8.7674708318907069e-01 1.8885749161730691e-04
-8.7655815810804760e-01 1.8899266557415695e-04
-8.7636909786763650e-01 1.8912781038942194e-04
-8.7617990249698907e-01 1.8926292604305595e-04
-8.7599057202527808e-01 1.8939801251355689e-04
-8.7580110648169707e-01 1.8953306977983084e-04
-8.7561150589546033e-01 1.8966809782113852e-04
-8.7542177029580281e-01 1.8980309661775587e-04
-8.7523189971198079e-01 1.8993806614713110e-04
-8.7504189417327072e-01 1.9007300639012727e-04
-8.7485175370897050e-01 1.9020791732416128e-04
-8.7466147834839825e-01 1.9034279893001370e-04
-8.7447106812089315e-01 1.9047765118650054e-04
-8.7428052305581538e-01 1.9061247407262092e-04
-8.7408984318254568e-01 1.9074726756692259e-04
-8.7389902853048540e-01 1.9088203165002648e-04
-8.7370807912905712e-01 1.9101676629977490e-04
-8.7351699500770386e-01 1.9115147149608152e-04
-8.7332577619588947e-01 1.9128614721822151e-04
-8.7313442272309860e-01 1.9142079344555422e-04
-8.7294293461883676e-01 1.9155541015683557e-04
-8.7275131191263000e-01 1.9168999733202763e-04
-8.7255955463402546e-01 1.9182455494927376e-04
-8.7236766281259059e-01 1.9195908298904170e-04
-8.7217563647791407e-01 1.9209358142929030e-04
-8.7198347565960488e-01 1.9222805025037625e-04
-8.7179118038729297e-01 1.9236248943123733e-04
-8.7159875069062898e-01 1.9249689895127402e-04
-8.7140618659928437e-01 1.9263127878911809e-04
-8.7121348814295108e-01 1.9276562892501717e-04
-8.7102065535134199e-01 1.9289994933775317e-04
-8.7082768825419077e-01 1.9303424000586620e-04
-8.7063458688125139e-01 1.9316850091004667e-04
-8.7044135126229893e-01 1.9330273202885939e-04
-8.7024798142712900e-01 1.9343693334175795e-04
-8.7005447740555797e-01 1.9357110482779696e-04
-8.6986083922742286e-01 1.9370524646631783e-04
-8.6966706692258133e-01 1.9383935823682791e-04
-8.6947316052091173e-01 1.9397344011902308e-04
-8.6927912005231323e-01 1.9410749209151300e-04
-8.6908494554670557e-01 1.9424151413366861e-04
-8.6889063703402902e-01 1.9437550622555434e-04
-8.6869619454424474e-01 1.9450946834609543e-04
-8.6850161810733451e-01 1.9464340047428016e-04
-8.6830690775330066e-01 1.9477730258968774e-04
-8.6811206351216619e-01 1.9491117467194830e-04
-8.6791708541397483e-01 1.9504501670002415e-04
-8.6772197348879088e-01 1.9517882865347641e-04
-8.6752672776669915e-01 1.9531261051231789e-04
-8.6733134827780545e-01 1.9544636225471174e-04
-8.6713583505223590e-01 1.9558008386047880e-04
-8.6694018812013729e-01 1.9571377530928731e-04
-8.6674440751167714e-01 1.9584743658004257e-04
-8.6654849325704342e-01 1.9598106765264352e-04
-8.6635244538644485e-01 1.9611466850613570e-04
-8.6615626393011058e-01 1.9624823912055723e-04
-8.6595994891829065e-01 1.9638177947444102e-04
-8.6576350038125538e-01 1.9651528954782555e-04
-8.6556691834929600e-01 1.9664876931919874e-04
-8.6537020285272392e-01 1.9678221876914559e-04
-8.6517335392187145e-01 1.9691563787664051e-04
-8.6497637158709129e-01 1.9704902662144829e-04
-8.6477925587875704e-01 1.9718238498172527e-04
-8.6458200682726227e-01 1.9731571293844427e-04
-8.6438462446302178e-01 1.9744901047034639e-04
-8.6418710881647043e-01 1.9758227755683179e-04
-8.6398945991806386e-01 1.9771551417737169e-04
-8.6379167779827826e-01 1.9784872031119644e-04
-8.6359376248761011e-01 1.9798189593874462e-04
-8.6339571401657678e-01 1.9811504103866358e-04
-8.6319753241571606e-01 1.9824815559014178e-04
-8.6299921771558608e-01 1.9838123957356365e-04
-8.6280076994676580e-01 1.9851429296737099e-04
-8.6260218913985431e-01 1.9864731575230677e-04
-8.6240347532547168e-01 1.9878030790663665e-04
-8.6220462853425806e-01 1.9891326941080565e-04
-8.6200564879687447e-01 1.9904620024328138e-04
-8.6180653614400204e-01 1.9917910038476263e-04
-8.6160729060634278e-01 1.9931196981386857e-04
-8.6140791221461899e-01 1.9944480851019408e-04
-8.6120840099957341e-01 1.9957761645361926e-04
-8.6100875699196933e-01 1.9971039362371251e-04
-8.6080898022259056e-01 1.9984313999972937e-04
-8.6060907072224135e-01 1.9997585556112387e-04
-8.6040902852174639e-01 2.0010854028761039e-04
-8.6020885365195077e-01 2.0024119415902743e-04
-8.6000854614372024e-01 2.0037381715425087e-04
-8.5980810602794078e-01 2.0050640925339946e-04
-8.5960753333551898e-01 2.0063897043557174e-04
-8.5940682809738167e-01 2.0077150068110371e-04
-8.5920599034447642e-01 2.0090399996863033e-04
-8.5900502010777102e-01 2.0103646827797624e-04
-8.5880391741825368e-01 2.0116890558900382e-04
-8.5860268230693315e-01 2.0130131188092243e-04
-8.5840131480483850e-01 2.0143368713353127e-04
-8.5819981494301922e-01 2.0156603132650647e-04
-8.5799818275254525e-01 2.0169834443946772e-04
-8.5779641826450692e-01 2.0183062645190344e-04
-8.5759452151001503e-01 2.0196287734315971e-04
-8.5739249252020056e-01 2.0209509709355957e-04
-8.5719033132621514e-01 2.0222728568207034e-04
-8.5698803795923073e-01 2.0235944308804137e-04
-8.5678561245043938e-01 2.0249156929232030e-04
-8.5658305483105401e-01 2.0262366427311316e-04
-8.5638036513230742e-01 2.0275572801128043e-04
-8.5617754338545327e-01 2.0288776048502750e-04
-8.5597458962176498e-01 2.0301976167567709e-04
-8.5577150387253698e-01 2.0315173156132022e-04
-8.5556828616908343e-01 2.0328367012307756e-04
-8.5536493654273937e-01 2.0341557733936835e-04
-8.5516145502485985e-01 2.0354745319049814e-04
-8.5495784164682043e-01 2.0367929765565112e-04
-8.5475409644001676e-01 2.0381111071532220e-04
-8.5455021943586518e-01 2.0394289234829769e-04
-8.5434621066580196e-01 2.0407464253513366e-04
-8.5414207016128407e-01 2.0420636125466455e-04
-8.5393779795378855e-01 2.0433804848683909e-04
-8.5373339407481275e-01 2.0446970421160554e-04
-8.5352885855587435e-01 2.0460132840880693e-04
-8.5332419142851146e-01 2.0473292105762820e-04
-8.5311939272428239e-01 2.0486448213768990e-04
-8.5291446247476566e-01 2.0499601162911194e-04
-8.5270940071156009e-01 2.0512750951173902e-04
-8.5250420746628486e-01 2.0525897576530945e-04
-8.5229888277057952e-01 2.0539041036900010e-04
-8.5209342665610355e-01 2.0552181330293776e-04
-8.5188783915453703e-01 2.0565318454695129e-04
-8.5168212029758028e-01 2.0578452407998547e-04
-8.5147627011695348e-01 2.0591583188329281e-04
-8.5127028864439758e-01 2.0604710793543124e-04
-8.5106417591167349e-01 2.0617835221634957e-04
-8.5085793195056247e-01 2.0630956470560864e-04
-8.5065155679286575e-01 2.0644074538399309e-04
-8.5044505047040519e-01 2.0657189423021300e-04
-8.5023841301502256e-01 2.0670301122473436e-04
-8.5003164445858004e-01 2.0683409634699118e-04
-8.4982474483296000e-01 2.0696514957647185e-04
-8.4961771417006493e-01 2.0709617089322165e-04
-8.4941055250181741e-01 2.0722716027787386e-04
-8.4920325986016065e-01 2.0735811770881168e-04
-8.4899583627705766e-01 2.0748904316653349e-04
-8.4878828178449162e-01 2.0761993663153772e-04
-8.4858059641446637e-01 2.0775079808196700e-04
-8.4837278019900531e-01 2.0788162749918283e-04
-8.4816483317015234e-01 2.0801242486272545e-04
-8.4795675535997173e-01 2.0814319015141769e-04
-8.4774854680054745e-01 2.0827392334608438e-04
-8.4754020752398385e-01 2.0840462442680898e-04
-8.4733173756240565e-01 2.0853529337227172e-04
-8.4712313694795727e-01 2.0866593016369305e-04
-8.4691440571280374e-01 2.0879653477976189e-04
-8.4670554388913000e-01 2.0892710720053155e-04
-8.4649655150914094e-01 2.0905764740676694e-04
-8.4628742860506201e-01 2.0918815537726405e-04
-8.4607817520913842e-01 2.0931863109260282e-04
-8.4586879135363569e-01 2.0944907453238166e-04
-8.4565927707083943e-01 2.0957948567635991e-04
-8.4544963239305537e-01 2.0970986450430065e-04
-8.4523985735260909e-01 2.0984021099721927e-04
-8.4502995198184683e-01 2.0997052513333216e-04
-8.4481991631313436e-01 2.1010080689367206e-04
-8.4460975037885777e-01 2.1023105625813206e-04
-8.4439945421142326e-01 2.1036127320657436e-04
-8.4418902784325722e-01 2.1049145771823366e-04
-8.4397847130680592e-01 2.1062160977338559e-04
-8.4376778463453561e-01 2.1075172935269940e-04
-8.4355696785893297e-01 2.1088181643509846e-04
-8.4334602101250444e-01 2.1101187100094632e-04
-8.4313494412777656e-01 2.1114189303048623e-04
-8.4292373723729608e-01 2.1127188250311558e-04
-8.4271240037362960e-01 2.1140183939916224e-04
-8.4250093356936395e-01 2.1153176369811879e-04
-8.4228933685710583e-01 2.1166165538027290e-04
-8.4207761026948191e-01 2.1179151442616358e-04
-8.4186575383913920e-01 2.1192134081489424e-04
-8.4165376759874444e-01 2.1205113452686214e-04
-8.4144165158098450e-01 2.1218089554205243e-04
-8.4122940581856631e-01 2.1231062384007528e-04
-8.4101703034421660e-01 2.1244031940170375e-04
-8.4080452519068249e-01 2.1256998220567738e-04
-8.4059189039073057e-01 2.1269961223344396e-04
-8.4037912597714781e-01 2.1282920946436999e-04
-8.4016623198274110e-01 2.1295877387834760e-04
-8.3995320844033727e-01 2.1308830545529705e-04
-8.3974005538278307e-01 2.1321780417559065e-04
-8.3952677284294530e-01 2.1334727001903406e-04
-8.3931336085371067e-01 2.1347670296587471e-04
-8.3909981944798584e-01 2.1360610299623762e-04
-8.3888614865869759e-01 2.1373547008961055e-04
-8.3867234851879247e-01 2.1386480422637226e-04
-8.3845841906123697e-01 2.1399410538670537e-04
-8.3824436031901761e-01 2.1412337355060176e-04
-8.3803017232514077e-01 2.1425260869836811e-04
-8.3781585511263290e-01 2.1438181080950052e-04
-8.3760140871454014e-01 2.1451097986482015e-04
-8.3738683316392881e-01 2.1464011584376366e-04
-8.3717212849388500e-01 2.1476921872655289e-04
-8.3695729473751468e-01 2.1489828849352504e-04
-8.3674233192794389e-01 2.1502732512417795e-04
-8.3652724009831825e-01 2.1515632859965672e-04
-8.3631201928180365e-01 2.1528529889914828e-04
-8.3609666951158568e-01 2.1541423600293712e-04
-8.3588119082086976e-01 2.1554313989142923e-04
-8.3566558324288132e-01 2.1567201054446971e-04
-8.3544984681086543e-01 2.1580084794298730e-04
-8.3523398155808748e-01 2.1592965206579655e-04
-8.3501798751783229e-01 2.1605842289376488e-04
-8.3480186472340467e-01 2.1618716040715862e-04
-8.3458561320812930e-01 2.1631586458619305e-04
-8.3436923300535082e-01 2.1644453541041743e-04
-8.3415272414843356e-01 2.1657317286028507e-04
-8.3393608667076169e-01 2.1670177691611285e-04
-8.3371932060573928e-01 2.1683034755799066e-04
-8.3350242598679014e-01 2.1695888476637386e-04
-8.3328540284735808e-01 2.1708738852092277e-04
-8.3306825122090666e-01 2.1721585880157929e-04
-8.3285097114091899e-01 2.1734429558956971e-04
-8.3263356264089827e-01 2.1747269886474588e-04
-8.3241602575436757e-01 2.1760106860664981e-04
-8.3219836051486951e-01 2.1772940479603410e-04
-8.3198056695596667e-01 2.1785770741275824e-04
-8.3176264511124121e-01 2.1798597643783081e-04
-8.3154459501429545e-01 2.1811421185024784e-04
-8.3132641669875096e-01 2.1824241363173271e-04
-8.3110811019824971e-01 2.1837058176084952e-04
-8.3088967554645277e-01 2.1849871621942149e-04
-8.3067111277704153e-01 2.1862681698654710e-04
-8.3045242192371682e-01 2.1875488404292099e-04
-8.3023360302019933e-01 2.1888291736866622e-04
-8.3001465610022940e-01 2.1901091694433056e-04
-8.2979558119756724e-01 2.1913888274984101e-04
-8.2957637834599263e-01 2.1926681476605708e-04
-8.2935704757930540e-01 2.1939471297211617e-04
-8.2913758893132461e-01 2.1952257734956731e-04
-8.2891800243588953e-01 2.1965040787770516e-04
-8.2869828812685886e-01 2.1977820453716366e-04
-8.2847844603811094e-01 2.1990596730880028e-04
-8.2825847620354409e-01 2.2003369617224291e-04
-8.2803837865707619e-01 2.2016139110778642e-04
-8.2781815343264475e-01 2.2028905209598118e-04
-8.2759780056420706e-01 2.2041667911696890e-04
-8.2737732008574005e-01 2.2054427215112914e-04
-8.2715671203124030e-01 2.2067183117886117e-04
-8.2693597643472405e-01 2.2079935618075599e-04
-8.2671511333022729e-01 2.2092684713691805e-04
-8.2649412275180567e-01 2.2105430402751775e-04
-8.2627300473353449e-01 2.2118172683272254e-04
-8.2605175930950858e-01 2.2130911553327266e-04
-8.2583038651384244e-01 2.2143647010983646e-04
-8.2560888638067043e-01 2.2156379054204286e-04
-8.2538725894414622e-01 2.2169107681096738e-04
-8.2516550423844348e-01 2.2181832889606523e-04
-8.2494362229775509e-01 2.2194554677870638e-04
-8.2472161315629389e-01 2.2207273043859616e-04
-8.2449947684829217e-01 2.2219987985629789e-04
-8.2427721340800175e-01 2.2232699501269600e-04
-8.2405482286969434e-01 2.2245407588740706e-04
-8.2383230526766105e-01 2.2258112246088040e-04
-8.2360966063621244e-01 2.2270813471427851e-04
-8.2338688900967894e-01 2.2283511262748024e-04
-8.2316399042241040e-01 2.2296205618106948e-04
-8.2294096490877622e-01 2.2308896535575719e-04
-8.2271781250316567e-01 2.2321584013096439e-04
-8.2249453323998711e-01 2.2334268048820817e-04
-8.2227112715366890e-01 2.2346948640708552e-04
-8.2204759427865859e-01 2.2359625786876031e-04
-8.2182393464942349e-01 2.2372299485352496e-04
-8.2160014830045047e-01 2.2384969734159983e-04
-8.2137623526624592e-01 2.2397636531325314e-04
-8.2115219558133556e-01 2.2410299874975087e-04
-8.2092802928026498e-01 2.2422959763077104e-04
-8.2070373639759908e-01 2.2435616193696749e-04
-8.2047931696792220e-01 2.2448269164934893e-04
-8.2025477102583844e-01 2.2460918674784049e-04
-8.2003009860597131e-01 2.2473564721273146e-04
-8.1980529974296357e-01 2.2486207302563273e-04
-8.1958037447147802e-01 2.2498846416547358e-04
-8.1935532282619639e-01 2.2511482061394629e-04
-8.1913014484182012e-01 2.2524114235152387e-04
-8.1890484055307022e-01 2.2536742935843487e-04
-8.1867940999468725e-01 2.2549368161460382e-04
-8.1845385320143083e-01 2.2561989910161348e-04
-8.1822817020808047e-01 2.2574608179928485e-04
-8.1800236104943480e-01 2.2587222968901651e-04
-8.1777642576031240e-01 2.2599834274985637e-04
-8.1755036437555062e-01 2.2612442096393503e-04
-8.1732417693000681e-01 2.2625046431096722e-04
-8.1709786345855751e-01 2.2637647277168232e-04
-8.1687142399609869e-01 2.2650244632686393e-04
-8.1664485857754598e-01 2.2662838495628014e-04
-8.1641816723783400e-01 2.2675428864166338e-04
-8.1619135001191712e-01 2.2688015736318872e-04
-8.1596440693476913e-01 2.2700599110098721e-04
-8.1573733804138304e-01 2.2713178983605574e-04
-8.1551014336677141e-01 2.2725755354879398e-04
-8.1528282294596610e-01 2.2738328221991495e-04
-8.1505537681401830e-01 2.2750897583051925e-04
-8.1482780500599883e-01 2.2763463436042665e-04
-8.1460010755699774e-01 2.2776025779031102e-04
-8.1437228450212429e-01 2.2788584610156535e-04
-8.1414433587650736e-01 2.2801139927430318e-04
-8.1391626171529519e-01 2.2813691728886773e-04
-8.1368806205365507e-01 2.2826240012675526e-04
-8.1345973692677409e-01 2.2838784776767502e-04
-8.1323128636985831e-01 2.2851326019287941e-04
-8.1300271041813332e-01 2.2863863738278983e-04
-8.1277400910684394e-01 2.2876397931840956e-04
-8.1254518247125440e-01 2.2888928598026499e-04
-8.1231623054664837e-01 2.2901455734845896e-04
-8.1208715336832848e-01 2.2913979340430228e-04
-8.1185795097161717e-01 2.2926499412816463e-04
-8.1162862339185560e-01 2.2939015950128474e-04
-8.1139917066440470e-01 2.2951528950390762e-04
-8.1116959282464463e-01 2.2964038411642335e-04
-8.1093988990797450e-01 2.2976544332055786e-04
-8.1071006194981321e-01 2.2989046709600647e-04
-8.1048010898559864e-01 2.3001545542369721e-04
-8.1025003105078786e-01 2.3014040828490934e-04
-8.1001982818085749e-01 2.3026532565973286e-04
-8.0978950041130315e-01 2.3039020752947719e-04
-8.0955904777763987e-01 2.3051505387471446e-04
-8.0932847031540200e-01 2.3063986467575158e-04
-8.0909776806014300e-01 2.3076463991355756e-04
-8.0886694104743551e-01 2.3088937956927002e-04
-8.0863598931287162e-01 2.3101408362316886e-04
-8.0840491289206240e-01 2.3113875205661962e-04
-8.0817371182063846e-01 2.3126338484965575e-04
-8.0794238613424929e-01 2.3138798198379880e-04
-8.0771093586856391e-01 2.3151254343917529e-04
-8.0747936105927032e-01 2.3163706919687919e-04
-8.0724766174207574e-01 2.3176155923796950e-04
-8.0701583795270682e-01 2.3188601354258312e-04
-8.0678388972690906e-01 2.3201043209219465e-04
-8.0655181710044743e-01 2.3213481486722496e-04
-8.0631962010910596e-01 2.3225916184852879e-04
-8.0608729878868779e-01 2.3238347301725694e-04
-8.0585485317501537e-01 2.3250774835395751e-04
-8.0562228330393026e-01 2.3263198783948354e-04
-8.0538958921129311e-01 2.3275619145494755e-04
-8.0515677093298388e-01 2.3288035918079435e-04
-8.0492382850490163e-01 2.3300449099769664e-04
-8.0469076196296430e-01 2.3312858688744428e-04
-8.0445757134310947e-01 2.3325264682969667e-04
-8.0422425668129327e-01 2.3337667080659474e-04
-8.0399081801349148e-01 2.3350065879808895e-04
-8.0375725537569875e-01 2.3362461078513678e-04
-8.0352356880392872e-01 2.3374852674930491e-04
-8.0328975833421445e-01 2.3387240667081566e-04
-8.0305582400260789e-01 2.3399625053080383e-04
-8.0282176584518017e-01 2.3412005831004190e-04
-8.0258758389802154e-01 2.3424382998922635e-04
-8.0235327819724112e-01 2.3436756554997954e-04
-8.0211884877896733e-01 2.3449126497297360e-04
-8.0188429567934771e-01 2.3461492823876644e-04
-8.0164961893454878e-01 2.3473855532826847e-04
-8.0141481858075592e-01 2.3486214622325395e-04
-8.0117989465417405e-01 2.3498570090342842e-04
-8.0094484719102665e-01 2.3510921935070476e-04
-8.0070967622755651e-01 2.3523270154583544e-04
-8.0047438180002550e-01 2.3535614746938348e-04
-8.0023896394471428e-01 2.3547955710304260e-04
-8.0000342269792291e-01 2.3560293042689263e-04
-7.9976775809597012e-01 2.3572626742253064e-04
-7.9953197017519384e-01 2.3584956807079364e-04
-7.9929605897195111e-01 2.3597283235224408e-04
-7.9906002452261760e-01 2.3609606024884715e-04
-7.9882386686358853e-01 2.3621925174066501e-04
-7.9858758603127755e-01 2.3634240680912248e-04
-7.9835118206211775e-01 2.3646552543527677e-04
-7.9811465499256107e-01 2.3658860759971333e-04
-7.9787800485907823e-01 2.3671165328418032e-04
-7.9764123169815926e-01 2.3683466246900446e-04
-7.9740433554631285e-01 2.3695763513581014e-04
-7.9716731644006689e-01 2.3708057126526651e-04
-7.9693017441596814e-01 2.3720347083834229e-04
-7.9669290951058236e-01 2.3732633383597739e-04
-7.9645552176049406e-01 2.3744916023978028e-04
-7.9621801120230684e-01 2.3757195003077400e-04
-7.9598037787264342e-01 2.3769470318932645e-04
-7.9574262180814503e-01 2.3781741969741357e-04
-7.9550474304547225e-01 2.3794009953540215e-04
-7.9526674162130440e-01 2.3806274268430629e-04
-7.9502861757233956e-01 2.3818534912576784e-04
-7.9479037093529492e-01 2.3830791884067612e-04
-7.9455200174690643e-01 2.3843045181044898e-04
-7.9431351004392925e-01 2.3855294801529740e-04
-7.9407489586313695e-01 2.3867540743729561e-04
-7.9383615924132245e-01 2.3879783005675411e-04
-7.9359730021529717e-01 2.3892021585539684e-04
-7.9335831882189167e-01 2.3904256481400055e-04
-7.9311921509795513e-01 2.3916487691429410e-04
-7.9287998908035595e-01 2.3928715213654983e-04
-7.9264064080598107e-01 2.3940939046237562e-04
-7.9240117031173640e-01 2.3953159187280917e-04
-7.9216157763454664e-01 2.3965375634924465e-04
-7.9192186281135535e-01 2.3977588387295729e-04
-7.9168202587912517e-01 2.3989797442415059e-04
-7.9144206687483709e-01 2.4002002798509251e-04
-7.9120198583549128e-01 2.4014204453651607e-04
-7.9096178279810658e-01 2.4026402405982086e-04
-7.9072145779972081e-01 2.4038596653571260e-04
-7.9048101087739031e-01 2.4050787194598546e-04
-7.9024044206819055e-01 2.4062974027121663e-04
-7.8999975140921541e-01 2.4075157149347373e-04
-7.8975893893757798e-01 2.4087336559315477e-04
-7.8951800469040989e-01 2.4099512255160914e-04
-7.8927694870486154e-01 2.4111684235028809e-04
-7.8903577101810207e-01 2.4123852497064579e-04
-7.8879447166731964e-01 2.4136017039329833e-04
-7.8855305068972081e-01 2.4148177860014547e-04
-7.8831150812253126e-01 2.4160334957177705e-04
-7.8806984400299507e-01 2.4172488328999938e-04
-7.8782805836837533e-01 2.4184637973571348e-04
-7.8758615125595366e-01 2.4196783889059487e-04
-7.8734412270303056e-01 2.4208926073573923e-04
-7.8710197274692528e-01 2.4221064525209749e-04
-7.8685970142497563e-01 2.4233199242136168e-04
-7.8661730877453828e-01 2.4245330222456556e-04
-7.8637479483298856e-01 2.4257457464300436e-04
-7.8613215963772043e-01 2.4269580965815971e-04
-7.8588940322614664e-01 2.4281700725125612e-04
-7.8564652563569870e-01 2.4293816740322680e-04
-7.8540352690382642e-01 2.4305929009648064e-04
-7.8516040706799894e-01 2.4318037531092832e-04
-7.8491716616570339e-01 2.4330142302912838e-04
-7.8467380423444610e-01 2.4342243323161570e-04
-7.8443032131175172e-01 2.4354340590018842e-04
-7.8418671743516377e-01 2.4366434101586083e-04
-7.8394299264224432e-01 2.4378523856005710e-04
-7.8369914697057408e-01 2.4390609851417572e-04
-7.8345518045775242e-01 2.4402692085957994e-04
-7.8321109314139725e-01 2.4414770557801106e-04
-7.8296688505914536e-01 2.4426845265021409e-04
-7.8272255624865195e-01 2.4438916205771032e-04
-7.8247810674759077e-01 2.4450983378232954e-04
-7.8223353659365435e-01 2.4463046780531474e-04
-7.8198884582455386e-01 2.4475106410767802e-04
-7.8174403447801888e-01 2.4487162267115012e-04
-7.8149910259179778e-01 2.4499214347678170e-04
-7.8125405020365724e-01 2.4511262650664986e-04
-7.8100887735138280e-01 2.4523307174176170e-04
-7.8076358407277857e-01 2.4535347916316766e-04
-7.8051817040566696e-01 2.4547384875298327e-04
-7.8027263638788913e-01 2.4559418049249250e-04
-7.8002698205730481e-01 2.4571447436309775e-04
-7.7978120745179236e-01 2.4583473034578705e-04
-7.7953531260924835e-01 2.4595494842287121e-04
-7.7928929756758836e-01 2.4607512857495939e-04
-7.7904316236474602e-01 2.4619527078431196e-04
-7.7879690703867399e-01 2.4631537503149614e-04
-7.7855053162734289e-01 2.4643544129911561e-04
-7.7830403616874244e-01 2.4655546956753083e-04
-7.7805742070088046e-01 2.4667545981873861e-04
-7.7781068526178332e-01 2.4679541203460274e-04
-7.7756382988949613e-01 2.4691532619592753e-04
-7.7731685462208222e-01 2.4703520228467474e-04
-7.7706975949762347e-01 2.4715504028258991e-04
-7.7682254455422051e-01 2.4727484017032564e-04
-7.7657520982999195e-01 2.4739460193044354e-04
-7.7632775536307541e-01 2.4751432554351641e-04
-7.7608018119162647e-01 2.4763401099196184e-04
-7.7583248735381960e-01 2.4775365825662702e-04
-7.7558467388784746e-01 2.4787326731923708e-04
-7.7533674083192117e-01 2.4799283816166778e-04
-7.7508868822427035e-01 2.4811237076536436e-04
-7.7484051610314320e-01 2.4823186511139486e-04
-7.7459222450680598e-01 2.4835132118206007e-04
-7.7434381347354375e-01 2.4847073895841603e-04
-7.7409528304165964e-01 2.4859011842271231e-04
-7.7384663324947567e-01 2.4870945955546341e-04
-7.7359786413533171e-01 2.4882876233918932e-04
-7.7334897573758632e-01 2.4894802675543709e-04
-7.7309996809461656e-01 2.4906725278522462e-04
-7.7285084124481762e-01 2.4918644041068728e-04
-7.7260159522660332e-01 2.4930558961290241e-04
-7.7235223007840559e-01 2.4942470037405372e-04
-7.7210274583867478e-01 2.4954377267604746e-04
-7.7185314254588000e-01 2.4966280649931844e-04
-7.7160342023850803e-01 2.4978180182696591e-04
-7.7135357895506473e-01 2.4990075863927928e-04
-7.7110361873407363e-01 2.5001967691917428e-04
-7.7085353961407721e-01 2.5013855664712456e-04
-7.7060334163363575e-01 2.5025739780577604e-04
-7.7035302483132817e-01 2.5037620037654664e-04
-7.7010258924575181e-01 2.5049496434045735e-04
-7.6985203491552190e-01 2.5061368968018932e-04
-7.6960136187927242e-01 2.5073237637673711e-04
-7.6935057017565533e-01 2.5085102441227441e-04
-7.6909965984334117e-01 2.5096963376810096e-04
-7.6884863092101852e-01 2.5108820442622443e-04
-7.6859748344739443e-01 2.5120673636814091e-04
-7.6834621746119414e-01 2.5132522957559611e-04
-7.6809483300116121e-01 2.5144368403021800e-04
-7.6784333010605732e-01 2.5156209971422146e-04
-7.6759170881466265e-01 2.5168047660882505e-04
-7.6733996916577540e-01 2.5179881469629021e-04
-7.6708811119821230e-01 2.5191711395772297e-04
-7.6683613495080805e-01 2.5203537437524235e-04
-7.6658404046241568e-01 2.5215359593070119e-04
-7.6633182777190645e-01 2.5227177860599276e-04
-7.6607949691817001e-01 2.5238992238228465e-04
-7.6582704794011391e-01 2.5250802724203716e-04
-7.6557448087666413e-01 2.5262609316691227e-04
-7.6532179576676496e-01 2.5274412013815708e-04
-7.6506899264937867e-01 2.5286210813785031e-04
-7.6481607156348563e-01 2.5298005714842719e-04
-7.6456303254808489e-01 2.5309796715060849e-04
-7.6430987564219310e-01 2.5321583812711214e-04
-7.6405660088484550e-01 2.5333367005932178e-04
-7.6380320831509529e-01 2.5345146292927783e-04
-7.6354969797201400e-01 2.5356921671849773e-04
-7.6329606989469112e-01 2.5368693140915004e-04
-7.6304232412223438e-01 2.5380460698318111e-04
-7.6278846069376982e-01 2.5392224342194489e-04
-7.6253447964844134e-01 2.5403984070776611e-04
-7.6228038102541118e-01 2.5415739882228859e-04
-7.6202616486385955e-01 2.5427491774775016e-04
-7.6177183120298508e-01 2.5439239746520559e-04
-7.6151738008200409e-01 2.5450983795745612e-04
-7.6126281154015141e-01 2.5462723920572175e-04
-7.6100812561667963e-01 2.5474460119249330e-04
-7.6075332235085980e-01 2.5486192389904613e-04
-7.6049840178198069e-01 2.5497920730788642e-04
-7.6024336394934944e-01 2.5509645140065602e-04
-7.5998820889229124e-01 2.5521365615897238e-04
-7.5973293665014918e-01 2.5533082156516519e-04
-7.5947754726228456e-01 2.5544794760108734e-04
-7.5922204076807676e-01 2.5556503424847528e-04
-7.5896641720692304e-01 2.5568208148969712e-04
-7.5871067661823899e-01 2.5579908930621707e-04
-7.5845481904145795e-01 2.5591605768046925e-04
-7.5819884451603148e-01 2.5603298659431872e-04
-7.5794275308142922e-01 2.5614987602939627e-04
-7.5768654477713882e-01 2.5626672596766885e-04
-7.5743021964266555e-01 2.5638353639165505e-04
-7.5717377771753336e-01 2.5650030728278526e-04
-7.5691721904128373e-01 2.5661703862336216e-04
-7.5666054365347635e-01 2.5673373039516767e-04
-7.5640375159368867e-01 2.5685038258083510e-04
-7.5614684290151657e-01 2.5696699516139114e-04
-7.5588981761657348e-01 2.5708356811947938e-04
-7.5563267577849091e-01 2.5720010143733679e-04
-7.5537541742691861e-01 2.5731659509632937e-04
-7.5511804260152393e-01 2.5743304907896013e-04
-7.5486055134199248e-01 2.5754946336687681e-04
-7.5460294368802749e-01 2.5766583794278359e-04
-7.5434521967935053e-01 2.5778217278804388e-04
-7.5408737935570080e-01 2.5789846788509531e-04
-7.5382942275683551e-01 2.5801472321621406e-04
-7.5357134992252994e-01 2.5813093876302009e-04
-7.5331316089257716e-01 2.5824711450776305e-04
-7.5305485570678821e-01 2.5836325043241922e-04
-7.5279643440499200e-01 2.5847934651911298e-04
-7.5253789702703533e-01 2.5859540275010565e-04
-7.5227924361278287e-01 2.5871141910770493e-04
-7.5202047420211737e-01 2.5882739557352114e-04
-7.5176158883493938e-01 2.5894333212979668e-04
-7.5150258755116706e-01 2.5905922875879095e-04
-7.5124347039073680e-01 2.5917508544278213e-04
-7.5098423739360276e-01 2.5929090216363565e-04
-7.5072488859973696e-01 2.5940667890334343e-04
-7.5046542404912919e-01 2.5952241564426433e-04
-7.5020584378178701e-01 2.5963811236904671e-04
-7.4994614783773617e-01 2.5975376905905000e-04
-7.4968633625701997e-01 2.5986938569670518e-04
-7.4942640907969960e-01 2.5998496226424539e-04
-7.4916636634585398e-01 2.6010049874420347e-04
-7.4890620809558017e-01 2.6021599511805594e-04
-7.4864593436899274e-01 2.6033145136827282e-04
-7.4838554520622402e-01 2.6044686747748671e-04
-7.4812504064742447e-01 2.6056224342727740e-04
-7.4786442073276205e-01 2.6067757920011361e-04
-7.4760368550242262e-01 2.6079287477818037e-04
-7.4734283499660970e-01 2.6090813014411344e-04
-7.4708186925554487e-01 2.6102334527940060e-04
-7.4682078831946719e-01 2.6113852016676042e-04
-7.4655959222863366e-01 2.6125365478808760e-04
-7.4629828102331885e-01 2.6136874912609286e-04
-7.4603685474381531e-01 2.6148380316261851e-04
-7.4577531343043313e-01 2.6159881688024448e-04
-7.4551365712350026e-01 2.6171379026106856e-04
-7.4525188586336233e-01 2.6182872328748153e-04
-7.4498999969038271e-01 2.6194361594172985e-04
-7.4472799864494266e-01 2.6205846820552987e-04
-7.4446588276744075e-01 2.6217328006197696e-04
-7.4420365209829353e-01 2.6228805149321112e-04
-7.4394130667793523e-01 2.6240278248149660e-04
-7.4367884654681793e-01 2.6251747300853504e-04
-7.4341627174541092e-01 2.6263212305767500e-04
-7.4315358231420170e-01 2.6274673261043110e-04
-7.4289077829369521e-01 2.6286130164920049e-04
-7.4262785972441392e-01 2.6297583015678873e-04
-7.4236482664689818e-01 2.6309031811531166e-04
-7.4210167910170599e-01 2.6320476550689421e-04
-7.4183841712941290e-01 2.6331917231403064e-04
-7.4157504077061209e-01 2.6343353851919645e-04
-7.4131155006591443e-01 2.6354786410483834e-04
-7.4104794505594851e-01 2.6366214905293754e-04
-7.4078422578136038e-01 2.6377639334614989e-04
-7.4052039228281374e-01 2.6389059696702607e-04
-7.4025644460099005e-01 2.6400475989761031e-04
-7.3999238277658830e-01 2.6411888212015560e-04
-7.3972820685032492e-01 2.6423296361753758e-04
-7.3946391686293411e-01 2.6434700437202803e-04
-7.3919951285516761e-01 2.6446100436605376e-04
-7.3893499486779479e-01 2.6457496358183694e-04
-7.3867036294160249e-01 2.6468888200209295e-04
-7.3840561711739527e-01 2.6480275960884286e-04
-7.3814075743599505e-01 2.6491659638496688e-04
-7.3787578393824149e-01 2.6503039231266838e-04
-7.3761069666499168e-01 2.6514414737450402e-04
-7.3734549565712038e-01 2.6525786155273218e-04
-7.3708018095551964e-01 2.6537153483031917e-04
-7.3681475260109941e-01 2.6548516718904704e-04
-7.3654921063478684e-01 2.6559875861184497e-04
-7.3628355509752674e-01 2.6571230908111647e-04
-7.3601778603028134e-01 2.6582581857962219e-04
-7.3575190347403063e-01 2.6593928708918541e-04
-7.3548590746977183e-01 2.6605271459266620e-04
-7.3521979805851967e-01 2.6616610107275674e-04
-7.3495357528130645e-01 2.6627944651194972e-04
-7.3468723917918199e-01 2.6639275089255918e-04
-7.3442078979321357e-01 2.6650601419705153e-04
-7.3415422716448586e-01 2.6661923640801665e-04
-7.3388755133410088e-01 2.6673241750853284e-04
-7.3362076234317852e-01 2.6684555748026641e-04
-7.3335386023285565e-01 2.6695865630642834e-04
-7.3308684504428689e-01 2.6707171396920902e-04
-7.3281971681864411e-01 2.6718473045153358e-04
-7.3255247559711678e-01 2.6729770573554444e-04
-7.3228512142091162e-01 2.6741063980420602e-04
-7.3201765433125299e-01 2.6752353263961929e-04
-7.3175007436938233e-01 2.6763638422497635e-04
-7.3148238157655876e-01 2.6774919454263126e-04
-7.3121457599405870e-01 2.6786196357520995e-04
-7.3094665766317601e-01 2.6797469130522095e-04
-7.3067862662522198e-01 2.6808737771500605e-04
-7.3041048292152499e-01 2.6820002278788097e-04
-7.3014222659343120e-01 2.6831262650583835e-04
-7.2987385768230373e-01 2.6842518885217178e-04
-7.2960537622952348e-01 2.6853770980879568e-04
-7.2933678227648835e-01 2.6865018935887748e-04
-7.2906807586461375e-01 2.6876262748493844e-04
-7.2879925703533244e-01 2.6887502416958318e-04
-7.2853032583009447e-01 2.6898737939544897e-04
-7.2826128229036724e-01 2.6909969314522879e-04
-7.2799212645763545e-01 2.6921196540161205e-04
-7.2772285837340112e-01 2.6932419614731582e-04
-7.2745347807918359e-01 2.6943638536495166e-04
-7.2718398561651942e-01 2.6954853303753408e-04
-7.2691438102696260e-01 2.6966063914758009e-04
-7.2664466435208441e-01 2.6977270367752775e-04
-7.2637483563347327e-01 2.6988472661042679e-04
-7.2610489491273500e-01 2.6999670792886342e-04
-7.2583484223149253e-01 2.7010864761594207e-04
-7.2556467763138643e-01 2.7022054565353060e-04
-7.2529440115407395e-01 2.7033240202549371e-04
-7.2502401284123019e-01 2.7044421671361060e-04
-7.2475351273454702e-01 2.7055598970129663e-04
-7.2448290087573386e-01 2.7066772097092748e-04
-7.2421217730651721e-01 2.7077941050535829e-04
-7.2394134206864080e-01 2.7089105828749830e-04
-7.2367039520386567e-01 2.7100266429990930e-04
-7.2339933675396995e-01 2.7111422852558477e-04
-7.2312816676074898e-01 2.7122575094746295e-04
-7.2285688526601544e-01 2.7133723154813344e-04
-7.2258549231159919e-01 2.7144867031010590e-04
-7.2231398793934698e-01 2.7156006721694361e-04
-7.2204237219112322e-01 2.7167142225066138e-04
-7.2177064510880906e-01 2.7178273539460787e-04
-7.2149880673430300e-01 2.7189400663165140e-04
-7.2122685710952084e-01 2.7200523594415253e-04
-7.2095479627639525e-01 2.7211642331537102e-04
-7.2068262427687613e-01 2.7222756872837071e-04
-7.2041034115293079e-01 2.7233867216531235e-04
-7.2013794694654332e-01 2.7244973360953116e-04
-7.1986544169971511e-01 2.7256075304377548e-04
-7.1959282545446457e-01 2.7267173045121405e-04
-7.1932009825282739e-01 2.7278266581438730e-04
-7.1904726013685627e-01 2.7289355911621076e-04
-7.1877431114862089e-01 2.7300441033999286e-04
-7.1850125133020837e-01 2.7311521946797801e-04
-7.1822808072372257e-01 2.7322598648344575e-04
-7.1795479937128448e-01 2.7333671136964402e-04
-7.1768140731503249e-01 2.7344739410869789e-04
-7.1740790459712156e-01 2.7355803468442262e-04
-7.1713429125972417e-01 2.7366863307909053e-04
-7.1686056734502956e-01 2.7377918927595557e-04
-7.1658673289524422e-01 2.7388970325773073e-04
-7.1631278795259146e-01 2.7400017500769756e-04
-7.1603873255931183e-01 2.7411060450860061e-04
-7.1576456675766276e-01 2.7422099174367816e-04
-7.1549029058991886e-01 2.7433133669557924e-04
-7.1521590409837166e-01 2.7444163934742732e-04
-7.1494140732532963e-01 2.7455189968242762e-04
-7.1466680031311847e-01 2.7466211768314151e-04
-7.1439208310408064e-01 2.7477229333287113e-04
-7.1411725574057583e-01 2.7488242661424860e-04
-7.1384231826498035e-01 2.7499251751098469e-04
-7.1356727071968784e-01 2.7510256600565917e-04
-7.1329211314710883e-01 2.7521257208122229e-04
-7.1301684558967071e-01 2.7532253572087103e-04
-7.1274146808981786e-01 2.7543245690777137e-04
-7.1246598069001166e-01 2.7554233562494319e-04
-7.1219038343273056e-01 2.7565217185494503e-04
-7.1191467636046957e-01 2.7576196558161398e-04
-7.1163885951574102e-01 2.7587171678755316e-04
-7.1136293294107411e-01 2.7598142545553795e-04
-7.1108689667901459e-01 2.7609109156954693e-04
-7.1081075077212563e-01 2.7620071511192122e-04
-7.1053449526298695e-01 2.7631029606618360e-04
-7.1025813019419548e-01 2.7641983441484340e-04
-7.0998165560836457e-01 2.7652933014191963e-04
-7.0970507154812501e-01 2.7663878322970890e-04
-7.0942837805612413e-01 2.7674819366155831e-04
-7.0915157517502614e-01 2.7685756142084789e-04
-7.0887466294751222e-01 2.7696688649056890e-04
-7.0859764141628034e-01 2.7707616885401987e-04
-7.0832051062404544e-01 2.7718540849411749e-04
-7.0804327061353922e-01 2.7729460539399164e-04
-7.0776592142751027e-01 2.7740375953673392e-04
-7.0748846310872382e-01 2.7751287090596019e-04
-7.0721089569996221e-01 2.7762193948446736e-04
-7.0693321924402452e-01 2.7773096525524798e-04
-7.0665543378372642e-01 2.7783994820212212e-04
-7.0637753936190062e-01 2.7794888830802862e-04
-7.0609953602139675e-01 2.7805778555568849e-04
-7.0582142380508084e-01 2.7816663992894224e-04
-7.0554320275583604e-01 2.7827545141069379e-04
-7.0526487291656215e-01 2.7838421998423868e-04
-7.0498643433017572e-01 2.7849294563290025e-04
-7.0470788703961018e-01 2.7860162833970466e-04
-7.0442923108781552e-01 2.7871026808835939e-04
-7.0415046651775881e-01 2.7881886486148680e-04
-7.0387159337242367e-01 2.7892741864236914e-04
-7.0359261169481024e-01 2.7903592941493912e-04
-7.0331352152793591e-01 2.7914439716162948e-04
-7.0303432291483425e-01 2.7925282186651204e-04
-7.0275501589855605e-01 2.7936120351213596e-04
-7.0247560052216840e-01 2.7946954208232409e-04
-7.0219607682875529e-01 2.7957783756032739e-04
-7.0191644486141747e-01 2.7968608992926701e-04
-7.0163670466327233e-01 2.7979429917234958e-04
-7.0135685627745392e-01 2.7990246527293092e-04
-7.0107689974711296e-01 2.8001058821446756e-04
-7.0079683511541679e-01 2.8011866798044401e-04
-7.0051666242554966e-01 2.8022670455377140e-04
-7.0023638172071212e-01 2.8033469791838441e-04
-6.9995599304412182e-01 2.8044264805685714e-04
-6.9967549643901261e-01 2.8055055495314942e-04
-6.9939489194863524e-01 2.8065841859048821e-04
-6.9911417961625710e-01 2.8076623895206853e-04
-6.9883335948516212e-01 2.8087401602133386e-04
-6.9855243159865088e-01 2.8098174978166983e-04
-6.9827139600004051e-01 2.8108944021664725e-04
-6.9799025273266491e-01 2.8119708730940923e-04
-6.9770900183987439e-01 2.8130469104360441e-04
-6.9742764336503604e-01 2.8141225140239194e-04
-6.9714617735153339e-01 2.8151976836937419e-04
-6.9686460384276661e-01 2.8162724192798389e-04
-6.9658292288215251e-01 2.8173467206141076e-04
-6.9630113451312436e-01 2.8184205875325555e-04
-6.9601923877913197e-01 2.8194940198703527e-04
-6.9573723572364199e-01 2.8205670174595587e-04
-6.9545512539013710e-01 2.8216395801393976e-04
-6.9517290782211705e-01 2.8227117077388544e-04
-6.9489058306309781e-01 2.8237834000953486e-04
-6.9460815115661201e-01 2.8248546570423658e-04
-6.9432561214620869e-01 2.8259254784163720e-04
-6.9404296607545346e-01 2.8269958640530813e-04
-6.9376021298792856e-01 2.8280658137835781e-04
-6.9347735292723245e-01 2.8291353274482534e-04
-6.9319438593698046e-01 2.8302044048758628e-04
-6.9291131206080403e-01 2.8312730459068665e-04
-6.9262813134235135e-01 2.8323412503734207e-04
-6.9234484382528694e-01 2.8334090181123792e-04
-6.9206144955329174e-01 2.8344763489616568e-04
-6.9177794857006347e-01 2.8355432427502967e-04
-6.9149434091931594e-01 2.8366096993178829e-04
-6.9121062664477961e-01 2.8376757184980322e-04
-6.9092680579020116e-01 2.8387413001312509e-04
-6.9064287839934402e-01 2.8398064440483248e-04
-6.9035884451598795e-01 2.8408711500832435e-04
-6.9007470418392891e-01 2.8419354180764402e-04
-6.8979045744697942e-01 2.8429992478644714e-04
-6.8950610434896853e-01 2.8440626392800224e-04
-6.8922164493374161e-01 2.8451255921582312e-04
-6.8893707924516023e-01 2.8461881063396018e-04
-6.8865240732710264e-01 2.8472501816571171e-04
-6.8836762922346340e-01 2.8483118179451091e-04
-6.8808274497815314e-01 2.8493730150466458e-04
-6.8779775463509929e-01 2.8504337727928373e-04
-6.8751265823824548e-01 2.8514940910191787e-04
-6.8722745583155154e-01 2.8525539695657871e-04
-6.8694214745899385e-01 2.8536134082682627e-04
-6.8665673316456488e-01 2.8546724069632666e-04
-6.8637121299227388e-01 2.8557309654844574e-04
-6.8608558698614597e-01 2.8567890836720262e-04
-6.8579985519022280e-01 2.8578467613617035e-04
-6.8551401764856223e-01 2.8589039983919508e-04
-6.8522807440523859e-01 2.8599607945979438e-04
-6.8494202550434236e-01 2.8610171498170896e-04
-6.8465587098998038e-01 2.8620730638864955e-04
-6.8436961090627579e-01 2.8631285366419938e-04
-6.8408324529736786e-01 2.8641835679247201e-04
-6.8379677420741236e-01 2.8652381575684533e-04
-6.8351019768058119e-01 2.8662923054110123e-04
-6.8322351576106255e-01 2.8673460112893946e-04
-6.8293672849306075e-01 2.8683992750444358e-04
-6.8264983592079653e-01 2.8694520965120307e-04
-6.8236283808850684e-01 2.8705044755284901e-04
-6.8207573504044483e-01 2.8715564119312983e-04
-6.8178852682087976e-01 2.8726079055613147e-04
-6.8150121347409731e-01 2.8736589562533430e-04
-6.8121379504439927e-01 2.8747095638455853e-04
-6.8092627157610353e-01 2.8757597281792342e-04
-6.8063864311354438e-01 2.8768094490886969e-04
-6.8035090970107226e-01 2.8778587264128620e-04
-6.8006307138305355e-01 2.8789075599897545e-04
-6.7977512820387109e-01 2.8799559496599150e-04
-6.7948708020792370e-01 2.8810038952624731e-04
-6.7919892743962662e-01 2.8820513966307861e-04
-6.7891066994341098e-01 2.8830984536060540e-04
-6.7862230776372412e-01 2.8841450660280047e-04
-6.7833384094502969e-01 2.8851912337310903e-04
-6.7804526953180710e-01 2.8862369565606905e-04
-6.7775659356855233e-01 2.8872822343501320e-04
-6.7746781309977722e-01 2.8883270669398891e-04
-6.7717892817000969e-01 2.8893714541710822e-04
-6.7688993882379400e-01 2.8904153958785712e-04
-6.7660084510569030e-01 2.8914588919039702e-04
-6.7631164706027491e-01 2.8925019420854314e-04
-6.7602234473214029e-01 2.8935445462624092e-04
-6.7573293816589475e-01 2.8945867042741560e-04
-6.7544342740616292e-01 2.8956284159622017e-04
-6.7515381249758555e-01 2.8966696811609928e-04
-6.7486409348481913e-01 2.8977104997149371e-04
-6.7457427041253659e-01 2.8987508714577062e-04
-6.7428434332542642e-01 2.8997907962374715e-04
-6.7399431226819373e-01 2.9008302738848260e-04
-6.7370417728555920e-01 2.9018693042443444e-04
-6.7341393842225961e-01 2.9029078871587816e-04
-6.7312359572304814e-01 2.9039460224587651e-04
-6.7283314923269333e-01 2.9049837099951180e-04
-6.7254259899598035e-01 2.9060209495998122e-04
-6.7225194505771002e-01 2.9070577411148768e-04
-6.7196118746269917e-01 2.9080940843825555e-04
-6.7167032625578083e-01 2.9091299792385292e-04
-6.7137936148180355e-01 2.9101654255310835e-04
-6.7108829318563246e-01 2.9112004230921436e-04
-6.7079712141214820e-01 2.9122349717655276e-04
-6.7050584620624742e-01 2.9132690713944126e-04
-6.7021446761284298e-01 2.9143027218145757e-04
-6.6992298567686337e-01 2.9153359228699594e-04
-6.6963140044325320e-01 2.9163686744000547e-04
-6.6933971195697295e-01 2.9174009762459457e-04
-6.6904792026299909e-01 2.9184328282464897e-04
-6.6875602540632384e-01 2.9194642302453366e-04
-6.6846402743195543e-01 2.9204951820836246e-04
-6.6817192638491807e-01 2.9215256836003748e-04
-6.6787972231025183e-01 2.9225557346346275e-04
-6.6758741525301246e-01 2.9235853350327606e-04
-6.6729500525827179e-01 2.9246144846343646e-04
-6.6700249237111753e-01 2.9256431832795388e-04
-6.6670987663665315e-01 2.9266714308109123e-04
-6.6641715809999813e-01 2.9276992270677927e-04
-6.6612433680628769e-01 2.9287265718916838e-04
-6.6583141280067271e-01 2.9297534651297208e-04
-6.6553838612832039e-01 2.9307799066157012e-04
-6.6524525683441327e-01 2.9318058961973475e-04
-6.6495202496415007e-01 2.9328314337120958e-04
-6.6465869056274507e-01 2.9338565190047220e-04
-6.6436525367542842e-01 2.9348811519186191e-04
-6.6407171434744627e-01 2.9359053322918063e-04
-6.6377807262406041e-01 2.9369290599663169e-04
-6.6348432855054829e-01 2.9379523347881860e-04
-6.6319048217220333e-01 2.9389751565975231e-04
-6.6289653353433475e-01 2.9399975252349678e-04
-6.6260248268226740e-01 2.9410194405446027e-04
-6.6230832966134190e-01 2.9420409023697962e-04
-6.6201407451691463e-01 2.9430619105543648e-04
-6.6171971729435797e-01 2.9440824649352900e-04
-6.6142525803905972e-01 2.9451025653578317e-04
-6.6113069679642344e-01 2.9461222116670369e-04
-6.6083603361186849e-01 2.9471414037064302e-04
-6.6054126853083017e-01 2.9481601413120726e-04
-6.6024640159875914e-01 2.9491784243316203e-04
-6.5995143286112179e-01 2.9501962526104811e-04
-6.5965636236340053e-01 2.9512136259861712e-04
-6.5936119015109307e-01 2.9522305443068674e-04
-6.5906591626971311e-01 2.9532470074121312e-04
-6.5877054076478991e-01 2.9542630151453909e-04
-6.5847506368186826e-01 2.9552785673535314e-04
-6.5817948506650892e-01 2.9562936638747651e-04
-6.5788380496428789e-01 2.9573083045578429e-04
-6.5758802342079736e-01 2.9583224892424363e-04
-6.5729214048164464e-01 2.9593362177741673e-04
-6.5699615619245300e-01 2.9603494899948260e-04
-6.5670007059886115e-01 2.9613623057504588e-04
-6.5640388374652348e-01 2.9623746648859328e-04
-6.5610759568111021e-01 2.9633865672391228e-04
-6.5581120644830670e-01 2.9643980126619279e-04
-6.5551471609381440e-01 2.9654090009927390e-04
-6.5521812466335005e-01 2.9664195320771089e-04
-6.5492143220264609e-01 2.9674296057590383e-04
-6.5462463875745047e-01 2.9684392218835479e-04
-6.5432774437352681e-01 2.9694483802934080e-04
-6.5403074909665415e-01 2.9704570808349723e-04
-6.5373365297262709e-01 2.9714653233553696e-04
-6.5343645604725609e-01 2.9724731076923326e-04
-6.5313915836636682e-01 2.9734804336934280e-04
-6.5284175997580052e-01 2.9744873012055274e-04
-6.5254426092141415e-01 2.9754937100693078e-04
-6.5224666124907993e-01 2.9764996601341979e-04
-6.5194896100468580e-01 2.9775051512425797e-04
-6.5165116023413516e-01 2.9785101832390773e-04
-6.5135325898334684e-01 2.9795147559705346e-04
-6.5105525729825531e-01 2.9805188692790836e-04
-6.5075715522481037e-01 2.9815225230114481e-04
-6.5045895280897725e-01 2.9825257170159241e-04
-6.5016065009673696e-01 2.9835284511327606e-04
-6.4986224713408569e-01 2.9845307252093198e-04
-6.4956374396703520e-01 2.9855325390906718e-04
-6.4926514064161256e-01 2.9865338926252680e-04
-6.4896643720386060e-01 2.9875347856533842e-04
-6.4866763369983715e-01 2.9885352180271049e-04
-6.4836873017561591e-01 2.9895351895866605e-04
-6.4806972667728580e-01 2.9905347001779923e-04
-6.4777062325095092e-01 2.9915337496528904e-04
-6.4747141994273127e-01 2.9925323378502923e-04
-6.4717211679876185e-01 2.9935304646206405e-04
-6.4687271386519318e-01 2.9945281298100453e-04
-6.4657321118819133e-01 2.9955253332609842e-04
-6.4627360881393747e-01 2.9965220748231916e-04
-6.4597390678862832e-01 2.9975183543419319e-04
-6.4567410515847601e-01 2.9985141716609389e-04
-6.4537420396970768e-01 2.9995095266337191e-04
-6.4507420326856635e-01 3.0005044190998587e-04
-6.4477410310131011e-01 3.0014988489056733e-04
-6.4447390351421219e-01 3.0024928159038409e-04
-6.4417360455356143e-01 3.0034863199384255e-04
-6.4387320626566202e-01 3.0044793608537216e-04
-6.4357270869683325e-01 3.0054719384996730e-04
-6.4327211189340994e-01 3.0064640527202905e-04
-6.4297141590174200e-01 3.0074557033647374e-04
-6.4267062076819481e-01 3.0084468902788844e-04
-6.4236972653914881e-01 3.0094376133134830e-04
-6.4206873326100000e-01 3.0104278723124233e-04
-6.4176764098015959e-01 3.0114176671213740e-04
-6.4146644974305389e-01 3.0124069975903602e-04
-6.4116515959612452e-01 3.0133958635678666e-04
-6.4086377058582844e-01 3.0143842649005899e-04
-6.4056228275863791e-01 3.0153722014335363e-04
-6.4026069616104020e-01 3.0163596730178849e-04
-6.3995901083953810e-01 3.0173466794970478e-04
-6.3965722684064930e-01 3.0183332207232735e-04
-6.3935534421090690e-01 3.0193192965434203e-04
-6.3905336299685922e-01 3.0203049068041802e-04
-6.3875128324506969e-01 3.0212900513551587e-04
-6.3844910500211705e-01 3.0222747300426430e-04
-6.3814682831459513e-01 3.0232589427153073e-04
-6.3784445322911298e-01 3.0242426892208775e-04
-6.3754197979229466e-01 3.0252259694124871e-04
-6.3723940805077983e-01 3.0262087831299636e-04
-6.3693673805122275e-01 3.0271911302295581e-04
-6.3663396984029330e-01 3.0281730105545551e-04
-6.3633110346467625e-01 3.0291544239549297e-04
-6.3602813897107147e-01 3.0301353702821100e-04
-6.3572507640619413e-01 3.0311158493820942e-04
-6.3542191581677443e-01 3.0320958611049470e-04
-6.3511865724955774e-01 3.0330754052980738e-04
-6.3481530075130455e-01 3.0340544818091255e-04
-6.3451184636879021e-01 3.0350330904916419e-04
-6.3420829414880542e-01 3.0360112311935984e-04
-6.3390464413815595e-01 3.0369889037622482e-04
-6.3360089638366257e-01 3.0379661080476435e-04
-6.3329705093216115e-01 3.0389428438989231e-04
-6.3299310783050267e-01 3.0399191111646183e-04
-6.3268906712555306e-01 3.0408949096949418e-04
-6.3238492886419329e-01 3.0418702393419152e-04
-6.3208069309331960e-01 3.0428450999503859e-04
-6.3177635985984304e-01 3.0438194913721544e-04
-6.3147192921068962e-01 3.0447934134602287e-04
-6.3116740119280068e-01 3.0457668660599009e-04
-6.3086277585313233e-01 3.0467398490229415e-04
-6.3055805323865577e-01 3.0477123621987419e-04
-6.3025323339635708e-01 3.0486844054399031e-04
-6.2994831637323767e-01 3.0496559785909337e-04
-6.2964330221631348e-01 3.0506270815071996e-04
-6.2933819097261567e-01 3.0515977140386141e-04
-6.2903298268919050e-01 3.0525678760316954e-04
-6.2872767741309887e-01 3.0535375673408529e-04
-6.2842227519141691e-01 3.0545067878141549e-04
-6.2811677607123551e-01 3.0554755373044375e-04
-6.2781118009966064e-01 3.0564438156605148e-04
-6.2750548732381317e-01 3.0574116227325825e-04
-6.2719969779082885e-01 3.0583789583725826e-04
-6.2689381154785839e-01 3.0593458224303357e-04
-6.2658782864206741e-01 3.0603122147568394e-04
-6.2628174912063628e-01 3.0612781352066620e-04
-6.2597557303076057e-01 3.0622435836265689e-04
-6.2566930041965063e-01 3.0632085598664052e-04
-6.2536293133453136e-01 3.0641730637848022e-04
-6.2505646582264318e-01 3.0651370952234790e-04
-6.2474990393124075e-01 3.0661006540410007e-04
-6.2444324570759391e-01 3.0670637400869604e-04
-6.2413649119898729e-01 3.0680263532134160e-04
-6.2382964045272049e-01 3.0689884932690400e-04
-6.2352269351610778e-01 3.0699501601068958e-04
-6.2321565043647831e-01 3.0709113535791455e-04
-6.2290851126117608e-01 3.0718720735368132e-04
-6.2260127603755988e-01 3.0728323198321274e-04
-6.2229394481300326e-01 3.0737920923185682e-04
-6.2198651763489465e-01 3.0747513908477466e-04
-6.2167899455063735e-01 3.0757102152695592e-04
-6.2137137560764932e-01 3.0766685654369112e-04
-6.2106366085336329e-01 3.0776264412034712e-04
-6.2075585033522673e-01 3.0785838424230442e-04
-6.2044794410070225e-01 3.0795407689412717e-04
-6.2013994219726665e-01 3.0804972206173036e-04
-6.1983184467241181e-01 3.0814531973019302e-04
-6.1952365157364442e-01 3.0824086988455614e-04
-6.1921536294848567e-01 3.0833637251031506e-04
-6.1890697884447166e-01 3.0843182759263105e-04
-6.1859849930915312e-01 3.0852723511683763e-04
-6.1828992439009545e-01 3.0862259506841109e-04
-6.1798125413487903e-01 3.0871790743215938e-04
-6.1767248859109858e-01 3.0881317219381022e-04
-6.1736362780636367e-01 3.0890838933867181e-04
-6.1705467182829865e-01 3.0900355885182985e-04
-6.1674562070454253e-01 3.0909868071845231e-04
-6.1643647448274863e-01 3.0919375492458360e-04
-6.1612723321058560e-01 3.0928878145465089e-04
-6.1581789693573608e-01 3.0938376029469877e-04
-6.1550846570589768e-01 3.0947869142999856e-04
-6.1519893956878280e-01 3.0957357484547683e-04
-6.1488931857211815e-01 3.0966841052686633e-04
-6.1457960276364521e-01 3.0976319845955034e-04
-6.1426979219112010e-01 3.0985793862882340e-04
-6.1395988690231351e-01 3.0995263102017833e-04
-6.1364988694501088e-01 3.1004727561869045e-04
-6.1333979236701197e-01 3.1014187241015155e-04
-6.1302960321613142e-01 3.1023642137962849e-04
-6.1271931954019820e-01 3.1033092251284871e-04
-6.1240894138705593e-01 3.1042537579533937e-04
-6.1209846880456309e-01 3.1051978121189263e-04
-6.1178790184059217e-01 3.1061413874870433e-04
-6.1147724054303065e-01 3.1070844839076720e-04
-6.1116648495978054e-01 3.1080271012362635e-04
-6.1085563513875807e-01 3.1089692393285027e-04
-6.1054469112789422e-01 3.1099108980393007e-04
-6.1023365297513454e-01 3.1108520772224371e-04
-6.0992252072843900e-01 3.1117927767333346e-04
-6.0961129443578221e-01 3.1127329964239872e-04
-6.0929997414515302e-01 3.1136727361535694e-04
-6.0898855990455492e-01 3.1146119957775625e-04
-6.0867705176200604e-01 3.1155507751471398e-04
-6.0836544976553875e-01 3.1164890741204029e-04
-6.0805375396319994e-01 3.1174268925534561e-04
-6.0774196440305117e-01 3.1183642302979908e-04
-6.0743008113316821e-01 3.1193010872117234e-04
-6.0711810420164136e-01 3.1202374631504295e-04
-6.0680603365657526e-01 3.1211733579721240e-04
-6.0649386954608930e-01 3.1221087715277500e-04
-6.0618161191831710e-01 3.1230437036729202e-04
-6.0586926082140646e-01 3.1239781542687729e-04
-6.0555681630351998e-01 3.1249121231677069e-04
-6.0524427841283457e-01 3.1258456102243714e-04
-6.0493164719754133e-01 3.1267786152979886e-04
-6.0461892270584594e-01 3.1277111382438703e-04
-6.0430610498596848e-01 3.1286431789165678e-04
-6.0399319408614327e-01 3.1295747371744146e-04
-6.0368019005461915e-01 3.1305058128718412e-04
-6.0336709293965918e-01 3.1314364058665278e-04
-6.0305390278954085e-01 3.1323665160146820e-04
-6.0274061965255599e-01 3.1332961431730698e-04
-6.0242724357701072e-01 3.1342252871986904e-04
-6.0211377461122562e-01 3.1351539479464429e-04
-6.0180021280353535e-01 3.1360821252766208e-04
-6.0148655820228913e-01 3.1370098190437739e-04
-6.0117281085585050e-01 3.1379370291027153e-04
-6.0085897081259698e-01 3.1388637553154844e-04
-6.0054503812092086e-01 3.1397899975328956e-04
-6.0023101282922819e-01 3.1407157556183888e-04
-5.9991689498593970e-01 3.1416410294262721e-04
-5.9960268463949018e-01 3.1425658188152545e-04
-5.9928838183832889e-01 3.1434901236399032e-04
-5.9897398663091905e-01 3.1444139437612040e-04
-5.9865949906573845e-01 3.1453372790334137e-04
-5.9834491919127886e-01 3.1462601293166250e-04
-5.9803024705604646e-01 3.1471824944661377e-04
-5.9771548270856145e-01 3.1481043743434748e-04
-5.9740062619735856e-01 3.1490257688020099e-04
-5.9708567757098641e-01 3.1499466777033715e-04
-5.9677063687800802e-01 3.1508671009037670e-04
-5.9645550416700055e-01 3.1517870382615106e-04
-5.9614027948655535e-01 3.1527064896349924e-04
-5.9582496288527798e-01 3.1536254548814702e-04
-5.9550955441178810e-01 3.1545439338602222e-04
-5.9519405411471960e-01 3.1554619264295578e-04
-5.9487846204272044e-01 3.1563794324493150e-04
-5.9456277824445292e-01 3.1572964517751211e-04
-5.9424700276859332e-01 3.1582129842666005e-04
-5.9393113566383204e-01 3.1591290297841958e-04
-5.9361517697887378e-01 3.1600445881837136e-04
-5.9329912676243712e-01 3.1609596593272824e-04
-5.9298298506325497e-01 3.1618742430715495e-04
-5.9266675193007423e-01 3.1627883392763162e-04
-5.9235042741165600e-01 3.1637019477989453e-04
-5.9203401155677526e-01 3.1646150685015785e-04
-5.9171750441422133e-01 3.1655277012409541e-04
-5.9140090603279749e-01 3.1664398458761757e-04
-5.9108421646132103e-01 3.1673515022679038e-04
-5.9076743574862334e-01 3.1682626702761446e-04
-5.9045056394354989e-01 3.1691733497599746e-04
-5.9013360109496027e-01 3.1700835405771037e-04
-5.8981654725172783e-01 3.1709932425916964e-04
-5.8949940246274046e-01 3.1719024556563197e-04
-5.8918216677689950e-01 3.1728111796367630e-04
-5.8886484024312058e-01 3.1737194143923537e-04
-5.8854742291033346e-01 3.1746271597799869e-04
-5.8822991482748166e-01 3.1755344156622991e-04
-5.8791231604352290e-01 3.1764411818967719e-04
-5.8759462660742867e-01 3.1773474583461143e-04
-5.8727684656818457e-01 3.1782532448702122e-04
-5.8695897597479019e-01 3.1791585413287629e-04
-5.8664101487625897e-01 3.1800633475834200e-04
-5.8632296332161848e-01 3.1809676634923898e-04
-5.8600482135991006e-01 3.1818714889184367e-04
-5.8568658904018911e-01 3.1827748237206016e-04
-5.8536826641152495e-01 3.1836776677592564e-04
-5.8504985352300065e-01 3.1845800208983886e-04
-5.8473135042371349e-01 3.1854818829954554e-04
-5.8441275716277452e-01 3.1863832539113395e-04
-5.8409407378930855e-01 3.1872841335097070e-04
-5.8377530035245451e-01 3.1881845216502250e-04
-5.8345643690136506e-01 3.1890844181948070e-04
-5.8313748348520689e-01 3.1899838230033605e-04
-5.8281844015316042e-01 3.1908827359380726e-04
-5.8249930695442009e-01 3.1917811568583183e-04
-5.8218008393819398e-01 3.1926790856283410e-04
-5.8186077115370416e-01 3.1935765221090614e-04
-5.8154136865018657e-01 3.1944734661608500e-04
-5.8122187647689083e-01 3.1953699176480915e-04
-5.8090229468308063e-01 3.1962658764288573e-04
-5.8058262331803323e-01 3.1971613423681090e-04
-5.8026286243103986e-01 3.1980563153261249e-04
-5.7994301207140553e-01 3.1989507951645467e-04
-5.7962307228844889e-01 3.1998447817481571e-04
-5.7930304313150272e-01 3.2007382749348669e-04
-5.7898292464991319e-01 3.2016312745902791e-04
-5.7866271689304050e-01 3.2025237805753784e-04
-5.7834241991025848e-01 3.2034157927536561e-04
-5.7802203375095484e-01 3.2043073109861141e-04
-5.7770155846453097e-01 3.2051983351357078e-04
-5.7738099410040200e-01 3.2060888650651675e-04
-5.7706034070799683e-01 3.2069789006363629e-04
-5.7673959833675803e-01 3.2078684417130728e-04
-5.7641876703614181e-01 3.2087574881605092e-04
-5.7609784685561838e-01 3.2096460398376526e-04
-5.7577683784467149e-01 3.2105340966073520e-04
-5.7545574005279843e-01 3.2114216583357323e-04
-5.7513455352951037e-01 3.2123087248849501e-04
-5.7481327832433227e-01 3.2131952961153055e-04
-5.7449191448680237e-01 3.2140813718947665e-04
-5.7417046206647293e-01 3.2149669520846740e-04
-5.7384892111290986e-01 3.2158520365460961e-04
-5.7352729167569239e-01 3.2167366251477700e-04
-5.7320557380441384e-01 3.2176207177480931e-04
-5.7288376754868087e-01 3.2185043142126914e-04
-5.7256187295811378e-01 3.2193874144065965e-04
-5.7223989008234666e-01 3.2202700181917883e-04
-5.7191781897102700e-01 3.2211521254340848e-04
-5.7159565967381620e-01 3.2220337359935015e-04
-5.7127341224038874e-01 3.2229148497410270e-04
-5.7095107672043333e-01 3.2237954665342096e-04
-5.7062865316365186e-01 3.2246755862385990e-04
-5.7030614161975968e-01 3.2255552087230398e-04
-5.6998354213848623e-01 3.2264343338447897e-04
-5.6966085476957395e-01 3.2273129614735180e-04
-5.6933807956277904e-01 3.2281910914745720e-04
-5.6901521656787146e-01 3.2290687237080621e-04
-5.6869226583463450e-01 3.2299458580392263e-04
-5.6836922741286477e-01 3.2308224943378237e-04
-5.6804610135237288e-01 3.2316986324632874e-04
-5.6772288770298263e-01 3.2325742722817702e-04
-5.6739958651453126e-01 3.2334494136611439e-04
-5.6707619783686980e-01 3.2343240564634970e-04
-5.6675272171986257e-01 3.2351982005546166e-04
-5.6642915821338746e-01 3.2360718457990475e-04
-5.6610550736733578e-01 3.2369449920621350e-04
-5.6578176923161216e-01 3.2378176392127323e-04
-5.6545794385613501e-01 3.2386897871129918e-04
-5.6513403129083606e-01 3.2395614356276256e-04
-5.6481003158566034e-01 3.2404325846245667e-04
-5.6448594479056657e-01 3.2413032339667993e-04
-5.6416177095552655e-01 3.2421733835244515e-04
-5.6383751013052585e-01 3.2430430331603887e-04
-5.6351316236556337e-01 3.2439121827393516e-04
-5.6318872771065132e-01 3.2447808321280091e-04
-5.6286420621581523e-01 3.2456489811949886e-04
-5.6253959793109420e-01 3.2465166298052293e-04
-5.6221490290654075e-01 3.2473837778228129e-04
-5.6189012119222048e-01 3.2482504251178873e-04
-5.6156525283821279e-01 3.2491165715520899e-04
-5.6124029789461005e-01 3.2499822169949124e-04
-5.6091525641151818e-01 3.2508473613118829e-04
-5.6059012843905631e-01 3.2517120043715252e-04
-5.6026491402735712e-01 3.2525761460377881e-04
-5.5993961322656638e-01 3.2534397861796186e-04
-5.5961422608684341e-01 3.2543029246613929e-04
-5.5928875265836064e-01 3.2551655613519544e-04
-5.5896319299130381e-01 3.2560276961198057e-04
-5.5863754713587221e-01 3.2568893288272542e-04
-5.5831181514227823e-01 3.2577504593454284e-04
-5.5798599706074747e-01 3.2586110875396183e-04
-5.5766009294151886e-01 3.2594712132793494e-04
-5.5733410283484475e-01 3.2603308364290108e-04
-5.5700802679099048e-01 3.2611899568592973e-04
-5.5668186486023497e-01 3.2620485744343155e-04
-5.5635561709287007e-01 3.2629066890238760e-04
-5.5602928353920111e-01 3.2637643004935514e-04
-5.5570286424954640e-01 3.2646214087140744e-04
-5.5537635927423756e-01 3.2654780135539930e-04
-5.5504976866361977e-01 3.2663341148750461e-04
-5.5472309246805074e-01 3.2671897125529758e-04
-5.5439633073790207e-01 3.2680448064489415e-04
-5.5406948352355800e-01 3.2688993964358611e-04
-5.5374255087541624e-01 3.2697534823810807e-04
-5.5341553284388767e-01 3.2706070641511488e-04
-5.5308842947939618e-01 3.2714601416167682e-04
-5.5276124083237899e-01 3.2723127146447512e-04
-5.5243396695328639e-01 3.2731647831036519e-04
-5.5210660789258181e-01 3.2740163468622947e-04
-5.5177916370074176e-01 3.2748674057909120e-04
-5.5145163442825607e-01 3.2757179597551794e-04
-5.5112402012562745e-01 3.2765680086261723e-04
-5.5079632084337182e-01 3.2774175522729205e-04
-5.5046853663201833e-01 3.2782665905622678e-04
-5.5014066754210889e-01 3.2791151233678520e-04
-5.4981271362419892e-01 3.2799631505540477e-04
-5.4948467492885666e-01 3.2808106719916900e-04
-5.4915655150666343e-01 3.2816576875510482e-04
-5.4882834340821374e-01 3.2825041970994923e-04
-5.4850005068411500e-01 3.2833502005083064e-04
-5.4817167338498773e-01 3.2841956976474048e-04
-5.4784321156146554e-01 3.2850406883859332e-04
-5.4751466526419512e-01 3.2858851725915071e-04
-5.4718603454383596e-01 3.2867291501371802e-04
-5.4685731945106086e-01 3.2875726208908605e-04
-5.4652852003655528e-01 3.2884155847234120e-04
-5.4619963635101809e-01 3.2892580415036174e-04
-5.4587066844516086e-01 3.2900999911028052e-04
-5.4554161636970833e-01 3.2909414333886659e-04
-5.4521248017539792e-01 3.2917823682358566e-04
-5.4488325991298037e-01 3.2926227955116946e-04
-5.4455395563321929e-01 3.2934627150854319e-04
-5.4422456738689107e-01 3.2943021268302112e-04
-5.4389509522478507e-01 3.2951410306182463e-04
-5.4356553919770401e-01 3.2959794263141313e-04
-5.4323589935646288e-01 3.2968173137948970e-04
-5.4290617575189015e-01 3.2976546929273253e-04
-5.4257636843482693e-01 3.2984915635834159e-04
-5.4224647745612731e-01 3.2993279256337307e-04
-5.4191650286665827e-01 3.3001637789492231e-04
-5.4158644471729955e-01 3.3009991234036492e-04
-5.4125630305894401e-01 3.3018339588661793e-04
-5.4092607794249736e-01 3.3026682852061763e-04
-5.4059576941887799e-01 3.3035021022974033e-04
-5.4026537753901727e-01 3.3043354100110344e-04
-5.3993490235385944e-01 3.3051682082179572e-04
-5.3960434391436152e-01 3.3060004967903650e-04
-5.3927370227149340e-01 3.3068322756000466e-04
-5.3894297747623776e-01 3.3076635445198667e-04
-5.3861216957959035e-01 3.3084943034173640e-04
-5.3828127863255926e-01 3.3093245521698719e-04
-5.3795030468616589e-01 3.3101542906443767e-04
-5.3761924779144410e-01 3.3109835187154589e-04
-5.3728810799944060e-01 3.3118122362557200e-04
-5.3695688536121489e-01 3.3126404431383982e-04
-5.3662557992783944e-01 3.3134681392322932e-04
-5.3629419175039927e-01 3.3142953244108325e-04
-5.3596272087999208e-01 3.3151219985494797e-04
-5.3563116736772864e-01 3.3159481615167543e-04
-5.3529953126473218e-01 3.3167738131876330e-04
-5.3496781262213877e-01 3.3175989534340379e-04
-5.3463601149109719e-01 3.3184235821295328e-04
-5.3430412792276893e-01 3.3192476991468375e-04
-5.3397216196832831e-01 3.3200713043573122e-04
-5.3364011367896214e-01 3.3208943976359358e-04
-5.3330798310587013e-01 3.3217169788538959e-04
-5.3297577030026455e-01 3.3225390478854868e-04
-5.3264347531337042e-01 3.3233606046029722e-04
-5.3231109819642519e-01 3.3241816488837727e-04
-5.3197863900067954e-01 3.3250021805944079e-04
-5.3164609777739613e-01 3.3258221996145307e-04
-5.3131347457785072e-01 3.3266417058150046e-04
-5.3098076945333161e-01 3.3274606990688202e-04
-5.3064798245513967e-01 3.3282791792503883e-04
-5.3031511363458839e-01 3.3290971462339523e-04
-5.2998216304300394e-01 3.3299145998928276e-04
-5.2964913073172504e-01 3.3307315401015833e-04
-5.2931601675210305e-01 3.3315479667340032e-04
-5.2898282115550199e-01 3.3323638796626680e-04
-5.2864954399329822e-01 3.3331792787649652e-04
-5.2831618531688096e-01 3.3339941639129212e-04
-5.2798274517765187e-01 3.3348085349811527e-04
-5.2764922362702515e-01 3.3356223918444859e-04
-5.2731562071642768e-01 3.3364357343760285e-04
-5.2698193649729863e-01 3.3372485624531280e-04
-5.2664817102109007e-01 3.3380608759466646e-04
-5.2631432433926617e-01 3.3388726747359069e-04
-5.2598039650330397e-01 3.3396839586931088e-04
-5.2564638756469295e-01 3.3404947276923766e-04
-5.2531229757493492e-01 3.3413049816113206e-04
-5.2497812658554444e-01 3.3421147203223318e-04
-5.2464387464804840e-01 3.3429239437011141e-04
-5.2430954181398615e-01 3.3437326516245640e-04
-5.2397512813490965e-01 3.3445408439657163e-04
-5.2364063366238311e-01 3.3453485206031704e-04
-5.2330605844798350e-01 3.3461556814089947e-04
-5.2297140254329999e-01 3.3469623262601708e-04
-5.2263666599993430e-01 3.3477684550320543e-04
-5.2230184886950060e-01 3.3485740675996705e-04
-5.2196695120362524e-01 3.3493791638423054e-04
-5.2163197305394748e-01 3.3501837436306938e-04
-5.2129691447211857e-01 3.3509878068434289e-04
-5.2096177550980227e-01 3.3517913533565215e-04
-5.2062655621867471e-01 3.3525943830476252e-04
-5.2029125665042464e-01 3.3533968957889126e-04
-5.1995587685675282e-01 3.3541988914604146e-04
-5.1962041688937277e-01 3.3550003699344327e-04
-5.1928487680000990e-01 3.3558013310926930e-04
-5.1894925664040248e-01 3.3566017748069393e-04
-5.1861355646230067e-01 3.3574017009577710e-04
-5.1827777631746741e-01 3.3582011094179115e-04
-5.1794191625767760e-01 3.3590000000664787e-04
-5.1760597633471861e-01 3.3597983727806912e-04
-5.1726995660039021e-01 3.3605962274354525e-04
-5.1693385710650430e-01 3.3613935639095326e-04
-5.1659767790488520e-01 3.3621903820794398e-04
-5.1626141904736955e-01 3.3629866818209717e-04
-5.1592508058580611e-01 3.3637824630135439e-04
-5.1558866257205604e-01 3.3645777255334017e-04
-5.1525216505799276e-01 3.3653724692582270e-04
-5.1491558809550197e-01 3.3661666940642084e-04
-5.1457893173648150e-01 3.3669603998306980e-04
-5.1424219603284160e-01 3.3677535864333767e-04
-5.1390538103650463e-01 3.3685462537504622e-04
-5.1356848679940503e-01 3.3693384016628277e-04
-5.1323151337348982e-01 3.3701300300449443e-04
-5.1289446081071810e-01 3.3709211387737372e-04
-5.1255732916306085e-01 3.3717117277320171e-04
-5.1222011848250182e-01 3.3725017967920558e-04
-5.1188282882103631e-01 3.3732913458381022e-04
-5.1154546023067238e-01 3.3740803747436669e-04
-5.1120801276342998e-01 3.3748688833875679e-04
-5.1087048647134115e-01 3.3756568716500373e-04
-5.1053288140645015e-01 3.3764443394099659e-04
-5.1019519762081356e-01 3.3772312865432532e-04
-5.0985743516649984e-01 3.3780177129308473e-04
-5.0951959409558967e-01 3.3788036184519729e-04
-5.0918167446017604e-01 3.3795890029822569e-04
-5.0884367631236371e-01 3.3803738664038867e-04
-5.0850559970426989e-01 3.3811582085931785e-04
-5.0816744468802355e-01 3.3819420294321751e-04
-5.0782921131576608e-01 3.3827253287971624e-04
-5.0749089963965066e-01 3.3835081065700513e-04
-5.0715250971184289e-01 3.3842903626260718e-04
-5.0681404158451993e-01 3.3850720968503419e-04
-5.0647549530987157e-01 3.3858533091167607e-04
-5.0613687094009918e-01 3.3866339993089711e-04
-5.0579816852741655e-01 3.3874141673031355e-04
-5.0545938812404911e-01 3.3881938129825032e-04
-5.0512052978223465e-01 3.3889729362248213e-04
-5.0478159355422292e-01 3.3897515369088802e-04
-5.0444257949227544e-01 3.3905296149172793e-04
-5.0410348764866597e-01 3.3913071701293946e-04
-5.0376431807568023e-01 3.3920842024245175e-04
-5.0342507082561594e-01 3.3928607116818951e-04
-5.0308574595078270e-01 3.3936366977827095e-04
-5.0274634350350211e-01 3.3944121606078130e-04
-5.0240686353610775e-01 3.3951871000376696e-04
-5.0206730610094519e-01 3.3959615159520113e-04
-5.0172767125037177e-01 3.3967354082339017e-04
-5.0138795903675715e-01 3.3975087767596456e-04
-5.0104816951248254e-01 3.3982816214123270e-04
-5.0070830272994116e-01 3.3990539420739572e-04
-5.0036835874153829e-01 3.3998257386232161e-04
-5.0002833759969090e-01 3.4005970109433117e-04
-4.9968823935682805e-01 3.4013677589137740e-04
-4.9934806406539062e-01 3.4021379824156000e-04
-4.9900781177783132e-01 3.4029076813305991e-04
-4.9866748254661475e-01 3.4036768555407483e-04
-4.9832707642421742e-01 3.4044455049267458e-04
-4.9798659346312774e-01 3.4052136293688501e-04
-4.9764603371584576e-01 3.4059812287511206e-04
-4.9730539723488359e-01 3.4067483029536248e-04
-4.9696468407276512e-01 3.4075148518579408e-04
-4.9662389428202597e-01 3.4082808753465845e-04
-4.9628302791521361e-01 3.4090463733021383e-04
-4.9594208502488746e-01 3.4098113456046620e-04
-4.9560106566361856e-01 3.4105757921373028e-04
-4.9525996988398985e-01 3.4113397127813499e-04
-4.9491879773859593e-01 3.4121031074204971e-04
-4.9457754928004333e-01 3.4128659759358779e-04
-4.9423622456095023e-01 3.4136283182103469e-04
-4.9389482363394660e-01 3.4143901341268001e-04
-4.9355334655167427e-01 3.4151514235661453e-04
-4.9321179336678661e-01 3.4159121864124874e-04
-4.9287016413194884e-01 3.4166724225486670e-04
-4.9252845889983793e-01 3.4174321318566854e-04
-4.9218667772314256e-01 3.4181913142190308e-04
-4.9184482065456309e-01 3.4189499695189347e-04
-4.9150288774681150e-01 3.4197080976404079e-04
-4.9116087905261163e-01 3.4204656984656938e-04
-4.9081879462469891e-01 3.4212227718780639e-04
-4.9047663451582046e-01 3.4219793177606297e-04
-4.9013439877873505e-01 3.4227353359977150e-04
-4.8979208746621317e-01 3.4234908264715863e-04
-4.8944970063103693e-01 3.4242457890657857e-04
-4.8910723832600006e-01 3.4250002236646266e-04
-4.8876470060390798e-01 3.4257541301511285e-04
-4.8842208751757771e-01 3.4265075084087370e-04
-4.8807939911983783e-01 3.4272603583226463e-04
-4.8773663546352863e-01 3.4280126797760652e-04
-4.8739379660150201e-01 3.4287644726523514e-04
-4.8705088258662133e-01 3.4295157368368609e-04
-4.8670789347176169e-01 3.4302664722129356e-04
-4.8636482930980973e-01 3.4310166786643870e-04
-4.8602169015366359e-01 3.4317663560766079e-04
-4.8567847605623304e-01 3.4325155043336483e-04
-4.8533518707043943e-01 3.4332641233193295e-04
-4.8499182324921558e-01 3.4340122129190522e-04
-4.8464838464550591e-01 3.4347597730167225e-04
-4.8430487131226635e-01 3.4355068034974407e-04
-4.8396128330246435e-01 3.4362533042458956e-04
-4.8361762066907882e-01 3.4369992751479402e-04
-4.8327388346510031e-01 3.4377447160872243e-04
-4.8293007174353075e-01 3.4384896269493473e-04
-4.8258618555738358e-01 3.4392340076201005e-04
-4.8224222495968383e-01 3.4399778579831272e-04
-4.8189819000346784e-01 3.4407211779249484e-04
-4.8155408074178352e-01 3.4414639673306928e-04
-4.8120989722769020e-01 3.4422062260856313e-04
-4.8086563951425865e-01 3.4429479540760158e-04
-4.8052130765457113e-01 3.4436891511867410e-04
-4.8017690170172134e-01 3.4444298173029719e-04
-4.7983242170881429e-01 3.4451699523116496e-04
-4.7948786772896651e-01 3.4459095560985853e-04
-4.7914323981530593e-01 3.4466486285490976e-04
-4.7879853802097189e-01 3.4473871695489929e-04
-4.7845376239911497e-01 3.4481251789862687e-04
-4.7810891300289743e-01 3.4488626567444688e-04
-4.7776398988549262e-01 3.4495996027114731e-04
-4.7741899310008540e-01 3.4503360167735596e-04
-4.7707392269987192e-01 3.4510718988175538e-04
-4.7672877873805980e-01 3.4518072487288161e-04
-4.7638356126786791e-01 3.4525420663942277e-04
-4.7603827034252638e-01 3.4532763517016682e-04
-4.7569290601527686e-01 3.4540101045364105e-04
-4.7534746833937219e-01 3.4547433247856282e-04
-4.7500195736807649e-01 3.4554760123372159e-04
-4.7465637315466530e-01 3.4562081670768655e-04
-4.7431071575242528e-01 3.4569397888937819e-04
-4.7396498521465463e-01 3.4576708776725101e-04
-4.7361918159466260e-01 3.4584014333018169e-04
-4.7327330494576975e-01 3.4591314556694895e-04
-4.7292735532130803e-01 3.4598609446614238e-04
-4.7258133277462044e-01 3.4605899001671840e-04
-4.7223523735906148e-01 3.4613183220720019e-04
-4.7188906912799661e-01 3.4620462102655388e-04
-4.7154282813480275e-01 3.4627735646339480e-04
-4.7119651443286786e-01 3.4635003850663580e-04
-4.7085012807559123e-01 3.4642266714501858e-04
-4.7050366911638331e-01 3.4649524236735063e-04
-4.7015713760866573e-01 3.4656776416243319e-04
-4.6981053360587133e-01 3.4664023251911524e-04
-4.6946385716144412e-01 3.4671264742619972e-04
-4.6911710832883929e-01 3.4678500887251596e-04
-4.6877028716152319e-01 3.4685731684690923e-04
-4.6842339371297331e-01 3.4692957133822835e-04
-4.6807642803667832e-01 3.4700177233530362e-04
-4.6772939018613791e-01 3.4707391982712559e-04
-4.6738228021486311e-01 3.4714601380237949e-04
-4.6703509817637590e-01 3.4721805425003469e-04
-4.6668784412420938e-01 3.4729004115903960e-04
-4.6634051811190780e-01 3.4736197451831150e-04
-4.6599312019302658e-01 3.4743385431660625e-04
-4.6564565042113210e-01 3.4750568054292297e-04
-4.6529810884980183e-01 3.4757745318625980e-04
-4.6495049553262441e-01 3.4764917223544255e-04
-4.6460281052319941e-01 3.4772083767953694e-04
-4.6425505387513766e-01 3.4779244950725708e-04
-4.6390722564206072e-01 3.4786400770787489e-04
-4.6355932587760151e-01 3.4793551227011788e-04
-4.6321135463540380e-01 3.4800696318303603e-04
-4.6286331196912245e-01 3.4807836043557574e-04
-4.6251519793242324e-01 3.4814970401680223e-04
-4.6216701257898302e-01 3.4822099391573985e-04
-4.6181875596248972e-01 3.4829223012123082e-04
-4.6147042813664207e-01 3.4836341262249571e-04
-4.6112202915514994e-01 3.4843454140845139e-04
-4.6077355907173417e-01 3.4850561646802727e-04
-4.6042501794012641e-01 3.4857663779044960e-04
-4.6007640581406939e-01 3.4864760536472726e-04
-4.5972772274731677e-01 3.4871851917987816e-04
-4.5937896879363316e-01 3.4878937922496004e-04
-4.5903014400679409e-01 3.4886018548900750e-04
-4.5868124844058594e-01 3.4893093796122541e-04
-4.5833228214880617e-01 3.4900163663052997e-04
-4.5798324518526290e-01 3.4907228148623744e-04
-4.5763413760377541e-01 3.4914287251726670e-04
-4.5728495945817371e-01 3.4921340971279491e-04
-4.5693571080229867e-01 3.4928389306204563e-04
-4.5658639169000215e-01 3.4935432255404561e-04
-4.5623700217514684e-01 3.4942469817787552e-04
-4.5588754231160622e-01 3.4949501992278192e-04
-4.5553801215326462e-01 3.4956528777796913e-04
-4.5518841175401731e-01 3.4963550173247116e-04
-4.5483874116777029e-01 3.4970566177555744e-04
-4.5448900044844043e-01 3.4977576789637033e-04
-4.5413918964995542e-01 3.4984582008407947e-04
-4.5378930882625373e-01 3.4991581832789195e-04
-4.5343935803128460e-01 3.4998576261708968e-04
-4.5308933731900813e-01 3.5005565294080819e-04
-4.5273924674339516e-01 3.5012548928830195e-04
-4.5238908635842728e-01 3.5019527164883090e-04
-4.5203885621809697e-01 3.5026500001148576e-04
-4.5168855637640726e-01 3.5033467436570455e-04
-4.5133818688737204e-01 3.5040429470070456e-04
-4.5098774780501599e-01 3.5047386100567438e-04
-4.5063723918337445e-01 3.5054337326993149e-04
-4.5028666107649351e-01 3.5061283148270922e-04
-4.4993601353842994e-01 3.5068223563336552e-04
-4.4958529662325125e-01 3.5075158571113834e-04
-4.4923451038503559e-01 3.5082088170545269e-04
-4.4888365487787191e-01 3.5089012360549809e-04
-4.4853273015585976e-01 3.5095931140061376e-04
-4.4818173627310937e-01 3.5102844508016649e-04
-4.4783067328374160e-01 3.5109752463353472e-04
-4.4747954124188810e-01 3.5116655004994519e-04
-4.4712834020169095e-01 3.5123552131894313e-04
-4.4677707021730312e-01 3.5130443842970507e-04
-4.4642573134288804e-01 3.5137330137166036e-04
-4.4607432363261978e-01 3.5144211013425267e-04
-4.4572284714068311e-01 3.5151086470677041e-04
-4.4537130192127328e-01 3.5157956507872007e-04
-4.4501968802859626e-01 3.5164821123940436e-04
-4.4466800551686847e-01 3.5171680317838867e-04
-4.4431625444031708e-01 3.5178534088496318e-04
-4.4396443485317977e-01 3.5185382434852071e-04
-4.4361254680970463e-01 3.5192225355869483e-04
-4.4326059036415055e-01 3.5199062850477193e-04
-4.4290856557078684e-01 3.5205894917622718e-04
-4.4255647248389329e-01 3.5212721556256588e-04
-4.4220431115776038e-01 3.5219542765330483e-04
-4.4185208164668899e-01 3.5226358543781271e-04
-4.4149978400499057e-01 3.5233168890558969e-04
-4.4114741828698695e-01 3.5239973804631795e-04
-4.4079498454701072e-01 3.5246773284923412e-04
-4.4044248283940463e-01 3.5253567330412525e-04
-4.4008991321852226e-01 3.5260355940023154e-04
-4.3973727573872728e-01 3.5267139112738882e-04
-4.3938457045439422e-01 3.5273916847485063e-04
-4.3903179741990772e-01 3.5280689143239052e-04
-4.3867895668966311e-01 3.5287455998941084e-04
-4.3832604831806599e-01 3.5294217413562359e-04
-4.3797307235953253e-01 3.5300973386044468e-04
-4.3762002886848922e-01 3.5307723915355848e-04
-4.3726691789937300e-01 3.5314469000453485e-04
-4.3691373950663126e-01 3.5321208640290441e-04
-4.3656049374472167e-01 3.5327942833837390e-04
-4.3620718066811232e-01 3.5334671580063273e-04
-4.3585380033128185e-01 3.5341394877907105e-04
-4.3550035278871907e-01 3.5348112726345466e-04
-4.3514683809492316e-01 3.5354825124350649e-04
-4.3479325630440380e-01 3.5361532070875311e-04
-4.3443960747168092e-01 3.5368233564884608e-04
-4.3408589165128475e-01 3.5374929605355211e-04
-4.3373210889775599e-01 3.5381620191239383e-04
-4.3337825926564544e-01 3.5388305321523727e-04
-4.3302434280951441e-01 3.5394984995167723e-04
-4.3267035958393446e-01 3.5401659211139000e-04
-4.3231630964348738e-01 3.5408327968416146e-04
-4.3196219304276534e-01 3.5414991265964220e-04
-4.3160800983637071e-01 3.5421649102759849e-04
-4.3125376007891619e-01 3.5428301477773421e-04
-4.3089944382502471e-01 3.5434948389981204e-04
-4.3054506112932944e-01 3.5441589838359073e-04
-4.3019061204647385e-01 3.5448225821878098e-04
-4.2983609663111155e-01 3.5454856339525948e-04
-4.2948151493790654e-01 3.5461481390264141e-04
-4.2912686702153285e-01 3.5468100973082750e-04
-4.2877215293667487e-01 3.5474715086954752e-04
-4.2841737273802705e-01 3.5481323730871136e-04
-4.2806252648029419e-01 3.5487926903800818e-04
-4.2770761421819120e-01 3.5494524604728813e-04
-4.2735263600644313e-01 3.5501116832641630e-04
-4.2699759189978526e-01 3.5507703586521377e-04
-4.2664248195296300e-01 3.5514284865350524e-04
-4.2628730622073197e-01 3.5520860668112285e-04
-4.2593206475785783e-01 3.5527430993796319e-04
-4.2557675761911640e-01 3.5533995841396877e-04
-4.2522138485929378e-01 3.5540555209881024e-04
-4.2486594653318593e-01 3.5547109098259440e-04
-4.2451044269559912e-01 3.5553657505512921e-04
-4.2415487340134972e-01 3.5560200430619706e-04
-4.2379923870526398e-01 3.5566737872595088e-04
-4.2344353866217854e-01 3.5573269830407005e-04
-4.2308777332693986e-01 3.5579796303063227e-04
-4.2273194275440457e-01 3.5586317289558564e-04
-4.2237604699943943e-01 3.5592832788875324e-04
-4.2202008611692110e-01 3.5599342800019315e-04
-4.2166406016173635e-01 3.5605847321989976e-04
-4.2130796918878211e-01 3.5612346353769669e-04
-4.2095181325296510e-01 3.5618839894367943e-04
-4.2059559240920225e-01 3.5625327942778251e-04
-4.2023930671242044e-01 3.5631810497994656e-04
-4.1988295621755639e-01 3.5638287559038858e-04
-4.1952654097955711e-01 3.5644759124892300e-04
-4.1917006105337939e-01 3.5651225194559976e-04
-4.1881351649399007e-01 3.5657685767045847e-04
-4.1845690735636581e-01 3.5664140841365651e-04
-4.1810023369549354e-01 3.5670590416502640e-04
-4.1774349556636975e-01 3.5677034491485369e-04
-4.1738669302400122e-01 3.5683473065299258e-04
-4.1702982612340439e-01 3.5689906136969599e-04
-4.1667289491960585e-01 3.5696333705488342e-04
-4.1631589946764191e-01 3.5702755769876699e-04
-4.1595883982255893e-01 3.5709172329137083e-04
-4.1560171603941309e-01 3.5715583382283310e-04
-4.1524452817327051e-01 3.5721988928322972e-04
-4.1488727627920713e-01 3.5728388966272111e-04
-4.1452996041230877e-01 3.5734783495147129e-04
-4.1417258062767121e-01 3.5741172513954647e-04
-4.1381513698039990e-01 3.5747556021722190e-04
-4.1345762952561044e-01 3.5753934017442236e-04
-4.1310005831842789e-01 3.5760306500156724e-04
-4.1274242341398742e-01 3.5766673468869972e-04
-4.1238472486743399e-01 3.5773034922593631e-04
-4.1202696273392220e-01 3.5779390860364428e-04
-4.1166913706861663e-01 3.5785741281190369e-04
-4.1131124792669160e-01 3.5792086184093598e-04
-4.1095329536333119e-01 3.5798425568100728e-04
-4.1059527943372931e-01 3.5804759432230628e-04
-4.1023720019308962e-01 3.5811087775502499e-04
-4.0987905769662553e-01 3.5817410596945576e-04
-4.0952085199956018e-01 3.5823727895586949e-04
-4.0916258315712650e-01 3.5830039670449644e-04
-4.0880425122456715e-01 3.5836345920562160e-04
-4.0844585625713453e-01 3.5842646644947005e-04
-4.0808739831009072e-01 3.5848941842636959e-04
-4.0772887743870756e-01 3.5855231512656806e-04
-4.0737029369826649e-01 3.5861515654045834e-04
-4.0701164714405880e-01 3.5867794265826173e-04
-4.0665293783138529e-01 3.5874067347039823e-04
-4.0629416581555661e-01 3.5880334896709783e-04
-4.0593533115189301e-01 3.5886596913867332e-04
-4.0557643389572429e-01 3.5892853397561470e-04
-4.0521747410239012e-01 3.5899104346809400e-04
-4.0485845182723962e-01 3.5905349760659251e-04
-4.0449936712563161e-01 3.5911589638146034e-04
-4.0414022005293454e-01 3.5917823978311256e-04
-4.0378101066452654e-01 3.5924052780183374e-04
-4.0342173901579526e-01 3.5930276042806788e-04
-4.0306240516213793e-01 3.5936493765226858e-04
-4.0270300915896151e-01 3.5942705946473365e-04
-4.0234355106168235e-01 3.5948912585604786e-04
-4.0198403092572654e-01 3.5955113681650019e-04
-4.0162444880652970e-01 3.5961309233654163e-04
-4.0126480475953691e-01 3.5967499240670823e-04
-4.0090509884020287e-01 3.5973683701744205e-04
-4.0054533110399193e-01 3.5979862615905585e-04
-4.0018550160637772e-01 3.5986035982221243e-04
-3.9982561040284359e-01 3.5992203799735281e-04
-3.9946565754888241e-01 3.5998366067483540e-04
-3.9910564309999641e-01 3.6004522784531735e-04
-3.9874556711169745e-01 3.6010673949920602e-04
-3.9838542963950679e-01 3.6016819562709228e-04
-3.9802523073895529e-01 3.6022959621939086e-04
-3.9766497046558308e-01 3.6029094126681220e-04
-3.9730464887494005e-01 3.6035223075964759e-04
-3.9694426602258520e-01 3.6041346468867737e-04
-3.9658382196408726e-01 3.6047464304433117e-04
-3.9622331675502420e-01 3.6053576581727699e-04
-3.9586275045098362e-01 3.6059683299797309e-04
-3.9550212310756228e-01 3.6065784457706140e-04
-3.9514143478036667e-01 3.6071880054512525e-04
-3.9478068552501233e-01 3.6077970089280076e-04
-3.9441987539712453e-01 3.6084054561059703e-04
-3.9405900445233766e-01 3.6090133468927267e-04
-3.9369807274629565e-01 3.6096206811937867e-04
-3.9333708033465176e-01 3.6102274589152114e-04
-3.9297602727306857e-01 3.6108336799637550e-04
-3.9261491361721806e-01 3.6114393442458867e-04
-3.9225373942278152e-01 3.6120444516684263e-04
-3.9189250474544957e-01 3.6126490021382712e-04
-3.9153120964092220e-01 3.6132529955616797e-04
-3.9116985416490868e-01 3.6138564318457394e-04
-3.9080843837312762e-01 3.6144593108973218e-04
-3.9044696232130688e-01 3.6150616326237486e-04
-3.9008542606518370e-01 3.6156633969312304e-04
-3.8972382966050445e-01 3.6162646037286395e-04
-3.8936217316302496e-01 3.6168652529217467e-04
-3.8900045662851024e-01 3.6174653444180453e-04
-3.8863868011273445e-01 3.6180648781261967e-04
-3.8827684367148119e-01 3.6186638539528385e-04
-3.8791494736054316e-01 3.6192622718059670e-04
-3.8755299123572240e-01 3.6198601315928910e-04
-3.8719097535283009e-01 3.6204574332216241e-04
-3.8682889976768670e-01 3.6210541765994649e-04
-3.8646676453612172e-01 3.6216503616361048e-04
-3.8610456971397411e-01 3.6222459882379548e-04
-3.8574231535709180e-01 3.6228410563140205e-04
-3.8538000152133201e-01 3.6234355657725862e-04
-3.8501762826256114e-01 3.6240295165210966e-04
-3.8465519563665468e-01 3.6246229084685867e-04
-3.8429270369949725e-01 3.6252157415243434e-04
-3.8393015250698281e-01 3.6258080155952279e-04
-3.8356754211501420e-01 3.6263997305914449e-04
-3.8320487257950359e-01 3.6269908864208777e-04
-3.8284214395637217e-01 3.6275814829923419e-04
-3.8247935630155022e-01 3.6281715202154588e-04
-3.8211650967097721e-01 3.6287609979986644e-04
-3.8175360412060161e-01 3.6293499162516309e-04
-3.8139063970638104e-01 3.6299382748833093e-04
-3.8102761648428224e-01 3.6305260738021393e-04
-3.8066453451028087e-01 3.6311133129186368e-04
-3.8030139384036177e-01 3.6316999921418767e-04
-3.7993819453051880e-01 3.6322861113811147e-04
-3.7957493663675484e-01 3.6328716705463646e-04
-3.7921162021508187e-01 3.6334566695467996e-04
-3.7884824532152073e-01 3.6340411082931389e-04
-3.7848481201210155e-01 3.6346249866944081e-04
-3.7812132034286317e-01 3.6352083046611589e-04
-3.7775777036985364e-01 3.6357910621029191e-04
-3.7739416214912991e-01 3.6363732589302029e-04
-3.7703049573675795e-01 3.6369548950526822e-04
-3.7666677118881264e-01 3.6375359703814638e-04
-3.7630298856137789e-01 3.6381164848265783e-04
-3.7593914791054650e-01 3.6386964382989799e-04
-3.7557524929242031e-01 3.6392758307086264e-04
-3.7521129276311005e-01 3.6398546619660383e-04
-3.7484727837873538e-01 3.6404329319819954e-04
-3.7448320619542480e-01 3.6410106406682246e-04
-3.7411907626931590e-01 3.6415877879344857e-04
-3.7375488865655498e-01 3.6421643736927008e-04
-3.7339064341329736e-01 3.6427403978537903e-04
-3.7302634059570727e-01 3.6433158603282369e-04
-3.7266198025995767e-01 3.6438907610282631e-04
-3.7229756246223056e-01 3.6444650998643534e-04
-3.7193308725871665e-01 3.6450388767486538e-04
-3.7156855470561562e-01 3.6456120915924261e-04
-3.7120396485913593e-01 3.6461847443071855e-04
-3.7083931777549484e-01 3.6467568348052246e-04
-3.7047461351091859e-01 3.6473283629969995e-04
-3.7010985212164205e-01 3.6478993287956924e-04
-3.6974503366390898e-01 3.6484697321128039e-04
-3.6938015819397202e-01 3.6490395728598125e-04
-3.6901522576809243e-01 3.6496088509498456e-04
-3.6865023644254036e-01 3.6501775662946571e-04
-3.6828519027359474e-01 3.6507457188064219e-04
-3.6792008731754322e-01 3.6513133083978703e-04
-3.6755492763068226e-01 3.6518803349809635e-04
-3.6718971126931699e-01 3.6524467984689593e-04
-3.6682443828976130e-01 3.6530126987745779e-04
-3.6645910874833793e-01 3.6535780358095451e-04
-3.6609372270137819e-01 3.6541428094872180e-04
-3.6572828020522213e-01 3.6547070197209044e-04
-3.6536278131621863e-01 3.6552706664225360e-04
-3.6499722609072505e-01 3.6558337495064800e-04
-3.6463161458510757e-01 3.6563962688857622e-04
-3.6426594685574110e-01 3.6569582244727866e-04
-3.6390022295900909e-01 3.6575196161816237e-04
-3.6353444295130372e-01 3.6580804439257720e-04
-3.6316860688902586e-01 3.6586407076179180e-04
-3.6280271482858495e-01 3.6592004071722234e-04
-3.6243676682639908e-01 3.6597595425023736e-04
-3.6207076293889495e-01 3.6603181135225817e-04
-3.6170470322250797e-01 3.6608761201459072e-04
-3.6133858773368210e-01 3.6614335622862530e-04
-3.6097241652886980e-01 3.6619904398587543e-04
-3.6060618966453228e-01 3.6625467527767291e-04
-3.6023990719713922e-01 3.6631025009549505e-04
-3.5987356918316898e-01 3.6636576843068725e-04
-3.5950717567910839e-01 3.6642123027475821e-04
-3.5914072674145292e-01 3.6647663561907860e-04
-3.5877422242670642e-01 3.6653198445524082e-04
-3.5840766279138153e-01 3.6658727677456744e-04
-3.5804104789199920e-01 3.6664251256863351e-04
-3.5767437778508904e-01 3.6669769182885075e-04
-3.5730765252718905e-01 3.6675281454680135e-04
-3.5694087217484588e-01 3.6680788071388374e-04
-3.5657403678461458e-01 3.6686289032165399e-04
-3.5620714641305873e-01 3.6691784336158464e-04
-3.5584020111675030e-01 3.6697273982532424e-04
-3.5547320095226981e-01 3.6702757970427327e-04
-3.5510614597620621e-01 3.6708236299011005e-04
-3.5473903624515701e-01 3.6713708967421290e-04
-3.5437187181572799e-01 3.6719175974827975e-04
-3.5400465274453347e-01 3.6724637320381052e-04
-3.5363737908819609e-01 3.6730093003248753e-04
-3.5327005090334707e-01 3.6735543022580516e-04
-3.5290266824662597e-01 3.6740987377531666e-04
-3.5253523117468066e-01 3.6746426067272355e-04
-3.5216773974416749e-01 3.6751859090963725e-04
-3.5180019401175122e-01 3.6757286447759084e-04
-3.5143259403410487e-01 3.6762708136832309e-04
-3.5106493986790993e-01 3.6768124157341461e-04
-3.5069723156985622e-01 3.6773534508450373e-04
-3.5032946919664182e-01 3.6778939189332393e-04
-3.4996165280497332e-01 3.6784338199142392e-04
-3.4959378245156547e-01 3.6789731537057975e-04
-3.4922585819314145e-01 3.6795119202241472e-04
-3.4885788008643270e-01 3.6800501193862904e-04
-3.4848984818817896e-01 3.6805877511096694e-04
-3.4812176255512828e-01 3.6811248153112311e-04
-3.4775362324403702e-01 3.6816613119078264e-04
-3.4738543031166980e-01 3.6821972408168635e-04
-3.4701718381479946e-01 3.6827326019558547e-04
-3.4664888381020714e-01 3.6832673952423708e-04
-3.4628053035468226e-01 3.6838016205937755e-04
-3.4591212350502243e-01 3.6843352779277339e-04
-3.4554366331803354e-01 3.6848683671617417e-04
-3.4517514985052966e-01 3.6854008882139023e-04
-3.4480658315933316e-01 3.6859328410012739e-04
-3.4443796330127441e-01 3.6864642254433896e-04
-3.4406929033319222e-01 3.6869950414572501e-04
-3.4370056431193352e-01 3.6875252889607204e-04
-3.4333178529435326e-01 3.6880549678733343e-04
-3.4296295333731486e-01 3.6885840781116766e-04
-3.4259406849768959e-01 3.6891126195957261e-04
-3.4222513083235706e-01 3.6896405922433410e-04
-3.4185614039820500e-01 3.6901679959731561e-04
-3.4148709725212928e-01 3.6906948307034964e-04
-3.4111800145103383e-01 3.6912210963537824e-04
-3.4074885305183078e-01 3.6917467928422365e-04
-3.4037965211144033e-01 3.6922719200880476e-04
-3.4001039868679078e-01 3.6927964780105436e-04
-3.3964109283481853e-01 3.6933204665286044e-04
-3.3927173461246807e-01 3.6938438855613296e-04
-3.3890232407669196e-01 3.6943667350280778e-04
-3.3853286128445081e-01 3.6948890148484609e-04
-3.3816334629271333e-01 3.6954107249417459e-04
-3.3779377915845626e-01 3.6959318652272596e-04
-3.3742415993866437e-01 3.6964524356247470e-04
-3.3705448869033044e-01 3.6969724360540407e-04
-3.3668476547045528e-01 3.6974918664355250e-04
-3.3631499033604778e-01 3.6980107266882349e-04
-3.3594516334412478e-01 3.6985290167323190e-04
-3.3557528455171109e-01 3.6990467364880563e-04
-3.3520535401583956e-01 3.6995638858757131e-04
-3.3483537179355094e-01 3.7000804648160742e-04
-3.3446533794189409e-01 3.7005964732282956e-04
-3.3409525251792577e-01 3.7011119110328837e-04
-3.3372511557871054e-01 3.7016267781516337e-04
-3.3335492718132115e-01 3.7021410745039803e-04
-3.3298468738283810e-01 3.7026548000112272e-04
-3.3261439624034994e-01 3.7031679545935072e-04
-3.3224405381095301e-01 3.7036805381726547e-04
-3.3187366015175174e-01 3.7041925506683758e-04
-3.3150321531985821e-01 3.7047039920030857e-04
-3.3113271937239264e-01 3.7052148620969209e-04
-3.3076217236648292e-01 3.7057251608719040e-04
-3.3039157435926497e-01 3.7062348882489657e-04
-3.3002092540788258e-01 3.7067440441487104e-04
-3.2965022556948720e-01 3.7072526284942167e-04
-3.2927947490123838e-01 3.7077606412055307e-04
-3.2890867346030328e-01 3.7082680822055146e-04
-3.2853782130385706e-01 3.7087749514153756e-04
-3.2816691848908258e-01 3.7092812487573277e-04
-3.2779596507317066e-01 3.7097869741525407e-04
-3.2742496111331976e-01 3.7102921275235950e-04
-3.2705390666673623e-01 3.7107967087923039e-04
-3.2668280179063414e-01 3.7113007178812986e-04
-3.2631164654223543e-01 3.7118041547121725e-04
-3.2594044097876967e-01 3.7123070192082871e-04
-3.2556918515747435e-01 3.7128093112912122e-04
-3.2519787913559456e-01 3.7133110308841739e-04
-3.2482652297038322e-01 3.7138121779094094e-04
-3.2445511671910099e-01 3.7143127522896850e-04
-3.2408366043901621e-01 3.7148127539476944e-04
-3.2371215418740490e-01 3.7153121828067482e-04
-3.2334059802155091e-01 3.7158110387892158e-04
-3.2296899199874562e-01 3.7163093218190140e-04
-3.2259733617628827e-01 3.7168070318184982e-04
-3.2222563061148563e-01 3.7173041687116814e-04
-3.2185387536165228e-01 3.7178007324208541e-04
-3.2148207048411032e-01 3.7182967228702608e-04
-3.2111021603618956e-01 3.7187921399836046e-04
-3.2073831207522752e-01 3.7192869836837500e-04
-3.2036635865856922e-01 3.7197812538952566e-04
-3.1999435584356745e-01 3.7202749505412203e-04
-3.1962230368758254e-01 3.7207680735454774e-04
-3.1925020224798240e-01 3.7212606228326022e-04
-3.1887805158214261e-01 3.7217525983260523e-04
-3.1850585174744628e-01 3.7222439999504484e-04
-3.1813360280128411e-01 3.7227348276300877e-04
-3.1776130480105447e-01 3.7232250812884804e-04
-3.1738895780416315e-01 3.7237147608506382e-04
-3.1701656186802357e-01 3.7242038662410094e-04
-3.1664411705005674e-01 3.7246923973836940e-04
-3.1627162340769105e-01 3.7251803542043353e-04
-3.1589908099836256e-01 3.7256677366272851e-04
-3.1552648987951487e-01 3.7261545445767312e-04
-3.1515385010859898e-01 3.7266407779783592e-04
-3.1478116174307341e-01 3.7271264367571769e-04
-3.1440842484040427e-01 3.7276115208379211e-04
-3.1403563945806506e-01 3.7280960301459777e-04
-3.1366280565353677e-01 3.7285799646069454e-04
-3.1328992348430790e-01 3.7290633241457335e-04
-3.1291699300787440e-01 3.7295461086876225e-04
-3.1254401428173961e-01 3.7300283181586824e-04
-3.1217098736341437e-01 3.7305099524843004e-04
-3.1179791231041687e-01 3.7309910115906279e-04
-3.1142478918027283e-01 3.7314714954032131e-04
-3.1105161803051534e-01 3.7319514038477644e-04
-3.1067839891868493e-01 3.7324307368499354e-04
-3.1030513190232939e-01 3.7329094943367293e-04
-3.0993181703900402e-01 3.7333876762340611e-04
-3.0955845438627150e-01 3.7338652824678244e-04
-3.0918504400170177e-01 3.7343423129651142e-04
-3.0881158594287234e-01 3.7348187676511580e-04
-3.0843808026736780e-01 3.7352946464537230e-04
-3.0806452703278031e-01 3.7357699492986465e-04
-3.0769092629670919e-01 3.7362446761133705e-04
-3.0731727811676129e-01 3.7367188268235202e-04
-3.0694358255055054e-01 3.7371924013572132e-04
-3.0656983965569834e-01 3.7376653996407756e-04
-3.0619604948983337e-01 3.7381378216010011e-04
-3.0582221211059146e-01 3.7386096671659989e-04
-3.0544832757561591e-01 3.7390809362624125e-04
-3.0507439594255720e-01 3.7395516288174795e-04
-3.0470041726907310e-01 3.7400217447583278e-04
-3.0432639161282854e-01 3.7404912840134169e-04
-3.0395231903149578e-01 3.7409602465101553e-04
-3.0357819958275439e-01 3.7414286321752464e-04
-3.0320403332429097e-01 3.7418964409377547e-04
-3.0282982031379951e-01 3.7423636727246668e-04
-3.0245556060898116e-01 3.7428303274640888e-04
-3.0208125426754423e-01 3.7432964050840777e-04
-3.0170690134720424e-01 3.7437619055129918e-04
-3.0133250190568389e-01 3.7442268286790194e-04
-3.0095805600071307e-01 3.7446911745104644e-04
-3.0058356369002887e-01 3.7451549429354215e-04
-3.0020902503137542e-01 3.7456181338828070e-04
-2.9983444008250415e-01 3.7460807472807238e-04
-2.9945980890117346e-01 3.7465427830584070e-04
-2.9908513154514904e-01 3.7470042411440695e-04
-2.9871040807220356e-01 3.7474651214671210e-04
-2.9833563854011691e-01 3.7479254239560894e-04
-2.9796082300667603e-01 3.7483851485400156e-04
-2.9758596152967498e-01 3.7488442951479116e-04
-2.9721105416691485e-01 3.7493028637093292e-04
-2.9683610097620383e-01 3.7497608541534847e-04
-2.9646110201535719e-01 3.7502182664099200e-04
-2.9608605734219734e-01 3.7506751004072914e-04
-2.9571096701455357e-01 3.7511313560757454e-04
-2.9533583109026229e-01 3.7515870333452647e-04
-2.9496064962716695e-01 3.7520421321452131e-04
-2.9458542268311805e-01 3.7524966524053049e-04
-2.9421015031597303e-01 3.7529505940555973e-04
-2.9383483258359638e-01 3.7534039570262133e-04
-2.9345946954385960e-01 3.7538567412470755e-04
-2.9308406125464115e-01 3.7543089466480893e-04
-2.9270860777382640e-01 3.7547605731604278e-04
-2.9233310915930788e-01 3.7552116207132974e-04
-2.9195756546898488e-01 3.7556620892378032e-04
-2.9158197676076369e-01 3.7561119786648094e-04
-2.9120634309255761e-01 3.7565612889245626e-04
-2.9083066452228690e-01 3.7570100199470539e-04
-2.9045494110787856e-01 3.7574581716642624e-04
-2.9007917290726665e-01 3.7579057440068249e-04
-2.8970335997839214e-01 3.7583527369053089e-04
-2.8932750237920285e-01 3.7587991502909424e-04
-2.8895160016765348e-01 3.7592449840951752e-04
-2.8857565340170566e-01 3.7596902382489256e-04
-2.8819966213932785e-01 3.7601349126835111e-04
-2.8782362643849535e-01 3.7605790073307846e-04
-2.8744754635719039e-01 3.7610225221218859e-04
-2.8707142195340196e-01 3.7614654569885194e-04
-2.8669525328512596e-01 3.7619078118622290e-04
-2.8631904041036499e-01 3.7623495866755775e-04
-2.8594278338712870e-01 3.7627907813590620e-04
-2.8556648227343323e-01 3.7632313958460778e-04
-2.8519013712730179e-01 3.7636714300679348e-04
-2.8481374800676429e-01 3.7641108839565554e-04
-2.8443731496985736e-01 3.7645497574446079e-04
-2.8406083807462440e-01 3.7649880504648701e-04
-2.8368431737911576e-01 3.7654257629485602e-04
-2.8330775294138827e-01 3.7658628948294037e-04
-2.8293114481950571e-01 3.7662994460393751e-04
-2.8255449307153857e-01 3.7667354165106943e-04
-2.8217779775556390e-01 3.7671708061772917e-04
-2.8180105892966567e-01 3.7676056149712578e-04
-2.8142427665193454e-01 3.7680398428251714e-04
-2.8104745098046763e-01 3.7684734896735808e-04
-2.8067058197336914e-01 3.7689065554476702e-04
-2.8029366968874958e-01 3.7693390400823137e-04
-2.7991671418472636e-01 3.7697709435100874e-04
-2.7953971551942347e-01 3.7702022656646187e-04
-2.7916267375097165e-01 3.7706330064787380e-04
-2.7878558893750810e-01 3.7710631658870327e-04
-2.7840846113717688e-01 3.7714927438222432e-04
-2.7803129040812846e-01 3.7719217402188907e-04
-2.7765407680852011e-01 3.7723501550103976e-04
-2.7727682039651563e-01 3.7727779881306254e-04
-2.7689952123028538e-01 3.7732052395141052e-04
-2.7652217936800644e-01 3.7736319090942436e-04
-2.7614479486786231e-01 3.7740579968060205e-04
-2.7576736778804317e-01 3.7744835025834024e-04
-2.7538989818674575e-01 3.7749084263608869e-04
-2.7501238612217338e-01 3.7753327680724129e-04
-2.7463483165253583e-01 3.7757565276530969e-04
-2.7425723483604947e-01 3.7761797050375913e-04
-2.7387959573093723e-01 3.7766023001603648e-04
-2.7350191439542854e-01 3.7770243129560567e-04
-2.7312419088775924e-01 3.7774457433604222e-04
-2.7274642526617182e-01 3.7778665913079754e-04
-2.7236861758891523e-01 3.7782868567335113e-04
-2.7199076791424481e-01 3.7787065395729726e-04
-2.7161287630042252e-01 3.7791256397609683e-04
-2.7123494280571669e-01 3.7795441572330225e-04
-2.7085696748840210e-01 3.7799620919248703e-04
-2.7047895040676001e-01 3.7803794437720281e-04
-2.7010089161907813e-01 3.7807962127100949e-04
-2.6972279118365061e-01 3.7812123986746035e-04
-2.6934464915877798e-01 3.7816280016015789e-04
-2.6896646560276721e-01 3.7820430214268537e-04
-2.6858824057393171e-01 3.7824574580860295e-04
-2.6820997413059111e-01 3.7828713115164585e-04
-2.6783166633107169e-01 3.7832845816530245e-04
-2.6745331723370597e-01 3.7836972684323093e-04
-2.6707492689683276e-01 3.7841093717911191e-04
-2.6669649537879736e-01 3.7845208916656594e-04
-2.6631802273795135e-01 3.7849318279925505e-04
-2.6593950903265273e-01 3.7853421807080672e-04
-2.6556095432126570e-01 3.7857519497494578e-04
-2.6518235866216089e-01 3.7861611350532701e-04
-2.6480372211371522e-01 3.7865697365563572e-04
-2.6442504473431189e-01 3.7869777541959658e-04
-2.6404632658234045e-01 3.7873851879086318e-04
-2.6366756771619665e-01 3.7877920376321104e-04
-2.6328876819428260e-01 3.7881983033033429e-04
-2.6290992807500657e-01 3.7886039848602934e-04
-2.6253104741678329e-01 3.7890090822393849e-04
-2.6215212627803353e-01 3.7894135953788611e-04
-2.6177316471718437e-01 3.7898175242164828e-04
-2.6139416279266925e-01 3.7902208686891014e-04
-2.6101512056292758e-01 3.7906236287356713e-04
-2.6063603808640529e-01 3.7910258042928339e-04
-2.6025691542155421e-01 3.7914273952996332e-04
-2.5987775262683255e-01 3.7918284016940799e-04
-2.5949854976070474e-01 3.7922288234134140e-04
-2.5911930688164125e-01 3.7926286603967682e-04
-2.5874002404811880e-01 3.7930279125823291e-04
-2.5836070131862027e-01 3.7934265799083181e-04
-2.5798133875163465e-01 3.7938246623135414e-04
-2.5760193640565715e-01 3.7942221597363169e-04
-2.5722249433918903e-01 3.7946190721155245e-04
-2.5684301261073778e-01 3.7950153993895436e-04
-2.5646349127881685e-01 3.7954111414979178e-04
-2.5608393040194588e-01 3.7958062983795829e-04
-2.5570433003865067e-01 3.7962008699732265e-04
-2.5532469024746307e-01 3.7965948562178732e-04
-2.5494501108692091e-01 3.7969882570532463e-04
-2.5456529261556821e-01 3.7973810724186460e-04
-2.5418553489195500e-01 3.7977733022533030e-04
-2.5380573797463735e-01 3.7981649464970851e-04
-2.5342590192217745e-01 3.7985560050890163e-04
-2.5304602679314347e-01 3.7989464779689716e-04
-2.5266611264610961e-01 3.7993363650767637e-04
-2.5228615953965600e-01 3.7997256663527913e-04
-2.5190616753236894e-01 3.8001143817364031e-04
-2.5152613668284063e-01 3.8005025111678524e-04
-2.5114606704966930e-01 3.8008900545871352e-04
-2.5076595869145907e-01 3.8012770119350464e-04
-2.5038581166682017e-01 3.8016633831512860e-04
-2.5000562603436866e-01 3.8020491681768116e-04
-2.4962540185272669e-01 3.8024343669514798e-04
-2.4924513918052221e-01 3.8028189794163760e-04
-2.4886483807638923e-01 3.8032030055121317e-04
-2.4848449859896757e-01 3.8035864451796078e-04
-2.4810412080690306e-01 3.8039692983595028e-04
-2.4772370475884742e-01 3.8043515649926725e-04
-2.4734325051345821e-01 3.8047332450205071e-04
-2.4696275812939894e-01 3.8051143383840551e-04
-2.4658222766533899e-01 3.8054948450243946e-04
-2.4620165917995360e-01 3.8058747648831093e-04
-2.4582105273192389e-01 3.8062540979012636e-04
-2.4544040837993680e-01 3.8066328440207367e-04
-2.4505972618268515e-01 3.8070110031829143e-04
-2.4467900619886759e-01 3.8073885753294698e-04
-2.4429824848718856e-01 3.8077655604022888e-04
-2.4391745310635837e-01 3.8081419583431734e-04
-2.4353662011509311e-01 3.8085177690940885e-04
-2.4315574957211467e-01 3.8088929925971014e-04
-2.4277484153615070e-01 3.8092676287945602e-04
-2.4239389606593473e-01 3.8096416776281847e-04
-2.4201291322020593e-01 3.8100151390408488e-04
-2.4163189305770935e-01 3.8103880129745899e-04
-2.4125083563719571e-01 3.8107602993721546e-04
-2.4086974101742151e-01 3.8111319981761594e-04
-2.4048860925714902e-01 3.8115031093289919e-04
-2.4010744041514614e-01 3.8118736327737499e-04
-2.3972623455018663e-01 3.8122435684529268e-04
-2.3934499172104978e-01 3.8126129163099749e-04
-2.3896371198652078e-01 3.8129816762875167e-04
-2.3858239540539031e-01 3.8133498483290950e-04
-2.3820104203645490e-01 3.8137174323774888e-04
-2.3781965193851665e-01 3.8140844283762661e-04
-2.3743822517038335e-01 3.8144508362689193e-04
-2.3705676179086846e-01 3.8148166559987841e-04
-2.3667526185879109e-01 3.8151818875093731e-04
-2.3629372543297594e-01 3.8155465307447019e-04
-2.3591215257225340e-01 3.8159105856481405e-04
-2.3553054333545942e-01 3.8162740521638139e-04
-2.3514889778143558e-01 3.8166369302357513e-04
-2.3476721596902908e-01 3.8169992198077996e-04
-2.3438549795709268e-01 3.8173609208243085e-04
-2.3400374380448477e-01 3.8177220332291916e-04
-2.3362195357006924e-01 3.8180825569670510e-04
-2.3324012731271559e-01 3.8184424919822510e-04
-2.3285826509129892e-01 3.8188018382189707e-04
-2.3247636696469975e-01 3.8191605956222678e-04
-2.3209443299180424e-01 3.8195187641366734e-04
-2.3171246323150405e-01 3.8198763437068584e-04
-2.3133045774269637e-01 3.8202333342775779e-04
-2.3094841658428383e-01 3.8205897357941669e-04
-2.3056633981517469e-01 3.8209455482012840e-04
-2.3018422749428255e-01 3.8213007714443543e-04
-2.2980207968052663e-01 3.8216554054683132e-04
-2.2941989643283150e-01 3.8220094502188206e-04
-2.2903767781012732e-01 3.8223629056409112e-04
-2.2865542387134957e-01 3.8227157716804372e-04
-2.2827313467543930e-01 3.8230680482827386e-04
-2.2789081028134289e-01 3.8234197353937392e-04
-2.2750845074801224e-01 3.8237708329590120e-04
-2.2712605613440459e-01 3.8241213409243989e-04
-2.2674362649948265e-01 3.8244712592359605e-04
-2.2636116190221450e-01 3.8248205878396686e-04
-2.2597866240157360e-01 3.8251693266817810e-04
-2.2559612805653884e-01 3.8255174757083690e-04
-2.2521355892609440e-01 3.8258650348659153e-04
-2.2483095506922990e-01 3.8262120041006358e-04
-2.2444831654494032e-01 3.8265583833591043e-04
-2.2406564341222590e-01 3.8269041725880925e-04
-2.2368293573009229e-01 3.8272493717340602e-04
-2.2330019355755046e-01 3.8275939807438496e-04
-2.2291741695361669e-01 3.8279379995641565e-04
-2.2253460597731253e-01 3.8282814281423092e-04
-2.2215176068766490e-01 3.8286242664250044e-04
-2.2176888114370594e-01 3.8289665143597339e-04
-2.2138596740447314e-01 3.8293081718933873e-04
-2.2100301952900922e-01 3.8296492389733924e-04
-2.2062003757636217e-01 3.8299897155472112e-04
-2.2023702160558525e-01 3.8303296015621848e-04
-2.1985397167573692e-01 3.8306688969662366e-04
-2.1947088784588095e-01 3.8310076017067368e-04
-2.1908777017508629e-01 3.8313457157314600e-04
-2.1870461872242708e-01 3.8316832389884392e-04
-2.1832143354698275e-01 3.8320201714256739e-04
-2.1793821470783786e-01 3.8323565129909950e-04
-2.1755496226408219e-01 3.8326922636326184e-04
-2.1717167627481068e-01 3.8330274232988834e-04
-2.1678835679912348e-01 3.8333619919380210e-04
-2.1640500389612585e-01 3.8336959694985651e-04
-2.1602161762492830e-01 3.8340293559285365e-04
-2.1563819804464635e-01 3.8343621511773213e-04
-2.1525474521440077e-01 3.8346943551929521e-04
-2.1487125919331740e-01 3.8350259679245403e-04
-2.1448774004052720e-01 3.8353569893208311e-04
-2.1410418781516630e-01 3.8356874193306998e-04
-2.1372060257637582e-01 3.8360172579033730e-04
-2.1333698438330206e-01 3.8363465049878791e-04
-2.1295333329509636e-01 3.8366751605336315e-04
-2.1256964937091516e-01 3.8370032244896494e-04
-2.1218593266991995e-01 3.8373306968055661e-04
-2.1180218325127725e-01 3.8376575774307542e-04
-2.1141840117415864e-01 3.8379838663150635e-04
-2.1103458649774079e-01 3.8383095634078682e-04
-2.1065073928120531e-01 3.8386346686590441e-04
-2.1026685958373886e-01 3.8389591820186186e-04
-2.0988294746453312e-01 3.8392831034365292e-04
-2.0949900298278479e-01 3.8396064328625529e-04
-2.0911502619769551e-01 3.8399291702470248e-04
-2.0873101716847195e-01 3.8402513155401499e-04
-2.0834697595432569e-01 3.8405728686923392e-04
-2.0796290261447331e-01 3.8408938296540413e-04
-2.0757879720813638e-01 3.8412141983755721e-04
-2.0719465979454132e-01 3.8415339748078009e-04
-2.0681049043291960e-01 3.8418531589012026e-04
-2.0642628918250755e-01 3.8421717506064503e-04
-2.0604205610254639e-01 3.8424897498747423e-04
-2.0565779125228231e-01 3.8428071566568104e-04
-2.0527349469096637e-01 3.8431239709038677e-04
-2.0488916647785452e-01 3.8434401925668805e-04
-2.0450480667220758e-01 3.8437558215973411e-04
-2.0412041533329128e-01 3.8440708579462701e-04
-2.0373599252037616e-01 3.8443853015653973e-04
-2.0335153829273767e-01 3.8446991524059633e-04
-2.0296705270965604e-01 3.8450124104197992e-04
-2.0258253583041635e-01 3.8453250755586142e-04
-2.0219798771430861e-01 3.8456371477738912e-04
-2.0181340842062748e-01 3.8459486270177968e-04
-2.0142879800867253e-01 3.8462595132422072e-04
-2.0104415653774810e-01 3.8465698063992949e-04
-2.0065948406716333e-01 3.8468795064410568e-04
-2.0027478065623214e-01 3.8471886133198706e-04
-1.9989004636427321e-01 3.8474971269879721e-04
-1.9950528125060998e-01 3.8478050473978191e-04
-1.9912048537457069e-01 3.8481123745018374e-04
-1.9873565879548824e-01 3.8484191082528073e-04
-1.9835080157270030e-01 3.8487252486034315e-04
-1.9796591376554931e-01 3.8490307955063059e-04
-1.9758099543338237e-01 3.8493357489145688e-04
-1.9719604663555126e-01 3.8496401087811623e-04
-1.9681106743141261e-01 3.8499438750587975e-04
-1.9642605788032752e-01 3.8502470477011491e-04
-1.9604101804166194e-01 3.8505496266611421e-04
-1.9565594797478641e-01 3.8508516118922979e-04
-1.9527084773907619e-01 3.8511530033478189e-04
-1.9488571739391108e-01 3.8514538009814912e-04
-1.9450055699867566e-01 3.8517540047467602e-04
-1.9411536661275905e-01 3.8520536145974496e-04
-1.9373014629555504e-01 3.8523526304872245e-04
-1.9334489610646199e-01 3.8526510523701916e-04
-1.9295961610488294e-01 3.8529488802001402e-04
-1.9257430635022543e-01 3.8532461139312313e-04
-1.9218896690190168e-01 3.8535427535175970e-04
-1.9180359781932843e-01 3.8538387989135161e-04
-1.9141819916192701e-01 3.8541342500733285e-04
-1.9103277098912330e-01 3.8544291069515823e-04
-1.9064731336034774e-01 3.8547233695026769e-04
-1.9026182633503536e-01 3.8550170376812099e-04
-1.8987630997262558e-01 3.8553101114421391e-04
-1.8949076433256251e-01 3.8556025907400261e-04
-1.8910518947429469e-01 3.8558944755298099e-04
-1.8871958545727516e-01 3.8561857657666066e-04
-1.8833395234096148e-01 3.8564764614053255e-04
-1.8794829018481568e-01 3.8567665624013553e-04
-1.8756259904830430e-01 3.8570560687097195e-04
-1.8717687899089830e-01 3.8573449802860587e-04
-1.8679113007207315e-01 3.8576332970855301e-04
-1.8640535235130873e-01 3.8579210190639205e-04
-1.8601954588808936e-01 3.8582081461768753e-04
-1.8563371074190385e-01 3.8584946783798402e-04
-1.8524784697224536e-01 3.8587806156289062e-04
-1.8486195463861152e-01 3.8590659578798090e-04
-1.8447603380050431e-01 3.8593507050887083e-04
-1.8409008451743017e-01 3.8596348572115185e-04
-1.8370410684889985e-01 3.8599184142046116e-04
-1.8331810085442854e-01 3.8602013760241074e-04
-1.8293206659353578e-01 3.8604837426264713e-04
-1.8254600412574545e-01 3.8607655139681591e-04
-1.8215991351058580e-01 3.8610466900056476e-04
-1.8177379480758943e-01 3.8613272706956191e-04
-1.8138764807629321e-01 3.8616072559949225e-04
-1.8100147337623840e-01 3.8618866458602747e-04
-1.8061527076697056e-01 3.8621654402485445e-04
-1.8022904030803952e-01 3.8624436391169114e-04
-1.7984278205899945e-01 3.8627212424222578e-04
-1.7945649607940878e-01 3.8629982501219007e-04
-1.7907018242883019e-01 3.8632746621732208e-04
-1.7868384116683064e-01 3.8635504785335697e-04
-1.7829747235298143e-01 3.8638256991601862e-04
-1.7791107604685799e-01 3.8641003240108334e-04
-1.7752465230804004e-01 3.8643743530431543e-04
-1.7713820119611154e-01 3.8646477862148954e-04
-1.7675172277066065e-01 3.8649206234839115e-04
-1.7636521709127975e-01 3.8651928648080294e-04
-1.7597868421756543e-01 3.8654645101453711e-04
-1.7559212420911849e-01 3.8657355594538844e-04
-1.7520553712554385e-01 3.8660060126920095e-04
-1.7481892302645063e-01 3.8662758698180730e-04
-1.7443228197145219e-01 3.8665451307901027e-04
-1.7404561402016597e-01 3.8668137955669439e-04
-1.7365891923221355e-01 3.8670818641069616e-04
-1.7327219766722068e-01 3.8673493363688857e-04
-1.7288544938481723e-01 3.8676162123116314e-04
-1.7249867444463721e-01 3.8678824918937996e-04
-1.7211187290631871e-01 3.8681481750743135e-04
-1.7172504482950390e-01 3.8684132618126035e-04
-1.7133819027383915e-01 3.8686777520672704e-04
-1.7095130929897476e-01 3.8689416457979059e-04
-1.7056440196456524e-01 3.8692049429635999e-04
-1.7017746833026906e-01 3.8694676435238937e-04
-1.6979050845574881e-01 3.8697297474382989e-04
-1.6940352240067111e-01 3.8699912546662782e-04
-1.6901651022470662e-01 3.8702521651675254e-04
-1.6862947198753001e-01 3.8705124789019217e-04
-1.6824240774881996e-01 3.8707721958292595e-04
-1.6785531756825922e-01 3.8710313159093929e-04
-1.6746820150553449e-01 3.8712898391025463e-04
-1.6708105962033645e-01 3.8715477653687572e-04
-1.6669389197235979e-01 3.8718050946682879e-04
-1.6630669862130318e-01 3.8720618269613884e-04
-1.6591947962686920e-01 3.8723179622086239e-04
-1.6553223504876446e-01 3.8725735003703100e-04
-1.6514496494669947e-01 3.8728284414072165e-04
-1.6475766938038866e-01 3.8730827852799852e-04
-1.6437034840955042e-01 3.8733365319492655e-04
-1.6398300209390707e-01 3.8735896813760532e-04
-1.6359563049318479e-01 3.8738422335212136e-04
-1.6320823366711365e-01 3.8740941883461588e-04
-1.6282081167542770e-01 3.8743455458116585e-04
-1.6243336457786481e-01 3.8745963058788409e-04
-1.6204589243416667e-01 3.8748464685094353e-04
-1.6165839530407891e-01 3.8750960336647556e-04
-1.6127087324735101e-01 3.8753450013061659e-04
-1.6088332632373625e-01 3.8755933713954490e-04
-1.6049575459299179e-01 3.8758411438941705e-04
-1.6010815811487858e-01 3.8760883187640999e-04
-1.5972053694916136e-01 3.8763348959673855e-04
-1.5933289115560875e-01 3.8765808754657777e-04
-1.5894522079399315e-01 3.8768262572213218e-04
-1.5855752592409070e-01 3.8770710411962318e-04
-1.5816980660568133e-01 3.8773152273529639e-04
-1.5778206289854879e-01 3.8775588156536643e-04
-1.5739429486248055e-01 3.8778018060607600e-04
-1.5700650255726784e-01 3.8780441985368622e-04
-1.5661868604270565e-01 3.8782859930443762e-04
-1.5623084537859264e-01 3.8785271895465167e-04
-1.5584298062473129e-01 3.8787677880055291e-04
-1.5545509184092768e-01 3.8790077883847992e-04
-1.5506717908699175e-01 3.8792471906468160e-04
-1.5467924242273695e-01 3.8794859947551577e-04
-1.5429128190798058e-01 3.8797242006725609e-04
-1.5390329760254351e-01 3.8799618083627211e-04
-1.5351528956625032e-01 3.8801988177887477e-04
-1.5312725785892928e-01 3.8804352289141021e-04
-1.5273920254041223e-01 3.8806710417024613e-04
-1.5235112367053472e-01 3.8809062561173403e-04
-1.5196302130913591e-01 3.8811408721225115e-04
-1.5157489551605860e-01 3.8813748896816938e-04
-1.5118674635114915e-01 3.8816083087590245e-04
-1.5079857387425757e-01 3.8818411293182965e-04
-1.5041037814523744e-01 3.8820733513238431e-04
-1.5002215922394596e-01 3.8823049747396159e-04
-1.4963391717024388e-01 3.8825359995299768e-04
-1.4924565204399551e-01 3.8827664256593829e-04
-1.4885736390506873e-01 3.8829962530922225e-04
-1.4846905281333497e-01 3.8832254817930525e-04
-1.4808071882866919e-01 3.8834541117266694e-04
-1.4769236201094987e-01 3.8836821428577298e-04
-1.4730398242005907e-01 3.8839095751509549e-04
-1.4691558011588229e-01 3.8841364085713488e-04
-1.4652715515830855e-01 3.8843626430840636e-04
-1.4613870760723041e-01 3.8845882786540080e-04
-1.4575023752254382e-01 3.8848133152466296e-04
-1.4536174496414830e-01 3.8850377528271081e-04
-1.4497322999194681e-01 3.8852615913606819e-04
-1.4458469266584573e-01 3.8854848308130608e-04
-1.4419613304575490e-01 3.8857074711497078e-04
-1.4380755119158761e-01 3.8859295123364008e-04
-1.4341894716326062e-01 3.8861509543386869e-04
-1.4303032102069399e-01 3.8863717971227674e-04
-1.4264167282381132e-01 3.8865920406542284e-04
-1.4225300263253954e-01 3.8868116848993147e-04
-1.4186431050680898e-01 3.8870307298241380e-04
-1.4147559650655336e-01 3.8872491753948288e-04
-1.4108686069170978e-01 3.8874670215778041e-04
-1.4069810312221870e-01 3.8876842683394162e-04
-1.4030932385802389e-01 3.8879009156462608e-04
-1.3992052295907256e-01 3.8881169634647340e-04
-1.3953170048531516e-01 3.8883324117618096e-04
-1.3914285649670552e-01 3.8885472605040936e-04
-1.3875399105320077e-01 3.8887615096584304e-04
-1.3836510421476136e-01 3.8889751591918164e-04
-1.3797619604135106e-01 3.8891882090712611e-04
-1.3758726659293682e-01 3.8894006592641531e-04
-1.3719831592948906e-01 3.8896125097373616e-04
-1.3680934411098125e-01 3.8898237604585511e-04
-1.3642035119739032e-01 3.8900344113949870e-04
-1.3603133724869634e-01 3.8902444625141757e-04
-1.3564230232488267e-01 3.8904539137837331e-04
-1.3525324648593584e-01 3.8906627651714808e-04
-1.3486416979184571e-01 3.8908710166449300e-04
-1.3447507230260522e-01 3.8910786681724084e-04
-1.3408595407821067e-01 3.8912857197215039e-04
-1.3369681517866142e-01 3.8914921712605871e-04
-1.3330765566396013e-01 3.8916980227575280e-04
-1.3291847559411255e-01 3.8919032741808557e-04
-1.3252927502912765e-01 3.8921079254987357e-04
-1.3214005402901755e-01 3.8923119766796568e-04
-1.3175081265379748e-01 3.8925154276923062e-04
-1.3136155096348592e-01 3.8927182785050365e-04
-1.3097226901810435e-01 3.8929205290868217e-04
-1.3058296687767748e-01 3.8931221794063039e-04
-1.3019364460223304e-01 3.8933232294325335e-04
-1.2980430225180195e-01 3.8935236791343473e-04
-1.2941493988641817e-01 3.8937235284810509e-04
-1.2902555756611878e-01 3.8939227774416091e-04
-1.2863615535094391e-01 3.8941214259853856e-04
-1.2824673330093678e-01 3.8943194740818227e-04
-1.2785729147614364e-01 3.8945169217003485e-04
-1.2746782993661382e-01 3.8947137688104196e-04
-1.2707834874239968e-01 3.8949100153817915e-04
-1.2668884795355659e-01 3.8951056613841672e-04
-1.2629932763014298e-01 3.8953007067873589e-04
-1.2590978783222026e-01 3.8954951515613140e-04
-1.2552022861985287e-01 3.8956889956760034e-04
-1.2513065005310822e-01 3.8958822391016093e-04
-1.2474105219205668e-01 3.8960748818083331e-04
-1.2435143509677166e-01 3.8962669237664274e-04
-1.2396179882732949e-01 3.8964583649463228e-04
-1.2357214344380950e-01 3.8966492053184223e-04
-1.2318246900629388e-01 3.8968394448534409e-04
-1.2279277557486785e-01 3.8970290835219030e-04
-1.2240306320961954e-01 3.8972181212945916e-04
-1.2201333197063995e-01 3.8974065581424077e-04
-1.2162358191802301e-01 3.8975943940363326e-04
-1.2123381311186561e-01 3.8977816289472545e-04
-1.2084402561226745e-01 3.8979682628464913e-04
-1.2045421947933117e-01 3.8981542957051052e-04
-1.2006439477316225e-01 3.8983397274945094e-04
-1.1967455155386904e-01 3.8985245581860426e-04
-1.1928468988156275e-01 3.8987087877512174e-04
-1.1889480981635744e-01 3.8988924161617480e-04
-1.1850491141837002e-01 3.8990754433891156e-04
-1.1811499474772016e-01 3.8992578694052718e-04
-1.1772505986453044e-01 3.8994396941819753e-04
-1.1733510682892619e-01 3.8996209176912598e-04
-1.1694513570103554e-01 3.8998015399051809e-04
-1.1655514654098943e-01 3.8999815607958270e-04
-1.1616513940892158e-01 3.9001609803354805e-04
-1.1577511436496846e-01 3.9003397984965131e-04
-1.1538507146926931e-01 3.9005180152513070e-04
-1.1499501078196615e-01 3.9006956305723787e-04
-1.1460493236320372e-01 3.9008726444322985e-04
-1.1421483627312948e-01 3.9010490568039261e-04
-1.1382472257189363e-01 3.9012248676598452e-04
-1.1343459131964911e-01 3.9014000769730799e-04
-1.1304444257655151e-01 3.9015746847166448e-04
-1.1265427640275917e-01 3.9017486908635878e-04
-1.1226409285843310e-01 3.9019220953869242e-04
-1.1187389200373696e-01 3.9020948982601799e-04
-1.1148367389883714e-01 3.9022670994564933e-04
-1.1109343860390261e-01 3.9024386989494337e-04
-1.1070318617910507e-01 3.9026096967124995e-04
-1.1031291668461883e-01 3.9027800927192836e-04
-1.0992263018062080e-01 3.9029498869436397e-04
-1.0953232672729056e-01 3.9031190793592752e-04
-1.0914200638481028e-01 3.9032876699401101e-04
-1.0875166921336472e-01 3.9034556586602440e-04
-1.0836131527314130e-01 3.9036230454935611e-04
-1.0797094462432993e-01 3.9037898304145237e-04
-1.0758055732712317e-01 3.9039560133972355e-04
-1.0719015344171612e-01 3.9041215944160958e-04
-1.0679973302830643e-01 3.9042865734455890e-04
-1.0640929614709434e-01 3.9044509504602851e-04
-1.0601884285828256e-01 3.9046147254349065e-04
-1.0562837322207638e-01 3.9047778983440184e-04
-1.0523788729868361e-01 3.9049404691626180e-04
-1.0484738514831454e-01 3.9051024378656098e-04
-1.0445686683118201e-01 3.9052638044279953e-04
-1.0406633240750129e-01 3.9054245688249149e-04
-1.0367578193749021e-01 3.9055847310315322e-04
-1.0328521548136900e-01 3.9057442910232066e-04
-1.0289463309936039e-01 3.9059032487752783e-04
-1.0250403485168959e-01 3.9060616042632651e-04
-1.0211342079858420e-01 3.9062193574628098e-04
-1.0172279100027429e-01 3.9063765083494756e-04
-1.0133214551699236e-01 3.9065330568991200e-04
-1.0094148440897334e-01 3.9066890030876081e-04
-1.0055080773645453e-01 3.9068443468908093e-04
-1.0016011555967566e-01 3.9069990882847851e-04
-9.9769407938878840e-02 3.9071532272457897e-04
-9.9378684934308570e-02 3.9073067637499518e-04
-9.8987946606211713e-02 3.9074596977735208e-04
-9.8597193014837492e-02 3.9076120292931690e-04
-9.8206424220437502e-02 3.9077637582851795e-04
-9.7815640283265670e-02 3.9079148847262420e-04
-9.7424841263578241e-02 3.9080654085930450e-04
-9.7034027221633817e-02 3.9082153298623551e-04
-9.6643198217693307e-02 3.9083646485110356e-04
-9.6252354312019894e-02 3.9085133645162112e-04
-9.5861495564879121e-02 3.9086614778547485e-04
-9.5470622036538763e-02 3.9088089885039480e-04
-9.5079733787268902e-02 3.9089558964410578e-04
-9.4688830877341881e-02 3.9091022016433707e-04
-9.4297913367032304e-02 3.9092479040883405e-04
-9.3906981316617039e-02 3.9093930037534865e-04
-9.3516034786375185e-02 3.9095375006164933e-04
-9.3125073836588065e-02 3.9096813946550024e-04
-9.2734098527539249e-02 3.9098246858468321e-04
-9.2343108919514499e-02 3.9099673741700090e-04
-9.1952105072801785e-02 3.9101094596023523e-04
-9.1561087047691267e-02 3.9102509421221852e-04
-9.1170054904475328e-02 3.9103918217074304e-04
-9.0779008703448502e-02 3.9105320983365261e-04
-9.0387948504907459e-02 3.9106717719877978e-04
-8.9996874369151089e-02 3.9108108426396927e-04
-8.9605786356480380e-02 3.9109493102708841e-04
-8.9214684527198496e-02 3.9110871748598407e-04
-8.8823568941610698e-02 3.9112244363853849e-04
-8.8432439660024398e-02 3.9113610948264332e-04
-8.8041296742749117e-02 3.9114971501617656e-04
-8.7650140250096445e-02 3.9116326023704598e-04
-8.7258970242380107e-02 3.9117674514316800e-04
-8.6867786779915884e-02 3.9119016973246493e-04
-8.6476589923021652e-02 3.9120353400285611e-04
-8.6085379732017339e-02 3.9121683795228401e-04
-8.5694156267224930e-02 3.9123008157870306e-04
-8.5302919588968448e-02 3.9124326488006861e-04
-8.4911669757573985e-02 3.9125638785434921e-04
-8.4520406833369630e-02 3.9126945049951104e-04
-8.4129130876685498e-02 3.9128245281356335e-04
-8.3737841947853733e-02 3.9129539479447109e-04
-8.3346540107208433e-02 3.9130827644026466e-04
-8.2955225415085751e-02 3.9132109774893598e-04
-8.2563897931823768e-02 3.9133385871852858e-04
-8.2172557717762565e-02 3.9134655934705727e-04
-8.1781204833244164e-02 3.9135919963257201e-04
-8.1389839338612560e-02 3.9137177957313196e-04
-8.0998461294213703e-02 3.9138429916678482e-04
-8.0607070760395444e-02 3.9139675841160052e-04
-8.0215667797507592e-02 3.9140915730566546e-04
-7.9824252465901843e-02 3.9142149584706543e-04
-7.9432824825931822e-02 3.9143377403389097e-04
-7.9041384937953055e-02 3.9144599186425797e-04
-7.8649932862322927e-02 3.9145814933627795e-04
-7.8258468659400740e-02 3.9147024644807570e-04
-7.7866992389547654e-02 3.9148228319778956e-04
-7.7475504113126648e-02 3.9149425958356183e-04
-7.7084003890502628e-02 3.9150617560354306e-04
-7.6692491782042280e-02 3.9151803125589754e-04
-7.6300967848114160e-02 3.9152982653880241e-04
-7.5909432149088615e-02 3.9154156145042925e-04
-7.5517884745337827e-02 3.9155323598898231e-04
-7.5126325697235791e-02 3.9156485015264138e-04
-7.4734755065158268e-02 3.9157640393963498e-04
-7.4343172909482849e-02 3.9158789734816966e-04
-7.3951579290588848e-02 3.9159933037647337e-04
-7.3559974268857395e-02 3.9161070302279663e-04
-7.3168357904671341e-02 3.9162201528537502e-04
-7.2776730258415301e-02 3.9163326716246843e-04
-7.2385091390475650e-02 3.9164445865232680e-04
-7.1993441361240473e-02 3.9165558975324529e-04
-7.1601780231099560e-02 3.9166666046349990e-04
-7.1210108060444435e-02 3.9167767078138025e-04
-7.0818424909668332e-02 3.9168862070518973e-04
-7.0426730839166146e-02 3.9169951023324191e-04
-7.0035025909334497e-02 3.9171033936385822e-04
-6.9643310180571641e-02 3.9172110809537227e-04
-6.9251583713277512e-02 3.9173181642611154e-04
-6.8859846567853725e-02 3.9174246435443993e-04
-6.8468098804703503e-02 3.9175305187869980e-04
-6.8076340484231723e-02 3.9176357899727216e-04
-6.7684571666844898e-02 3.9177404570852741e-04
-6.7292792412951150e-02 3.9178445201085144e-04
-6.6901002782960212e-02 3.9179479790263990e-04
-6.6509202837283413e-02 3.9180508338230394e-04
-6.6117392636333691e-02 3.9181530844824904e-04
-6.5725572240525526e-02 3.9182547309890472e-04
-6.5333741710275006e-02 3.9183557733269645e-04
-6.4941901105999775e-02 3.9184562114807133e-04
-6.4550050488119015e-02 3.9185560454348437e-04
-6.4158189917053479e-02 3.9186552751738771e-04
-6.3766319453225431e-02 3.9187539006825208e-04
-6.3374439157058662e-02 3.9188519219457017e-04
-6.2982549088978490e-02 3.9189493389481592e-04
-6.2590649309411731e-02 3.9190461516748390e-04
-6.2198739878786713e-02 3.9191423601109596e-04
-6.1806820857533230e-02 3.9192379642416389e-04
-6.1414892306082568e-02 3.9193329640521013e-04
-6.1022954284867481e-02 3.9194273595276980e-04
-6.0631006854322184e-02 3.9195211506538901e-04
-6.0239050074882346e-02 3.9196143374161269e-04
-5.9847084006985060e-02 3.9197069198002504e-04
-5.9455108711068884e-02 3.9197988977917708e-04
-5.9063124247573762e-02 3.9198902713766812e-04
-5.8671130676941075e-02 3.9199810405407841e-04
-5.8279128059613605e-02 3.9200712052700948e-04
-5.7887116456035524e-02 3.9201607655506922e-04
-5.7495095926652383e-02 3.9202497213687982e-04
-5.7103066531911134e-02 3.9203380727107450e-04
-5.6711028332260070e-02 3.9204258195628226e-04
-5.6318981388148857e-02 3.9205129619115605e-04
-5.5926925760028494e-02 3.9205994997434587e-04
-5.5534861508351338e-02 3.9206854330452358e-04
-5.5142788693571067e-02 3.9207707618036254e-04
-5.4750707376142668e-02 3.9208554860054419e-04
-5.4358617616522470e-02 3.9209396056376816e-04
-5.3966519475168062e-02 3.9210231206872922e-04
-5.3574413012538361e-02 3.9211060311414791e-04
-5.3182298289093551e-02 3.9211883369874042e-04
-5.2790175365295088e-02 3.9212700382123855e-04
-5.2398044301605697e-02 3.9213511348038931e-04
-5.2005905158489366e-02 3.9214316267492053e-04
-5.1613757996411311e-02 3.9215115140361901e-04
-5.1221602875837990e-02 3.9215907966523258e-04
-5.0829439857237112e-02 3.9216694745855052e-04
-5.0437269001077562e-02 3.9217475478236011e-04
-5.0045090367829469e-02 3.9218250163544817e-04
-4.9652904017964135e-02 3.9219018801663123e-04
-4.9260710011954076e-02 3.9219781392471327e-04
-4.8868508410272973e-02 3.9220537935852313e-04
-4.8476299273395689e-02 3.9221288431688862e-04
-4.8084082661798228e-02 3.9222032879866737e-04
-4.7691858635957762e-02 3.9222771280270264e-04
-4.7299627256352623e-02 3.9223503632785029e-04
-4.6907388583462238e-02 3.9224229937299276e-04
-4.6515142677767185e-02 3.9224950193699577e-04
-4.6122889599749160e-02 3.9225664401876329e-04
-4.5730629409890949e-02 3.9226372561718494e-04
-4.5338362168676441e-02 3.9227074673117132e-04
-4.4946087936590613e-02 3.9227770735964217e-04
-4.4553806774119527e-02 3.9228460750151395e-04
-4.4161518741750304e-02 3.9229144715574035e-04
-4.3769223899971121e-02 3.9229822632125109e-04
-4.3376922309271218e-02 3.9230494499701305e-04
-4.2984614030140866e-02 3.9231160318198039e-04
-4.2592299123071366e-02 3.9231820087512736e-04
-4.2199977648555057e-02 3.9232473807544234e-04
-4.1807649667085264e-02 3.9233121478191664e-04
-4.1415315239156342e-02 3.9233763099355090e-04
-4.1022974425263620e-02 3.9234398670934750e-04
-4.0630627285903428e-02 3.9235028192833302e-04
-4.0238273881573056e-02 3.9235651664953696e-04
-3.9845914272770767e-02 3.9236269087200316e-04
-3.9453548519995781e-02 3.9236880459477555e-04
-3.9061176683748269e-02 3.9237485781690119e-04
-3.8668798824529331e-02 3.9238085053746235e-04
-3.8276415002841006e-02 3.9238678275552917e-04
-3.7884025279186245e-02 3.9239265447018229e-04
-3.7491629714068914e-02 3.9239846568052514e-04
-3.7099228367993772e-02 3.9240421638565284e-04
-3.6706821301466477e-02 3.9240990658468490e-04
-3.6314408574993566e-02 3.9241553627674335e-04
-3.5921990249082443e-02 3.9242110546095204e-04
-3.5529566384241394e-02 3.9242661413646453e-04
-3.5137137040979538e-02 3.9243206230242267e-04
-3.4744702279806854e-02 3.9243744995799191e-04
-3.4352262161234139e-02 3.9244277710233317e-04
-3.3959816745773037e-02 3.9244804373463722e-04
-3.3567366093935992e-02 3.9245324985407880e-04
-3.3174910266236264e-02 3.9245839545987111e-04
-3.2782449323187912e-02 3.9246348055120344e-04
-3.2389983325305780e-02 3.9246850512729956e-04
-3.1997512333105486e-02 3.9247346918738698e-04
-3.1605036407103430e-02 3.9247837273070132e-04
-3.1212555607816765e-02 3.9248321575647963e-04
-3.0820069995763401e-02 3.9248799826397681e-04
-3.0427579631461983e-02 3.9249272025246253e-04
-3.0035084575431893e-02 3.9249738172120316e-04
-2.9642584888193237e-02 3.9250198266948042e-04
-2.9250080630266830e-02 3.9250652309657873e-04
-2.8857571862174202e-02 3.9251100300181322e-04
-2.8465058644437567e-02 3.9251542238447767e-04
-2.8072541037579835e-02 3.9251978124389849e-04
-2.7680019102124583e-02 3.9252407957940432e-04
-2.7287492898596062e-02 3.9252831739032838e-04
-2.6894962487519179e-02 3.9253249467601300e-04
-2.6502427929419495e-02 3.9253661143583179e-04
-2.6109889284823197e-02 3.9254066766912824e-04
-2.5717346614257119e-02 3.9254466337528996e-04
-2.5324799978248706e-02 3.9254859855369543e-04
-2.4932249437326012e-02 3.9255247320374578e-04
-2.4539695052017699e-02 3.9255628732483478e-04
-2.4147136882853023e-02 3.9256004091638456e-04
-2.3754574990361817e-02 3.9256373397780119e-04
-2.3362009435074493e-02 3.9256736650852202e-04
-2.2969440277522023e-02 3.9257093850799464e-04
-2.2576867578235946e-02 3.9257444997565892e-04
-2.2184291397748329e-02 3.9257790091097594e-04
-2.1791711796591794e-02 3.9258129131341466e-04
-2.1399128835299475e-02 3.9258462118245196e-04
-2.1006542574405037e-02 3.9258789051757425e-04
-2.0613953074442644e-02 3.9259109931827612e-04
-2.0221360395946967e-02 3.9259424758406313e-04
-1.9828764599453159e-02 3.9259733531444939e-04
-1.9436165745496860e-02 3.9260036250896393e-04
-1.9043563894614184e-02 3.9260332916713609e-04
-1.8650959107341696e-02 3.9260623528850676e-04
-1.8258351444216427e-02 3.9260908087263013e-04
-1.7865740965775839e-02 3.9261186591906357e-04
-1.7473127732557839e-02 3.9261459042738700e-04
-1.7080511805100750e-02 3.9261725439717173e-04
-1.6687893243943316e-02 3.9261985782800739e-04
-1.6295272109624687e-02 3.9262240071949765e-04
-1.5902648462684410e-02 3.9262488307124314e-04
-1.5510022363662411e-02 3.9262730488287583e-04
-1.5117393873099004e-02 3.9262966615400145e-04
-1.4724763051534870e-02 3.9263196688426178e-04
-1.4332129959511048e-02 3.9263420707331948e-04
-1.3939494657568925e-02 3.9263638672080780e-04
-1.3546857206250231e-02 3.9263850582640117e-04
-1.3154217666097029e-02 3.9264056438977356e-04
-1.2761576097651699e-02 3.9264256241060210e-04
-1.2368932561456943e-02 3.9264449988858516e-04
-1.1976287118055753e-02 3.9264637682341554e-04
-1.1583639827991427e-02 3.9264819321480760e-04
-1.1190990751807543e-02 3.9264994906248741e-04
-1.0798339950047954e-02 3.9265164436618003e-04
-1.0405687483256779e-02 3.9265327912561869e-04
-1.0013033411978395e-02 3.9265485334055283e-04
-9.6203777967574268e-03 3.9265636701074554e-04
-9.2277206981387361e-03 3.9265782013596238e-04
-8.8350621766674110e-03 3.9265921271597337e-04
-8.4424022928887652e-03 3.9266054475056749e-04
-8.0497411073483169e-03 3.9266181623954041e-04
-7.6570786805917890e-03 3.9266302718269969e-04
-7.2644150731650901e-03 3.9266417757985136e-04
-6.8717503456143178e-03 3.9266526743082065e-04
-6.4790845584857364e-03 3.9266629673544021e-04
-6.0864177723257782e-03 3.9266726549355333e-04
-5.6937500476810267e-03 3.9266817370500149e-04
-5.3010814450982118e-03 3.9266902136965654e-04
-4.9084120251241987e-03 3.9266980848737747e-04
-4.5157418483059751e-03 3.9267053505805008e-04
-4.1230709751906500e-03 3.9267120108156186e-04
-3.7303994663254393e-03 3.9267180655781292e-04
-3.3377273822576539e-03 3.9267235148669988e-04
-2.9450547835346949e-03 3.9267283586814493e-04
-2.5523817307040435e-03 3.9267325970207176e-04
-2.1597082843132515e-03 3.9267362298841824e-04
-1.7670345049099292e-03 3.9267392572712149e-04
-1.3743604530417394e-03 3.9267416791814556e-04
-9.8168618925638645e-04 3.9267434956144210e-04
-5.8901177410160862e-04 3.9267447065699388e-04
-1.9633726812516680e-04 3.9267453120476857e-04
1.9633726812516680e-04 3.9267453120476857e-04
5.8901177410160862e-04 3.9267447065699388e-04
9.8168618925638645e-04 3.9267434956144210e-04
1.3743604530417394e-03 3.9267416791814556e-04
1.7670345049099292e-03 3.9267392572712149e-04
2.1597082843132515e-03 3.9267362298841824e-04
2.5523817307040435e-03 3.9267325970207176e-04
2.9450547835346949e-03 3.9267283586814493e-04
3.3377273822576539e-03 3.9267235148669988e-04
3.7303994663254393e-03 3.9267180655781292e-04
4.1230709751906500e-03 3.9267120108156186e-04
4.5157418483059751e-03 3.9267053505805008e-04
4.9084120251241987e-03 3.9266980848737747e-04
5.3010814450982118e-03 3.9266902136965654e-04
5.6937500476810267e-03 3.9266817370500149e-04
6.0864177723257782e-03 3.9266726549355333e-04
6.4790845584857364e-03 3.9266629673544021e-04
6.8717503456143178e-03 3.9266526743082065e-04
7.2644150731650901e-03 3.9266417757985136e-04
7.6570786805917890e-03 3.9266302718269969e-04
8.0497411073483169e-03 3.9266181623954041e-04
8.4424022928887652e-03 3.9266054475056749e-04
8.8350621766674110e-03 3.9265921271597337e-04
9.2277206981387361e-03 3.9265782013596238e-04
9.6203777967574268e-03 3.9265636701074554e-04
1.0013033411978395e-02 3.9265485334055283e-04
1.0405687483256779e-02 3.9265327912561869e-04
1.0798339950047954e-02 3.9265164436618003e-04
1.1190990751807543e-02 3.9264994906248741e-04
1.1583639827991427e-02 3.9264819321480760e-04
1.1976287118055753e-02 3.9264637682341554e-04
1.2368932561456943e-02 3.9264449988858516e-04
1.2761576097651699e-02 3.9264256241060210e-04
1.3154217666097029e-02 3.9264056438977356e-04
1.3546857206250231e-02 3.9263850582640117e-04
1.3939494657568925e-02 3.9263638672080780e-04
1.4332129959511048e-02 3.9263420707331948e-04
1.4724763051534870e-02 3.9263196688426178e-04
1.5117393873099004e-02 3.9262966615400145e-04
1.5510022363662411e-02 3.9262730488287583e-04
1.5902648462684410e-02 3.9262488307124314e-04
1.6295272109624687e-02 3.9262240071949765e-04
1.6687893243943316e-02 3.9261985782800739e-04
1.7080511805100750e-02 3.9261725439717173e-04
1.7473127732557839e-02 3.9261459042738700e-04
1.7865740965775839e-02 3.9261186591906357e-04
1.8258351444216427e-02 3.9260908087263013e-04
1.8650959107341696e-02 3.9260623528850676e-04
1.9043563894614184e-02 3.9260332916713609e-04
1.9436165745496860e-02 3.9260036250896393e-04
1.9828764599453159e-02 3.9259733531444939e-04
2.0221360395946967e-02 3.9259424758406313e-04
2.0613953074442644e-02 3.9259109931827612e-04
2.1006542574405037e-02 3.9258789051757425e-04
2.1399128835299475e-02 3.9258462118245196e-04
2.1791711796591794e-02 3.9258129131341466e-04
2.2184291397748329e-02 3.9257790091097594e-04
2.2576867578235946e-02 3.9257444997565892e-04
2.2969440277522023e-02 3.9257093850799464e-04
2.3362009435074493e-02 3.9256736650852202e-04
2.3754574990361817e-02 3.9256373397780119e-04
2.4147136882853023e-02 3.9256004091638456e-04
2.4539695052017699e-02 3.9255628732483478e-04
2.4932249437326012e-02 3.9255247320374578e-04
2.5324799978248706e-02 3.9254859855369543e-04
2.5717346614257119e-02 3.9254466337528996e-04
2.6109889284823197e-02 3.9254066766912824e-04
2.6502427929419495e-02 3.9253661143583179e-04
2.6894962487519179e-02 3.9253249467601300e-04
2.7287492898596062e-02 3.9252831739032838e-04
2.7680019102124583e-02 3.9252407957940432e-04
2.8072541037579835e-02 3.9251978124389849e-04
2.8465058644437567e-02 3.9251542238447767e-04
2.8857571862174202e-02 3.9251100300181322e-04
2.9250080630266830e-02 3.9250652309657873e-04
2.9642584888193237e-02 3.9250198266948042e-04
3.0035084575431893e-02 3.9249738172120316e-04
3.0427579631461983e-02 3.9249272025246253e-04
3.0820069995763401e-02 3.9248799826397681e-04
3.1212555607816765e-02 3.9248321575647963e-04
3.1605036407103430e-02 3.9247837273070132e-04
3.1997512333105486e-02 3.9247346918738698e-04
3.2389983325305780e-02 3.9246850512729956e-04
3.2782449323187912e-02 3.9246348055120344e-04
3.3174910266236264e-02 3.9245839545987111e-04
3.3567366093935992e-02 3.9245324985407880e-04
3.3959816745773037e-02 3.9244804373463722e-04
3.4352262161234139e-02 3.9244277710233317e-04
3.4744702279806854e-02 3.9243744995799191e-04
3.5137137040979538e-02 3.9243206230242267e-04
3.5529566384241394e-02 3.9242661413646453e-04
3.5921990249082443e-02 3.9242110546095204e-04
3.6314408574993566e-02 3.9241553627674335e-04
3.6706821301466477e-02 3.9240990658468490e-04
3.7099228367993772e-02 3.9240421638565284e-04
3.7491629714068914e-02 3.9239846568052514e-04
3.7884025279186245e-02 3.9239265447018229e-04
3.8276415002841006e-02 3.9238678275552917e-04
3.8668798824529331e-02 3.9238085053746235e-04
3.9061176683748269e-02 3.9237485781690119e-04
3.9453548519995781e-02 3.9236880459477555e-04
3.9845914272770767e-02 3.9236269087200316e-04
4.0238273881573056e-02 3.9235651664953696e-04
4.0630627285903428e-02 3.9235028192833302e-04
4.1022974425263620e-02 3.9234398670934750e-04
4.1415315239156342e-02 3.9233763099355090e-04
4.1807649667085264e-02 3.9233121478191664e-04
4.2199977648555057e-02 3.9232473807544234e-04
4.2592299123071366e-02 3.9231820087512736e-04
4.2984614030140866e-02 3.9231160318198039e-04
4.3376922309271218e-02 3.9230494499701305e-04
4.3769223899971121e-02 3.9229822632125109e-04
4.4161518741750304e-02 3.9229144715574035e-04
4.4553806774119527e-02 3.9228460750151395e-04
4.4946087936590613e-02 3.9227770735964217e-04
4.5338362168676441e-02 3.9227074673117132e-04
4.5730629409890949e-02 3.9226372561718494e-04
4.6122889599749160e-02 3.9225664401876329e-04
4.6515142677767185e-02 3.9224950193699577e-04
4.6907388583462238e-02 3.9224229937299276e-04
4.7299627256352623e-02 3.9223503632785029e-04
4.7691858635957762e-02 3.9222771280270264e-04
4.8084082661798228e-02 3.9222032879866737e-04
4.8476299273395689e-02 3.9221288431688862e-04
4.8868508410272973e-02 3.9220537935852313e-04
4.9260710011954076e-02 3.9219781392471327e-04
4.9652904017964135e-02 3.9219018801663123e-04
5.0045090367829469e-02 3.9218250163544817e-04
5.0437269001077562e-02 3.9217475478236011e-04
5.0829439857237112e-02 3.9216694745855052e-04
5.1221602875837990e-02 3.9215907966523258e-04
5.1613757996411311e-02 3.9215115140361901e-04
5.2005905158489366e-02 3.9214316267492053e-04
5.2398044301605697e-02 3.9213511348038931e-04
5.2790175365295088e-02 3.9212700382123855e-04
5.3182298289093551e-02 3.9211883369874042e-04
5.3574413012538361e-02 3.9211060311414791e-04
5.3966519475168062e-02 3.9210231206872922e-04
5.4358617616522470e-02 3.9209396056376816e-04
5.4750707376142668e-02 3.9208554860054419e-04
5.5142788693571067e-02 3.9207707618036254e-04
5.5534861508351338e-02 3.9206854330452358e-04
5.5926925760028494e-02 3.9205994997434587e-04
5.6318981388148857e-02 3.9205129619115605e-04
5.6711028332260070e-02 3.9204258195628226e-04
5.7103066531911134e-02 3.9203380727107450e-04
5.7495095926652383e-02 3.9202497213687982e-04
5.7887116456035524e-02 3.9201607655506922e-04
5.8279128059613605e-02 3.9200712052700948e-04
5.8671130676941075e-02 3.9199810405407841e-04
5.9063124247573762e-02 3.9198902713766812e-04
5.9455108711068884e-02 3.9197988977917708e-04
5.9847084006985060e-02 3.9197069198002504e-04
6.0239050074882346e-02 3.9196143374161269e-04
6.0631006854322184e-02 3.9195211506538901e-04
6.1022954284867481e-02 3.9194273595276980e-04
6.1414892306082568e-02 3.9193329640521013e-04
6.1806820857533230e-02 3.9192379642416389e-04
6.2198739878786713e-02 3.9191423601109596e-04
6.2590649309411731e-02 3.9190461516748390e-04
6.2982549088978490e-02 3.9189493389481592e-04
6.3374439157058662e-02 3.9188519219457017e-04
6.3766319453225431e-02 3.9187539006825208e-04
6.4158189917053479e-02 3.9186552751738771e-04
6.4550050488119015e-02 3.9185560454348437e-04
6.4941901105999775e-02 3.9184562114807133e-04
6.5333741710275006e-02 3.9183557733269645e-04
6.5725572240525526e-02 3.9182547309890472e-04
6.6117392636333691e-02 3.9181530844824904e-04
6.6509202837283413e-02 3.9180508338230394e-04
6.6901002782960212e-02 3.9179479790263990e-04
6.7292792412951150e-02 3.9178445201085144e-04
6.7684571666844898e-02 3.9177404570852741e-04
6.8076340484231723e-02 3.9176357899727216e-04
6.8468098804703503e-02 3.9175305187869980e-04
6.8859846567853725e-02 3.9174246435443993e-04
6.9251583713277512e-02 3.9173181642611154e-04
6.9643310180571641e-02 3.9172110809537227e-04
7.0035025909334497e-02 3.9171033936385822e-04
7.0426730839166146e-02 3.9169951023324191e-04
7.0818424909668332e-02 3.9168862070518973e-04
7.1210108060444435e-02 3.9167767078138025e-04
7.1601780231099560e-02 3.9166666046349990e-04
7.1993441361240473e-02 3.9165558975324529e-04
7.2385091390475650e-02 3.9164445865232680e-04
7.2776730258415301e-02 3.9163326716246843e-04
7.3168357904671341e-02 3.9162201528537502e-04
7.3559974268857395e-02 3.9161070302279663e-04
7.3951579290588848e-02 3.9159933037647337e-04
7.4343172909482849e-02 3.9158789734816966e-04
7.4734755065158268e-02 3.9157640393963498e-04
7.5126325697235791e-02 3.9156485015264138e-04
7.5517884745337827e-02 3.9155323598898231e-04
7.5909432149088615e-02 3.9154156145042925e-04
7.6300967848114160e-02 3.9152982653880241e-04
7.6692491782042280e-02 3.9151803125589754e-04
7.7084003890502628e-02 3.9150617560354306e-04
7.7475504113126648e-02 3.9149425958356183e-04
7.7866992389547654e-02 3.9148228319778956e-04
7.8258468659400740e-02 3.9147024644807570e-04
7.8649932862322927e-02 3.9145814933627795e-04
7.9041384937953055e-02 3.9144599186425797e-04
7.9432824825931822e-02 3.9143377403389097e-04
7.9824252465901843e-02 3.9142149584706543e-04
8.0215667797507592e-02 3.9140915730566546e-04
8.0607070760395444e-02 3.9139675841160052e-04
8.0998461294213703e-02 3.9138429916678482e-04
8.1389839338612560e-02 3.9137177957313196e-04
8.1781204833244164e-02 3.9135919963257201e-04
8.2172557717762565e-02 3.9134655934705727e-04
8.2563897931823768e-02 3.9133385871852858e-04
8.2955225415085751e-02 3.9132109774893598e-04
8.3346540107208433e-02 3.9130827644026466e-04
8.3737841947853733e-02 3.9129539479447109e-04
8.4129130876685498e-02 3.9128245281356335e-04
8.4520406833369630e-02 3.9126945049951104e-04
8.4911669757573985e-02 3.9125638785434921e-04
8.5302919588968448e-02 3.9124326488006861e-04
8.5694156267224930e-02 3.9123008157870306e-04
8.6085379732017339e-02 3.9121683795228401e-04
8.6476589923021652e-02 3.9120353400285611e-04
8.6867786779915884e-02 3.9119016973246493e-04
8.7258970242380107e-02 3.9117674514316800e-04
8.7650140250096445e-02 3.9116326023704598e-04
8.8041296742749117e-02 3.9114971501617656e-04
8.8432439660024398e-02 3.9113610948264332e-04
8.8823568941610698e-02 3.9112244363853849e-04
8.9214684527198496e-02 3.9110871748598407e-04
8.9605786356480380e-02 3.9109493102708841e-04
8.9996874369151089e-02 3.9108108426396927e-04
9.0387948504907459e-02 3.9106717719877978e-04
9.0779008703448502e-02 3.9105320983365261e-04
9.1170054904475328e-02 3.9103918217074304e-04
9.1561087047691267e-02 3.9102509421221852e-04
9.1952105072801785e-02 3.9101094596023523e-04
9.2343108919514499e-02 3.9099673741700090e-04
9.2734098527539249e-02 3.9098246858468321e-04
9.3125073836588065e-02 3.9096813946550024e-04
9.3516034786375185e-02 3.9095375006164933e-04
9.3906981316617039e-02 3.9093930037534865e-04
9.4297913367032304e-02 3.9092479040883405e-04
9.4688830877341881e-02 3.9091022016433707e-04
9.5079733787268902e-02 3.9089558964410578e-04
9.5470622036538763e-02 3.9088089885039480e-04
9.5861495564879121e-02 3.9086614778547485e-04
9.6252354312019894e-02 3.9085133645162112e-04
9.6643198217693307e-02 3.9083646485110356e-04
9.7034027221633817e-02 3.9082153298623551e-04
9.7424841263578241e-02 3.9080654085930450e-04
9.7815640283265670e-02 3.9079148847262420e-04
9.8206424220437502e-02 3.9077637582851795e-04
9.8597193014837492e-02 3.9076120292931690e-04
9.8987946606211713e-02 3.9074596977735208e-04
9.9378684934308570e-02 3.9073067637499518e-04
9.9769407938878840e-02 3.9071532272457897e-04
1.0016011555967566e-01 3.9069990882847851e-04
1.0055080773645453e-01 3.9068443468908093e-04
1.0094148440897334e-01 3.9066890030876081e-04
1.0133214551699236e-01 3.9065330568991200e-04
1.0172279100027429e-01 3.9063765083494756e-04
1.0211342079858420e-01 3.9062193574628098e-04
1.0250403485168959e-01 3.9060616042632651e-04
1.0289463309936039e-01 3.9059032487752783e-04
1.0328521548136900e-01 3.9057442910232066e-04
1.0367578193749021e-01 3.9055847310315322e-04
1.0406633240750129e-01 3.9054245688249149e-04
1.0445686683118201e-01 3.9052638044279953e-04
1.0484738514831454e-01 3.9051024378656098e-04
1.0523788729868361e-01 3.9049404691626180e-04
1.0562837322207638e-01 3.9047778983440184e-04
1.0601884285828256e-01 3.9046147254349065e-04
1.0640929614709434e-01 3.9044509504602851e-04
1.0679973302830643e-01 3.9042865734455890e-04
1.0719015344171612e-01 3.9041215944160958e-04
1.0758055732712317e-01 3.9039560133972355e-04
1.0797094462432993e-01 3.9037898304145237e-04
1.0836131527314130e-01 3.9036230454935611e-04
1.0875166921336472e-01 3.9034556586602440e-04
1.0914200638481028e-01 3.9032876699401101e-04
1.0953232672729056e-01 3.9031190793592752e-04
1.0992263018062080e-01 3.9029498869436397e-04
1.1031291668461883e-01 3.9027800927192836e-04
1.1070318617910507e-01 3.9026096967124995e-04
1.1109343860390261e-01 3.9024386989494337e-04
1.1148367389883714e-01 3.9022670994564933e-04
1.1187389200373696e-01 3.9020948982601799e-04
1.1226409285843310e-01 3.9019220953869242e-04
1.1265427640275917e-01 3.9017486908635878e-04
1.1304444257655151e-01 3.9015746847166448e-04
1.1343459131964911e-01 3.9014000769730799e-04
1.1382472257189363e-01 3.9012248676598452e-04
1.1421483627312948e-01 3.9010490568039261e-04
1.1460493236320372e-01 3.9008726444322985e-04
1.1499501078196615e-01 3.9006956305723787e-04
1.1538507146926931e-01 3.9005180152513070e-04
1.1577511436496846e-01 3.9003397984965131e-04
1.1616513940892158e-01 3.9001609803354805e-04
1.1655514654098943e-01 3.8999815607958270e-04
1.1694513570103554e-01 3.8998015399051809e-04
1.1733510682892619e-01 3.8996209176912598e-04
1.1772505986453044e-01 3.8994396941819753e-04
1.1811499474772016e-01 3.8992578694052718e-04
1.1850491141837002e-01 3.8990754433891156e-04
1.1889480981635744e-01 3.8988924161617480e-04
1.1928468988156275e-01 3.8987087877512174e-04
1.1967455155386904e-01 3.8985245581860426e-04
1.2006439477316225e-01 3.8983397274945094e-04
1.2045421947933117e-01 3.8981542957051052e-04
1.2084402561226745e-01 3.8979682628464913e-04
1.2123381311186561e-01 3.8977816289472545e-04
1.2162358191802301e-01 3.8975943940363326e-04
1.2201333197063995e-01 3.8974065581424077e-04
1.2240306320961954e-01 3.8972181212945916e-04
1.2279277557486785e-01 3.8970290835219030e-04
1.2318246900629388e-01 3.8968394448534409e-04
1.2357214344380950e-01 3.8966492053184223e-04
1.2396179882732949e-01 3.8964583649463228e-04
1.2435143509677166e-01 3.8962669237664274e-04
1.2474105219205668e-01 3.8960748818083331e-04
1.2513065005310822e-01 3.8958822391016093e-04
1.2552022861985287e-01 3.8956889956760034e-04
1.2590978783222026e-01 3.8954951515613140e-04
1.2629932763014298e-01 3.8953007067873589e-04
1.2668884795355659e-01 3.8951056613841672e-04
1.2707834874239968e-01 3.8949100153817915e-04
1.2746782993661382e-01 3.8947137688104196e-04
1.2785729147614364e-01 3.8945169217003485e-04
1.2824673330093678e-01 3.8943194740818227e-04
1.2863615535094391e-01 3.8941214259853856e-04
1.2902555756611878e-01 3.8939227774416091e-04
1.2941493988641817e-01 3.8937235284810509e-04
1.2980430225180195e-01 3.8935236791343473e-04
1.3019364460223304e-01 3.8933232294325335e-04
1.3058296687767748e-01 3.8931221794063039e-04
1.3097226901810435e-01 3.8929205290868217e-04
1.3136155096348592e-01 3.8927182785050365e-04
1.3175081265379748e-01 3.8925154276923062e-04
1.3214005402901755e-01 3.8923119766796568e-04
1.3252927502912765e-01 3.8921079254987357e-04
1.3291847559411255e-01 3.8919032741808557e-04
1.3330765566396013e-01 3.8916980227575280e-04
1.3369681517866142e-01 3.8914921712605871e-04
1.3408595407821067e-01 3.8912857197215039e-04
1.3447507230260522e-01 3.8910786681724084e-04
1.3486416979184571e-01 3.8908710166449300e-04
1.3525324648593584e-01 3.8906627651714808e-04
1.3564230232488267e-01 3.8904539137837331e-04
1.3603133724869634e-01 3.8902444625141757e-04
1.3642035119739032e-01 3.8900344113949870e-04
1.3680934411098125e-01 3.8898237604585511e-04
1.3719831592948906e-01 3.8896125097373616e-04
1.3758726659293682e-01 3.8894006592641531e-04
1.3797619604135106e-01 3.8891882090712611e-04
1.3836510421476136e-01 3.8889751591918164e-04
1.3875399105320077e-01 3.8887615096584304e-04
1.3914285649670552e-01 3.8885472605040936e-04
1.3953170048531516e-01 3.8883324117618096e-04
1.3992052295907256e-01 3.8881169634647340e-04
1.4030932385802389e-01 3.8879009156462608e-04
1.4069810312221870e-01 3.8876842683394162e-04
1.4108686069170978e-01 3.8874670215778041e-04
1.4147559650655336e-01 3.8872491753948288e-04
1.4186431050680898e-01 3.8870307298241380e-04
1.4225300263253954e-01 3.8868116848993147e-04
1.4264167282381132e-01 3.8865920406542284e-04
1.4303032102069399e-01 3.8863717971227674e-04
1.4341894716326062e-01 3.8861509543386869e-04
1.4380755119158761e-01 3.8859295123364008e-04
1.4419613304575490e-01 3.8857074711497078e-04
1.4458469266584573e-01 3.8854848308130608e-04
1.4497322999194681e-01 3.8852615913606819e-04
1.4536174496414830e-01 3.8850377528271081e-04
1.4575023752254382e-01 3.8848133152466296e-04
1.4613870760723041e-01 3.8845882786540080e-04
1.4652715515830855e-01 3.8843626430840636e-04
1.4691558011588229e-01 3.8841364085713488e-04
1.4730398242005907e-01 3.8839095751509549e-04
1.4769236201094987e-01 3.8836821428577298e-04
1.4808071882866919e-01 3.8834541117266694e-04
1.4846905281333497e-01 3.8832254817930525e-04
1.4885736390506873e-01 3.8829962530922225e-04
1.4924565204399551e-01 3.8827664256593829e-04
1.4963391717024388e-01 3.8825359995299768e-04
1.5002215922394596e-01 3.8823049747396159e-04
1.5041037814523744e-01 3.8820733513238431e-04
1.5079857387425757e-01 3.8818411293182965e-04
1.5118674635114915e-01 3.8816083087590245e-04
1.5157489551605860e-01 3.8813748896816938e-04
1.5196302130913591e-01 3.8811408721225115e-04
1.5235112367053472e-01 3.8809062561173403e-04
1.5273920254041223e-01 3.8806710417024613e-04
1.5312725785892928e-01 3.8804352289141021e-04
1.5351528956625032e-01 3.8801988177887477e-04
1.5390329760254351e-01 3.8799618083627211e-04
1.5429128190798058e-01 3.8797242006725609e-04
1.5467924242273695e-01 3.8794859947551577e-04
1.5506717908699175e-01 3.8792471906468160e-04
1.5545509184092768e-01 3.8790077883847992e-04
1.5584298062473129e-01 3.8787677880055291e-04
1.5623084537859264e-01 3.8785271895465167e-04
1.5661868604270565e-01 3.8782859930443762e-04
1.5700650255726784e-01 3.8780441985368622e-04
1.5739429486248055e-01 3.8778018060607600e-04
1.5778206289854879e-01 3.8775588156536643e-04
1.5816980660568133e-01 3.8773152273529639e-04
1.5855752592409070e-01 3.8770710411962318e-04
1.5894522079399315e-01 3.8768262572213218e-04
1.5933289115560875e-01 3.8765808754657777e-04
1.5972053694916136e-01 3.8763348959673855e-04
1.6010815811487858e-01 3.8760883187640999e-04
1.6049575459299179e-01 3.8758411438941705e-04
1.6088332632373625e-01 3.8755933713954490e-04
1.6127087324735101e-01 3.8753450013061659e-04
1.6165839530407891e-01 3.8750960336647556e-04
1.6204589243416667e-01 3.8748464685094353e-04
1.6243336457786481e-01 3.8745963058788409e-04
1.6282081167542770e-01 3.8743455458116585e-04
1.6320823366711365e-01 3.8740941883461588e-04
1.6359563049318479e-01 3.8738422335212136e-04
1.6398300209390707e-01 3.8735896813760532e-04
1.6437034840955042e-01 3.8733365319492655e-04
1.6475766938038866e-01 3.8730827852799852e-04
1.6514496494669947e-01 3.8728284414072165e-04
1.6553223504876446e-01 3.8725735003703100e-04
1.6591947962686920e-01 3.8723179622086239e-04
1.6630669862130318e-01 3.8720618269613884e-04
1.6669389197235979e-01 3.8718050946682879e-04
1.6708105962033645e-01 3.8715477653687572e-04
1.6746820150553449e-01 3.8712898391025463e-04
1.6785531756825922e-01 3.8710313159093929e-04
1.6824240774881996e-01 3.8707721958292595e-04
1.6862947198753001e-01 3.8705124789019217e-04
1.6901651022470662e-01 3.8702521651675254e-04
1.6940352240067111e-01 3.8699912546662782e-04
1.6979050845574881e-01 3.8697297474382989e-04
1.7017746833026906e-01 3.8694676435238937e-04
1.7056440196456524e-01 3.8692049429635999e-04
1.7095130929897476e-01 3.8689416457979059e-04
1.7133819027383915e-01 3.8686777520672704e-04
1.7172504482950390e-01 3.8684132618126035e-04
1.7211187290631871e-01 3.8681481750743135e-04
1.7249867444463721e-01 3.8678824918937996e-04
1.7288544938481723e-01 3.8676162123116314e-04
1.7327219766722068e-01 3.8673493363688857e-04
1.7365891923221355e-01 3.8670818641069616e-04
1.7404561402016597e-01 3.8668137955669439e-04
1.7443228197145219e-01 3.8665451307901027e-04
1.7481892302645063e-01 3.8662758698180730e-04
1.7520553712554385e-01 3.8660060126920095e-04
1.7559212420911849e-01 3.8657355594538844e-04
1.7597868421756543e-01 3.8654645101453711e-04
1.7636521709127975e-01 3.8651928648080294e-04
1.7675172277066065e-01 3.8649206234839115e-04
1.7713820119611154e-01 3.8646477862148954e-04
1.7752465230804004e-01 3.8643743530431543e-04
1.7791107604685799e-01 3.8641003240108334e-04
1.7829747235298143e-01 3.8638256991601862e-04
1.7868384116683064e-01 3.8635504785335697e-04
1.7907018242883019e-01 3.8632746621732208e-04
1.7945649607940878e-01 3.8629982501219007e-04
1.7984278205899945e-01 3.8627212424222578e-04
1.8022904030803952e-01 3.8624436391169114e-04
1.8061527076697056e-01 3.8621654402485445e-04
1.8100147337623840e-01 3.8618866458602747e-04
1.8138764807629321e-01 3.8616072559949225e-04
1.8177379480758943e-01 3.8613272706956191e-04
1.8215991351058580e-01 3.8610466900056476e-04
1.8254600412574545e-01 3.8607655139681591e-04
1.8293206659353578e-01 3.8604837426264713e-04
1.8331810085442854e-01 3.8602013760241074e-04
1.8370410684889985e-01 3.8599184142046116e-04
1.8409008451743017e-01 3.8596348572115185e-04
1.8447603380050431e-01 3.8593507050887083e-04
1.8486195463861152e-01 3.8590659578798090e-04
1.8524784697224536e-01 3.8587806156289062e-04
1.8563371074190385e-01 3.8584946783798402e-04
1.8601954588808936e-01 3.8582081461768753e-04
1.8640535235130873e-01 3.8579210190639205e-04
1.8679113007207315e-01 3.8576332970855301e-04
1.8717687899089830e-01 3.8573449802860587e-04
1.8756259904830430e-01 3.8570560687097195e-04
1.8794829018481568e-01 3.8567665624013553e-04
1.8833395234096148e-01 3.8564764614053255e-04
1.8871958545727516e-01 3.8561857657666066e-04
1.8910518947429469e-01 3.8558944755298099e-04
1.8949076433256251e-01 3.8556025907400261e-04
1.8987630997262558e-01 3.8553101114421391e-04
1.9026182633503536e-01 3.8550170376812099e-04
1.9064731336034774e-01 3.8547233695026769e-04
1.9103277098912330e-01 3.8544291069515823e-04
1.9141819916192701e-01 3.8541342500733285e-04
1.9180359781932843e-01 3.8538387989135161e-04
1.9218896690190168e-01 3.8535427535175970e-04
1.9257430635022543e-01 3.8532461139312313e-04
1.9295961610488294e-01 3.8529488802001402e-04
1.9334489610646199e-01 3.8526510523701916e-04
1.9373014629555504e-01 3.8523526304872245e-04
1.9411536661275905e-01 3.8520536145974496e-04
1.9450055699867566e-01 3.8517540047467602e-04
1.9488571739391108e-01 3.8514538009814912e-04
1.9527084773907619e-01 3.8511530033478189e-04
1.9565594797478641e-01 3.8508516118922979e-04
1.9604101804166194e-01 3.8505496266611421e-04
1.9642605788032752e-01 3.8502470477011491e-04
1.9681106743141261e-01 3.8499438750587975e-04
1.9719604663555126e-01 3.8496401087811623e-04
1.9758099543338237e-01 3.8493357489145688e-04
1.9796591376554931e-01 3.8490307955063059e-04
1.9835080157270030e-01 3.8487252486034315e-04
1.9873565879548824e-01 3.8484191082528073e-04
1.9912048537457069e-01 3.8481123745018374e-04
1.9950528125060998e-01 3.8478050473978191e-04
1.9989004636427321e-01 3.8474971269879721e-04
2.0027478065623214e-01 3.8471886133198706e-04
2.0065948406716333e-01 3.8468795064410568e-04
2.0104415653774810e-01 3.8465698063992949e-04
2.0142879800867253e-01 3.8462595132422072e-04
2.0181340842062748e-01 3.8459486270177968e-04
2.0219798771430861e-01 3.8456371477738912e-04
2.0258253583041635e-01 3.8453250755586142e-04
2.0296705270965604e-01 3.8450124104197992e-04
2.0335153829273767e-01 3.8446991524059633e-04
2.0373599252037616e-01 3.8443853015653973e-04
2.0412041533329128e-01 3.8440708579462701e-04
2.0450480667220758e-01 3.8437558215973411e-04
2.0488916647785452e-01 3.8434401925668805e-04
2.0527349469096637e-01 3.8431239709038677e-04
2.0565779125228231e-01 3.8428071566568104e-04
2.0604205610254639e-01 3.8424897498747423e-04
2.0642628918250755e-01 3.8421717506064503e-04
2.0681049043291960e-01 3.8418531589012026e-04
2.0719465979454132e-01 3.8415339748078009e-04
2.0757879720813638e-01 3.8412141983755721e-04
2.0796290261447331e-01 3.8408938296540413e-04
2.0834697595432569e-01 3.8405728686923392e-04
2.0873101716847195e-01 3.8402513155401499e-04
2.0911502619769551e-01 3.8399291702470248e-04
2.0949900298278479e-01 3.8396064328625529e-04
2.0988294746453312e-01 3.8392831034365292e-04
2.1026685958373886e-01 3.8389591820186186e-04
2.1065073928120531e-01 3.8386346686590441e-04
2.1103458649774079e-01 3.8383095634078682e-04
2.1141840117415864e-01 3.8379838663150635e-04
2.1180218325127725e-01 3.8376575774307542e-04
2.1218593266991995e-01 3.8373306968055661e-04
2.1256964937091516e-01 3.8370032244896494e-04
2.1295333329509636e-01 3.8366751605336315e-04
2.1333698438330206e-01 3.8363465049878791e-04
2.1372060257637582e-01 3.8360172579033730e-04
2.1410418781516630e-01 3.8356874193306998e-04
2.1448774004052720e-01 3.8353569893208311e-04
2.1487125919331740e-01 3.8350259679245403e-04
2.1525474521440077e-01 3.8346943551929521e-04
2.1563819804464635e-01 3.8343621511773213e-04
2.1602161762492830e-01 3.8340293559285365e-04
2.1640500389612585e-01 3.8336959694985651e-04
2.1678835679912348e-01 3.8333619919380210e-04
2.1717167627481068e-01 3.8330274232988834e-04
2.1755496226408219e-01 3.8326922636326184e-04
2.1793821470783786e-01 3.8323565129909950e-04
2.1832143354698275e-01 3.8320201714256739e-04
2.1870461872242708e-01 3.8316832389884392e-04
2.1908777017508629e-01 3.8313457157314600e-04
2.1947088784588095e-01 3.8310076017067368e-04
2.1985397167573692e-01 3.8306688969662366e-04
2.2023702160558525e-01 3.8303296015621848e-04
2.2062003757636217e-01 3.8299897155472112e-04
2.2100301952900922e-01 3.8296492389733924e-04
2.2138596740447314e-01 3.8293081718933873e-04
2.2176888114370594e-01 3.8289665143597339e-04
2.2215176068766490e-01 3.8286242664250044e-04
2.2253460597731253e-01 3.8282814281423092e-04
2.2291741695361669e-01 3.8279379995641565e-04
2.2330019355755046e-01 3.8275939807438496e-04
2.2368293573009229e-01 3.8272493717340602e-04
2.2406564341222590e-01 3.8269041725880925e-04
2.2444831654494032e-01 3.8265583833591043e-04
2.2483095506922990e-01 3.8262120041006358e-04
2.2521355892609440e-01 3.8258650348659153e-04
2.2559612805653884e-01 3.8255174757083690e-04
2.2597866240157360e-01 3.8251693266817810e-04
2.2636116190221450e-01 3.8248205878396686e-04
2.2674362649948265e-01 3.8244712592359605e-04
2.2712605613440459e-01 3.8241213409243989e-04
2.2750845074801224e-01 3.8237708329590120e-04
2.2789081028134289e-01 3.8234197353937392e-04
2.2827313467543930e-01 3.8230680482827386e-04
2.2865542387134957e-01 3.8227157716804372e-04
2.2903767781012732e-01 3.8223629056409112e-04
2.2941989643283150e-01 3.8220094502188206e-04
2.2980207968052663e-01 3.8216554054683132e-04
2.3018422749428255e-01 3.8213007714443543e-04
2.3056633981517469e-01 3.8209455482012840e-04
2.3094841658428383e-01 3.8205897357941669e-04
2.3133045774269637e-01 3.8202333342775779e-04
2.3171246323150405e-01 3.8198763437068584e-04
2.3209443299180424e-01 3.8195187641366734e-04
2.3247636696469975e-01 3.8191605956222678e-04
2.3285826509129892e-01 3.8188018382189707e-04
2.3324012731271559e-01 3.8184424919822510e-04
2.3362195357006924e-01 3.8180825569670510e-04
2.3400374380448477e-01 3.8177220332291916e-04
2.3438549795709268e-01 3.8173609208243085e-04
2.3476721596902908e-01 3.8169992198077996e-04
2.3514889778143558e-01 3.8166369302357513e-04
2.3553054333545942e-01 3.8162740521638139e-04
2.3591215257225340e-01 3.8159105856481405e-04
2.3629372543297594e-01 3.8155465307447019e-04
2.3667526185879109e-01 3.8151818875093731e-04
2.3705676179086846e-01 3.8148166559987841e-04
2.3743822517038335e-01 3.8144508362689193e-04
2.3781965193851665e-01 3.8140844283762661e-04
2.3820104203645490e-01 3.8137174323774888e-04
2.3858239540539031e-01 3.8133498483290950e-04
2.3896371198652078e-01 3.8129816762875167e-04
2.3934499172104978e-01 3.8126129163099749e-04
2.3972623455018663e-01 3.8122435684529268e-04
2.4010744041514614e-01 3.8118736327737499e-04
2.4048860925714902e-01 3.8115031093289919e-04
2.4086974101742151e-01 3.8111319981761594e-04
2.4125083563719571e-01 3.8107602993721546e-04
2.4163189305770935e-01 3.8103880129745899e-04
2.4201291322020593e-01 3.8100151390408488e-04
2.4239389606593473e-01 3.8096416776281847e-04
2.4277484153615070e-01 3.8092676287945602e-04
2.4315574957211467e-01 3.8088929925971014e-04
2.4353662011509311e-01 3.8085177690940885e-04
2.4391745310635837e-01 3.8081419583431734e-04
2.4429824848718856e-01 3.8077655604022888e-04
2.4467900619886759e-01 3.8073885753294698e-04
2.4505972618268515e-01 3.8070110031829143e-04
2.4544040837993680e-01 3.8066328440207367e-04
2.4582105273192389e-01 3.8062540979012636e-04
2.4620165917995360e-01 3.8058747648831093e-04
2.4658222766533899e-01 3.8054948450243946e-04
2.4696275812939894e-01 3.8051143383840551e-04
2.4734325051345821e-01 3.8047332450205071e-04
2.4772370475884742e-01 3.8043515649926725e-04
2.4810412080690306e-01 3.8039692983595028e-04
2.4848449859896757e-01 3.8035864451796078e-04
2.4886483807638923e-01 3.8032030055121317e-04
2.4924513918052221e-01 3.8028189794163760e-04
2.4962540185272669e-01 3.8024343669514798e-04
2.5000562603436866e-01 3.8020491681768116e-04
2.5038581166682017e-01 3.8016633831512860e-04
2.5076595869145907e-01 3.8012770119350464e-04
2.5114606704966930e-01 3.8008900545871352e-04
2.5152613668284063e-01 3.8005025111678524e-04
2.5190616753236894e-01 3.8001143817364031e-04
2.5228615953965600e-01 3.7997256663527913e-04
2.5266611264610961e-01 3.7993363650767637e-04
2.5304602679314347e-01 3.7989464779689716e-04
2.5342590192217745e-01 3.7985560050890163e-04
2.5380573797463735e-01 3.7981649464970851e-04
2.5418553489195500e-01 3.7977733022533030e-04
2.5456529261556821e-01 3.7973810724186460e-04
2.5494501108692091e-01 3.7969882570532463e-04
2.5532469024746307e-01 3.7965948562178732e-04
2.5570433003865067e-01 3.7962008699732265e-04
2.5608393040194588e-01 3.7958062983795829e-04
2.5646349127881685e-01 3.7954111414979178e-04
2.5684301261073778e-01 3.7950153993895436e-04
2.5722249433918903e-01 3.7946190721155245e-04
2.5760193640565715e-01 3.7942221597363169e-04
2.5798133875163465e-01 3.7938246623135414e-04
2.5836070131862027e-01 3.7934265799083181e-04
2.5874002404811880e-01 3.7930279125823291e-04
2.5911930688164125e-01 3.7926286603967682e-04
2.5949854976070474e-01 3.7922288234134140e-04
2.5987775262683255e-01 3.7918284016940799e-04
2.6025691542155421e-01 3.7914273952996332e-04
2.6063603808640529e-01 3.7910258042928339e-04
2.6101512056292758e-01 3.7906236287356713e-04
2.6139416279266925e-01 3.7902208686891014e-04
2.6177316471718437e-01 3.7898175242164828e-04
2.6215212627803353e-01 3.7894135953788611e-04
2.6253104741678329e-01 3.7890090822393849e-04
2.6290992807500657e-01 3.7886039848602934e-04
2.6328876819428260e-01 3.7881983033033429e-04
2.6366756771619665e-01 3.7877920376321104e-04
2.6404632658234045e-01 3.7873851879086318e-04
2.6442504473431189e-01 3.7869777541959658e-04
2.6480372211371522e-01 3.7865697365563572e-04
2.6518235866216089e-01 3.7861611350532701e-04
2.6556095432126570e-01 3.7857519497494578e-04
2.6593950903265273e-01 3.7853421807080672e-04
2.6631802273795135e-01 3.7849318279925505e-04
2.6669649537879736e-01 3.7845208916656594e-04
2.6707492689683276e-01 3.7841093717911191e-04
2.6745331723370597e-01 3.7836972684323093e-04
2.6783166633107169e-01 3.7832845816530245e-04
2.6820997413059111e-01 3.7828713115164585e-04
2.6858824057393171e-01 3.7824574580860295e-04
2.6896646560276721e-01 3.7820430214268537e-04
2.6934464915877798e-01 3.7816280016015789e-04
2.6972279118365061e-01 3.7812123986746035e-04
2.7010089161907813e-01 3.7807962127100949e-04
2.7047895040676001e-01 3.7803794437720281e-04
2.7085696748840210e-01 3.7799620919248703e-04
2.7123494280571669e-01 3.7795441572330225e-04
2.7161287630042252e-01 3.7791256397609683e-04
2.7199076791424481e-01 3.7787065395729726e-04
2.7236861758891523e-01 3.7782868567335113e-04
2.7274642526617182e-01 3.7778665913079754e-04
2.7312419088775924e-01 3.7774457433604222e-04
2.7350191439542854e-01 3.7770243129560567e-04
2.7387959573093723e-01 3.7766023001603648e-04
2.7425723483604947e-01 3.7761797050375913e-04
2.7463483165253583e-01 3.7757565276530969e-04
2.7501238612217338e-01 3.7753327680724129e-04
2.7538989818674575e-01 3.7749084263608869e-04
2.7576736778804317e-01 3.7744835025834024e-04
2.7614479486786231e-01 3.7740579968060205e-04
2.7652217936800644e-01 3.7736319090942436e-04
2.7689952123028538e-01 3.7732052395141052e-04
2.7727682039651563e-01 3.7727779881306254e-04
2.7765407680852011e-01 3.7723501550103976e-04
2.7803129040812846e-01 3.7719217402188907e-04
2.7840846113717688e-01 3.7714927438222432e-04
2.7878558893750810e-01 3.7710631658870327e-04
2.7916267375097165e-01 3.7706330064787380e-04
2.7953971551942347e-01 3.7702022656646187e-04
2.7991671418472636e-01 3.7697709435100874e-04
2.8029366968874958e-01 3.7693390400823137e-04
2.8067058197336914e-01 3.7689065554476702e-04
2.8104745098046763e-01 3.7684734896735808e-04
2.8142427665193454e-01 3.7680398428251714e-04
2.8180105892966567e-01 3.7676056149712578e-04
2.8217779775556390e-01 3.7671708061772917e-04
2.8255449307153857e-01 3.7667354165106943e-04
2.8293114481950571e-01 3.7662994460393751e-04
2.8330775294138827e-01 3.7658628948294037e-04
2.8368431737911576e-01 3.7654257629485602e-04
2.8406083807462440e-01 3.7649880504648701e-04
2.8443731496985736e-01 3.7645497574446079e-04
2.8481374800676429e-01 3.7641108839565554e-04
2.8519013712730179e-01 3.7636714300679348e-04
2.8556648227343323e-01 3.7632313958460778e-04
2.8594278338712870e-01 3.7627907813590620e-04
2.8631904041036499e-01 3.7623495866755775e-04
2.8669525328512596e-01 3.7619078118622290e-04
2.8707142195340196e-01 3.7614654569885194e-04
2.8744754635719039e-01 3.7610225221218859e-04
2.8782362643849535e-01 3.7605790073307846e-04
2.8819966213932785e-01 3.7601349126835111e-04
2.8857565340170566e-01 3.7596902382489256e-04
2.8895160016765348e-01 3.7592449840951752e-04
2.8932750237920285e-01 3.7587991502909424e-04
2.8970335997839214e-01 3.7583527369053089e-04
2.9007917290726665e-01 3.7579057440068249e-04
2.9045494110787856e-01 3.7574581716642624e-04
2.9083066452228690e-01 3.7570100199470539e-04
2.9120634309255761e-01 3.7565612889245626e-04
2.9158197676076369e-01 3.7561119786648094e-04
2.9195756546898488e-01 3.7556620892378032e-04
2.9233310915930788e-01 3.7552116207132974e-04
2.9270860777382640e-01 3.7547605731604278e-04
2.9308406125464115e-01 3.7543089466480893e-04
2.9345946954385960e-01 3.7538567412470755e-04
2.9383483258359638e-01 3.7534039570262133e-04
2.9421015031597303e-01 3.7529505940555973e-04
2.9458542268311805e-01 3.7524966524053049e-04
2.9496064962716695e-01 3.7520421321452131e-04
2.9533583109026229e-01 3.7515870333452647e-04
2.9571096701455357e-01 3.7511313560757454e-04
2.9608605734219734e-01 3.7506751004072914e-04
2.9646110201535719e-01 3.7502182664099200e-04
2.9683610097620383e-01 3.7497608541534847e-04
2.9721105416691485e-01 3.7493028637093292e-04
2.9758596152967498e-01 3.7488442951479116e-04
2.9796082300667603e-01 3.7483851485400156e-04
2.9833563854011691e-01 3.7479254239560894e-04
2.9871040807220356e-01 3.7474651214671210e-04
2.9908513154514904e-01 3.7470042411440695e-04
2.9945980890117346e-01 3.7465427830584070e-04
2.9983444008250415e-01 3.7460807472807238e-04
3.0020902503137542e-01 3.7456181338828070e-04
3.0058356369002887e-01 3.7451549429354215e-04
3.0095805600071307e-01 3.7446911745104644e-04
3.0133250190568389e-01 3.7442268286790194e-04
3.0170690134720424e-01 3.7437619055129918e-04
3.0208125426754423e-01 3.7432964050840777e-04
3.0245556060898116e-01 3.7428303274640888e-04
3.0282982031379951e-01 3.7423636727246668e-04
3.0320403332429097e-01 3.7418964409377547e-04
3.0357819958275439e-01 3.7414286321752464e-04
3.0395231903149578e-01 3.7409602465101553e-04
3.0432639161282854e-01 3.7404912840134169e-04
3.0470041726907310e-01 3.7400217447583278e-04
3.0507439594255720e-01 3.7395516288174795e-04
3.0544832757561591e-01 3.7390809362624125e-04
3.0582221211059146e-01 3.7386096671659989e-04
3.0619604948983337e-01 3.7381378216010011e-04
3.0656983965569834e-01 3.7376653996407756e-04
3.0694358255055054e-01 3.7371924013572132e-04
3.0731727811676129e-01 3.7367188268235202e-04
3.0769092629670919e-01 3.7362446761133705e-04
3.0806452703278031e-01 3.7357699492986465e-04
3.0843808026736780e-01 3.7352946464537230e-04
3.0881158594287234e-01 3.7348187676511580e-04
3.0918504400170177e-01 3.7343423129651142e-04
3.0955845438627150e-01 3.7338652824678244e-04
3.0993181703900402e-01 3.7333876762340611e-04
3.1030513190232939e-01 3.7329094943367293e-04
3.1067839891868493e-01 3.7324307368499354e-04
3.1105161803051534e-01 3.7319514038477644e-04
3.1142478918027283e-01 3.7314714954032131e-04
3.1179791231041687e-01 3.7309910115906279e-04
3.1217098736341437e-01 3.7305099524843004e-04
3.1254401428173961e-01 3.7300283181586824e-04
3.1291699300787440e-01 3.7295461086876225e-04
3.1328992348430790e-01 3.7290633241457335e-04
3.1366280565353677e-01 3.7285799646069454e-04
3.1403563945806506e-01 3.7280960301459777e-04
3.1440842484040427e-01 3.7276115208379211e-04
3.1478116174307341e-01 3.7271264367571769e-04
3.1515385010859898e-01 3.7266407779783592e-04
3.1552648987951487e-01 3.7261545445767312e-04
3.1589908099836256e-01 3.7256677366272851e-04
3.1627162340769105e-01 3.7251803542043353e-04
3.1664411705005674e-01 3.7246923973836940e-04
3.1701656186802357e-01 3.7242038662410094e-04
3.1738895780416315e-01 3.7237147608506382e-04
3.1776130480105447e-01 3.7232250812884804e-04
3.1813360280128411e-01 3.7227348276300877e-04
3.1850585174744628e-01 3.7222439999504484e-04
3.1887805158214261e-01 3.7217525983260523e-04
3.1925020224798240e-01 3.7212606228326022e-04
3.1962230368758254e-01 3.7207680735454774e-04
3.1999435584356745e-01 3.7202749505412203e-04
3.2036635865856922e-01 3.7197812538952566e-04
3.2073831207522752e-01 3.7192869836837500e-04
3.2111021603618956e-01 3.7187921399836046e-04
3.2148207048411032e-01 3.7182967228702608e-04
3.2185387536165228e-01 3.7178007324208541e-04
3.2222563061148563e-01 3.7173041687116814e-04
3.2259733617628827e-01 3.7168070318184982e-04
3.2296899199874562e-01 3.7163093218190140e-04
3.2334059802155091e-01 3.7158110387892158e-04
3.2371215418740490e-01 3.7153121828067482e-04
3.2408366043901621e-01 3.7148127539476944e-04
3.2445511671910099e-01 3.7143127522896850e-04
3.2482652297038322e-01 3.7138121779094094e-04
3.2519787913559456e-01 3.7133110308841739e-04
3.2556918515747435e-01 3.7128093112912122e-04
3.2594044097876967e-01 3.7123070192082871e-04
3.2631164654223543e-01 3.7118041547121725e-04
3.2668280179063414e-01 3.7113007178812986e-04
3.2705390666673623e-01 3.7107967087923039e-04
3.2742496111331976e-01 3.7102921275235950e-04
3.2779596507317066e-01 3.7097869741525407e-04
3.2816691848908258e-01 3.7092812487573277e-04
3.2853782130385706e-01 3.7087749514153756e-04
3.2890867346030328e-01 3.7082680822055146e-04
3.2927947490123838e-01 3.7077606412055307e-04
3.2965022556948720e-01 3.7072526284942167e-04
3.3002092540788258e-01 3.7067440441487104e-04
3.3039157435926497e-01 3.7062348882489657e-04
3.3076217236648292e-01 3.7057251608719040e-04
3.3113271937239264e-01 3.7052148620969209e-04
3.3150321531985821e-01 3.7047039920030857e-04
3.3187366015175174e-01 3.7041925506683758e-04
3.3224405381095301e-01 3.7036805381726547e-04
3.3261439624034994e-01 3.7031679545935072e-04
3.3298468738283810e-01 3.7026548000112272e-04
3.3335492718132115e-01 3.7021410745039803e-04
3.3372511557871054e-01 3.7016267781516337e-04
3.3409525251792577e-01 3.7011119110328837e-04
3.3446533794189409e-01 3.7005964732282956e-04
3.3483537179355094e-01 3.7000804648160742e-04
3.3520535401583956e-01 3.6995638858757131e-04
3.3557528455171109e-01 3.6990467364880563e-04
3.3594516334412478e-01 3.6985290167323190e-04
3.3631499033604778e-01 3.6980107266882349e-04
3.3668476547045528e-01 3.6974918664355250e-04
3.3705448869033044e-01 3.6969724360540407e-04
3.3742415993866437e-01 3.6964524356247470e-04
3.3779377915845626e-01 3.6959318652272596e-04
3.3816334629271333e-01 3.6954107249417459e-04
3.3853286128445081e-01 3.6948890148484609e-04
3.3890232407669196e-01 3.6943667350280778e-04
3.3927173461246807e-01 3.6938438855613296e-04
3.3964109283481853e-01 3.6933204665286044e-04
3.4001039868679078e-01 3.6927964780105436e-04
3.4037965211144033e-01 3.6922719200880476e-04
3.4074885305183078e-01 3.6917467928422365e-04
3.4111800145103383e-01 3.6912210963537824e-04
3.4148709725212928e-01 3.6906948307034964e-04
3.4185614039820500e-01 3.6901679959731561e-04
3.4222513083235706e-01 3.6896405922433410e-04
3.4259406849768959e-01 3.6891126195957261e-04
3.4296295333731486e-01 3.6885840781116766e-04
3.4333178529435326e-01 3.6880549678733343e-04
3.4370056431193352e-01 3.6875252889607204e-04
3.4406929033319222e-01 3.6869950414572501e-04
3.4443796330127441e-01 3.6864642254433896e-04
3.4480658315933316e-01 3.6859328410012739e-04
3.4517514985052966e-01 3.6854008882139023e-04
3.4554366331803354e-01 3.6848683671617417e-04
3.4591212350502243e-01 3.6843352779277339e-04
3.4628053035468226e-01 3.6838016205937755e-04
3.4664888381020714e-01 3.6832673952423708e-04
3.4701718381479946e-01 3.6827326019558547e-04
3.4738543031166980e-01 3.6821972408168635e-04
3.4775362324403702e-01 3.6816613119078264e-04
3.4812176255512828e-01 3.6811248153112311e-04
3.4848984818817896e-01 3.6805877511096694e-04
3.4885788008643270e-01 3.6800501193862904e-04
3.4922585819314145e-01 3.6795119202241472e-04
3.4959378245156547e-01 3.6789731537057975e-04
3.4996165280497332e-01 3.6784338199142392e-04
3.5032946919664182e-01 3.6778939189332393e-04
3.5069723156985622e-01 3.6773534508450373e-04
3.5106493986790993e-01 3.6768124157341461e-04
3.5143259403410487e-01 3.6762708136832309e-04
3.5180019401175122e-01 3.6757286447759084e-04
3.5216773974416749e-01 3.6751859090963725e-04
3.5253523117468066e-01 3.6746426067272355e-04
3.5290266824662597e-01 3.6740987377531666e-04
3.5327005090334707e-01 3.6735543022580516e-04
3.5363737908819609e-01 3.6730093003248753e-04
3.5400465274453347e-01 3.6724637320381052e-04
3.5437187181572799e-01 3.6719175974827975e-04
3.5473903624515701e-01 3.6713708967421290e-04
3.5510614597620621e-01 3.6708236299011005e-04
3.5547320095226981e-01 3.6702757970427327e-04
3.5584020111675030e-01 3.6697273982532424e-04
3.5620714641305873e-01 3.6691784336158464e-04
3.5657403678461458e-01 3.6686289032165399e-04
3.5694087217484588e-01 3.6680788071388374e-04
3.5730765252718905e-01 3.6675281454680135e-04
3.5767437778508904e-01 3.6669769182885075e-04
3.5804104789199920e-01 3.6664251256863351e-04
3.5840766279138153e-01 3.6658727677456744e-04
3.5877422242670642e-01 3.6653198445524082e-04
3.5914072674145292e-01 3.6647663561907860e-04
3.5950717567910839e-01 3.6642123027475821e-04
3.5987356918316898e-01 3.6636576843068725e-04
3.6023990719713922e-01 3.6631025009549505e-04
3.6060618966453228e-01 3.6625467527767291e-04
3.6097241652886980e-01 3.6619904398587543e-04
3.6133858773368210e-01 3.6614335622862530e-04
3.6170470322250797e-01 3.6608761201459072e-04
3.6207076293889495e-01 3.6603181135225817e-04
3.6243676682639908e-01 3.6597595425023736e-04
3.6280271482858495e-01 3.6592004071722234e-04
3.6316860688902586e-01 3.6586407076179180e-04
3.6353444295130372e-01 3.6580804439257720e-04
3.6390022295900909e-01 3.6575196161816237e-04
3.6426594685574110e-01 3.6569582244727866e-04
3.6463161458510757e-01 3.6563962688857622e-04
3.6499722609072505e-01 3.6558337495064800e-04
3.6536278131621863e-01 3.6552706664225360e-04
3.6572828020522213e-01 3.6547070197209044e-04
3.6609372270137819e-01 3.6541428094872180e-04
3.6645910874833793e-01 3.6535780358095451e-04
3.6682443828976130e-01 3.6530126987745779e-04
3.6718971126931699e-01 3.6524467984689593e-04
3.6755492763068226e-01 3.6518803349809635e-04
3.6792008731754322e-01 3.6513133083978703e-04
3.6828519027359474e-01 3.6507457188064219e-04
3.6865023644254036e-01 3.6501775662946571e-04
3.6901522576809243e-01 3.6496088509498456e-04
3.6938015819397202e-01 3.6490395728598125e-04
3.6974503366390898e-01 3.6484697321128039e-04
3.7010985212164205e-01 3.6478993287956924e-04
3.7047461351091859e-01 3.6473283629969995e-04
3.7083931777549484e-01 3.6467568348052246e-04
3.7120396485913593e-01 3.6461847443071855e-04
3.7156855470561562e-01 3.6456120915924261e-04
3.7193308725871665e-01 3.6450388767486538e-04
3.7229756246223056e-01 3.6444650998643534e-04
3.7266198025995767e-01 3.6438907610282631e-04
3.7302634059570727e-01 3.6433158603282369e-04
3.7339064341329736e-01 3.6427403978537903e-04
3.7375488865655498e-01 3.6421643736927008e-04
3.7411907626931590e-01 3.6415877879344857e-04
3.7448320619542480e-01 3.6410106406682246e-04
3.7484727837873538e-01 3.6404329319819954e-04
3.7521129276311005e-01 3.6398546619660383e-04
3.7557524929242031e-01 3.6392758307086264e-04
3.7593914791054650e-01 3.6386964382989799e-04
3.7630298856137789e-01 3.6381164848265783e-04
3.7666677118881264e-01 3.6375359703814638e-04
3.7703049573675795e-01 3.6369548950526822e-04
3.7739416214912991e-01 3.6363732589302029e-04
3.7775777036985364e-01 3.6357910621029191e-04
3.7812132034286317e-01 3.6352083046611589e-04
3.7848481201210155e-01 3.6346249866944081e-04
3.7884824532152073e-01 3.6340411082931389e-04
3.7921162021508187e-01 3.6334566695467996e-04
3.7957493663675484e-01 3.6328716705463646e-04
3.7993819453051880e-01 3.6322861113811147e-04
3.8030139384036177e-01 3.6316999921418767e-04
3.8066453451028087e-01 3.6311133129186368e-04
3.8102761648428224e-01 3.6305260738021393e-04
3.8139063970638104e-01 3.6299382748833093e-04
3.8175360412060161e-01 3.6293499162516309e-04
3.8211650967097721e-01 3.6287609979986644e-04
3.8247935630155022e-01 3.6281715202154588e-04
3.8284214395637217e-01 3.6275814829923419e-04
3.8320487257950359e-01 3.6269908864208777e-04
3.8356754211501420e-01 3.6263997305914449e-04
3.8393015250698281e-01 3.6258080155952279e-04
3.8429270369949725e-01 3.6252157415243434e-04
3.8465519563665468e-01 3.6246229084685867e-04
3.8501762826256114e-01 3.6240295165210966e-04
3.8538000152133201e-01 3.6234355657725862e-04
3.8574231535709180e-01 3.6228410563140205e-04
3.8610456971397411e-01 3.6222459882379548e-04
3.8646676453612172e-01 3.6216503616361048e-04
3.8682889976768670e-01 3.6210541765994649e-04
3.8719097535283009e-01 3.6204574332216241e-04
3.8755299123572240e-01 3.6198601315928910e-04
3.8791494736054316e-01 3.6192622718059670e-04
3.8827684367148119e-01 3.6186638539528385e-04
3.8863868011273445e-01 3.6180648781261967e-04
3.8900045662851024e-01 3.6174653444180453e-04
3.8936217316302496e-01 3.6168652529217467e-04
3.8972382966050445e-01 3.6162646037286395e-04
3.9008542606518370e-01 3.6156633969312304e-04
3.9044696232130688e-01 3.6150616326237486e-04
3.9080843837312762e-01 3.6144593108973218e-04
3.9116985416490868e-01 3.6138564318457394e-04
3.9153120964092220e-01 3.6132529955616797e-04
3.9189250474544957e-01 3.6126490021382712e-04
3.9225373942278152e-01 3.6120444516684263e-04
3.9261491361721806e-01 3.6114393442458867e-04
3.9297602727306857e-01 3.6108336799637550e-04
3.9333708033465176e-01 3.6102274589152114e-04
3.9369807274629565e-01 3.6096206811937867e-04
3.9405900445233766e-01 3.6090133468927267e-04
3.9441987539712453e-01 3.6084054561059703e-04
3.9478068552501233e-01 3.6077970089280076e-04
3.9514143478036667e-01 3.6071880054512525e-04
3.9550212310756228e-01 3.6065784457706140e-04
3.9586275045098362e-01 3.6059683299797309e-04
3.9622331675502420e-01 3.6053576581727699e-04
3.9658382196408726e-01 3.6047464304433117e-04
3.9694426602258520e-01 3.6041346468867737e-04
3.9730464887494005e-01 3.6035223075964759e-04
3.9766497046558308e-01 3.6029094126681220e-04
3.9802523073895529e-01 3.6022959621939086e-04
3.9838542963950679e-01 3.6016819562709228e-04
3.9874556711169745e-01 3.6010673949920602e-04
3.9910564309999641e-01 3.6004522784531735e-04
3.9946565754888241e-01 3.5998366067483540e-04
3.9982561040284359e-01 3.5992203799735281e-04
4.0018550160637772e-01 3.5986035982221243e-04
4.0054533110399193e-01 3.5979862615905585e-04
4.0090509884020287e-01 3.5973683701744205e-04
4.0126480475953691e-01 3.5967499240670823e-04
4.0162444880652970e-01 3.5961309233654163e-04
4.0198403092572654e-01 3.5955113681650019e-04
4.0234355106168235e-01 3.5948912585604786e-04
4.0270300915896151e-01 3.5942705946473365e-04
4.0306240516213793e-01 3.5936493765226858e-04
4.0342173901579526e-01 3.5930276042806788e-04
4.0378101066452654e-01 3.5924052780183374e-04
4.0414022005293454e-01 3.5917823978311256e-04
4.0449936712563161e-01 3.5911589638146034e-04
4.0485845182723962e-01 3.5905349760659251e-04
4.0521747410239012e-01 3.5899104346809400e-04
4.0557643389572429e-01 3.5892853397561470e-04
4.0593533115189301e-01 3.5886596913867332e-04
4.0629416581555661e-01 3.5880334896709783e-04
4.0665293783138529e-01 3.5874067347039823e-04
4.0701164714405880e-01 3.5867794265826173e-04
4.0737029369826649e-01 3.5861515654045834e-04
4.0772887743870756e-01 3.5855231512656806e-04
4.0808739831009072e-01 3.5848941842636959e-04
4.0844585625713453e-01 3.5842646644947005e-04
4.0880425122456715e-01 3.5836345920562160e-04
4.0916258315712650e-01 3.5830039670449644e-04
4.0952085199956018e-01 3.5823727895586949e-04
4.0987905769662553e-01 3.5817410596945576e-04
4.1023720019308962e-01 3.5811087775502499e-04
4.1059527943372931e-01 3.5804759432230628e-04
4.1095329536333119e-01 3.5798425568100728e-04
4.1131124792669160e-01 3.5792086184093598e-04
4.1166913706861663e-01 3.5785741281190369e-04
4.1202696273392220e-01 3.5779390860364428e-04
4.1238472486743399e-01 3.5773034922593631e-04
4.1274242341398742e-01 3.5766673468869972e-04
4.1310005831842789e-01 3.5760306500156724e-04
4.1345762952561044e-01 3.5753934017442236e-04
4.1381513698039990e-01 3.5747556021722190e-04
4.1417258062767121e-01 3.5741172513954647e-04
4.1452996041230877e-01 3.5734783495147129e-04
4.1488727627920713e-01 3.5728388966272111e-04
4.1524452817327051e-01 3.5721988928322972e-04
4.1560171603941309e-01 3.5715583382283310e-04
4.1595883982255893e-01 3.5709172329137083e-04
4.1631589946764191e-01 3.5702755769876699e-04
4.1667289491960585e-01 3.5696333705488342e-04
4.1702982612340439e-01 3.5689906136969599e-04
4.1738669302400122e-01 3.5683473065299258e-04
4.1774349556636975e-01 3.5677034491485369e-04
4.1810023369549354e-01 3.5670590416502640e-04
4.1845690735636581e-01 3.5664140841365651e-04
4.1881351649399007e-01 3.5657685767045847e-04
4.1917006105337939e-01 3.5651225194559976e-04
4.1952654097955711e-01 3.5644759124892300e-04
4.1988295621755639e-01 3.5638287559038858e-04
4.2023930671242044e-01 3.5631810497994656e-04
4.2059559240920225e-01 3.5625327942778251e-04
4.2095181325296510e-01 3.5618839894367943e-04
4.2130796918878211e-01 3.5612346353769669e-04
4.2166406016173635e-01 3.5605847321989976e-04
4.2202008611692110e-01 3.5599342800019315e-04
4.2237604699943943e-01 3.5592832788875324e-04
4.2273194275440457e-01 3.5586317289558564e-04
4.2308777332693986e-01 3.5579796303063227e-04
4.2344353866217854e-01 3.5573269830407005e-04
4.2379923870526398e-01 3.5566737872595088e-04
4.2415487340134972e-01 3.5560200430619706e-04
4.2451044269559912e-01 3.5553657505512921e-04
4.2486594653318593e-01 3.5547109098259440e-04
4.2522138485929378e-01 3.5540555209881024e-04
4.2557675761911640e-01 3.5533995841396877e-04
4.2593206475785783e-01 3.5527430993796319e-04
4.2628730622073197e-01 3.5520860668112285e-04
4.2664248195296300e-01 3.5514284865350524e-04
4.2699759189978526e-01 3.5507703586521377e-04
4.2735263600644313e-01 3.5501116832641630e-04
4.2770761421819120e-01 3.5494524604728813e-04
4.2806252648029419e-01 3.5487926903800818e-04
4.2841737273802705e-01 3.5481323730871136e-04
4.2877215293667487e-01 3.5474715086954752e-04
4.2912686702153285e-01 3.5468100973082750e-04
4.2948151493790654e-01 3.5461481390264141e-04
4.2983609663111155e-01 3.5454856339525948e-04
4.3019061204647385e-01 3.5448225821878098e-04
4.3054506112932944e-01 3.5441589838359073e-04
4.3089944382502471e-01 3.5434948389981204e-04
4.3125376007891619e-01 3.5428301477773421e-04
4.3160800983637071e-01 3.5421649102759849e-04
4.3196219304276534e-01 3.5414991265964220e-04
4.3231630964348738e-01 3.5408327968416146e-04
4.3267035958393446e-01 3.5401659211139000e-04
4.3302434280951441e-01 3.5394984995167723e-04
4.3337825926564544e-01 3.5388305321523727e-04
4.3373210889775599e-01 3.5381620191239383e-04
4.3408589165128475e-01 3.5374929605355211e-04
4.3443960747168092e-01 3.5368233564884608e-04
4.3479325630440380e-01 3.5361532070875311e-04
4.3514683809492316e-01 3.5354825124350649e-04
4.3550035278871907e-01 3.5348112726345466e-04
4.3585380033128185e-01 3.5341394877907105e-04
4.3620718066811232e-01 3.5334671580063273e-04
4.3656049374472167e-01 3.5327942833837390e-04
4.3691373950663126e-01 3.5321208640290441e-04
4.3726691789937300e-01 3.5314469000453485e-04
4.3762002886848922e-01 3.5307723915355848e-04
4.3797307235953253e-01 3.5300973386044468e-04
4.3832604831806599e-01 3.5294217413562359e-04
4.3867895668966311e-01 3.5287455998941084e-04
4.3903179741990772e-01 3.5280689143239052e-04
4.3938457045439422e-01 3.5273916847485063e-04
4.3973727573872728e-01 3.5267139112738882e-04
4.4008991321852226e-01 3.5260355940023154e-04
4.4044248283940463e-01 3.5253567330412525e-04
4.4079498454701072e-01 3.5246773284923412e-04
4.4114741828698695e-01 3.5239973804631795e-04
4.4149978400499057e-01 3.5233168890558969e-04
4.4185208164668899e-01 3.5226358543781271e-04
4.4220431115776038e-01 3.5219542765330483e-04
4.4255647248389329e-01 3.5212721556256588e-04
4.4290856557078684e-01 3.5205894917622718e-04
4.4326059036415055e-01 3.5199062850477193e-04
4.4361254680970463e-01 3.5192225355869483e-04
4.4396443485317977e-01 3.5185382434852071e-04
4.4431625444031708e-01 3.5178534088496318e-04
4.4466800551686847e-01 3.5171680317838867e-04
4.4501968802859626e-01 3.5164821123940436e-04
4.4537130192127328e-01 3.5157956507872007e-04
4.4572284714068311e-01 3.5151086470677041e-04
4.4607432363261978e-01 3.5144211013425267e-04
4.4642573134288804e-01 3.5137330137166036e-04
4.4677707021730312e-01 3.5130443842970507e-04
4.4712834020169095e-01 3.5123552131894313e-04
4.4747954124188810e-01 3.5116655004994519e-04
4.4783067328374160e-01 3.5109752463353472e-04
4.4818173627310937e-01 3.5102844508016649e-04
4.4853273015585976e-01 3.5095931140061376e-04
4.4888365487787191e-01 3.5089012360549809e-04
4.4923451038503559e-01 3.5082088170545269e-04
4.4958529662325125e-01 3.5075158571113834e-04
4.4993601353842994e-01 3.5068223563336552e-04
4.5028666107649351e-01 3.5061283148270922e-04
4.5063723918337445e-01 3.5054337326993149e-04
4.5098774780501599e-01 3.5047386100567438e-04
4.5133818688737204e-01 3.5040429470070456e-04
4.5168855637640726e-01 3.5033467436570455e-04
4.5203885621809697e-01 3.5026500001148576e-04
4.5238908635842728e-01 3.5019527164883090e-04
4.5273924674339516e-01 3.5012548928830195e-04
4.5308933731900813e-01 3.5005565294080819e-04
4.5343935803128460e-01 3.4998576261708968e-04
4.5378930882625373e-01 3.4991581832789195e-04
4.5413918964995542e-01 3.4984582008407947e-04
4.5448900044844043e-01 3.4977576789637033e-04
4.5483874116777029e-01 3.4970566177555744e-04
4.5518841175401731e-01 3.4963550173247116e-04
4.5553801215326462e-01 3.4956528777796913e-04
4.5588754231160622e-01 3.4949501992278192e-04
4.5623700217514684e-01 3.4942469817787552e-04
4.5658639169000215e-01 3.4935432255404561e-04
4.5693571080229867e-01 3.4928389306204563e-04
4.5728495945817371e-01 3.4921340971279491e-04
4.5763413760377541e-01 3.4914287251726670e-04
4.5798324518526290e-01 3.4907228148623744e-04
4.5833228214880617e-01 3.4900163663052997e-04
4.5868124844058594e-01 3.4893093796122541e-04
4.5903014400679409e-01 3.4886018548900750e-04
4.5937896879363316e-01 3.4878937922496004e-04
4.5972772274731677e-01 3.4871851917987816e-04
4.6007640581406939e-01 3.4864760536472726e-04
4.6042501794012641e-01 3.4857663779044960e-04
4.6077355907173417e-01 3.4850561646802727e-04
4.6112202915514994e-01 3.4843454140845139e-04
4.6147042813664207e-01 3.4836341262249571e-04
4.6181875596248972e-01 3.4829223012123082e-04
4.6216701257898302e-01 3.4822099391573985e-04
4.6251519793242324e-01 3.4814970401680223e-04
4.6286331196912245e-01 3.4807836043557574e-04
4.6321135463540380e-01 3.4800696318303603e-04
4.6355932587760151e-01 3.4793551227011788e-04
4.6390722564206072e-01 3.4786400770787489e-04
4.6425505387513766e-01 3.4779244950725708e-04
4.6460281052319941e-01 3.4772083767953694e-04
4.6495049553262441e-01 3.4764917223544255e-04
4.6529810884980183e-01 3.4757745318625980e-04
4.6564565042113210e-01 3.4750568054292297e-04
4.6599312019302658e-01 3.4743385431660625e-04
4.6634051811190780e-01 3.4736197451831150e-04
4.6668784412420938e-01 3.4729004115903960e-04
4.6703509817637590e-01 3.4721805425003469e-04
4.6738228021486311e-01 3.4714601380237949e-04
4.6772939018613791e-01 3.4707391982712559e-04
4.6807642803667832e-01 3.4700177233530362e-04
4.6842339371297331e-01 3.4692957133822835e-04
4.6877028716152319e-01 3.4685731684690923e-04
4.6911710832883929e-01 3.4678500887251596e-04
4.6946385716144412e-01 3.4671264742619972e-04
4.6981053360587133e-01 3.4664023251911524e-04
4.7015713760866573e-01 3.4656776416243319e-04
4.7050366911638331e-01 3.4649524236735063e-04
4.7085012807559123e-01 3.4642266714501858e-04
4.7119651443286786e-01 3.4635003850663580e-04
4.7154282813480275e-01 3.4627735646339480e-04
4.7188906912799661e-01 3.4620462102655388e-04
4.7223523735906148e-01 3.4613183220720019e-04
4.7258133277462044e-01 3.4605899001671840e-04
4.7292735532130803e-01 3.4598609446614238e-04
4.7327330494576975e-01 3.4591314556694895e-04
4.7361918159466260e-01 3.4584014333018169e-04
4.7396498521465463e-01 3.4576708776725101e-04
4.7431071575242528e-01 3.4569397888937819e-04
4.7465637315466530e-01 3.4562081670768655e-04
4.7500195736807649e-01 3.4554760123372159e-04
4.7534746833937219e-01 3.4547433247856282e-04
4.7569290601527686e-01 3.4540101045364105e-04
4.7603827034252638e-01 3.4532763517016682e-04
4.7638356126786791e-01 3.4525420663942277e-04
4.7672877873805980e-01 3.4518072487288161e-04
4.7707392269987192e-01 3.4510718988175538e-04
4.7741899310008540e-01 3.4503360167735596e-04
4.7776398988549262e-01 3.4495996027114731e-04
4.7810891300289743e-01 3.4488626567444688e-04
4.7845376239911497e-01 3.4481251789862687e-04
4.7879853802097189e-01 3.4473871695489929e-04
4.7914323981530593e-01 3.4466486285490976e-04
4.7948786772896651e-01 3.4459095560985853e-04
4.7983242170881429e-01 3.4451699523116496e-04
4.8017690170172134e-01 3.4444298173029719e-04
4.8052130765457113e-01 3.4436891511867410e-04
4.8086563951425865e-01 3.4429479540760158e-04
4.8120989722769020e-01 3.4422062260856313e-04
4.8155408074178352e-01 3.4414639673306928e-04
4.8189819000346784e-01 3.4407211779249484e-04
4.8224222495968383e-01 3.4399778579831272e-04
4.8258618555738358e-01 3.4392340076201005e-04
4.8293007174353075e-01 3.4384896269493473e-04
4.8327388346510031e-01 3.4377447160872243e-04
4.8361762066907882e-01 3.4369992751479402e-04
4.8396128330246435e-01 3.4362533042458956e-04
4.8430487131226635e-01 3.4355068034974407e-04
4.8464838464550591e-01 3.4347597730167225e-04
4.8499182324921558e-01 3.4340122129190522e-04
4.8533518707043943e-01 3.4332641233193295e-04
4.8567847605623304e-01 3.4325155043336483e-04
4.8602169015366359e-01 3.4317663560766079e-04
4.8636482930980973e-01 3.4310166786643870e-04
4.8670789347176169e-01 3.4302664722129356e-04
4.8705088258662133e-01 3.4295157368368609e-04
4.8739379660150201e-01 3.4287644726523514e-04
4.8773663546352863e-01 3.4280126797760652e-04
4.8807939911983783e-01 3.4272603583226463e-04
4.8842208751757771e-01 3.4265075084087370e-04
4.8876470060390798e-01 3.4257541301511285e-04
4.8910723832600006e-01 3.4250002236646266e-04
4.8944970063103693e-01 3.4242457890657857e-04
4.8979208746621317e-01 3.4234908264715863e-04
4.9013439877873505e-01 3.4227353359977150e-04
4.9047663451582046e-01 3.4219793177606297e-04
4.9081879462469891e-01 3.4212227718780639e-04
4.9116087905261163e-01 3.4204656984656938e-04
4.9150288774681150e-01 3.4197080976404079e-04
4.9184482065456309e-01 3.4189499695189347e-04
4.9218667772314256e-01 3.4181913142190308e-04
4.9252845889983793e-01 3.4174321318566854e-04
4.9287016413194884e-01 3.4166724225486670e-04
4.9321179336678661e-01 3.4159121864124874e-04
4.9355334655167427e-01 3.4151514235661453e-04
4.9389482363394660e-01 3.4143901341268001e-04
4.9423622456095023e-01 3.4136283182103469e-04
4.9457754928004333e-01 3.4128659759358779e-04
4.9491879773859593e-01 3.4121031074204971e-04
4.9525996988398985e-01 3.4113397127813499e-04
4.9560106566361856e-01 3.4105757921373028e-04
4.9594208502488746e-01 3.4098113456046620e-04
4.9628302791521361e-01 3.4090463733021383e-04
4.9662389428202597e-01 3.4082808753465845e-04
4.9696468407276512e-01 3.4075148518579408e-04
4.9730539723488359e-01 3.4067483029536248e-04
4.9764603371584576e-01 3.4059812287511206e-04
4.9798659346312774e-01 3.4052136293688501e-04
4.9832707642421742e-01 3.4044455049267458e-04
4.9866748254661475e-01 3.4036768555407483e-04
4.9900781177783132e-01 3.4029076813305991e-04
4.9934806406539062e-01 3.4021379824156000e-04
4.9968823935682805e-01 3.4013677589137740e-04
5.0002833759969090e-01 3.4005970109433117e-04
5.0036835874153829e-01 3.3998257386232161e-04
5.0070830272994116e-01 3.3990539420739572e-04
5.0104816951248254e-01 3.3982816214123270e-04
5.0138795903675715e-01 3.3975087767596456e-04
5.0172767125037177e-01 3.3967354082339017e-04
5.0206730610094519e-01 3.3959615159520113e-04
5.0240686353610775e-01 3.3951871000376696e-04
5.0274634350350211e-01 3.3944121606078130e-04
5.0308574595078270e-01 3.3936366977827095e-04
5.0342507082561594e-01 3.3928607116818951e-04
5.0376431807568023e-01 3.3920842024245175e-04
5.0410348764866597e-01 3.3913071701293946e-04
5.0444257949227544e-01 3.3905296149172793e-04
5.0478159355422292e-01 3.3897515369088802e-04
5.0512052978223465e-01 3.3889729362248213e-04
5.0545938812404911e-01 3.3881938129825032e-04
5.0579816852741655e-01 3.3874141673031355e-04
5.0613687094009918e-01 3.3866339993089711e-04
5.0647549530987157e-01 3.3858533091167607e-04
5.0681404158451993e-01 3.3850720968503419e-04
5.0715250971184289e-01 3.3842903626260718e-04
5.0749089963965066e-01 3.3835081065700513e-04
5.0782921131576608e-01 3.3827253287971624e-04
5.0816744468802355e-01 3.3819420294321751e-04
5.0850559970426989e-01 3.3811582085931785e-04
5.0884367631236371e-01 3.3803738664038867e-04
5.0918167446017604e-01 3.3795890029822569e-04
5.0951959409558967e-01 3.3788036184519729e-04
5.0985743516649984e-01 3.3780177129308473e-04
5.1019519762081356e-01 3.3772312865432532e-04
5.1053288140645015e-01 3.3764443394099659e-04
5.1087048647134115e-01 3.3756568716500373e-04
5.1120801276342998e-01 3.3748688833875679e-04
5.1154546023067238e-01 3.3740803747436669e-04
5.1188282882103631e-01 3.3732913458381022e-04
5.1222011848250182e-01 3.3725017967920558e-04
5.1255732916306085e-01 3.3717117277320171e-04
5.1289446081071810e-01 3.3709211387737372e-04
5.1323151337348982e-01 3.3701300300449443e-04
5.1356848679940503e-01 3.3693384016628277e-04
5.1390538103650463e-01 3.3685462537504622e-04
5.1424219603284160e-01 3.3677535864333767e-04
5.1457893173648150e-01 3.3669603998306980e-04
5.1491558809550197e-01 3.3661666940642084e-04
5.1525216505799276e-01 3.3653724692582270e-04
5.1558866257205604e-01 3.3645777255334017e-04
5.1592508058580611e-01 3.3637824630135439e-04
5.1626141904736955e-01 3.3629866818209717e-04
5.1659767790488520e-01 3.3621903820794398e-04
5.1693385710650430e-01 3.3613935639095326e-04
5.1726995660039021e-01 3.3605962274354525e-04
5.1760597633471861e-01 3.3597983727806912e-04
5.1794191625767760e-01 3.3590000000664787e-04
5.1827777631746741e-01 3.3582011094179115e-04
5.1861355646230067e-01 3.3574017009577710e-04
5.1894925664040248e-01 3.3566017748069393e-04
5.1928487680000990e-01 3.3558013310926930e-04
5.1962041688937277e-01 3.3550003699344327e-04
5.1995587685675282e-01 3.3541988914604146e-04
5.2029125665042464e-01 3.3533968957889126e-04
5.2062655621867471e-01 3.3525943830476252e-04
5.2096177550980227e-01 3.3517913533565215e-04
5.2129691447211857e-01 3.3509878068434289e-04
5.2163197305394748e-01 3.3501837436306938e-04
5.2196695120362524e-01 3.3493791638423054e-04
5.2230184886950060e-01 3.3485740675996705e-04
5.2263666599993430e-01 3.3477684550320543e-04
5.2297140254329999e-01 3.3469623262601708e-04
5.2330605844798350e-01 3.3461556814089947e-04
5.2364063366238311e-01 3.3453485206031704e-04
5.2397512813490965e-01 3.3445408439657163e-04
5.2430954181398615e-01 3.3437326516245640e-04
5.2464387464804840e-01 3.3429239437011141e-04
5.2497812658554444e-01 3.3421147203223318e-04
5.2531229757493492e-01 3.3413049816113206e-04
5.2564638756469295e-01 3.3404947276923766e-04
5.2598039650330397e-01 3.3396839586931088e-04
5.2631432433926617e-01 3.3388726747359069e-04
5.2664817102109007e-01 3.3380608759466646e-04
5.2698193649729863e-01 3.3372485624531280e-04
5.2731562071642768e-01 3.3364357343760285e-04
5.2764922362702515e-01 3.3356223918444859e-04
5.2798274517765187e-01 3.3348085349811527e-04
5.2831618531688096e-01 3.3339941639129212e-04
5.2864954399329822e-01 3.3331792787649652e-04
5.2898282115550199e-01 3.3323638796626680e-04
5.2931601675210305e-01 3.3315479667340032e-04
5.2964913073172504e-01 3.3307315401015833e-04
5.2998216304300394e-01 3.3299145998928276e-04
5.3031511363458839e-01 3.3290971462339523e-04
5.3064798245513967e-01 3.3282791792503883e-04
5.3098076945333161e-01 3.3274606990688202e-04
5.3131347457785072e-01 3.3266417058150046e-04
5.3164609777739613e-01 3.3258221996145307e-04
5.3197863900067954e-01 3.3250021805944079e-04
5.3231109819642519e-01 3.3241816488837727e-04
5.3264347531337042e-01 3.3233606046029722e-04
5.3297577030026455e-01 3.3225390478854868e-04
5.3330798310587013e-01 3.3217169788538959e-04
5.3364011367896214e-01 3.3208943976359358e-04
5.3397216196832831e-01 3.3200713043573122e-04
5.3430412792276893e-01 3.3192476991468375e-04
5.3463601149109719e-01 3.3184235821295328e-04
5.3496781262213877e-01 3.3175989534340379e-04
5.3529953126473218e-01 3.3167738131876330e-04
5.3563116736772864e-01 3.3159481615167543e-04
5.3596272087999208e-01 3.3151219985494797e-04
5.3629419175039927e-01 3.3142953244108325e-04
5.3662557992783944e-01 3.3134681392322932e-04
5.3695688536121489e-01 3.3126404431383982e-04
5.3728810799944060e-01 3.3118122362557200e-04
5.3761924779144410e-01 3.3109835187154589e-04
5.3795030468616589e-01 3.3101542906443767e-04
5.3828127863255926e-01 3.3093245521698719e-04
5.3861216957959035e-01 3.3084943034173640e-04
5.3894297747623776e-01 3.3076635445198667e-04
5.3927370227149340e-01 3.3068322756000466e-04
5.3960434391436152e-01 3.3060004967903650e-04
5.3993490235385944e-01 3.3051682082179572e-04
5.4026537753901727e-01 3.3043354100110344e-04
5.4059576941887799e-01 3.3035021022974033e-04
5.4092607794249736e-01 3.3026682852061763e-04
5.4125630305894401e-01 3.3018339588661793e-04
5.4158644471729955e-01 3.3009991234036492e-04
5.4191650286665827e-01 3.3001637789492231e-04
5.4224647745612731e-01 3.2993279256337307e-04
5.4257636843482693e-01 3.2984915635834159e-04
5.4290617575189015e-01 3.2976546929273253e-04
5.4323589935646288e-01 3.2968173137948970e-04
5.4356553919770401e-01 3.2959794263141313e-04
5.4389509522478507e-01 3.2951410306182463e-04
5.4422456738689107e-01 3.2943021268302112e-04
5.4455395563321929e-01 3.2934627150854319e-04
5.4488325991298037e-01 3.2926227955116946e-04
5.4521248017539792e-01 3.2917823682358566e-04
5.4554161636970833e-01 3.2909414333886659e-04
5.4587066844516086e-01 3.2900999911028052e-04
5.4619963635101809e-01 3.2892580415036174e-04
5.4652852003655528e-01 3.2884155847234120e-04
5.4685731945106086e-01 3.2875726208908605e-04
5.4718603454383596e-01 3.2867291501371802e-04
5.4751466526419512e-01 3.2858851725915071e-04
5.4784321156146554e-01 3.2850406883859332e-04
5.4817167338498773e-01 3.2841956976474048e-04
5.4850005068411500e-01 3.2833502005083064e-04
5.4882834340821374e-01 3.2825041970994923e-04
5.4915655150666343e-01 3.2816576875510482e-04
5.4948467492885666e-01 3.2808106719916900e-04
5.4981271362419892e-01 3.2799631505540477e-04
5.5014066754210889e-01 3.2791151233678520e-04
5.5046853663201833e-01 3.2782665905622678e-04
5.5079632084337182e-01 3.2774175522729205e-04
5.5112402012562745e-01 3.2765680086261723e-04
5.5145163442825607e-01 3.2757179597551794e-04
5.5177916370074176e-01 3.2748674057909120e-04
5.5210660789258181e-01 3.2740163468622947e-04
5.5243396695328639e-01 3.2731647831036519e-04
5.5276124083237899e-01 3.2723127146447512e-04
5.5308842947939618e-01 3.2714601416167682e-04
5.5341553284388767e-01 3.2706070641511488e-04
5.5374255087541624e-01 3.2697534823810807e-04
5.5406948352355800e-01 3.2688993964358611e-04
5.5439633073790207e-01 3.2680448064489415e-04
5.5472309246805074e-01 3.2671897125529758e-04
5.5504976866361977e-01 3.2663341148750461e-04
5.5537635927423756e-01 3.2654780135539930e-04
5.5570286424954640e-01 3.2646214087140744e-04
5.5602928353920111e-01 3.2637643004935514e-04
5.5635561709287007e-01 3.2629066890238760e-04
5.5668186486023497e-01 3.2620485744343155e-04
5.5700802679099048e-01 3.2611899568592973e-04
5.5733410283484475e-01 3.2603308364290108e-04
5.5766009294151886e-01 3.2594712132793494e-04
5.5798599706074747e-01 3.2586110875396183e-04
5.5831181514227823e-01 3.2577504593454284e-04
5.5863754713587221e-01 3.2568893288272542e-04
5.5896319299130381e-01 3.2560276961198057e-04
5.5928875265836064e-01 3.2551655613519544e-04
5.5961422608684341e-01 3.2543029246613929e-04
5.5993961322656638e-01 3.2534397861796186e-04
5.6026491402735712e-01 3.2525761460377881e-04
5.6059012843905631e-01 3.2517120043715252e-04
5.6091525641151818e-01 3.2508473613118829e-04
5.6124029789461005e-01 3.2499822169949124e-04
5.6156525283821279e-01 3.2491165715520899e-04
5.6189012119222048e-01 3.2482504251178873e-04
5.6221490290654075e-01 3.2473837778228129e-04
5.6253959793109420e-01 3.2465166298052293e-04
5.6286420621581523e-01 3.2456489811949886e-04
5.6318872771065132e-01 3.2447808321280091e-04
5.6351316236556337e-01 3.2439121827393516e-04
5.6383751013052585e-01 3.2430430331603887e-04
5.6416177095552655e-01 3.2421733835244515e-04
5.6448594479056657e-01 3.2413032339667993e-04
5.6481003158566034e-01 3.2404325846245667e-04
5.6513403129083606e-01 3.2395614356276256e-04
5.6545794385613501e-01 3.2386897871129918e-04
5.6578176923161216e-01 3.2378176392127323e-04
5.6610550736733578e-01 3.2369449920621350e-04
5.6642915821338746e-01 3.2360718457990475e-04
5.6675272171986257e-01 3.2351982005546166e-04
5.6707619783686980e-01 3.2343240564634970e-04
5.6739958651453126e-01 3.2334494136611439e-04
5.6772288770298263e-01 3.2325742722817702e-04
5.6804610135237288e-01 3.2316986324632874e-04
5.6836922741286477e-01 3.2308224943378237e-04
5.6869226583463450e-01 3.2299458580392263e-04
5.6901521656787146e-01 3.2290687237080621e-04
5.6933807956277904e-01 3.2281910914745720e-04
5.6966085476957395e-01 3.2273129614735180e-04
5.6998354213848623e-01 3.2264343338447897e-04
5.7030614161975968e-01 3.2255552087230398e-04
5.7062865316365186e-01 3.2246755862385990e-04
5.7095107672043333e-01 3.2237954665342096e-04
5.7127341224038874e-01 3.2229148497410270e-04
5.7159565967381620e-01 3.2220337359935015e-04
5.7191781897102700e-01 3.2211521254340848e-04
5.7223989008234666e-01 3.2202700181917883e-04
5.7256187295811378e-01 3.2193874144065965e-04
5.7288376754868087e-01 3.2185043142126914e-04
5.7320557380441384e-01 3.2176207177480931e-04
5.7352729167569239e-01 3.2167366251477700e-04
5.7384892111290986e-01 3.2158520365460961e-04
5.7417046206647293e-01 3.2149669520846740e-04
5.7449191448680237e-01 3.2140813718947665e-04
5.7481327832433227e-01 3.2131952961153055e-04
5.7513455352951037e-01 3.2123087248849501e-04
5.7545574005279843e-01 3.2114216583357323e-04
5.7577683784467149e-01 3.2105340966073520e-04
5.7609784685561838e-01 3.2096460398376526e-04
5.7641876703614181e-01 3.2087574881605092e-04
5.7673959833675803e-01 3.2078684417130728e-04
5.7706034070799683e-01 3.2069789006363629e-04
5.7738099410040200e-01 3.2060888650651675e-04
5.7770155846453097e-01 3.2051983351357078e-04
5.7802203375095484e-01 3.2043073109861141e-04
5.7834241991025848e-01 3.2034157927536561e-04
5.7866271689304050e-01 3.2025237805753784e-04
5.7898292464991319e-01 3.2016312745902791e-04
5.7930304313150272e-01 3.2007382749348669e-04
5.7962307228844889e-01 3.1998447817481571e-04
5.7994301207140553e-01 3.1989507951645467e-04
5.8026286243103986e-01 3.1980563153261249e-04
5.8058262331803323e-01 3.1971613423681090e-04
5.8090229468308063e-01 3.1962658764288573e-04
5.8122187647689083e-01 3.1953699176480915e-04
5.8154136865018657e-01 3.1944734661608500e-04
5.8186077115370416e-01 3.1935765221090614e-04
5.8218008393819398e-01 3.1926790856283410e-04
5.8249930695442009e-01 3.1917811568583183e-04
5.8281844015316042e-01 3.1908827359380726e-04
5.8313748348520689e-01 3.1899838230033605e-04
5.8345643690136506e-01 3.1890844181948070e-04
5.8377530035245451e-01 3.1881845216502250e-04
5.8409407378930855e-01 3.1872841335097070e-04
5.8441275716277452e-01 3.1863832539113395e-04
5.8473135042371349e-01 3.1854818829954554e-04
5.8504985352300065e-01 3.1845800208983886e-04
5.8536826641152495e-01 3.1836776677592564e-04
5.8568658904018911e-01 3.1827748237206016e-04
5.8600482135991006e-01 3.1818714889184367e-04
5.8632296332161848e-01 3.1809676634923898e-04
5.8664101487625897e-01 3.1800633475834200e-04
5.8695897597479019e-01 3.1791585413287629e-04
5.8727684656818457e-01 3.1782532448702122e-04
5.8759462660742867e-01 3.1773474583461143e-04
5.8791231604352290e-01 3.1764411818967719e-04
5.8822991482748166e-01 3.1755344156622991e-04
5.8854742291033346e-01 3.1746271597799869e-04
5.8886484024312058e-01 3.1737194143923537e-04
5.8918216677689950e-01 3.1728111796367630e-04
5.8949940246274046e-01 3.1719024556563197e-04
5.8981654725172783e-01 3.1709932425916964e-04
5.9013360109496027e-01 3.1700835405771037e-04
5.9045056394354989e-01 3.1691733497599746e-04
5.9076743574862334e-01 3.1682626702761446e-04
5.9108421646132103e-01 3.1673515022679038e-04
5.9140090603279749e-01 3.1664398458761757e-04
5.9171750441422133e-01 3.1655277012409541e-04
5.9203401155677526e-01 3.1646150685015785e-04
5.9235042741165600e-01 3.1637019477989453e-04
5.9266675193007423e-01 3.1627883392763162e-04
5.9298298506325497e-01 3.1618742430715495e-04
5.9329912676243712e-01 3.1609596593272824e-04
5.9361517697887378e-01 3.1600445881837136e-04
5.9393113566383204e-01 3.1591290297841958e-04
5.9424700276859332e-01 3.1582129842666005e-04
5.9456277824445292e-01 3.1572964517751211e-04
5.9487846204272044e-01 3.1563794324493150e-04
5.9519405411471960e-01 3.1554619264295578e-04
5.9550955441178810e-01 3.1545439338602222e-04
5.9582496288527798e-01 3.1536254548814702e-04
5.9614027948655535e-01 3.1527064896349924e-04
5.9645550416700055e-01 3.1517870382615106e-04
5.9677063687800802e-01 3.1508671009037670e-04
5.9708567757098641e-01 3.1499466777033715e-04
5.9740062619735856e-01 3.1490257688020099e-04
5.9771548270856145e-01 3.1481043743434748e-04
5.9803024705604646e-01 3.1471824944661377e-04
5.9834491919127886e-01 3.1462601293166250e-04
5.9865949906573845e-01 3.1453372790334137e-04
5.9897398663091905e-01 3.1444139437612040e-04
5.9928838183832889e-01 3.1434901236399032e-04
5.9960268463949018e-01 3.1425658188152545e-04
5.9991689498593970e-01 3.1416410294262721e-04
6.0023101282922819e-01 3.1407157556183888e-04
6.0054503812092086e-01 3.1397899975328956e-04
6.0085897081259698e-01 3.1388637553154844e-04
6.0117281085585050e-01 3.1379370291027153e-04
6.0148655820228913e-01 3.1370098190437739e-04
6.0180021280353535e-01 3.1360821252766208e-04
6.0211377461122562e-01 3.1351539479464429e-04
6.0242724357701072e-01 3.1342252871986904e-04
6.0274061965255599e-01 3.1332961431730698e-04
6.0305390278954085e-01 3.1323665160146820e-04
6.0336709293965918e-01 3.1314364058665278e-04
6.0368019005461915e-01 3.1305058128718412e-04
6.0399319408614327e-01 3.1295747371744146e-04
6.0430610498596848e-01 3.1286431789165678e-04
6.0461892270584594e-01 3.1277111382438703e-04
6.0493164719754133e-01 3.1267786152979886e-04
6.0524427841283457e-01 3.1258456102243714e-04
6.0555681630351998e-01 3.1249121231677069e-04
6.0586926082140646e-01 3.1239781542687729e-04
6.0618161191831710e-01 3.1230437036729202e-04
6.0649386954608930e-01 3.1221087715277500e-04
6.0680603365657526e-01 3.1211733579721240e-04
6.0711810420164136e-01 3.1202374631504295e-04
6.0743008113316821e-01 3.1193010872117234e-04
6.0774196440305117e-01 3.1183642302979908e-04
6.0805375396319994e-01 3.1174268925534561e-04
6.0836544976553875e-01 3.1164890741204029e-04
6.0867705176200604e-01 3.1155507751471398e-04
6.0898855990455492e-01 3.1146119957775625e-04
6.0929997414515302e-01 3.1136727361535694e-04
6.0961129443578221e-01 3.1127329964239872e-04
6.0992252072843900e-01 3.1117927767333346e-04
6.1023365297513454e-01 3.1108520772224371e-04
6.1054469112789422e-01 3.1099108980393007e-04
6.1085563513875807e-01 3.1089692393285027e-04
6.1116648495978054e-01 3.1080271012362635e-04
6.1147724054303065e-01 3.1070844839076720e-04
6.1178790184059217e-01 3.1061413874870433e-04
6.1209846880456309e-01 3.1051978121189263e-04
6.1240894138705593e-01 3.1042537579533937e-04
6.1271931954019820e-01 3.1033092251284871e-04
6.1302960321613142e-01 3.1023642137962849e-04
6.1333979236701197e-01 3.1014187241015155e-04
6.1364988694501088e-01 3.1004727561869045e-04
6.1395988690231351e-01 3.0995263102017833e-04
6.1426979219112010e-01 3.0985793862882340e-04
6.1457960276364521e-01 3.0976319845955034e-04
6.1488931857211815e-01 3.0966841052686633e-04
6.1519893956878280e-01 3.0957357484547683e-04
6.1550846570589768e-01 3.0947869142999856e-04
6.1581789693573608e-01 3.0938376029469877e-04
6.1612723321058560e-01 3.0928878145465089e-04
6.1643647448274863e-01 3.0919375492458360e-04
6.1674562070454253e-01 3.0909868071845231e-04
6.1705467182829865e-01 3.0900355885182985e-04
6.1736362780636367e-01 3.0890838933867181e-04
6.1767248859109858e-01 3.0881317219381022e-04
6.1798125413487903e-01 3.0871790743215938e-04
6.1828992439009545e-01 3.0862259506841109e-04
6.1859849930915312e-01 3.0852723511683763e-04
6.1890697884447166e-01 3.0843182759263105e-04
6.1921536294848567e-01 3.0833637251031506e-04
6.1952365157364442e-01 3.0824086988455614e-04
6.1983184467241181e-01 3.0814531973019302e-04
6.2013994219726665e-01 3.0804972206173036e-04
6.2044794410070225e-01 3.0795407689412717e-04
6.2075585033522673e-01 3.0785838424230442e-04
6.2106366085336329e-01 3.0776264412034712e-04
6.2137137560764932e-01 3.0766685654369112e-04
6.2167899455063735e-01 3.0757102152695592e-04
6.2198651763489465e-01 3.0747513908477466e-04
6.2229394481300326e-01 3.0737920923185682e-04
6.2260127603755988e-01 3.0728323198321274e-04
6.2290851126117608e-01 3.0718720735368132e-04
6.2321565043647831e-01 3.0709113535791455e-04
6.2352269351610778e-01 3.0699501601068958e-04
6.2382964045272049e-01 3.0689884932690400e-04
6.2413649119898729e-01 3.0680263532134160e-04
6.2444324570759391e-01 3.0670637400869604e-04
6.2474990393124075e-01 3.0661006540410007e-04
6.2505646582264318e-01 3.0651370952234790e-04
6.2536293133453136e-01 3.0641730637848022e-04
6.2566930041965063e-01 3.0632085598664052e-04
6.2597557303076057e-01 3.0622435836265689e-04
6.2628174912063628e-01 3.0612781352066620e-04
6.2658782864206741e-01 3.0603122147568394e-04
6.2689381154785839e-01 3.0593458224303357e-04
6.2719969779082885e-01 3.0583789583725826e-04
6.2750548732381317e-01 3.0574116227325825e-04
6.2781118009966064e-01 3.0564438156605148e-04
6.2811677607123551e-01 3.0554755373044375e-04
6.2842227519141691e-01 3.0545067878141549e-04
6.2872767741309887e-01 3.0535375673408529e-04
6.2903298268919050e-01 3.0525678760316954e-04
6.2933819097261567e-01 3.0515977140386141e-04
6.2964330221631348e-01 3.0506270815071996e-04
6.2994831637323767e-01 3.0496559785909337e-04
6.3025323339635708e-01 3.0486844054399031e-04
6.3055805323865577e-01 3.0477123621987419e-04
6.3086277585313233e-01 3.0467398490229415e-04
6.3116740119280068e-01 3.0457668660599009e-04
6.3147192921068962e-01 3.0447934134602287e-04
6.3177635985984304e-01 3.0438194913721544e-04
6.3208069309331960e-01 3.0428450999503859e-04
6.3238492886419329e-01 3.0418702393419152e-04
6.3268906712555306e-01 3.0408949096949418e-04
6.3299310783050267e-01 3.0399191111646183e-04
6.3329705093216115e-01 3.0389428438989231e-04
6.3360089638366257e-01 3.0379661080476435e-04
6.3390464413815595e-01 3.0369889037622482e-04
6.3420829414880542e-01 3.0360112311935984e-04
6.3451184636879021e-01 3.0350330904916419e-04
6.3481530075130455e-01 3.0340544818091255e-04
6.3511865724955774e-01 3.0330754052980738e-04
6.3542191581677443e-01 3.0320958611049470e-04
6.3572507640619413e-01 3.0311158493820942e-04
6.3602813897107147e-01 3.0301353702821100e-04
6.3633110346467625e-01 3.0291544239549297e-04
6.3663396984029330e-01 3.0281730105545551e-04
6.3693673805122275e-01 3.0271911302295581e-04
6.3723940805077983e-01 3.0262087831299636e-04
6.3754197979229466e-01 3.0252259694124871e-04
6.3784445322911298e-01 3.0242426892208775e-04
6.3814682831459513e-01 3.0232589427153073e-04
6.3844910500211705e-01 3.0222747300426430e-04
6.3875128324506969e-01 3.0212900513551587e-04
6.3905336299685922e-01 3.0203049068041802e-04
6.3935534421090690e-01 3.0193192965434203e-04
6.3965722684064930e-01 3.0183332207232735e-04
6.3995901083953810e-01 3.0173466794970478e-04
6.4026069616104020e-01 3.0163596730178849e-04
6.4056228275863791e-01 3.0153722014335363e-04
6.4086377058582844e-01 3.0143842649005899e-04
6.4116515959612452e-01 3.0133958635678666e-04
6.4146644974305389e-01 3.0124069975903602e-04
6.4176764098015959e-01 3.0114176671213740e-04
6.4206873326100000e-01 3.0104278723124233e-04
6.4236972653914881e-01 3.0094376133134830e-04
6.4267062076819481e-01 3.0084468902788844e-04
6.4297141590174200e-01 3.0074557033647374e-04
6.4327211189340994e-01 3.0064640527202905e-04
6.4357270869683325e-01 3.0054719384996730e-04
6.4387320626566202e-01 3.0044793608537216e-04
6.4417360455356143e-01 3.0034863199384255e-04
6.4447390351421219e-01 3.0024928159038409e-04
6.4477410310131011e-01 3.0014988489056733e-04
6.4507420326856635e-01 3.0005044190998587e-04
6.4537420396970768e-01 2.9995095266337191e-04
6.4567410515847601e-01 2.9985141716609389e-04
6.4597390678862832e-01 2.9975183543419319e-04
6.4627360881393747e-01 2.9965220748231916e-04
6.4657321118819133e-01 2.9955253332609842e-04
6.4687271386519318e-01 2.9945281298100453e-04
6.4717211679876185e-01 2.9935304646206405e-04
6.4747141994273127e-01 2.9925323378502923e-04
6.4777062325095092e-01 2.9915337496528904e-04
6.4806972667728580e-01 2.9905347001779923e-04
6.4836873017561591e-01 2.9895351895866605e-04
6.4866763369983715e-01 2.9885352180271049e-04
6.4896643720386060e-01 2.9875347856533842e-04
6.4926514064161256e-01 2.9865338926252680e-04
6.4956374396703520e-01 2.9855325390906718e-04
6.4986224713408569e-01 2.9845307252093198e-04
6.5016065009673696e-01 2.9835284511327606e-04
6.5045895280897725e-01 2.9825257170159241e-04
6.5075715522481037e-01 2.9815225230114481e-04
6.5105525729825531e-01 2.9805188692790836e-04
6.5135325898334684e-01 2.9795147559705346e-04
6.5165116023413516e-01 2.9785101832390773e-04
6.5194896100468580e-01 2.9775051512425797e-04
6.5224666124907993e-01 2.9764996601341979e-04
6.5254426092141415e-01 2.9754937100693078e-04
6.5284175997580052e-01 2.9744873012055274e-04
6.5313915836636682e-01 2.9734804336934280e-04
6.5343645604725609e-01 2.9724731076923326e-04
6.5373365297262709e-01 2.9714653233553696e-04
6.5403074909665415e-01 2.9704570808349723e-04
6.5432774437352681e-01 2.9694483802934080e-04
6.5462463875745047e-01 2.9684392218835479e-04
6.5492143220264609e-01 2.9674296057590383e-04
6.5521812466335005e-01 2.9664195320771089e-04
6.5551471609381440e-01 2.9654090009927390e-04
6.5581120644830670e-01 2.9643980126619279e-04
6.5610759568111021e-01 2.9633865672391228e-04
6.5640388374652348e-01 2.9623746648859328e-04
6.5670007059886115e-01 2.9613623057504588e-04
6.5699615619245300e-01 2.9603494899948260e-04
6.5729214048164464e-01 2.9593362177741673e-04
6.5758802342079736e-01 2.9583224892424363e-04
6.5788380496428789e-01 2.9573083045578429e-04
6.5817948506650892e-01 2.9562936638747651e-04
6.5847506368186826e-01 2.9552785673535314e-04
6.5877054076478991e-01 2.9542630151453909e-04
6.5906591626971311e-01 2.9532470074121312e-04
6.5936119015109307e-01 2.9522305443068674e-04
6.5965636236340053e-01 2.9512136259861712e-04
6.5995143286112179e-01 2.9501962526104811e-04
6.6024640159875914e-01 2.9491784243316203e-04
6.6054126853083017e-01 2.9481601413120726e-04
6.6083603361186849e-01 2.9471414037064302e-04
6.6113069679642344e-01 2.9461222116670369e-04
6.6142525803905972e-01 2.9451025653578317e-04
6.6171971729435797e-01 2.9440824649352900e-04
6.6201407451691463e-01 2.9430619105543648e-04
6.6230832966134190e-01 2.9420409023697962e-04
6.6260248268226740e-01 2.9410194405446027e-04
6.6289653353433475e-01 2.9399975252349678e-04
6.6319048217220333e-01 2.9389751565975231e-04
6.6348432855054829e-01 2.9379523347881860e-04
6.6377807262406041e-01 2.9369290599663169e-04
6.6407171434744627e-01 2.9359053322918063e-04
6.6436525367542842e-01 2.9348811519186191e-04
6.6465869056274507e-01 2.9338565190047220e-04
6.6495202496415007e-01 2.9328314337120958e-04
6.6524525683441327e-01 2.9318058961973475e-04
6.6553838612832039e-01 2.9307799066157012e-04
6.6583141280067271e-01 2.9297534651297208e-04
6.6612433680628769e-01 2.9287265718916838e-04
6.6641715809999813e-01 2.9276992270677927e-04
6.6670987663665315e-01 2.9266714308109123e-04
6.6700249237111753e-01 2.9256431832795388e-04
6.6729500525827179e-01 2.9246144846343646e-04
6.6758741525301246e-01 2.9235853350327606e-04
6.6787972231025183e-01 2.9225557346346275e-04
6.6817192638491807e-01 2.9215256836003748e-04
6.6846402743195543e-01 2.9204951820836246e-04
6.6875602540632384e-01 2.9194642302453366e-04
6.6904792026299909e-01 2.9184328282464897e-04
6.6933971195697295e-01 2.9174009762459457e-04
6.6963140044325320e-01 2.9163686744000547e-04
6.6992298567686337e-01 2.9153359228699594e-04
6.7021446761284298e-01 2.9143027218145757e-04
6.7050584620624742e-01 2.9132690713944126e-04
6.7079712141214820e-01 2.9122349717655276e-04
6.7108829318563246e-01 2.9112004230921436e-04
6.7137936148180355e-01 2.9101654255310835e-04
6.7167032625578083e-01 2.9091299792385292e-04
6.7196118746269917e-01 2.9080940843825555e-04
6.7225194505771002e-01 2.9070577411148768e-04
6.7254259899598035e-01 2.9060209495998122e-04
6.7283314923269333e-01 2.9049837099951180e-04
6.7312359572304814e-01 2.9039460224587651e-04
6.7341393842225961e-01 2.9029078871587816e-04
6.7370417728555920e-01 2.9018693042443444e-04
6.7399431226819373e-01 2.9008302738848260e-04
6.7428434332542642e-01 2.8997907962374715e-04
6.7457427041253659e-01 2.8987508714577062e-04
6.7486409348481913e-01 2.8977104997149371e-04
6.7515381249758555e-01 2.8966696811609928e-04
6.7544342740616292e-01 2.8956284159622017e-04
6.7573293816589475e-01 2.8945867042741560e-04
6.7602234473214029e-01 2.8935445462624092e-04
6.7631164706027491e-01 2.8925019420854314e-04
6.7660084510569030e-01 2.8914588919039702e-04
6.7688993882379400e-01 2.8904153958785712e-04
6.7717892817000969e-01 2.8893714541710822e-04
6.7746781309977722e-01 2.8883270669398891e-04
6.7775659356855233e-01 2.8872822343501320e-04
6.7804526953180710e-01 2.8862369565606905e-04
6.7833384094502969e-01 2.8851912337310903e-04
6.7862230776372412e-01 2.8841450660280047e-04
6.7891066994341098e-01 2.8830984536060540e-04
6.7919892743962662e-01 2.8820513966307861e-04
6.7948708020792370e-01 2.8810038952624731e-04
6.7977512820387109e-01 2.8799559496599150e-04
6.8006307138305355e-01 2.8789075599897545e-04
6.8035090970107226e-01 2.8778587264128620e-04
6.8063864311354438e-01 2.8768094490886969e-04
6.8092627157610353e-01 2.8757597281792342e-04
6.8121379504439927e-01 2.8747095638455853e-04
6.8150121347409731e-01 2.8736589562533430e-04
6.8178852682087976e-01 2.8726079055613147e-04
6.8207573504044483e-01 2.8715564119312983e-04
6.8236283808850684e-01 2.8705044755284901e-04
6.8264983592079653e-01 2.8694520965120307e-04
6.8293672849306075e-01 2.8683992750444358e-04
6.8322351576106255e-01 2.8673460112893946e-04
6.8351019768058119e-01 2.8662923054110123e-04
6.8379677420741236e-01 2.8652381575684533e-04
6.8408324529736786e-01 2.8641835679247201e-04
6.8436961090627579e-01 2.8631285366419938e-04
6.8465587098998038e-01 2.8620730638864955e-04
6.8494202550434236e-01 2.8610171498170896e-04
6.8522807440523859e-01 2.8599607945979438e-04
6.8551401764856223e-01 2.8589039983919508e-04
6.8579985519022280e-01 2.8578467613617035e-04
6.8608558698614597e-01 2.8567890836720262e-04
6.8637121299227388e-01 2.8557309654844574e-04
6.8665673316456488e-01 2.8546724069632666e-04
6.8694214745899385e-01 2.8536134082682627e-04
6.8722745583155154e-01 2.8525539695657871e-04
6.8751265823824548e-01 2.8514940910191787e-04
6.8779775463509929e-01 2.8504337727928373e-04
6.8808274497815314e-01 2.8493730150466458e-04
6.8836762922346340e-01 2.8483118179451091e-04
6.8865240732710264e-01 2.8472501816571171e-04
6.8893707924516023e-01 2.8461881063396018e-04
6.8922164493374161e-01 2.8451255921582312e-04
6.8950610434896853e-01 2.8440626392800224e-04
6.8979045744697942e-01 2.8429992478644714e-04
6.9007470418392891e-01 2.8419354180764402e-04
6.9035884451598795e-01 2.8408711500832435e-04
6.9064287839934402e-01 2.8398064440483248e-04
6.9092680579020116e-01 2.8387413001312509e-04
6.9121062664477961e-01 2.8376757184980322e-04
6.9149434091931594e-01 2.8366096993178829e-04
6.9177794857006347e-01 2.8355432427502967e-04
6.9206144955329174e-01 2.8344763489616568e-04
6.9234484382528694e-01 2.8334090181123792e-04
6.9262813134235135e-01 2.8323412503734207e-04
6.9291131206080403e-01 2.8312730459068665e-04
6.9319438593698046e-01 2.8302044048758628e-04
6.9347735292723245e-01 2.8291353274482534e-04
6.9376021298792856e-01 2.8280658137835781e-04
6.9404296607545346e-01 2.8269958640530813e-04
6.9432561214620869e-01 2.8259254784163720e-04
6.9460815115661201e-01 2.8248546570423658e-04
6.9489058306309781e-01 2.8237834000953486e-04
6.9517290782211705e-01 2.8227117077388544e-04
6.9545512539013710e-01 2.8216395801393976e-04
6.9573723572364199e-01 2.8205670174595587e-04
6.9601923877913197e-01 2.8194940198703527e-04
6.9630113451312436e-01 2.8184205875325555e-04
6.9658292288215251e-01 2.8173467206141076e-04
6.9686460384276661e-01 2.8162724192798389e-04
6.9714617735153339e-01 2.8151976836937419e-04
6.9742764336503604e-01 2.8141225140239194e-04
6.9770900183987439e-01 2.8130469104360441e-04
6.9799025273266491e-01 2.8119708730940923e-04
6.9827139600004051e-01 2.8108944021664725e-04
6.9855243159865088e-01 2.8098174978166983e-04
6.9883335948516212e-01 2.8087401602133386e-04
6.9911417961625710e-01 2.8076623895206853e-04
6.9939489194863524e-01 2.8065841859048821e-04
6.9967549643901261e-01 2.8055055495314942e-04
6.9995599304412182e-01 2.8044264805685714e-04
7.0023638172071212e-01 2.8033469791838441e-04
7.0051666242554966e-01 2.8022670455377140e-04
7.0079683511541679e-01 2.8011866798044401e-04
7.0107689974711296e-01 2.8001058821446756e-04
7.0135685627745392e-01 2.7990246527293092e-04
7.0163670466327233e-01 2.7979429917234958e-04
7.0191644486141747e-01 2.7968608992926701e-04
7.0219607682875529e-01 2.7957783756032739e-04
7.0247560052216840e-01 2.7946954208232409e-04
7.0275501589855605e-01 2.7936120351213596e-04
7.0303432291483425e-01 2.7925282186651204e-04
7.0331352152793591e-01 2.7914439716162948e-04
7.0359261169481024e-01 2.7903592941493912e-04
7.0387159337242367e-01 2.7892741864236914e-04
7.0415046651775881e-01 2.7881886486148680e-04
7.0442923108781552e-01 2.7871026808835939e-04
7.0470788703961018e-01 2.7860162833970466e-04
7.0498643433017572e-01 2.7849294563290025e-04
7.0526487291656215e-01 2.7838421998423868e-04
7.0554320275583604e-01 2.7827545141069379e-04
7.0582142380508084e-01 2.7816663992894224e-04
7.0609953602139675e-01 2.7805778555568849e-04
7.0637753936190062e-01 2.7794888830802862e-04
7.0665543378372642e-01 2.7783994820212212e-04
7.0693321924402452e-01 2.7773096525524798e-04
7.0721089569996221e-01 2.7762193948446736e-04
7.0748846310872382e-01 2.7751287090596019e-04
7.0776592142751027e-01 2.7740375953673392e-04
7.0804327061353922e-01 2.7729460539399164e-04
7.0832051062404544e-01 2.7718540849411749e-04
7.0859764141628034e-01 2.7707616885401987e-04
7.0887466294751222e-01 2.7696688649056890e-04
7.0915157517502614e-01 2.7685756142084789e-04
7.0942837805612413e-01 2.7674819366155831e-04
7.0970507154812501e-01 2.7663878322970890e-04
7.0998165560836457e-01 2.7652933014191963e-04
7.1025813019419548e-01 2.7641983441484340e-04
7.1053449526298695e-01 2.7631029606618360e-04
7.1081075077212563e-01 2.7620071511192122e-04
7.1108689667901459e-01 2.7609109156954693e-04
7.1136293294107411e-01 2.7598142545553795e-04
7.1163885951574102e-01 2.7587171678755316e-04
7.1191467636046957e-01 2.7576196558161398e-04
7.1219038343273056e-01 2.7565217185494503e-04
7.1246598069001166e-01 2.7554233562494319e-04
7.1274146808981786e-01 2.7543245690777137e-04
7.1301684558967071e-01 2.7532253572087103e-04
7.1329211314710883e-01 2.7521257208122229e-04
7.1356727071968784e-01 2.7510256600565917e-04
7.1384231826498035e-01 2.7499251751098469e-04
7.1411725574057583e-01 2.7488242661424860e-04
7.1439208310408064e-01 2.7477229333287113e-04
7.1466680031311847e-01 2.7466211768314151e-04
7.1494140732532963e-01 2.7455189968242762e-04
7.1521590409837166e-01 2.7444163934742732e-04
7.1549029058991886e-01 2.7433133669557924e-04
7.1576456675766276e-01 2.7422099174367816e-04
7.1603873255931183e-01 2.7411060450860061e-04
7.1631278795259146e-01 2.7400017500769756e-04
7.1658673289524422e-01 2.7388970325773073e-04
7.1686056734502956e-01 2.7377918927595557e-04
7.1713429125972417e-01 2.7366863307909053e-04
7.1740790459712156e-01 2.7355803468442262e-04
7.1768140731503249e-01 2.7344739410869789e-04
7.1795479937128448e-01 2.7333671136964402e-04
7.1822808072372257e-01 2.7322598648344575e-04
7.1850125133020837e-01 2.7311521946797801e-04
7.1877431114862089e-01 2.7300441033999286e-04
7.1904726013685627e-01 2.7289355911621076e-04
7.1932009825282739e-01 2.7278266581438730e-04
7.1959282545446457e-01 2.7267173045121405e-04
7.1986544169971511e-01 2.7256075304377548e-04
7.2013794694654332e-01 2.7244973360953116e-04
7.2041034115293079e-01 2.7233867216531235e-04
7.2068262427687613e-01 2.7222756872837071e-04
7.2095479627639525e-01 2.7211642331537102e-04
7.2122685710952084e-01 2.7200523594415253e-04
7.2149880673430300e-01 2.7189400663165140e-04
7.2177064510880906e-01 2.7178273539460787e-04
7.2204237219112322e-01 2.7167142225066138e-04
7.2231398793934698e-01 2.7156006721694361e-04
7.2258549231159919e-01 2.7144867031010590e-04
7.2285688526601544e-01 2.7133723154813344e-04
7.2312816676074898e-01 2.7122575094746295e-04
7.2339933675396995e-01 2.7111422852558477e-04
7.2367039520386567e-01 2.7100266429990930e-04
7.2394134206864080e-01 2.7089105828749830e-04
7.2421217730651721e-01 2.7077941050535829e-04
7.2448290087573386e-01 2.7066772097092748e-04
7.2475351273454702e-01 2.7055598970129663e-04
7.2502401284123019e-01 2.7044421671361060e-04
7.2529440115407395e-01 2.7033240202549371e-04
7.2556467763138643e-01 2.7022054565353060e-04
7.2583484223149253e-01 2.7010864761594207e-04
7.2610489491273500e-01 2.6999670792886342e-04
7.2637483563347327e-01 2.6988472661042679e-04
7.2664466435208441e-01 2.6977270367752775e-04
7.2691438102696260e-01 2.6966063914758009e-04
7.2718398561651942e-01 2.6954853303753408e-04
7.2745347807918359e-01 2.6943638536495166e-04
7.2772285837340112e-01 2.6932419614731582e-04
7.2799212645763545e-01 2.6921196540161205e-04
7.2826128229036724e-01 2.6909969314522879e-04
7.2853032583009447e-01 2.6898737939544897e-04
7.2879925703533244e-01 2.6887502416958318e-04
7.2906807586461375e-01 2.6876262748493844e-04
7.2933678227648835e-01 2.6865018935887748e-04
7.2960537622952348e-01 2.6853770980879568e-04
7.2987385768230373e-01 2.6842518885217178e-04
7.3014222659343120e-01 2.6831262650583835e-04
7.3041048292152499e-01 2.6820002278788097e-04
7.3067862662522198e-01 2.6808737771500605e-04
7.3094665766317601e-01 2.6797469130522095e-04
7.3121457599405870e-01 2.6786196357520995e-04
7.3148238157655876e-01 2.6774919454263126e-04
7.3175007436938233e-01 2.6763638422497635e-04
7.3201765433125299e-01 2.6752353263961929e-04
7.3228512142091162e-01 2.6741063980420602e-04
7.3255247559711678e-01 2.6729770573554444e-04
7.3281971681864411e-01 2.6718473045153358e-04
7.3308684504428689e-01 2.6707171396920902e-04
7.3335386023285565e-01 2.6695865630642834e-04
7.3362076234317852e-01 2.6684555748026641e-04
7.3388755133410088e-01 2.6673241750853284e-04
7.3415422716448586e-01 2.6661923640801665e-04
7.3442078979321357e-01 2.6650601419705153e-04
7.3468723917918199e-01 2.6639275089255918e-04
7.3495357528130645e-01 2.6627944651194972e-04
7.3521979805851967e-01 2.6616610107275674e-04
7.3548590746977183e-01 2.6605271459266620e-04
7.3575190347403063e-01 2.6593928708918541e-04
7.3601778603028134e-01 2.6582581857962219e-04
7.3628355509752674e-01 2.6571230908111647e-04
7.3654921063478684e-01 2.6559875861184497e-04
7.3681475260109941e-01 2.6548516718904704e-04
7.3708018095551964e-01 2.6537153483031917e-04
7.3734549565712038e-01 2.6525786155273218e-04
7.3761069666499168e-01 2.6514414737450402e-04
7.3787578393824149e-01 2.6503039231266838e-04
7.3814075743599505e-01 2.6491659638496688e-04
7.3840561711739527e-01 2.6480275960884286e-04
7.3867036294160249e-01 2.6468888200209295e-04
7.3893499486779479e-01 2.6457496358183694e-04
7.3919951285516761e-01 2.6446100436605376e-04
7.3946391686293411e-01 2.6434700437202803e-04
7.3972820685032492e-01 2.6423296361753758e-04
7.3999238277658830e-01 2.6411888212015560e-04
7.4025644460099005e-01 2.6400475989761031e-04
7.4052039228281374e-01 2.6389059696702607e-04
7.4078422578136038e-01 2.6377639334614989e-04
7.4104794505594851e-01 2.6366214905293754e-04
7.4131155006591443e-01 2.6354786410483834e-04
7.4157504077061209e-01 2.6343353851919645e-04
7.4183841712941290e-01 2.6331917231403064e-04
7.4210167910170599e-01 2.6320476550689421e-04
7.4236482664689818e-01 2.6309031811531166e-04
7.4262785972441392e-01 2.6297583015678873e-04
7.4289077829369521e-01 2.6286130164920049e-04
7.4315358231420170e-01 2.6274673261043110e-04
7.4341627174541092e-01 2.6263212305767500e-04
7.4367884654681793e-01 2.6251747300853504e-04
7.4394130667793523e-01 2.6240278248149660e-04
7.4420365209829353e-01 2.6228805149321112e-04
7.4446588276744075e-01 2.6217328006197696e-04
7.4472799864494266e-01 2.6205846820552987e-04
7.4498999969038271e-01 2.6194361594172985e-04
7.4525188586336233e-01 2.6182872328748153e-04
7.4551365712350026e-01 2.6171379026106856e-04
7.4577531343043313e-01 2.6159881688024448e-04
7.4603685474381531e-01 2.6148380316261851e-04
7.4629828102331885e-01 2.6136874912609286e-04
7.4655959222863366e-01 2.6125365478808760e-04
7.4682078831946719e-01 2.6113852016676042e-04
7.4708186925554487e-01 2.6102334527940060e-04
7.4734283499660970e-01 2.6090813014411344e-04
7.4760368550242262e-01 2.6079287477818037e-04
7.4786442073276205e-01 2.6067757920011361e-04
7.4812504064742447e-01 2.6056224342727740e-04
7.4838554520622402e-01 2.6044686747748671e-04
7.4864593436899274e-01 2.6033145136827282e-04
7.4890620809558017e-01 2.6021599511805594e-04
7.4916636634585398e-01 2.6010049874420347e-04
7.4942640907969960e-01 2.5998496226424539e-04
7.4968633625701997e-01 2.5986938569670518e-04
7.4994614783773617e-01 2.5975376905905000e-04
7.5020584378178701e-01 2.5963811236904671e-04
7.5046542404912919e-01 2.5952241564426433e-04
7.5072488859973696e-01 2.5940667890334343e-04
7.5098423739360276e-01 2.5929090216363565e-04
7.5124347039073680e-01 2.5917508544278213e-04
7.5150258755116706e-01 2.5905922875879095e-04
7.5176158883493938e-01 2.5894333212979668e-04
7.5202047420211737e-01 2.5882739557352114e-04
7.5227924361278287e-01 2.5871141910770493e-04
7.5253789702703533e-01 2.5859540275010565e-04
7.5279643440499200e-01 2.5847934651911298e-04
7.5305485570678821e-01 2.5836325043241922e-04
7.5331316089257716e-01 2.5824711450776305e-04
7.5357134992252994e-01 2.5813093876302009e-04
7.5382942275683551e-01 2.5801472321621406e-04
7.5408737935570080e-01 2.5789846788509531e-04
7.5434521967935053e-01 2.5778217278804388e-04
7.5460294368802749e-01 2.5766583794278359e-04
7.5486055134199248e-01 2.5754946336687681e-04
7.5511804260152393e-01 2.5743304907896013e-04
7.5537541742691861e-01 2.5731659509632937e-04
7.5563267577849091e-01 2.5720010143733679e-04
7.5588981761657348e-01 2.5708356811947938e-04
7.5614684290151657e-01 2.5696699516139114e-04
7.5640375159368867e-01 2.5685038258083510e-04
7.5666054365347635e-01 2.5673373039516767e-04
7.5691721904128373e-01 2.5661703862336216e-04
7.5717377771753336e-01 2.5650030728278526e-04
7.5743021964266555e-01 2.5638353639165505e-04
7.5768654477713882e-01 2.5626672596766885e-04
7.5794275308142922e-01 2.5614987602939627e-04
7.5819884451603148e-01 2.5603298659431872e-04
7.5845481904145795e-01 2.5591605768046925e-04
7.5871067661823899e-01 2.5579908930621707e-04
7.5896641720692304e-01 2.5568208148969712e-04
7.5922204076807676e-01 2.5556503424847528e-04
7.5947754726228456e-01 2.5544794760108734e-04
7.5973293665014918e-01 2.5533082156516519e-04
7.5998820889229124e-01 2.5521365615897238e-04
7.6024336394934944e-01 2.5509645140065602e-04
7.6049840178198069e-01 2.5497920730788642e-04
7.6075332235085980e-01 2.5486192389904613e-04
7.6100812561667963e-01 2.5474460119249330e-04
7.6126281154015141e-01 2.5462723920572175e-04
7.6151738008200409e-01 2.5450983795745612e-04
7.6177183120298508e-01 2.5439239746520559e-04
7.6202616486385955e-01 2.5427491774775016e-04
7.6228038102541118e-01 2.5415739882228859e-04
7.6253447964844134e-01 2.5403984070776611e-04
7.6278846069376982e-01 2.5392224342194489e-04
7.6304232412223438e-01 2.5380460698318111e-04
7.6329606989469112e-01 2.5368693140915004e-04
7.6354969797201400e-01 2.5356921671849773e-04
7.6380320831509529e-01 2.5345146292927783e-04
7.6405660088484550e-01 2.5333367005932178e-04
7.6430987564219310e-01 2.5321583812711214e-04
7.6456303254808489e-01 2.5309796715060849e-04
7.6481607156348563e-01 2.5298005714842719e-04
7.6506899264937867e-01 2.5286210813785031e-04
7.6532179576676496e-01 2.5274412013815708e-04
7.6557448087666413e-01 2.5262609316691227e-04
7.6582704794011391e-01 2.5250802724203716e-04
7.6607949691817001e-01 2.5238992238228465e-04
7.6633182777190645e-01 2.5227177860599276e-04
7.6658404046241568e-01 2.5215359593070119e-04
7.6683613495080805e-01 2.5203537437524235e-04
7.6708811119821230e-01 2.5191711395772297e-04
7.6733996916577540e-01 2.5179881469629021e-04
7.6759170881466265e-01 2.5168047660882505e-04
7.6784333010605732e-01 2.5156209971422146e-04
7.6809483300116121e-01 2.5144368403021800e-04
7.6834621746119414e-01 2.5132522957559611e-04
7.6859748344739443e-01 2.5120673636814091e-04
7.6884863092101852e-01 2.5108820442622443e-04
7.6909965984334117e-01 2.5096963376810096e-04
7.6935057017565533e-01 2.5085102441227441e-04
7.6960136187927242e-01 2.5073237637673711e-04
7.6985203491552190e-01 2.5061368968018932e-04
7.7010258924575181e-01 2.5049496434045735e-04
7.7035302483132817e-01 2.5037620037654664e-04
7.7060334163363575e-01 2.5025739780577604e-04
7.7085353961407721e-01 2.5013855664712456e-04
7.7110361873407363e-01 2.5001967691917428e-04
7.7135357895506473e-01 2.4990075863927928e-04
7.7160342023850803e-01 2.4978180182696591e-04
7.7185314254588000e-01 2.4966280649931844e-04
7.7210274583867478e-01 2.4954377267604746e-04
7.7235223007840559e-01 2.4942470037405372e-04
7.7260159522660332e-01 2.4930558961290241e-04
7.7285084124481762e-01 2.4918644041068728e-04
7.7309996809461656e-01 2.4906725278522462e-04
7.7334897573758632e-01 2.4894802675543709e-04
7.7359786413533171e-01 2.4882876233918932e-04
7.7384663324947567e-01 2.4870945955546341e-04
7.7409528304165964e-01 2.4859011842271231e-04
7.7434381347354375e-01 2.4847073895841603e-04
7.7459222450680598e-01 2.4835132118206007e-04
7.7484051610314320e-01 2.4823186511139486e-04
7.7508868822427035e-01 2.4811237076536436e-04
7.7533674083192117e-01 2.4799283816166778e-04
7.7558467388784746e-01 2.4787326731923708e-04
7.7583248735381960e-01 2.4775365825662702e-04
7.7608018119162647e-01 2.4763401099196184e-04
7.7632775536307541e-01 2.4751432554351641e-04
7.7657520982999195e-01 2.4739460193044354e-04
7.7682254455422051e-01 2.4727484017032564e-04
7.7706975949762347e-01 2.4715504028258991e-04
7.7731685462208222e-01 2.4703520228467474e-04
7.7756382988949613e-01 2.4691532619592753e-04
7.7781068526178332e-01 2.4679541203460274e-04
7.7805742070088046e-01 2.4667545981873861e-04
7.7830403616874244e-01 2.4655546956753083e-04
7.7855053162734289e-01 2.4643544129911561e-04
7.7879690703867399e-01 2.4631537503149614e-04
7.7904316236474602e-01 2.4619527078431196e-04
7.7928929756758836e-01 2.4607512857495939e-04
7.7953531260924835e-01 2.4595494842287121e-04
7.7978120745179236e-01 2.4583473034578705e-04
7.8002698205730481e-01 2.4571447436309775e-04
7.8027263638788913e-01 2.4559418049249250e-04
7.8051817040566696e-01 2.4547384875298327e-04
7.8076358407277857e-01 2.4535347916316766e-04
7.8100887735138280e-01 2.4523307174176170e-04
7.8125405020365724e-01 2.4511262650664986e-04
7.8149910259179778e-01 2.4499214347678170e-04
7.8174403447801888e-01 2.4487162267115012e-04
7.8198884582455386e-01 2.4475106410767802e-04
7.8223353659365435e-01 2.4463046780531474e-04
7.8247810674759077e-01 2.4450983378232954e-04
7.8272255624865195e-01 2.4438916205771032e-04
7.8296688505914536e-01 2.4426845265021409e-04
7.8321109314139725e-01 2.4414770557801106e-04
7.8345518045775242e-01 2.4402692085957994e-04
7.8369914697057408e-01 2.4390609851417572e-04
7.8394299264224432e-01 2.4378523856005710e-04
7.8418671743516377e-01 2.4366434101586083e-04
7.8443032131175172e-01 2.4354340590018842e-04
7.8467380423444610e-01 2.4342243323161570e-04
7.8491716616570339e-01 2.4330142302912838e-04
7.8516040706799894e-01 2.4318037531092832e-04
7.8540352690382642e-01 2.4305929009648064e-04
7.8564652563569870e-01 2.4293816740322680e-04
7.8588940322614664e-01 2.4281700725125612e-04
7.8613215963772043e-01 2.4269580965815971e-04
7.8637479483298856e-01 2.4257457464300436e-04
7.8661730877453828e-01 2.4245330222456556e-04
7.8685970142497563e-01 2.4233199242136168e-04
7.8710197274692528e-01 2.4221064525209749e-04
7.8734412270303056e-01 2.4208926073573923e-04
7.8758615125595366e-01 2.4196783889059487e-04
7.8782805836837533e-01 2.4184637973571348e-04
7.8806984400299507e-01 2.4172488328999938e-04
7.8831150812253126e-01 2.4160334957177705e-04
7.8855305068972081e-01 2.4148177860014547e-04
7.8879447166731964e-01 2.4136017039329833e-04
7.8903577101810207e-01 2.4123852497064579e-04
7.8927694870486154e-01 2.4111684235028809e-04
7.8951800469040989e-01 2.4099512255160914e-04
7.8975893893757798e-01 2.4087336559315477e-04
7.8999975140921541e-01 2.4075157149347373e-04
7.9024044206819055e-01 2.4062974027121663e-04
7.9048101087739031e-01 2.4050787194598546e-04
7.9072145779972081e-01 2.4038596653571260e-04
7.9096178279810658e-01 2.4026402405982086e-04
7.9120198583549128e-01 2.4014204453651607e-04
7.9144206687483709e-01 2.4002002798509251e-04
7.9168202587912517e-01 2.3989797442415059e-04
7.9192186281135535e-01 2.3977588387295729e-04
7.9216157763454664e-01 2.3965375634924465e-04
7.9240117031173640e-01 2.3953159187280917e-04
7.9264064080598107e-01 2.3940939046237562e-04
7.9287998908035595e-01 2.3928715213654983e-04
7.9311921509795513e-01 2.3916487691429410e-04
7.9335831882189167e-01 2.3904256481400055e-04
7.9359730021529717e-01 2.3892021585539684e-04
7.9383615924132245e-01 2.3879783005675411e-04
7.9407489586313695e-01 2.3867540743729561e-04
7.9431351004392925e-01 2.3855294801529740e-04
7.9455200174690643e-01 2.3843045181044898e-04
7.9479037093529492e-01 2.3830791884067612e-04
7.9502861757233956e-01 2.3818534912576784e-04
7.9526674162130440e-01 2.3806274268430629e-04
7.9550474304547225e-01 2.3794009953540215e-04
7.9574262180814503e-01 2.3781741969741357e-04
7.9598037787264342e-01 2.3769470318932645e-04
7.9621801120230684e-01 2.3757195003077400e-04
7.9645552176049406e-01 2.3744916023978028e-04
7.9669290951058236e-01 2.3732633383597739e-04
7.9693017441596814e-01 2.3720347083834229e-04
7.9716731644006689e-01 2.3708057126526651e-04
7.9740433554631285e-01 2.3695763513581014e-04
7.9764123169815926e-01 2.3683466246900446e-04
7.9787800485907823e-01 2.3671165328418032e-04
7.9811465499256107e-01 2.3658860759971333e-04
7.9835118206211775e-01 2.3646552543527677e-04
7.9858758603127755e-01 2.3634240680912248e-04
7.9882386686358853e-01 2.3621925174066501e-04
7.9906002452261760e-01 2.3609606024884715e-04
7.9929605897195111e-01 2.3597283235224408e-04
7.9953197017519384e-01 2.3584956807079364e-04
7.9976775809597012e-01 2.3572626742253064e-04
8.0000342269792291e-01 2.3560293042689263e-04
8.0023896394471428e-01 2.3547955710304260e-04
8.0047438180002550e-01 2.3535614746938348e-04
8.0070967622755651e-01 2.3523270154583544e-04
8.0094484719102665e-01 2.3510921935070476e-04
8.0117989465417405e-01 2.3498570090342842e-04
8.0141481858075592e-01 2.3486214622325395e-04
8.0164961893454878e-01 2.3473855532826847e-04
8.0188429567934771e-01 2.3461492823876644e-04
8.0211884877896733e-01 2.3449126497297360e-04
8.0235327819724112e-01 2.3436756554997954e-04
8.0258758389802154e-01 2.3424382998922635e-04
8.0282176584518017e-01 2.3412005831004190e-04
8.0305582400260789e-01 2.3399625053080383e-04
8.0328975833421445e-01 2.3387240667081566e-04
8.0352356880392872e-01 2.3374852674930491e-04
8.0375725537569875e-01 2.3362461078513678e-04
8.0399081801349148e-01 2.3350065879808895e-04
8.0422425668129327e-01 2.3337667080659474e-04
8.0445757134310947e-01 2.3325264682969667e-04
8.0469076196296430e-01 2.3312858688744428e-04
8.0492382850490163e-01 2.3300449099769664e-04
8.0515677093298388e-01 2.3288035918079435e-04
8.0538958921129311e-01 2.3275619145494755e-04
8.0562228330393026e-01 2.3263198783948354e-04
8.0585485317501537e-01 2.3250774835395751e-04
8.0608729878868779e-01 2.3238347301725694e-04
8.0631962010910596e-01 2.3225916184852879e-04
8.0655181710044743e-01 2.3213481486722496e-04
8.0678388972690906e-01 2.3201043209219465e-04
8.0701583795270682e-01 2.3188601354258312e-04
8.0724766174207574e-01 2.3176155923796950e-04
8.0747936105927032e-01 2.3163706919687919e-04
8.0771093586856391e-01 2.3151254343917529e-04
8.0794238613424929e-01 2.3138798198379880e-04
8.0817371182063846e-01 2.3126338484965575e-04
8.0840491289206240e-01 2.3113875205661962e-04
8.0863598931287162e-01 2.3101408362316886e-04
8.0886694104743551e-01 2.3088937956927002e-04
8.0909776806014300e-01 2.3076463991355756e-04
8.0932847031540200e-01 2.3063986467575158e-04
8.0955904777763987e-01 2.3051505387471446e-04
8.0978950041130315e-01 2.3039020752947719e-04
8.1001982818085749e-01 2.3026532565973286e-04
8.1025003105078786e-01 2.3014040828490934e-04
8.1048010898559864e-01 2.3001545542369721e-04
8.1071006194981321e-01 2.2989046709600647e-04
8.1093988990797450e-01 2.2976544332055786e-04
8.1116959282464463e-01 2.2964038411642335e-04
8.1139917066440470e-01 2.2951528950390762e-04
8.1162862339185560e-01 2.2939015950128474e-04
8.1185795097161717e-01 2.2926499412816463e-04
8.1208715336832848e-01 2.2913979340430228e-04
8.1231623054664837e-01 2.2901455734845896e-04
8.1254518247125440e-01 2.2888928598026499e-04
8.1277400910684394e-01 2.2876397931840956e-04
8.1300271041813332e-01 2.2863863738278983e-04
8.1323128636985831e-01 2.2851326019287941e-04
8.1345973692677409e-01 2.2838784776767502e-04
8.1368806205365507e-01 2.2826240012675526e-04
8.1391626171529519e-01 2.2813691728886773e-04
8.1414433587650736e-01 2.2801139927430318e-04
8.1437228450212429e-01 2.2788584610156535e-04
8.1460010755699774e-01 2.2776025779031102e-04
8.1482780500599883e-01 2.2763463436042665e-04
8.1505537681401830e-01 2.2750897583051925e-04
8.1528282294596610e-01 2.2738328221991495e-04
8.1551014336677141e-01 2.2725755354879398e-04
8.1573733804138304e-01 2.2713178983605574e-04
8.1596440693476913e-01 2.2700599110098721e-04
8.1619135001191712e-01 2.2688015736318872e-04
8.1641816723783400e-01 2.2675428864166338e-04
8.1664485857754598e-01 2.2662838495628014e-04
8.1687142399609869e-01 2.2650244632686393e-04
8.1709786345855751e-01 2.2637647277168232e-04
8.1732417693000681e-01 2.2625046431096722e-04
8.1755036437555062e-01 2.2612442096393503e-04
8.1777642576031240e-01 2.2599834274985637e-04
8.1800236104943480e-01 2.2587222968901651e-04
8.1822817020808047e-01 2.2574608179928485e-04
8.1845385320143083e-01 2.2561989910161348e-04
8.1867940999468725e-01 2.2549368161460382e-04
8.1890484055307022e-01 2.2536742935843487e-04
8.1913014484182012e-01 2.2524114235152387e-04
8.1935532282619639e-01 2.2511482061394629e-04
8.1958037447147802e-01 2.2498846416547358e-04
8.1980529974296357e-01 2.2486207302563273e-04
8.2003009860597131e-01 2.2473564721273146e-04
8.2025477102583844e-01 2.2460918674784049e-04
8.2047931696792220e-01 2.2448269164934893e-04
8.2070373639759908e-01 2.2435616193696749e-04
8.2092802928026498e-01 2.2422959763077104e-04
8.2115219558133556e-01 2.2410299874975087e-04
8.2137623526624592e-01 2.2397636531325314e-04
8.2160014830045047e-01 2.2384969734159983e-04
8.2182393464942349e-01 2.2372299485352496e-04
8.2204759427865859e-01 2.2359625786876031e-04
8.2227112715366890e-01 2.2346948640708552e-04
8.2249453323998711e-01 2.2334268048820817e-04
8.2271781250316567e-01 2.2321584013096439e-04
8.2294096490877622e-01 2.2308896535575719e-04
8.2316399042241040e-01 2.2296205618106948e-04
8.2338688900967894e-01 2.2283511262748024e-04
8.2360966063621244e-01 2.2270813471427851e-04
8.2383230526766105e-01 2.2258112246088040e-04
8.2405482286969434e-01 2.2245407588740706e-04
8.2427721340800175e-01 2.2232699501269600e-04
8.2449947684829217e-01 2.2219987985629789e-04
8.2472161315629389e-01 2.2207273043859616e-04
8.2494362229775509e-01 2.2194554677870638e-04
8.2516550423844348e-01 2.2181832889606523e-04
8.2538725894414622e-01 2.2169107681096738e-04
8.2560888638067043e-01 2.2156379054204286e-04
8.2583038651384244e-01 2.2143647010983646e-04
8.2605175930950858e-01 2.2130911553327266e-04
8.2627300473353449e-01 2.2118172683272254e-04
8.2649412275180567e-01 2.2105430402751775e-04
8.2671511333022729e-01 2.2092684713691805e-04
8.2693597643472405e-01 2.2079935618075599e-04
8.2715671203124030e-01 2.2067183117886117e-04
8.2737732008574005e-01 2.2054427215112914e-04
8.2759780056420706e-01 2.2041667911696890e-04
8.2781815343264475e-01 2.2028905209598118e-04
8.2803837865707619e-01 2.2016139110778642e-04
8.2825847620354409e-01 2.2003369617224291e-04
8.2847844603811094e-01 2.1990596730880028e-04
8.2869828812685886e-01 2.1977820453716366e-04
8.2891800243588953e-01 2.1965040787770516e-04
8.2913758893132461e-01 2.1952257734956731e-04
8.2935704757930540e-01 2.1939471297211617e-04
8.2957637834599263e-01 2.1926681476605708e-04
8.2979558119756724e-01 2.1913888274984101e-04
8.3001465610022940e-01 2.1901091694433056e-04
8.3023360302019933e-01 2.1888291736866622e-04
8.3045242192371682e-01 2.1875488404292099e-04
8.3067111277704153e-01 2.1862681698654710e-04
8.3088967554645277e-01 2.1849871621942149e-04
8.3110811019824971e-01 2.1837058176084952e-04
8.3132641669875096e-01 2.1824241363173271e-04
8.3154459501429545e-01 2.1811421185024784e-04
8.3176264511124121e-01 2.1798597643783081e-04
8.3198056695596667e-01 2.1785770741275824e-04
8.3219836051486951e-01 2.1772940479603410e-04
8.3241602575436757e-01 2.1760106860664981e-04
8.3263356264089827e-01 2.1747269886474588e-04
8.3285097114091899e-01 2.1734429558956971e-04
8.3306825122090666e-01 2.1721585880157929e-04
8.3328540284735808e-01 2.1708738852092277e-04
8.3350242598679014e-01 2.1695888476637386e-04
8.3371932060573928e-01 2.1683034755799066e-04
8.3393608667076169e-01 2.1670177691611285e-04
8.3415272414843356e-01 2.1657317286028507e-04
8.3436923300535082e-01 2.1644453541041743e-04
8.3458561320812930e-01 2.1631586458619305e-04
8.3480186472340467e-01 2.1618716040715862e-04
8.3501798751783229e-01 2.1605842289376488e-04
8.3523398155808748e-01 2.1592965206579655e-04
8.3544984681086543e-01 2.1580084794298730e-04
8.3566558324288132e-01 2.1567201054446971e-04
8.3588119082086976e-01 2.1554313989142923e-04
8.3609666951158568e-01 2.1541423600293712e-04
8.3631201928180365e-01 2.1528529889914828e-04
8.3652724009831825e-01 2.1515632859965672e-04
8.3674233192794389e-01 2.1502732512417795e-04
8.3695729473751468e-01 2.1489828849352504e-04
8.3717212849388500e-01 2.1476921872655289e-04
8.3738683316392881e-01 2.1464011584376366e-04
8.3760140871454014e-01 2.1451097986482015e-04
8.3781585511263290e-01 2.1438181080950052e-04
8.3803017232514077e-01 2.1425260869836811e-04
8.3824436031901761e-01 2.1412337355060176e-04
8.3845841906123697e-01 2.1399410538670537e-04
8.3867234851879247e-01 2.1386480422637226e-04
8.3888614865869759e-01 2.1373547008961055e-04
8.3909981944798584e-01 2.1360610299623762e-04
8.3931336085371067e-01 2.1347670296587471e-04
8.3952677284294530e-01 2.1334727001903406e-04
8.3974005538278307e-01 2.1321780417559065e-04
8.3995320844033727e-01 2.1308830545529705e-04
8.4016623198274110e-01 2.1295877387834760e-04
8.4037912597714781e-01 2.1282920946436999e-04
8.4059189039073057e-01 2.1269961223344396e-04
8.4080452519068249e-01 2.1256998220567738e-04
8.4101703034421660e-01 2.1244031940170375e-04
8.4122940581856631e-01 2.1231062384007528e-04
8.4144165158098450e-01 2.1218089554205243e-04
8.4165376759874444e-01 2.1205113452686214e-04
8.4186575383913920e-01 2.1192134081489424e-04
8.4207761026948191e-01 2.1179151442616358e-04
8.4228933685710583e-01 2.1166165538027290e-04
8.4250093356936395e-01 2.1153176369811879e-04
8.4271240037362960e-01 2.1140183939916224e-04
8.4292373723729608e-01 2.1127188250311558e-04
8.4313494412777656e-01 2.1114189303048623e-04
8.4334602101250444e-01 2.1101187100094632e-04
8.4355696785893297e-01 2.1088181643509846e-04
8.4376778463453561e-01 2.1075172935269940e-04
8.4397847130680592e-01 2.1062160977338559e-04
8.4418902784325722e-01 2.1049145771823366e-04
8.4439945421142326e-01 2.1036127320657436e-04
8.4460975037885777e-01 2.1023105625813206e-04
8.4481991631313436e-01 2.1010080689367206e-04
8.4502995198184683e-01 2.0997052513333216e-04
8.4523985735260909e-01 2.0984021099721927e-04
8.4544963239305537e-01 2.0970986450430065e-04
8.4565927707083943e-01 2.0957948567635991e-04
8.4586879135363569e-01 2.0944907453238166e-04
8.4607817520913842e-01 2.0931863109260282e-04
8.4628742860506201e-01 2.0918815537726405e-04
8.4649655150914094e-01 2.0905764740676694e-04
8.4670554388913000e-01 2.0892710720053155e-04
8.4691440571280374e-01 2.0879653477976189e-04
8.4712313694795727e-01 2.0866593016369305e-04
8.4733173756240565e-01 2.0853529337227172e-04
8.4754020752398385e-01 2.0840462442680898e-04
8.4774854680054745e-01 2.0827392334608438e-04
8.4795675535997173e-01 2.0814319015141769e-04
8.4816483317015234e-01 2.0801242486272545e-04
8.4837278019900531e-01 2.0788162749918283e-04
8.4858059641446637e-01 2.0775079808196700e-04
8.4878828178449162e-01 2.0761993663153772e-04
8.4899583627705766e-01 2.0748904316653349e-04
8.4920325986016065e-01 2.0735811770881168e-04
8.4941055250181741e-01 2.0722716027787386e-04
8.4961771417006493e-01 2.0709617089322165e-04
8.4982474483296000e-01 2.0696514957647185e-04
8.5003164445858004e-01 2.0683409634699118e-04
8.5023841301502256e-01 2.0670301122473436e-04
8.5044505047040519e-01 2.0657189423021300e-04
8.5065155679286575e-01 2.0644074538399309e-04
8.5085793195056247e-01 2.0630956470560864e-04
8.5106417591167349e-01 2.0617835221634957e-04
8.5127028864439758e-01 2.0604710793543124e-04
8.5147627011695348e-01 2.0591583188329281e-04
8.5168212029758028e-01 2.0578452407998547e-04
8.5188783915453703e-01 2.0565318454695129e-04
8.5209342665610355e-01 2.0552181330293776e-04
8.5229888277057952e-01 2.0539041036900010e-04
8.5250420746628486e-01 2.0525897576530945e-04
8.5270940071156009e-01 2.0512750951173902e-04
8.5291446247476566e-01 2.0499601162911194e-04
8.5311939272428239e-01 2.0486448213768990e-04
8.5332419142851146e-01 2.0473292105762820e-04
8.5352885855587435e-01 2.0460132840880693e-04
8.5373339407481275e-01 2.0446970421160554e-04
8.5393779795378855e-01 2.0433804848683909e-04
8.5414207016128407e-01 2.0420636125466455e-04
8.5434621066580196e-01 2.0407464253513366e-04
8.5455021943586518e-01 2.0394289234829769e-04
8.5475409644001676e-01 2.0381111071532220e-04
8.5495784164682043e-01 2.0367929765565112e-04
8.5516145502485985e-01 2.0354745319049814e-04
8.5536493654273937e-01 2.0341557733936835e-04
8.5556828616908343e-01 2.0328367012307756e-04
8.5577150387253698e-01 2.0315173156132022e-04
8.5597458962176498e-01 2.0301976167567709e-04
8.5617754338545327e-01 2.0288776048502750e-04
8.5638036513230742e-01 2.0275572801128043e-04
8.5658305483105401e-01 2.0262366427311316e-04
8.5678561245043938e-01 2.0249156929232030e-04
8.5698803795923073e-01 2.0235944308804137e-04
8.5719033132621514e-01 2.0222728568207034e-04
8.5739249252020056e-01 2.0209509709355957e-04
8.5759452151001503e-01 2.0196287734315971e-04
8.5779641826450692e-01 2.0183062645190344e-04
8.5799818275254525e-01 2.0169834443946772e-04
8.5819981494301922e-01 2.0156603132650647e-04
8.5840131480483850e-01 2.0143368713353127e-04
8.5860268230693315e-01 2.0130131188092243e-04
8.5880391741825368e-01 2.0116890558900382e-04
8.5900502010777102e-01 2.0103646827797624e-04
8.5920599034447642e-01 2.0090399996863033e-04
8.5940682809738167e-01 2.0077150068110371e-04
8.5960753333551898e-01 2.0063897043557174e-04
8.5980810602794078e-01 2.0050640925339946e-04
8.6000854614372024e-01 2.0037381715425087e-04
8.6020885365195077e-01 2.0024119415902743e-04
8.6040902852174639e-01 2.0010854028761039e-04
8.6060907072224135e-01 1.9997585556112387e-04
8.6080898022259056e-01 1.9984313999972937e-04
8.6100875699196933e-01 1.9971039362371251e-04
8.6120840099957341e-01 1.9957761645361926e-04
8.6140791221461899e-01 1.9944480851019408e-04
8.6160729060634278e-01 1.9931196981386857e-04
8.6180653614400204e-01 1.9917910038476263e-04
8.6200564879687447e-01 1.9904620024328138e-04
8.6220462853425806e-01 1.9891326941080565e-04
8.6240347532547168e-01 1.9878030790663665e-04
8.6260218913985431e-01 1.9864731575230677e-04
8.6280076994676580e-01 1.9851429296737099e-04
8.6299921771558608e-01 1.9838123957356365e-04
8.6319753241571606e-01 1.9824815559014178e-04
8.6339571401657678e-01 1.9811504103866358e-04
8.6359376248761011e-01 1.9798189593874462e-04
8.6379167779827826e-01 1.9784872031119644e-04
8.6398945991806386e-01 1.9771551417737169e-04
8.6418710881647043e-01 1.9758227755683179e-04
8.6438462446302178e-01 1.9744901047034639e-04
8.6458200682726227e-01 1.9731571293844427e-04
8.6477925587875704e-01 1.9718238498172527e-04
8.6497637158709129e-01 1.9704902662144829e-04
8.6517335392187145e-01 1.9691563787664051e-04
8.6537020285272392e-01 1.9678221876914559e-04
8.6556691834929600e-01 1.9664876931919874e-04
8.6576350038125538e-01 1.9651528954782555e-04
8.6595994891829065e-01 1.9638177947444102e-04
8.6615626393011058e-01 1.9624823912055723e-04
8.6635244538644485e-01 1.9611466850613570e-04
8.6654849325704342e-01 1.9598106765264352e-04
8.6674440751167714e-01 1.9584743658004257e-04
8.6694018812013729e-01 1.9571377530928731e-04
8.6713583505223590e-01 1.9558008386047880e-04
8.6733134827780545e-01 1.9544636225471174e-04
8.6752672776669915e-01 1.9531261051231789e-04
8.6772197348879088e-01 1.9517882865347641e-04
8.6791708541397483e-01 1.9504501670002415e-04
8.6811206351216619e-01 1.9491117467194830e-04
8.6830690775330066e-01 1.9477730258968774e-04
8.6850161810733451e-01 1.9464340047428016e-04
8.6869619454424474e-01 1.9450946834609543e-04
8.6889063703402902e-01 1.9437550622555434e-04
8.6908494554670557e-01 1.9424151413366861e-04
8.6927912005231323e-01 1.9410749209151300e-04
8.6947316052091173e-01 1.9397344011902308e-04
8.6966706692258133e-01 1.9383935823682791e-04
8.6986083922742286e-01 1.9370524646631783e-04
8.7005447740555797e-01 1.9357110482779696e-04
8.7024798142712900e-01 1.9343693334175795e-04
8.7044135126229893e-01 1.9330273202885939e-04
8.7063458688125139e-01 1.9316850091004667e-04
8.7082768825419077e-01 1.9303424000586620e-04
8.7102065535134199e-01 1.9289994933775317e-04
8.7121348814295108e-01 1.9276562892501717e-04
8.7140618659928437e-01 1.9263127878911809e-04
8.7159875069062898e-01 1.9249689895127402e-04
8.7179118038729297e-01 1.9236248943123733e-04
8.7198347565960488e-01 1.9222805025037625e-04
8.7217563647791407e-01 1.9209358142929030e-04
8.7236766281259059e-01 1.9195908298904170e-04
8.7255955463402546e-01 1.9182455494927376e-04
8.7275131191263000e-01 1.9168999733202763e-04
8.7294293461883676e-01 1.9155541015683557e-04
8.7313442272309860e-01 1.9142079344555422e-04
8.7332577619588947e-01 1.9128614721822151e-04
8.7351699500770386e-01 1.9115147149608152e-04
8.7370807912905712e-01 1.9101676629977490e-04
8.7389902853048540e-01 1.9088203165002648e-04
8.7408984318254568e-01 1.9074726756692259e-04
8.7428052305581538e-01 1.9061247407262092e-04
8.7447106812089315e-01 1.9047765118650054e-04
8.7466147834839825e-01 1.9034279893001370e-04
8.7485175370897050e-01 1.9020791732416128e-04
8.7504189417327072e-01 1.9007300639012727e-04
8.7523189971198079e-01 1.8993806614713110e-04
8.7542177029580281e-01 1.8980309661775587e-04
8.7561150589546033e-01 1.8966809782113852e-04
8.7580110648169707e-01 1.8953306977983084e-04
8.7599057202527808e-01 1.8939801251355689e-04
8.7617990249698907e-01 1.8926292604305595e-04
8.7636909786763650e-01 1.8912781038942194e-04
8.7655815810804760e-01 1.8899266557415695e-04
8.7674708318907069e-01 1.8885749161730691e-04
8.7693587308157483e-01 1.8872228853936672e-04
8.7712452775644978e-01 1.8858705636197719e-04
8.7731304718460623e-01 1.8845179510594380e-04
8.7750143133697578e-01 1.8831650479209019e-04
8.7768968018451099e-01 1.8818118544042999e-04
8.7787779369818497e-01 1.8804583707288249e-04
8.7806577184899193e-01 1.8791045971004890e-04
8.7825361460794693e-01 1.8777505337256933e-04
8.7844132194608582e-01 1.8763961808172244e-04
8.7862889383446552e-01 1.8750415385758944e-04
8.7881633024416361e-01 1.8736866072155081e-04
8.7900363114627855e-01 1.8723313869519457e-04
8.7919079651193000e-01 1.8709758779821359e-04
8.7937782631225825e-01 1.8696200805183184e-04
8.7956472051842449e-01 1.8682639947737109e-04
8.7975147910161089e-01 1.8669076209577607e-04
8.7993810203302059e-01 1.8655509592761051e-04
8.8012458928387760e-01 1.8641940099361224e-04
8.8031094082542671e-01 1.8628367731555461e-04
8.8049715662893391e-01 1.8614792491347074e-04
8.8068323666568593e-01 1.8601214380849546e-04
8.8086918090699040e-01 1.8587633402206849e-04
8.8105498932417614e-01 1.8574049557409564e-04
8.8124066188859251e-01 1.8560462848681320e-04
8.8142619857161020e-01 1.8546873278039235e-04
8.8161159934462063e-01 1.8533280847600974e-04
8.8179686417903635e-01 1.8519685559413449e-04
8.8198199304629055e-01 1.8506087415699296e-04
8.8216698591783793e-01 1.8492486418352337e-04
8.8235184276515344e-01 1.8478882569708294e-04
8.8253656355973376e-01 1.8465275871645801e-04
8.8272114827309589e-01 1.8451666326433125e-04
8.8290559687677828e-01 1.8438053936070786e-04
8.8308990934234022e-01 1.8424438702636117e-04
8.8327408564136178e-01 1.8410820628336628e-04
8.8345812574544436e-01 1.8397199715197067e-04
8.8364202962621008e-01 1.8383575965376988e-04
8.8382579725530241e-01 1.8369949380855579e-04
8.8400942860438547e-01 1.8356319963829329e-04
8.8419292364514446e-01 1.8342687716437490e-04
8.8437628234928589e-01 1.8329052640651304e-04
8.8455950468853684e-01 1.8315414738691961e-04
8.8474259063464589e-01 1.8301774012608845e-04
8.8492554015938230e-01 1.8288130464482659e-04
8.8510835323453640e-01 1.8274484096490596e-04
8.8529102983191976e-01 1.8260834910679174e-04
8.8547356992336479e-01 1.8247182909193131e-04
8.8565597348072511e-01 1.8233528094092370e-04
8.8583824047587523e-01 1.8219870467536456e-04
8.8602037088071095e-01 1.8206210031536548e-04
8.8620236466714875e-01 1.8192546788347872e-04
8.8638422180712662e-01 1.8178880739940845e-04
8.8656594227260344e-01 1.8165211888409560e-04
8.8674752603555884e-01 1.8151540236032159e-04
8.8692897306799412e-01 1.8137865784747731e-04
8.8711028334193121e-01 1.8124188536754440e-04
8.8729145682941335e-01 1.8110508494109318e-04
8.8747249350250479e-01 1.8096825658944725e-04
8.8765339333329085e-01 1.8083140033384789e-04
8.8783415629387807e-01 1.8069451619493566e-04
8.8801478235639386e-01 1.8055760419479980e-04
8.8819527149298705e-01 1.8042066435355924e-04
8.8837562367582745e-01 1.8028369669213131e-04
8.8855583887710576e-01 1.8014670123294300e-04
8.8873591706903421e-01 1.8000967799586674e-04
8.8891585822384578e-01 1.7987262700303679e-04
8.8909566231379489e-01 1.7973554827475317e-04
8.8927532931115694e-01 1.7959844183224600e-04
8.8945485918822842e-01 1.7946130769701596e-04
8.8963425191732703e-01 1.7932414589021437e-04
8.8981350747079169e-01 1.7918695643260007e-04
8.8999262582098237e-01 1.7904973934532907e-04
8.9017160694028008e-01 1.7891249465063047e-04
8.9035045080108732e-01 1.7877522236833254e-04
8.9052915737582750e-01 1.7863792252014908e-04
8.9070772663694531e-01 1.7850059512685554e-04
8.9088615855690645e-01 1.7836324021040263e-04
8.9106445310819804e-01 1.7822585779120393e-04
8.9124261026332818e-01 1.7808844789088369e-04
8.9142062999482630e-01 1.7795101053030190e-04
8.9159851227524278e-01 1.7781354573157308e-04
8.9177625707714958e-01 1.7767605351466645e-04
8.9195386437313962e-01 1.7753853390092863e-04
8.9213133413582690e-01 1.7740098691236314e-04
8.9230866633784678e-01 1.7726341257027402e-04
8.9248586095185600e-01 1.7712581089469648e-04
8.9266291795053221e-01 1.7698818190770848e-04
8.9283983730657446e-01 1.7685052563016316e-04
8.9301661899270290e-01 1.7671284208367976e-04
8.9319326298165902e-01 1.7657513128942247e-04
8.9336976924620559e-01 1.7643739326789049e-04
8.9354613775912639e-01 1.7629962804126877e-04
8.9372236849322662e-01 1.7616183563055613e-04
8.9389846142133278e-01 1.7602401605629501e-04
8.9407441651629238e-01 1.7588616934072793e-04
8.9425023375097434e-01 1.7574829550495019e-04
8.9442591309826891e-01 1.7561039456973849e-04
8.9460145453108753e-01 1.7547246655622947e-04
8.9477685802236273e-01 1.7533451148657000e-04
8.9495212354504861e-01 1.7519652938130479e-04
8.9512725107212032e-01 1.7505852026209574e-04
8.9530224057657448e-01 1.7492048414962839e-04
8.9547709203142878e-01 1.7478242106579078e-04
8.9565180540972233e-01 1.7464433103163524e-04
8.9582638068451548e-01 1.7450621406869661e-04
8.9600081782888996e-01 1.7436807019768688e-04
8.9617511681594864e-01 1.7422989944064341e-04
8.9634927761881589e-01 1.7409170181810704e-04
8.9652330021063720e-01 1.7395347735193174e-04
8.9669718456457936e-01 1.7381522606400187e-04
8.9687093065383083e-01 1.7367694797404859e-04
8.9704453845160093e-01 1.7353864310467730e-04
8.9721800793112061e-01 1.7340031147639281e-04
8.9739133906564184e-01 1.7326195311191512e-04
8.9756453182843843e-01 1.7312356803053360e-04
8.9773758619280497e-01 1.7298515625520077e-04
8.9791050213205770e-01 1.7284671780691798e-04
8.9808327961953427e-01 1.7270825270611532e-04
8.9825591862859333e-01 1.7256976097560484e-04
8.9842841913261529e-01 1.7243124263558937e-04
8.9860078110500163e-01 1.7229269770792184e-04
8.9877300451917530e-01 1.7215412621405220e-04
8.9894508934858075e-01 1.7201552817435687e-04
8.9911703556668343e-01 1.7187690361161219e-04
8.9928884314697044e-01 1.7173825254690966e-04
8.9946051206295030e-01 1.7159957500098431e-04
8.9963204228815274e-01 1.7146087099564777e-04
8.9980343379612893e-01 1.7132214055255615e-04
8.9997468656045154e-01 1.7118338369231681e-04
9.0014580055471449e-01 1.7104460043680384e-04
9.0031677575253322e-01 1.7090579080697985e-04
9.0048761212754436e-01 1.7076695482504771e-04
9.0065830965340621e-01 1.7062809251169826e-04
9.0082886830379827e-01 1.7048920388886227e-04
9.0099928805242158e-01 1.7035028897778375e-04
9.0116956887299848e-01 1.7021134780023829e-04
9.0133971073927299e-01 1.7007238037663132e-04
9.0150971362501020e-01 1.6993338672946528e-04
9.0167957750399697e-01 1.6979436687912755e-04
9.0184930235004124e-01 1.6965532084820792e-04
9.0201888813697273e-01 1.6951624865721462e-04
9.0218833483864247e-01 1.6937715032745035e-04
9.0235764242892269e-01 1.6923802588183882e-04
9.0252681088170750e-01 1.6909887534051468e-04
9.0269584017091220e-01 1.6895969872523324e-04
9.0286473027047365e-01 1.6882049605729225e-04
9.0303348115435000e-01 1.6868126735888444e-04
9.0320209279652119e-01 1.6854201265030101e-04
9.0337056517098824e-01 1.6840273195432970e-04
9.0353889825177403e-01 1.6826342529108998e-04
9.0370709201292254e-01 1.6812409268327912e-04
9.0387514642849953e-01 1.6798473415178058e-04
9.0404306147259217e-01 1.6784534971783319e-04
9.0421083711930894e-01 1.6770593940382576e-04
9.0437847334278010e-01 1.6756650323039894e-04
9.0454597011715721e-01 1.6742704121942446e-04
9.0471332741661337e-01 1.6728755339250528e-04
9.0488054521534333e-01 1.6714803977034253e-04
9.0504762348756307e-01 1.6700850037559839e-04
9.0521456220751040e-01 1.6686893522860997e-04
9.0538136134944425e-01 1.6672934435254735e-04
9.0554802088764552e-01 1.6658972776749200e-04
9.0571454079641645e-01 1.6645008549492178e-04
9.0588092105008056e-01 1.6631041755776918e-04
9.0604716162298338e-01 1.6617072397595765e-04
9.0621326248949163e-01 1.6603100477165526e-04
9.0637922362399359e-01 1.6589125996701546e-04
9.0654504500089927e-01 1.6575148958281443e-04
9.0671072659464014e-01 1.6561169364061909e-04
9.0687626837966906e-01 1.6547187216288059e-04
9.0704167033046079e-01 1.6533202516988077e-04
9.0720693242151129e-01 1.6519215268434500e-04
9.0737205462733839e-01 1.6505225472694478e-04
9.0753703692248133e-01 1.6491233131932465e-04
9.0770187928150092e-01 1.6477238248331793e-04
9.0786658167897949e-01 1.6463240824110130e-04
9.0803114408952113e-01 1.6449240861356681e-04
9.0819556648775146e-01 1.6435238362194816e-04
9.0835984884831755e-01 1.6421233328862427e-04
9.0852399114588822e-01 1.6407225763478872e-04
9.0868799335515382e-01 1.6393215668205119e-04
9.0885185545082636e-01 1.6379203045171315e-04
9.0901557740763927e-01 1.6365187896625916e-04
9.0917915920034775e-01 1.6351170224715374e-04
9.0934260080372875e-01 1.6337150031485551e-04
9.0950590219258054e-01 1.6323127319184990e-04
9.0966906334172315e-01 1.6309102089975572e-04
9.0983208422599815e-01 1.6295074346065594e-04
9.0999496482026898e-01 1.6281044089510728e-04
9.1015770509942040e-01 1.6267011322570679e-04
9.1032030503835903e-01 1.6252976047349122e-04
9.1048276461201305e-01 1.6238938266020637e-04
9.1064508379533227e-01 1.6224897980753817e-04
9.1080726256328814e-01 1.6210855193718592e-04
9.1096930089087391e-01 1.6196809907010367e-04
9.1113119875310411e-01 1.6182762122955469e-04
9.1129295612501537e-01 1.6168711843581282e-04
9.1145457298166566e-01 1.6154659071157703e-04
9.1161604929813489e-01 1.6140603807731301e-04
9.1177738504952444e-01 1.6126546055521290e-04
9.1193858021095731e-01 1.6112485816769238e-04
9.1209963475757838e-01 1.6098423093569903e-04
9.1226054866455419e-01 1.6084357888051685e-04
9.1242132190707270e-01 1.6070290202520294e-04
9.1258195446034396e-01 1.6056220039000193e-04
9.1274244629959944e-01 1.6042147399700565e-04
9.1290279740009239e-01 1.6028072286788835e-04
9.1306300773709759e-01 1.6013994702546020e-04
9.1322307728591190e-01 1.5999914648979894e-04
9.1338300602185352e-01 1.5985832128376164e-04
9.1354279392026261e-01 1.5971747142826459e-04
9.1370244095650088e-01 1.5957659694556639e-04
9.1386194710595181e-01 1.5943569785755384e-04
9.1402131234402073e-01 1.5929477418514780e-04
9.1418053664613452e-01 1.5915382595054731e-04
9.1433961998774183e-01 1.5901285317580592e-04
9.1449856234431315e-01 1.5887185588195823e-04
9.1465736369134054e-01 1.5873083409149980e-04
9.1481602400433792e-01 1.5858978782605797e-04
9.1497454325884109e-01 1.5844871710628481e-04
9.1513292143040714e-01 1.5830762195598612e-04
9.1529115849461551e-01 1.5816650239499968e-04
9.1544925442706704e-01 1.5802535844540561e-04
9.1560720920338423e-01 1.5788419013021117e-04
9.1576502279921179e-01 1.5774299746924364e-04
9.1592269519021563e-01 1.5760178048635878e-04
9.1608022635208386e-01 1.5746053920232569e-04
9.1623761626052636e-01 1.5731927363805436e-04
9.1639486489127442e-01 1.5717798381697842e-04
9.1655197222008156e-01 1.5703666975950192e-04
9.1670893822272270e-01 1.5689533148865095e-04
9.1686576287499488e-01 1.5675396902528922e-04
9.1702244615271666e-01 1.5661258239205061e-04
9.1717898803172870e-01 1.5647117160958861e-04
9.1733538848789320e-01 1.5632973670036488e-04
9.1749164749709422e-01 1.5618827768638610e-04
9.1764776503523782e-01 1.5604679458847468e-04
9.1780374107825147e-01 1.5590528743020382e-04
9.1795957560208485e-01 1.5576375623235525e-04
9.1811526858270942e-01 1.5562220101617225e-04
9.1827081999611826e-01 1.5548062180415327e-04
9.1842622981832633e-01 1.5533901861851252e-04
9.1858149802537059e-01 1.5519739148038222e-04
9.1873662459330974e-01 1.5505574041140921e-04
9.1889160949822413e-01 1.5491406543467211e-04
9.1904645271621632e-01 1.5477236657059876e-04
9.1920115422341042e-01 1.5463064384191219e-04
9.1935571399595251e-01 1.5448889727031297e-04
9.1951013201001053e-01 1.5434712687743552e-04
9.1966440824177420e-01 1.5420533268561401e-04
9.1981854266745533e-01 1.5406351471549201e-04
9.1997253526328715e-01 1.5392167299094417e-04
9.2012638600552532e-01 1.5377980753169689e-04
9.2028009487044693e-01 1.5363791836089003e-04
9.2043366183435105e-01 1.5349600550072906e-04
9.2058708687355884e-01 1.5335406897192037e-04
9.2074036996441311e-01 1.5321210879695279e-04
9.2089351108327855e-01 1.5307012499837718e-04
9.2104651020654205e-01 1.5292811759642892e-04
9.2119936731061192e-01 1.5278608661482273e-04
9.2135208237191879e-01 1.5264403207420924e-04
9.2150465536691495e-01 1.5250195399708276e-04
9.2165708627207465e-01 1.5235985240538108e-04
9.2180937506389415e-01 1.5221772732052367e-04
9.2196152171889156e-01 1.5207557876418799e-04
9.2211352621360676e-01 1.5193340675928477e-04
9.2226538852460171e-01 1.5179121132740035e-04
9.2241710862846027e-01 1.5164899249054702e-04
9.2256868650178825e-01 1.5150675027024956e-04
9.2272012212121335e-01 1.5136448468858036e-04
9.2287141546338525e-01 1.5122219576717952e-04
9.2302256650497538e-01 1.5107988352910216e-04
9.2317357522267751e-01 1.5093754799452174e-04
9.2332444159320692e-01 1.5079518918669575e-04
9.2347516559330101e-01 1.5065280712786610e-04
9.2362574719971924e-01 1.5051040183912989e-04
9.2377618638924297e-01 1.5036797334226794e-04
9.2392648313867543e-01 1.5022552165975208e-04
9.2407663742484181e-01 1.5008304681382047e-04
9.2422664922458941e-01 1.4994054882589577e-04
9.2437651851478742e-01 1.4979802771804108e-04
9.2452624527232685e-01 1.4965548351315259e-04
9.2467582947412108e-01 1.4951291623152162e-04
9.2482527109710511e-01 1.4937032589605877e-04
9.2497457011823603e-01 1.4922771252873373e-04
9.2512372651449293e-01 1.4908507615165510e-04
9.2527274026287687e-01 1.4894241678696117e-04
9.2542161134041101e-01 1.4879973445607419e-04
9.2557033972414049e-01 1.4865702918048399e-04
9.2571892539113210e-01 1.4851430098445872e-04
9.2586736831847527e-01 1.4837154988728372e-04
9.2601566848328087e-01 1.4822877591281772e-04
9.2616382586268209e-01 1.4808597908244414e-04
9.2631184043383408e-01 1.4794315941795271e-04
9.2645971217391399e-01 1.4780031694135431e-04
9.2660744106012083e-01 1.4765745167585138e-04
9.2675502706967605e-01 1.4751456364155475e-04
9.2690247017982264e-01 1.4737165286243792e-04
9.2704977036782599e-01 1.4722871935936931e-04
9.2719692761097350e-01 1.4708576315370311e-04
9.2734394188657421e-01 1.4694278426978535e-04
9.2749081317195980e-01 1.4679978272731141e-04
9.2763754144448352e-01 1.4665675854995438e-04
9.2778412668152099e-01 1.4651371175845046e-04
9.2793056886046965e-01 1.4637064237584275e-04
9.2807686795874911e-01 1.4622755042400826e-04
9.2822302395380107e-01 1.4608443592465287e-04
9.2836903682308924e-01 1.4594129890008859e-04
9.2851490654409941e-01 1.4579813937241372e-04
9.2866063309433955e-01 1.4565495736275290e-04
9.2880621645133932e-01 1.4551175289553573e-04
9.2895165659265100e-01 1.4536852599080706e-04
9.2909695349584864e-01 1.4522527667102999e-04
9.2924210713852839e-01 1.4508200495869978e-04
9.2938711749830860e-01 1.4493871087537739e-04
9.2953198455282959e-01 1.4479539444353214e-04
9.2967670827975379e-01 1.4465205568561334e-04
9.2982128865676583e-01 1.4450869462328766e-04
9.2996572566157243e-01 1.4436531127833173e-04
9.3011001927190229e-01 1.4422190567344633e-04
9.3025416946550632e-01 1.4407847783062585e-04
9.3039817622015764e-01 1.4393502777113864e-04
9.3054203951365122e-01 1.4379155551822012e-04
9.3068575932380426e-01 1.4364806109445037e-04
9.3082933562845638e-01 1.4350454451998647e-04
9.3097276840546883e-01 1.4336100581882055e-04
9.3111605763272542e-01 1.4321744501169742e-04
9.3125920328813172e-01 1.4307386212232279e-04
9.3140220534961582e-01 1.4293025717124466e-04
9.3154506379512769e-01 1.4278663018118498e-04
9.3168777860263952e-01 1.4264298117435266e-04
9.3183034975014556e-01 1.4249931017341704e-04
9.3197277721566241e-01 1.4235561719973876e-04
9.3211506097722863e-01 1.4221190227606159e-04
9.3225720101290510e-01 1.4206816542386438e-04
9.3239919730077470e-01 1.4192440666606219e-04
9.3254104981894259e-01 1.4178062602439033e-04
9.3268275854553606e-01 1.4163682352116025e-04
9.3282432345870459e-01 1.4149299917841842e-04
9.3296574453661985e-01 1.4134915301801713e-04
9.3310702175747562e-01 1.4120528506249446e-04
9.3324815509948778e-01 1.4106139533505616e-04
9.3338914454089472e-01 1.4091748385610525e-04
9.3352999005995674e-01 1.4077355064858065e-04
9.3367069163495642e-01 1.4062959573445490e-04
9.3381124924419834e-01 1.4048561913745095e-04
9.3395166286600972e-01 1.4034162087757159e-04
9.3409193247873967e-01 1.4019760097755754e-04
9.3423205806075937e-01 1.4005355946104488e-04
9.3437203959046267e-01 1.3990949634811456e-04
9.3451187704626515e-01 1.3976541166249999e-04
9.3465157040660485e-01 1.3962130542624000e-04
9.3479111964994199e-01 1.3947717766146550e-04
9.3493052475475902e-01 1.3933302839049132e-04
9.3506978569956067e-01 1.3918885763482961e-04
9.3520890246287380e-01 1.3904466541721409e-04
9.3534787502324757e-01 1.3890045175955074e-04
9.3548670335925332e-01 1.3875621668411133e-04
9.3562538744948454e-01 1.3861196021435547e-04
9.3576392727255719e-01 1.3846768237123290e-04
9.3590232280710939e-01 1.3832338317700560e-04
9.3604057403180141e-01 1.3817906265436165e-04
9.3617868092531586e-01 1.3803472082530568e-04
9.3631664346635757e-01 1.3789035771239757e-04
9.3645446163365365e-01 1.3774597333769876e-04
9.3659213540595343e-01 1.3760156772367149e-04
9.3672966476202857e-01 1.3745714089248811e-04
9.3686704968067303e-01 1.3731269286580607e-04
9.3700429014070286e-01 1.3716822366681026e-04
9.3714138612095654e-01 1.3702373331750625e-04
9.3727833760029489e-01 1.3687922183944887e-04
9.3741514455760078e-01 1.3673468925584520e-04
9.3755180697177942e-01 1.3659013558963746e-04
9.3768832482175868e-01 1.3644556086071113e-04
9.3782469808648816e-01 1.3630096509347915e-04
9.3796092674494014e-01 1.3615634830927909e-04
9.3809701077610896e-01 1.3601171053127071e-04
9.3823295015901154e-01 1.3586705178052959e-04
9.3836874487268684e-01 1.3572237207998917e-04
9.3850439489619619e-01 1.3557767145245397e-04
9.3863990020862331e-01 1.3543294991976579e-04
9.3877526078907425e-01 1.3528820750375949e-04
9.3891047661667726e-01 1.3514344422722299e-04
9.3904554767058290e-01 1.3499866011299053e-04
9.3918047392996429e-01 1.3485385518208944e-04
9.3931525537401650e-01 1.3470902945841683e-04
9.3944989198195727e-01 1.3456418296320364e-04
9.3958438373302655e-01 1.3441931571882016e-04
9.3971873060648647e-01 1.3427442774866506e-04
9.3985293258162184e-01 1.3412951907356834e-04
9.3998698963773952e-01 1.3398458971646134e-04
9.4012090175416874e-01 1.3383963970054386e-04
9.4025466891026122e-01 1.3369466904741758e-04
9.4038829108539101e-01 1.3354967777895712e-04
9.4052176825895439e-01 1.3340466591836841e-04
9.4065510041037015e-01 1.3325963348731024e-04
9.4078828751907928e-01 1.3311458050881922e-04
9.4092132956454533e-01 1.3296950700438705e-04
9.4105422652625392e-01 1.3282441299794192e-04
9.4118697838371346e-01 1.3267929851002109e-04
9.4131958511645430e-01 1.3253416356453230e-04
9.4145204670402960e-01 1.3238900818212033e-04
9.4158436312601446e-01 1.3224383238685721e-04
9.4171653436200664e-01 1.3209863620056728e-04
9.4184856039162623e-01 1.3195341964561638e-04
9.4198044119451574e-01 1.3180818274408790e-04
9.4211217675033998e-01 1.3166292551877138e-04
9.4224376703878621e-01 1.3151764799215719e-04
9.4237521203956420e-01 1.3137235018555814e-04
9.4250651173240585e-01 1.3122703212299435e-04
9.4263766609706567e-01 1.3108169382630545e-04
9.4276867511332063e-01 1.3093633531725574e-04
9.4289953876096999e-01 1.3079095661840736e-04
9.4303025701983534e-01 1.3064555775324366e-04
9.4316082986976091e-01 1.3050013874312813e-04
9.4329125729061325e-01 1.3035469961048416e-04
9.4342153926228134e-01 1.3020924037759923e-04
9.4355167576467647e-01 1.3006376106786881e-04
9.4368166677773246e-01 1.2991826170361153e-04
9.4381151228140570e-01 1.2977274230634126e-04
9.4394121225567484e-01 1.2962720289860829e-04
9.4407076668054091e-01 1.2948164350406471e-04
9.4420017553602764e-01 1.2933606414353629e-04
9.4432943880218090e-01 1.2919046484099746e-04
9.4445855645906929e-01 1.2904484561765858e-04
9.4458752848678362e-01 1.2889920649699932e-04
9.4471635486543737e-01 1.2875354750065785e-04
9.4484503557516641e-01 1.2860786865064098e-04
9.4497357059612885e-01 1.2846216997122837e-04
9.4510195990850565e-01 1.2831645148308438e-04
9.4523020349249987e-01 1.2817071321019700e-04
9.4535830132833742e-01 1.2802495517296738e-04
9.4548625339626624e-01 1.2787917739628862e-04
9.4561405967655709e-01 1.2773337990137104e-04
9.4574172014950320e-01 1.2758756271000579e-04
9.4586923479541996e-01 1.2744172584650180e-04
9.4599660359464566e-01 1.2729586933163636e-04
9.4612382652754079e-01 1.2714999318876277e-04
9.4625090357448838e-01 1.2700409744088859e-04
9.4637783471589421e-01 1.2685818210856207e-04
9.4650461993218604e-01 1.2671224721698797e-04
9.4663125920381475e-01 1.2656629278607627e-04
9.4675775251125316e-01 1.2642031884043195e-04
9.4688409983499711e-01 1.2627432540033374e-04
9.4701030115556439e-01 1.2612831249091727e-04
9.4713635645349581e-01 1.2598228013297082e-04
9.4726226570935446e-01 1.2583622834912991e-04
9.4738802890372598e-01 1.2569015716190152e-04
9.4751364601721844e-01 1.2554406659468463e-04
9.4763911703046255e-01 1.2539795666966912e-04
9.4776444192411169e-01 1.2525182740801406e-04
9.4788962067884142e-01 1.2510567883378441e-04
9.4801465327534995e-01 1.2495951097010662e-04
9.4813953969435827e-01 1.2481332383797508e-04
9.4826427991660978e-01 1.2466711745942385e-04
9.4838887392287019e-01 1.2452089185866435e-04
9.4851332169392799e-01 1.2437464705786767e-04
9.4863762321059419e-01 1.2422838307932124e-04
9.4876177845370235e-01 1.2408209994549770e-04
9.4888578740410845e-01 1.2393579767993549e-04
9.4900965004269133e-01 1.2378947630336192e-04
9.4913336635035217e-01 1.2364313583880171e-04
9.4925693630801455e-01 1.2349677631049385e-04
9.4938035989662506e-01 1.2335039773881217e-04
9.4950363709715246e-01 1.2320400014759677e-04
9.4962676789058820e-01 1.2305758355992582e-04
9.4974975225794656e-01 1.2291114799606055e-04
9.4987259018026393e-01 1.2276469348094279e-04
9.4999528163859959e-01 1.2261822003673776e-04
9.5011782661403532e-01 1.2247172768597433e-04
9.5024022508767569e-01 1.2232521644965784e-04
9.5036247704064747e-01 1.2217868635240253e-04
9.5048458245410039e-01 1.2203213741555628e-04
9.5060654130920641e-01 1.2188556966228788e-04
9.5072835358716046e-01 1.2173898311512015e-04
9.5085001926917978e-01 1.2159237779726478e-04
9.5097153833650450e-01 1.2144575372988742e-04
9.5109291077039715e-01 1.2129911093590184e-04
9.5121413655214271e-01 1.2115244943994663e-04
9.5133521566304924e-01 1.2100576926211622e-04
9.5145614808444701e-01 1.2085907042639981e-04
9.5157693379768915e-01 1.2071235295445831e-04
9.5169757278415124e-01 1.2056561686966996e-04
9.5181806502523159e-01 1.2041886219431187e-04
9.5193841050235106e-01 1.2027208895136177e-04
9.5205860919695318e-01 1.2012529716370997e-04
9.5217866109050420e-01 1.1997848685298651e-04
9.5229856616449282e-01 1.1983165804286886e-04
9.5241832440043062e-01 1.1968481075479970e-04
9.5253793577985146e-01 1.1953794501335251e-04
9.5265740028431234e-01 1.1939106083876338e-04
9.5277671789539242e-01 1.1924415825559889e-04
9.5289588859469387e-01 1.1909723728518589e-04
9.5301491236384128e-01 1.1895029795105779e-04
9.5313378918448199e-01 1.1880334027570012e-04
9.5325251903828601e-01 1.1865636428175047e-04
9.5337110190694607e-01 1.1850936999087202e-04
9.5348953777217726e-01 1.1836235742812740e-04
9.5360782661571786e-01 1.1821532661338214e-04
9.5372596841932833e-01 1.1806827757095958e-04
9.5384396316479203e-01 1.1792121032332853e-04
9.5396181083391496e-01 1.1777412489326744e-04
9.5407951140852576e-01 1.1762702130370558e-04
9.5419706487047595e-01 1.1747989957578423e-04
9.5431447120163937e-01 1.1733275973432936e-04
9.5443173038391294e-01 1.1718560180004633e-04
9.5454884239921600e-01 1.1703842579637983e-04
9.5466580722949057e-01 1.1689123174706021e-04
9.5478262485670162e-01 1.1674401967313726e-04
9.5489929526283657e-01 1.1659678959819846e-04
9.5501581842990557e-01 1.1644954154537127e-04
9.5513219433994168e-01 1.1630227553602967e-04
9.5524842297500034e-01 1.1615499159443386e-04
9.5536450431716002e-01 1.1600768974201176e-04
9.5548043834852170e-01 1.1586037000200208e-04
9.5559622505120911e-01 1.1571303239720206e-04
9.5571186440736877e-01 1.1556567694995195e-04
9.5582735639916983e-01 1.1541830368333198e-04
9.5594270100880407e-01 1.1527091262117973e-04
9.5605789821848641e-01 1.1512350378355729e-04
9.5617294801045405e-01 1.1497607719481993e-04
9.5628785036696706e-01 1.1482863287778435e-04
9.5640260527030829e-01 1.1468117085511229e-04
9.5651721270278334e-01 1.1453369114917229e-04
9.5663167264672044e-01 1.1438619378329932e-04
9.5674598508447073e-01 1.1423867877944187e-04
9.5686014999840796e-01 1.1409114616060591e-04
9.5697416737092855e-01 1.1394359595080376e-04
9.5708803718445201e-01 1.1379602817044004e-04
9.5720175942142027e-01 1.1364844284339673e-04
9.5731533406429803e-01 1.1350083999348858e-04
9.5742876109557296e-01 1.1335321964214979e-04
9.5754204049775538e-01 1.1320558181210283e-04
9.5765517225337826e-01 1.1305792652713072e-04
9.5776815634499757e-01 1.1291025380882498e-04
9.5788099275519190e-01 1.1276256368008311e-04
9.5799368146656250e-01 1.1261485616505696e-04
9.5810622246173360e-01 1.1246713128570357e-04
9.5821861572335221e-01 1.1231938906418170e-04
9.5833086123408806e-01 1.1217162952291917e-04
9.5844295897663345e-01 1.1202385268680956e-04
9.5855490893370376e-01 1.1187605857754826e-04
9.5866671108803725e-01 1.1172824721605448e-04
9.5877836542239447e-01 1.1158041862813541e-04
9.5888987191955921e-01 1.1143257283529944e-04
9.5900123056233788e-01 1.1128470986062652e-04
9.5911244133355988e-01 1.1113682972523623e-04
9.5922350421607705e-01 1.1098893245426148e-04
9.5933441919276430e-01 1.1084101806973084e-04
9.5944518624651931e-01 1.1069308659413814e-04
9.5955580536026264e-01 1.1054513804942329e-04
9.5966627651693737e-01 1.1039717246032989e-04
9.5977659969950968e-01 1.1024918984874939e-04
9.5988677489096852e-01 1.1010119023700464e-04
9.5999680207432547e-01 1.0995317364945089e-04
9.6010668123261533e-01 1.0980514010628360e-04
9.6021641234889521e-01 1.0965708963309153e-04
9.6032599540624541e-01 1.0950902225153342e-04
9.6043543038776902e-01 1.0936093798391559e-04
9.6054471727659185e-01 1.0921283685335317e-04
9.6065385605586251e-01 1.0906471888390694e-04
9.6076284670875267e-01 1.0891658409669584e-04
9.6087168921845667e-01 1.0876843251502596e-04
9.6098038356819171e-01 1.0862026416187060e-04
9.6108892974119775e-01 1.0847207906115399e-04
9.6119732772073785e-01 1.0832387723411864e-04
9.6130557749009771e-01 1.0817565870420907e-04
9.6141367903258590e-01 1.0802742349473638e-04
9.6152163233153398e-01 1.0787917162757173e-04
9.6162943737029616e-01 1.0773090312687752e-04
9.6173709413224973e-01 1.0758261801431923e-04
9.6184460260079474e-01 1.0743431631266688e-04
9.6195196275935402e-01 1.0728599804593565e-04
9.6205917459137336e-01 1.0713766323675955e-04
9.6216623808032142e-01 1.0698931190795640e-04
9.6227315320968987e-01 1.0684094408097972e-04
9.6237991996299288e-01 1.0669255978114556e-04
9.6248653832376796e-01 1.0654415902888449e-04
9.6259300827557515e-01 1.0639574184852066e-04
9.6269932980199746e-01 1.0624730826311949e-04
9.6280550288664091e-01 1.0609885829491409e-04
9.6291152751313425e-01 1.0595039196740760e-04
9.6301740366512933e-01 1.0580190930196598e-04
9.6312313132630056e-01 1.0565341032383108e-04
9.6322871048034564e-01 1.0550489505363879e-04
9.6333414111098481e-01 1.0535636351605325e-04
9.6343942320196152e-01 1.0520781573239268e-04
9.6354455673704187e-01 1.0505925172679211e-04
9.6364954170001504e-01 1.0491067152131243e-04
9.6375437807469300e-01 1.0476207513965410e-04
9.6385906584491066e-01 1.0461346260484012e-04
9.6396360499452594e-01 1.0446483393901193e-04
9.6406799550741962e-01 1.0431618916488206e-04
9.6417223736749524e-01 1.0416752830697839e-04
9.6427633055867956e-01 1.0401885138661841e-04
9.6438027506492208e-01 1.0387015842696966e-04
9.6448407087019516e-01 1.0372144945185795e-04
9.6458771795849430e-01 1.0357272448319931e-04
9.6469121631383781e-01 1.0342398354369185e-04
9.6479456592026680e-01 1.0327522665794398e-04
9.6489776676184558e-01 1.0312645384751079e-04
9.6500081882266120e-01 1.0297766513606814e-04
9.6510372208682382e-01 1.0282886054547463e-04
9.6520647653846636e-01 1.0268004009975561e-04
9.6530908216174482e-01 1.0253120382121374e-04
9.6541153894083809e-01 1.0238235173306984e-04
9.6551384685994801e-01 1.0223348385821873e-04
9.6561600590329943e-01 1.0208460021916577e-04
9.6571801605513996e-01 1.0193570084070792e-04
9.6581987729974050e-01 1.0178678574360126e-04
9.6592158962139474e-01 1.0163785495072223e-04
9.6602315300441910e-01 1.0148890848762549e-04
9.6612456743315345e-01 1.0133994637422504e-04
9.6622583289196007e-01 1.0119096863689479e-04
9.6632694936522490e-01 1.0104197529403330e-04
9.6642791683735607e-01 1.0089296637308340e-04
9.6652873529278527e-01 1.0074394189483184e-04
9.6662940471596703e-01 1.0059490188145784e-04
9.6672992509137867e-01 1.0044584635758058e-04
9.6683029640352058e-01 1.0029677534658254e-04
9.6693051863691637e-01 1.0014768886926911e-04
9.6703059177611228e-01 9.9998586950471476e-05
9.6713051580567777e-01 9.9849469612394394e-05
9.6723029071020517e-01 9.9700336878814298e-05
9.6732991647430999e-01 9.9551188770914518e-05
9.6742939308263043e-01 9.9402025314047497e-05
9.6752872051982808e-01 9.9252846528503631e-05
9.6762789877058708e-01 9.9103652440113806e-05
9.6772692781961489e-01 9.8954443070907764e-05
9.6782580765164206e-01 9.8805218441983469e-05
9.6792453825142166e-01 9.8655978580098298e-05
9.6802311960373044e-01 9.8506723504195677e-05
9.6812155169336755e-01 9.8357453240510533e-05
9.6821983450515559e-01 9.8208167810117560e-05
9.6831796802393988e-01 9.8058867237326130e-05
9.6841595223458909e-01 9.7909551542886111e-05
9.6851378712199443e-01 9.7760220753364399e-05
9.6861147267107062e-01 9.7610874889213033e-05
9.6870900886675515e-01 9.7461513974004545e-05
9.6880639569400862e-01 9.7312138030667428e-05
9.6890363313781458e-01 9.7162747082657228e-05
9.6900072118317970e-01 9.7013341152752669e-05
9.6909765981513363e-01 9.6863920264375159e-05
9.6919444901872920e-01 9.6714484438941987e-05
9.6929108877904191e-01 9.6565033702773558e-05
9.6938757908117079e-01 9.6415568075903461e-05
9.6948391991023763e-01 9.6266087582122425e-05
9.6958011125138732e-01 9.6116592244533118e-05
9.6967615308978772e-01 9.5967082087154346e-05
9.6977204541062989e-01 9.5817557132100539e-05
9.6986778819912789e-01 9.5668017402357339e-05
9.6996338144051875e-01 9.5518462921940556e-05
9.7005882512006270e-01 9.5368893712971845e-05
9.7015411922304295e-01 9.5219309798699468e-05
9.7024926373476583e-01 9.5069711201825656e-05
9.7034425864056062e-01 9.4920097946235547e-05
9.7043910392577981e-01 9.4770470054179109e-05
9.7053379957579877e-01 9.4620827550266309e-05
9.7062834557601629e-01 9.4471170454727316e-05
9.7072274191185381e-01 9.4321498793221943e-05
9.7081698856875609e-01 9.4171812588375551e-05
9.7091108553219096e-01 9.4022111862609035e-05
9.7100503278764927e-01 9.3872396639697674e-05
9.7109883032064503e-01 9.3722666941860810e-05
9.7119247811671527e-01 9.3572922792537998e-05
9.7128597616142009e-01 9.3423164215341835e-05
9.7137932444034281e-01 9.3273391232310315e-05
9.7147252293908970e-01 9.3123603866882723e-05
9.7156557164329016e-01 9.2973802142581029e-05
9.7165847053859666e-01 9.2823986082980558e-05
9.7175121961068489e-01 9.2674155710347042e-05
9.7184381884525362e-01 9.2524311046989920e-05
9.7193626822802448e-01 9.2374452118300501e-05
9.7202856774474256e-01 9.2224578945536385e-05
9.7212071738117578e-01 9.2074691553051098e-05
9.7221271712311541e-01 9.1924789962443478e-05
9.7230456695637568e-01 9.1774874197126234e-05
9.7239626686679381e-01 9.1624944282231335e-05
9.7248781684023045e-01 9.1475000238892010e-05
9.7257921686256921e-01 9.1325042089943005e-05
9.7267046691971670e-01 9.1175069860145562e-05
9.7276156699760286e-01 9.1025083571683160e-05
9.7285251708218068e-01 9.0875083247305967e-05
9.7294331715942628e-01 9.0725068910112178e-05
9.7303396721533875e-01 9.0575040585175309e-05
9.7312446723594059e-01 9.0424998293660018e-05
9.7321481720727732e-01 9.0274942058943776e-05
9.7330501711541761e-01 9.0124871903305502e-05
9.7339506694645306e-01 8.9974787852618109e-05
9.7348496668649875e-01 8.9824689927664044e-05
9.7357471632169268e-01 8.9674578152629974e-05
9.7366431583819602e-01 8.9524452551028192e-05
9.7375376522219326e-01 8.9374313144204078e-05
9.7384306445989177e-01 8.9224159957100975e-05
9.7393221353752224e-01 8.9073993012548145e-05
9.7402121244133855e-01 8.8923812332762894e-05
9.7411006115761756e-01 8.8773617942164112e-05
9.7419875967265945e-01 8.8623409863211535e-05
9.7428730797278762e-01 8.8473188117615525e-05
9.7437570604434831e-01 8.8322952731241853e-05
9.7446395387371121e-01 8.8172703726173995e-05
9.7455205144726909e-01 8.8022441125719386e-05
9.7463999875143792e-01 8.7872164952604556e-05
9.7472779577265689e-01 8.7721875229075937e-05
9.7481544249738816e-01 8.7571571980031595e-05
9.7490293891211721e-01 8.7421255228421150e-05
9.7499028500335272e-01 8.7270924996921964e-05
9.7507748075762646e-01 8.7120581309270718e-05
9.7516452616149352e-01 8.6970224187478764e-05
9.7525142120153197e-01 8.6819853656314497e-05
9.7533816586434330e-01 8.6669469737148043e-05
9.7542476013655199e-01 8.6519072454220049e-05
9.7551120400480573e-01 8.6368661831670994e-05
9.7559749745577562e-01 8.6218237890244118e-05
9.7568364047615563e-01 8.6067800655314171e-05
9.7576963305266318e-01 8.5917350148911531e-05
9.7585547517203863e-01 8.5766886396211684e-05
9.7594116682104592e-01 8.5616409417583333e-05
9.7602670798647195e-01 8.5465919236517928e-05
9.7611209865512671e-01 8.5315415878041835e-05
9.7619733881384363e-01 8.5164899364126127e-05
9.7628242844947910e-01 8.5014369719880317e-05
9.7636736754891307e-01 8.4863826965861258e-05
9.7645215609904845e-01 8.4713271125799858e-05
9.7653679408681127e-01 8.4562702225179882e-05
9.7662128149915117e-01 8.4412120283415489e-05
9.7670561832304048e-01 8.4261525327954828e-05
9.7678980454547526e-01 8.4110917378554706e-05
9.7687384015347445e-01 8.3960296459992855e-05
9.7695772513408030e-01 8.3809662595832920e-05
9.7704145947435839e-01 8.3659015808219730e-05
9.7712504316139737e-01 8.3508356121378508e-05
9.7720847618230922e-01 8.3357683558197562e-05
9.7729175852422911e-01 8.3206998142061451e-05
9.7737489017431556e-01 8.3056299895164541e-05
9.7745787111975013e-01 8.2905588841733260e-05
9.7754070134773774e-01 8.2754865004912385e-05
9.7762338084550648e-01 8.2604128408360399e-05
9.7770590960030790e-01 8.2453379073083949e-05
9.7778828759941638e-01 8.2302617025486734e-05
9.7787051483012988e-01 8.2151842287754809e-05
9.7795259127976952e-01 8.2001054882710806e-05
9.7803451693567978e-01 8.1850254832192848e-05
9.7811629178522808e-01 8.1699442162078075e-05
9.7819791581580540e-01 8.1548616893968538e-05
9.7827938901482581e-01 8.1397779051937334e-05
9.7836071136972669e-01 8.1246928659209699e-05
9.7844188286796874e-01 8.1096065738147752e-05
9.7852290349703575e-01 8.0945190313677854e-05
9.7860377324443504e-01 8.0794302406608353e-05
9.7868449209769692e-01 8.0643402041971390e-05
9.7876506004437502e-01 8.0492489244163087e-05
9.7884547707204650e-01 8.0341564033448970e-05
9.7892574316831149e-01 8.0190626434509561e-05
9.7900585832079345e-01 8.0039676471413402e-05
9.7908582251713927e-01 7.9888714165867806e-05
9.7916563574501891e-01 7.9737739542419436e-05
9.7924529799212578e-01 7.9586752623349974e-05
9.7932480924617638e-01 7.9435753433914664e-05
9.7940416949491071e-01 7.9284741995298857e-05
9.7948337872609192e-01 7.9133718331755301e-05
9.7956243692750655e-01 7.8982682465306419e-05
9.7964134408696424e-01 7.8831634421073121e-05
9.7972010019229805e-01 7.8680574222014406e-05
9.7979870523136436e-01 7.8529501890689429e-05
9.7987715919204288e-01 7.8378417449506495e-05
9.7995546206223638e-01 7.8227320923739536e-05
9.8003361382987109e-01 7.8076212336966277e-05
9.8011161448289663e-01 7.7925091710523355e-05
9.8018946400928586e-01 7.7773959067545516e-05
9.8026716239703482e-01 7.7622814432460650e-05
9.8034470963416287e-01 7.7471657829715943e-05
9.8042210570871280e-01 7.7320489281716215e-05
9.8049935060875082e-01 7.7169308809269503e-05
9.8057644432236601e-01 7.7018116439826138e-05
9.8065338683767123e-01 7.6866912193998755e-05
9.8073017814280239e-01 7.6715696095815890e-05
9.8080681822591886e-01 7.6564468167545862e-05
9.8088330707520310e-01 7.6413228435049836e-05
9.8095964467886121e-01 7.6261976919062092e-05
9.8103583102512226e-01 7.6110713645494670e-05
9.8111186610223899e-01 7.5959438635330812e-05
9.8118774989848734e-01 7.5808151911266989e-05
9.8126348240216632e-01 7.5656853499993495e-05
9.8133906360159862e-01 7.5505543422770653e-05
9.8141449348513021e-01 7.5354221701408720e-05
9.8148977204113008e-01 7.5202888363178134e-05
9.8156489925799095e-01 7.5051543428527814e-05
9.8163987512412876e-01 7.4900186920086700e-05
9.8171469962798252e-01 7.4748818864415006e-05
9.8178937275801503e-01 7.4597439281252342e-05
9.8186389450271194e-01 7.4446048197951786e-05
9.8193826485058278e-01 7.4294645633432693e-05
9.8201248379015993e-01 7.4143231614137996e-05
9.8208655130999944e-01 7.3991806161749678e-05
9.8216046739868057e-01 7.3840369300189263e-05
9.8223423204480587e-01 7.3688921054103243e-05
9.8230784523700143e-01 7.3537461444910966e-05
9.8238130696391657e-01 7.3385990496573056e-05
9.8245461721422389e-01 7.3234508233852271e-05
9.8252777597661956e-01 7.3083014678339536e-05
9.8260078323982303e-01 7.2931509852389485e-05
9.8267363899257687e-01 7.2779993782973613e-05
9.8274634322364740e-01 7.2628466490238714e-05
9.8281889592182403e-01 7.2476927998829760e-05
9.8289129707591960e-01 7.2325378332711374e-05
9.8296354667477048e-01 7.2173817512663632e-05
9.8303564470723603e-01 7.2022245566113433e-05
9.8310759116219948e-01 7.1870662512086479e-05
9.8317938602856692e-01 7.1719068378000279e-05
9.8325102929526831e-01 7.1567463183072058e-05
9.8332252095125650e-01 7.1415846954843301e-05
9.8339386098550807e-01 7.1264219714524068e-05
9.8346504938702284e-01 7.1112581486343850e-05
9.8353608614482413e-01 7.0960932291663802e-05
9.8360697124795848e-01 7.0809272155171167e-05
9.8367770468549587e-01 7.0657601100691803e-05
9.8374828644652956e-01 7.0505919153262240e-05
9.8381871652017661e-01 7.0354226331615610e-05
9.8388899489557691e-01 7.0202522663331644e-05
9.8395912156189413e-01 7.0050808169756996e-05
9.8402909650831516e-01 6.9899082875371838e-05
9.8409891972405039e-01 6.9747346802261613e-05
9.8416859119833355e-01 6.9595599973967034e-05
9.8423811092042168e-01 6.9443842415387264e-05
9.8430747887959535e-01 6.9292074149062433e-05
9.8437669506515846e-01 6.9140295199001425e-05
9.8444575946643842e-01 6.8988505586976809e-05
9.8451467207278587e-01 6.8836705338139420e-05
9.8458343287357508e-01 6.8684894473469368e-05
9.8465204185820343e-01 6.8533073019467198e-05
9.8472049901609193e-01 6.8381240998370181e-05
9.8478880433668503e-01 6.8229398432315651e-05
9.8485695780945037e-01 6.8077545347024069e-05
9.8492495942387925e-01 6.7925681763938840e-05
9.8499280916948628e-01 6.7773807706560492e-05
9.8506050703580939e-01 6.7621923200078405e-05
9.8512805301241013e-01 6.7470028265513427e-05
9.8519544708887330e-01 6.7318122928023509e-05
9.8526268925480720e-01 6.7166207210360483e-05
9.8532977949984346e-01 6.7014281137552859e-05
9.8539671781363736e-01 6.6862344730456594e-05
9.8546350418586737e-01 6.6710398013963371e-05
9.8553013860623551e-01 6.6558441011096547e-05
9.8559662106446722e-01 6.6406473744808222e-05
9.8566295155031136e-01 6.6254496238313970e-05
9.8572913005354013e-01 6.6102508516823131e-05
9.8579515656394923e-01 6.5950510603896584e-05
9.8586103107135792e-01 6.5798502521118436e-05
9.8592675356560877e-01 6.5646484292312919e-05
9.8599232403656778e-01 6.5494455941594328e-05
9.8605774247412448e-01 6.5342417491350992e-05
9.8612300886819171e-01 6.5190368966294804e-05
9.8618812320870586e-01 6.5038310389416571e-05
9.8625308548562673e-01 6.4886241784179810e-05
9.8631789568893768e-01 6.4734163172210898e-05
9.8638255380864526e-01 6.4582074579791005e-05
9.8644705983477965e-01 6.4429976029550641e-05
9.8651141375739448e-01 6.4277867544515008e-05
9.8657561556656681e-01 6.4125749148402641e-05
9.8663966525239710e-01 6.3973620865343911e-05
9.8670356280500937e-01 6.3821482717944458e-05
9.8676730821455116e-01 6.3669334727377289e-05
9.8683090147119312e-01 6.3517176921744936e-05
9.8689434256512976e-01 6.3365009321371475e-05
9.8695763148657889e-01 6.3212831950477209e-05
9.8702076822578166e-01 6.3060644831943737e-05
9.8708375277300286e-01 6.2908447991405597e-05
9.8714658511853082e-01 6.2756241449055662e-05
9.8720926525267705e-01 6.2604025231166236e-05
9.8727179316577673e-01 6.2451799360563570e-05
9.8733416884818848e-01 6.2299563859937902e-05
9.8739639229029452e-01 6.2147318752854582e-05
9.8745846348250021e-01 6.1995064063839918e-05
9.8752038241523477e-01 6.1842799814165562e-05
9.8758214907895059e-01 6.1690526029160688e-05
9.8764376346412364e-01 6.1538242733258114e-05
9.8770522556125351e-01 6.1385949947413018e-05
9.8776653536086312e-01 6.1233647695999063e-05
9.8782769285349881e-01 6.1081336004503917e-05
9.8788869802973067e-01 6.0929014892875147e-05
9.8794955088015202e-01 6.0776684386821576e-05
9.8801025139537979e-01 6.0624344508748576e-05
9.8807079956605426e-01 6.0471995284702931e-05
9.8813119538283944e-01 6.0319636735189168e-05
9.8819143883642269e-01 6.0167268884418842e-05
9.8825152991751486e-01 6.0014891755466987e-05
9.8831146861685026e-01 5.9862505373291667e-05
9.8837125492518674e-01 5.9710109761455380e-05
9.8843088883330565e-01 5.9557704943111493e-05
9.8849037033201193e-01 5.9405290940685495e-05
9.8854969941213389e-01 5.9252867777853814e-05
9.8860887606452330e-01 5.9100435479937701e-05
9.8866790028005569e-01 5.8947994067232822e-05
9.8872677204962967e-01 5.8795543568227418e-05
9.8878549136416793e-01 5.8643083999502274e-05
9.8884405821461607e-01 5.8490615390800334e-05
9.8890247259194364e-01 5.8338137762039897e-05
9.8896073448714339e-01 5.8185651139503996e-05
9.8901884389123185e-01 5.8033155544348917e-05
9.8907680079524896e-01 5.7880650999557783e-05
9.8913460519025798e-01 5.7728137532282377e-05
9.8919225706734604e-01 5.7575615162355968e-05
9.8924975641762347e-01 5.7423083916079932e-05
9.8930710323222448e-01 5.7270543812322700e-05
9.8936429750230626e-01 5.7117994881415242e-05
9.8942133921905007e-01 5.6965437141703031e-05
9.8947822837366040e-01 5.6812870618079668e-05
9.8953496495736537e-01 5.6660295332985209e-05
9.8959154896141643e-01 5.6507711313238203e-05
9.8964798037708879e-01 5.6355118580760403e-05
9.8970425919568117e-01 5.6202517157349505e-05
9.8976038540851563e-01 5.6049907069311032e-05
9.8981635900693798e-01 5.5897288338073656e-05
9.8987217998231747e-01 5.5744660987399899e-05
9.8992784832604686e-01 5.5592025040922514e-05
9.8998336402954246e-01 5.5439380522276743e-05
9.9003872708424401e-01 5.5286727457545969e-05
9.9009393748161512e-01 5.5134065865381309e-05
9.9014899521314248e-01 5.4981395774456997e-05
9.9020390027033678e-01 5.4828717203577856e-05
9.9025865264473190e-01 5.4676030179047679e-05
9.9031325232788536e-01 5.4523334724919189e-05
9.9036769931137836e-01 5.4370630862814783e-05
9.9042199358681549e-01 5.4217918617072268e-05
9.9047613514582500e-01 5.4065198009768980e-05
9.9053012398005846e-01 5.3912469068252896e-05
9.9058396008119132e-01 5.3759731812594110e-05
9.9063764344092231e-01 5.3606986268303316e-05
9.9069117405097384e-01 5.3454232458612852e-05
9.9074455190309185e-01 5.3301470407086930e-05
9.9079777698904592e-01 5.3148700135218451e-05
9.9085084930062906e-01 5.2995921667496599e-05
9.9090376882965781e-01 5.2843135028928403e-05
9.9095653556797236e-01 5.2690340242193034e-05
9.9100914950743635e-01 5.2537537333344427e-05
9.9106161063993725e-01 5.2384726321200638e-05
9.9111391895738576e-01 5.2231907232841723e-05
9.9116607445171645e-01 5.2079080088176136e-05
9.9121807711488708e-01 5.1926244915650447e-05
9.9126992693887928e-01 5.1773401736476605e-05
9.9132162391569822e-01 5.1620550572713767e-05
9.9137316803737252e-01 5.1467691449547589e-05
9.9142455929595430e-01 5.1314824393159630e-05
9.9147579768351957e-01 5.1161949422667424e-05
9.9152688319216764e-01 5.1009066562910978e-05
9.9157781581402149e-01 5.0856175837420026e-05
9.9162859554122762e-01 5.0703277270375285e-05
9.9167922236595607e-01 5.0550370886884398e-05
9.9172969628040064e-01 5.0397456707663752e-05
9.9178001727677856e-01 5.0244534757288393e-05
9.9183018534733070e-01 5.0091605058522652e-05
9.9188020048432135e-01 4.9938667637771215e-05
9.9193006268003869e-01 4.9785722514525211e-05
9.9197977192679410e-01 4.9632769717659871e-05
9.9202932821692291e-01 4.9479809266131760e-05
9.9207873154278381e-01 4.9326841185584264e-05
9.9212798189675910e-01 4.9173865500202410e-05
9.9217707927125487e-01 4.9020882229976209e-05
9.9222602365870038e-01 4.8867891404212182e-05
9.9227481505154902e-01 4.8714893039915395e-05
9.9232345344227724e-01 4.8561887166552086e-05
9.9237193882338548e-01 4.8408873803645964e-05
9.9242027118739751e-01 4.8255852977948132e-05
9.9246845052686083e-01 4.8102824711862056e-05
9.9251647683434663e-01 4.7949789026625867e-05
9.9256435010244948e-01 4.7796745947747088e-05
9.9261207032378751e-01 4.7643695502302361e-05
9.9265963749100283e-01 4.7490637707625992e-05
9.9270705159676076e-01 4.7337572591048304e-05
9.9275431263375047e-01 4.7184500173228872e-05
9.9280142059468446e-01 4.7031420482133376e-05
9.9284837547229909e-01 4.6878333538758300e-05
9.9289517725935417e-01 4.6725239368977829e-05
9.9294182594863334e-01 4.6572137991451728e-05
9.9298832153294359e-01 4.6419029432728103e-05
9.9303466400511553e-01 4.6265913718281516e-05
9.9308085335800356e-01 4.6112790869460621e-05
9.9312688958448558e-01 4.5959660909792062e-05
9.9317277267746307e-01 4.5806523864559826e-05
9.9321850262986122e-01 4.5653379755327694e-05
9.9326407943462869e-01 4.5500228608501983e-05
9.9330950308473798e-01 4.5347070443855798e-05
9.9335477357318502e-01 4.5193905286001374e-05
9.9339989089298930e-01 4.5040733161883887e-05
9.9344485503719415e-01 4.4887554091574163e-05
9.9348966599886634e-01 4.4734368100416131e-05
9.9353432377109629e-01 4.4581175213075405e-05
9.9357882834699829e-01 4.4427975447014767e-05
9.9362317971970970e-01 4.4274768834666135e-05
9.9366737788239201e-01 4.4121555395507437e-05
9.9371142282823022e-01 4.3968335151102810e-05
9.9375531455043287e-01 4.3815108125716910e-05
9.9379905304223204e-01 4.3661874346115638e-05
9.9384263829688357e-01 4.3508633835355774e-05
9.9388607030766696e-01 4.3355386615728371e-05
9.9392934906788533e-01 4.3202132709441049e-05
9.9397247457086535e-01 4.3048872140869240e-05
9.9401544680995724e-01 4.2895604937445035e-05
9.9405826577853518e-01 4.2742331116465591e-05
9.9410093146999656e-01 4.2589050707610055e-05
9.9414344387776277e-01 4.2435763730475247e-05
9.9418580299527859e-01 4.2282470210940869e-05
9.9422800881601259e-01 4.2129170171040775e-05
9.9427006133345686e-01 4.1975863636098858e-05
9.9431196054112725e-01 4.1822550627548230e-05
9.9435370643256316e-01 4.1669231169941693e-05
9.9439529900132761e-01 4.1515905287859973e-05
9.9443673824100731e-01 4.1362573005463744e-05
9.9447802414521269e-01 4.1209234343551168e-05
9.9451915670757762e-01 4.1055889329240715e-05
9.9456013592175985e-01 4.0902537983066274e-05
9.9460096178144064e-01 4.0749180328729785e-05
9.9464163428032482e-01 4.0595816393495558e-05
9.9468215341214106e-01 4.0442446197441662e-05
9.9472251917064158e-01 4.0289069764302604e-05
9.9476273154960215e-01 4.0135687121320143e-05
9.9480279054282239e-01 3.9982298288885255e-05
9.9484269614412546e-01 3.9828903290820654e-05
9.9488244834735817e-01 3.9675502151389618e-05
9.9492204714639099e-01 3.9522094894578386e-05
9.9496149253511801e-01 3.9368681544905581e-05
9.9500078450745710e-01 3.9215262123528330e-05
9.9503992305734967e-01 3.9061836655465338e-05
9.9507890817876077e-01 3.8908405165689201e-05
9.9511773986567931e-01 3.8754967672844058e-05
9.9515641811211741e-01 3.8601524209754555e-05
9.9519494291211152e-01 3.8448074788467664e-05
9.9523331425972106e-01 3.8294619442842767e-05
9.9527153214902953e-01 3.8141158192766679e-05
9.9530959657414408e-01 3.7987691058728715e-05
9.9534750752919532e-01 3.7834218068794180e-05
9.9538526500833768e-01 3.7680739244422965e-05
9.9542286900574917e-01 3.7527254611146607e-05
9.9546031951563152e-01 3.7373764191732961e-05
9.9549761653221014e-01 3.7220268009122978e-05
9.9553476004973407e-01 3.7066766087331241e-05
9.9557175006247611e-01 3.6913258447231935e-05
9.9560858656473250e-01 3.6759745117568779e-05
9.9564526955082333e-01 3.6606226120853820e-05
9.9568179901509235e-01 3.6452701480160752e-05
9.9571817495190706e-01 3.6299171215727847e-05
9.9575439735565840e-01 3.6145635355899301e-05
9.9579046622076117e-01 3.5992093922622552e-05
9.9582638154165382e-01 3.5838546938835454e-05
9.9586214331279832e-01 3.5684994431810388e-05
9.9589775152868065e-01 3.5531436418800833e-05
9.9593320618381009e-01 3.5377872929520481e-05
9.9596850727271991e-01 3.5224303982845840e-05
9.9600365478996677e-01 3.5070729606753900e-05
9.9603864873013126e-01 3.4917149822617987e-05
9.9607348908781757e-01 3.4763564652739752e-05
9.9610817585765343e-01 3.4609974124619517e-05
9.9614270903429047e-01 3.4456378259299680e-05
9.9617708861240384e-01 3.4302777082723721e-05
9.9621131458669254e-01 3.4149170614345271e-05
9.9624538695187903e-01 3.3995558883154649e-05
9.9627930570270973e-01 3.3841941906778427e-05
9.9631307083395448e-01 3.3688319713058735e-05
9.9634668234040691e-01 3.3534692326887728e-05
9.9638014021688448e-01 3.3381059766610617e-05
9.9641344445822799e-01 3.3227422063999932e-05
9.9644659505930244e-01 3.3073779232481688e-05
9.9647959201499592e-01 3.2920131307015130e-05
9.9651243532022082e-01 3.2766478299666439e-05
9.9654512496991265e-01 3.2612820245028656e-05
9.9657766095903111e-01 3.2459157158149073e-05
9.9661004328255931e-01 3.2305489064677851e-05
9.9664227193550392e-01 3.2151815995764147e-05
9.9667434691289580e-01 3.1998137963622976e-05
9.9670626820978891e-01 3.1844455003130817e-05
9.9673803582126153e-01 3.1690767125883931e-05
9.9676964974241500e-01 3.1537074366456752e-05
9.9680110996837479e-01 3.1383376744264272e-05
9.9683241649429000e-01 3.1229674280858025e-05
9.9686356931533326e-01 3.1075967003970357e-05
9.9689456842670110e-01 3.0922254934652734e-05
9.9692541382361366e-01 3.0768538096248048e-05
9.9695610550131475e-01 3.0614816514061356e-05
9.9698664345507182e-01 3.0461090215627905e-05
9.9701702768017642e-01 3.0307359213098539e-05
9.9704725817194317e-01 3.0153623542972061e-05
9.9707733492571093e-01 2.9999883221763811e-05
9.9710725793684207e-01 2.9846138272650513e-05
9.9713702720072261e-01 2.9692388721479176e-05
9.9716664271276223e-01 2.9538634596259318e-05
9.9719610446839457e-01 2.9384875913774768e-05
9.9722541246307683e-01 2.9231112698116320e-05
9.9725456669228985e-01 2.9077344975667684e-05
9.9728356715153810e-01 2.8923572775610545e-05
9.9731241383635016e-01 2.8769796110978680e-05
9.9734110674227805e-01 2.8616015006792750e-05
9.9736964586489729e-01 2.8462229495390159e-05
9.9739803119980752e-01 2.8308439593580840e-05
9.9742626274263180e-01 2.8154645329702069e-05
9.9745434048901715e-01 2.8000846720967933e-05
9.9748226443463406e-01 2.7847043796993778e-05
9.9751003457517695e-01 2.7693236575925988e-05
9.9753765090636370e-01 2.7539425088541934e-05
9.9756511342393617e-01 2.7385609353991717e-05
9.9759242212365984e-01 2.7231789394233405e-05
9.9761957700132387e-01 2.7077965234899934e-05
9.9764657805274104e-01 2.6924136904278274e-05
9.9767342527374814e-01 2.6770304419068495e-05
9.9770011866020536e-01 2.6616467809465991e-05
9.9772665820799689e-01 2.6462627093385501e-05
9.9775304391303044e-01 2.6308782297574972e-05
9.9777927577123759e-01 2.6154933441382953e-05
9.9780535377857338e-01 2.6001080558774330e-05
9.9783127793101700e-01 2.5847223660430703e-05
9.9785704822457089e-01 2.5693362782220378e-05
9.9788266465526154e-01 2.5539497941954512e-05
9.9790812721913913e-01 2.5385629161606662e-05
9.9793343591227746e-01 2.5231756466464511e-05
9.9795859073077409e-01 2.5077879880559492e-05
9.9798359167075024e-01 2.4923999431462860e-05
9.9800843872835110e-01 2.4770115134521114e-05
9.9803313189974530e-01 2.4616227020057019e-05
9.9805767118112532e-01 2.4462335110957122e-05
9.9808205656870741e-01 2.4308439429023712e-05
9.9810628805873147e-01 2.4154539999970137e-05
9.9813036564746127e-01 2.4000636842610948e-05
9.9815428933118411e-01 2.3846729985068011e-05
9.9817805910621105e-01 2.3692819455033628e-05
9.9820167496887702e-01 2.3538905272237971e-05
9.9822513691554071e-01 2.3384987455326666e-05
9.9824844494258436e-01 2.3231066033133268e-05
9.9827159904641394e-01 2.3077141033359835e-05
9.9829459922345942e-01 2.2923212470548107e-05
9.9831744547017420e-01 2.2769280375271795e-05
9.9834013778303565e-01 2.2615344765532922e-05
9.9836267615854468e-01 2.2461405669848029e-05
9.9838506059322596e-01 2.2307463115334644e-05
9.9840729108362813e-01 2.2153517115992448e-05
9.9842936762632328e-01 2.1999567702703160e-05
9.9845129021790735e-01 2.1845614899296962e-05
9.9847305885500004e-01 2.1691658728574234e-05
9.9849467353424493e-01 2.1537699205548299e-05
9.9851613425230890e-01 2.1383736369333784e-05
9.9853744100588304e-01 2.1229770233003042e-05
9.9855859379168199e-01 2.1075800821099928e-05
9.9857959260644402e-01 2.0921828163559379e-05
9.9860043744693139e-01 2.0767852276024768e-05
9.9862112830992988e-01 2.0613873186635398e-05
9.9864166519224906e-01 2.0459890922951040e-05
9.9866204809072234e-01 2.0305905503708571e-05
9.9868227700220691e-01 2.0151916947806622e-05
9.9870235192358348e-01 1.9997925286283325e-05
9.9872227285175663e-01 1.9843930542372564e-05
9.9874203978365461e-01 1.9689932745634274e-05
9.9876165271622974e-01 1.9535931903952462e-05
9.9878111164645766e-01 1.9381928052193497e-05
9.9880041657133800e-01 1.9227921210150880e-05
9.9881956748789402e-01 1.9073911404321376e-05
9.9883856439317276e-01 1.8919898659970653e-05
9.9885740728424510e-01 1.8765882995082038e-05
9.9887609615820550e-01 1.8611864441036441e-05
9.9889463101217235e-01 1.8457843013973281e-05
9.9891301184328762e-01 1.8303818744284417e-05
9.9893123864871725e-01 1.8149791646237152e-05
9.9894931142565058e-01 1.7995761756933011e-05
9.9896723017130107e-01 1.7841729089271040e-05
9.9898499488290582e-01 1.7687693664004290e-05
9.9900260555772535e-01 1.7533655523765122e-05
9.9902006219304451e-01 1.7379614672472590e-05
9.9903736478617156e-01 1.7225571136492384e-05
9.9905451333443840e-01 1.7071524949832762e-05
9.9907150783520082e-01 1.6917476138413044e-05
9.9908834828583859e-01 1.6763424711356455e-05
9.9910503468375500e-01 1.6609370693730384e-05
9.9912156702637689e-01 1.6455314126270854e-05
9.9913794531115530e-01 1.6301255016852083e-05
9.9915416953556480e-01 1.6147193389702797e-05
9.9917023969710361e-01 1.5993129276103420e-05
9.9918615579329395e-01 1.5839062691772162e-05
9.9920191782168144e-01 1.5684993677027530e-05
9.9921752577983591e-01 1.5530922237460883e-05
9.9923297966535074e-01 1.5376848395718078e-05
9.9924827947584283e-01 1.5222772192182717e-05
9.9926342520895317e-01 1.5068693640596450e-05
9.9927841686234642e-01 1.4914612763357789e-05
9.9929325443371098e-01 1.4760529583038766e-05
9.9930793792075889e-01 1.4606444130637253e-05
9.9932246732122609e-01 1.4452356429097616e-05
9.9933684263287237e-01 1.4298266491350945e-05
9.9935106385348094e-01 1.4144174358561105e-05
9.9936513098085922e-01 1.3990080033845382e-05
9.9937904401283795e-01 1.3835983559383787e-05
9.9939280294727195e-01 1.3681884947986106e-05
9.9940640778203960e-01 1.3527784232764326e-05
9.9941985851504322e-01 1.3373681426457728e-05
9.9943315514420872e-01 1.3219576562852281e-05
9.9944629766748594e-01 1.3065469655093153e-05
9.9945928608284829e-01 1.2911360737479392e-05
9.9947212038829314e-01 1.2757249823566956e-05
9.9948480058184141e-01 1.2603136949323861e-05
9.9949732666153801e-01 1.2449022128639313e-05
9.9950969862545147e-01 1.2294905387086940e-05
9.9952191647167410e-01 1.2140786750643016e-05
9.9953398019832207e-01 1.1986666235005885e-05
9.9954588980353509e-01 1.1832543877945406e-05
9.9955764528547686e-01 1.1678419696885031e-05
9.9956924664233471e-01 1.1524293720064367e-05
9.9958069387231996e-01 1.1370165952902297e-05
9.9959198697366725e-01 1.1216036449663109e-05
9.9960312594463552e-01 1.1061905205073755e-05
9.9961411078350715e-01 1.0907772250763148e-05
9.9962494148858816e-01 1.0753637631657456e-05
9.9963561805820877e-01 1.0599501344143933e-05
9.9964614049072265e-01 1.0445363423221092e-05
9.9965650878450729e-01 1.0291223891507917e-05
9.9966672293796410e-01 1.0137082759161697e-05
9.9967678294951789e-01 9.9829400790600427e-06
9.9968668881761757e-01 9.8287958630293452e-06
9.9969644054073581e-01 9.6746501254077262e-06
9.9970603811736891e-01 9.5205028942251018e-06
9.9971548154603695e-01 9.3663541997107583e-06
9.9972477082528388e-01 9.2122040587179542e-06
9.9973390595367739e-01 9.0580524891121815e-06
9.9974288692980873e-01 8.9038995407788121e-06
9.9975171375229333e-01 8.7497452037229825e-06
9.9976038641976994e-01 8.5955895320858697e-06
9.9976890493090154e-01 8.4414325176612764e-06
9.9977726928437438e-01 8.2872742186361443e-06
9.9978547947889895e-01 8.1331146289323701e-06
9.9979353551320915e-01 7.9789537953434011e-06
9.9980143738606297e-01 7.8247917142947381e-06
9.9980918509624184e-01 7.6706284370328568e-06
9.9981677864255114e-01 7.5164639816332144e-06
9.9982421802382004e-01 7.3622983684857249e-06
9.9983150323890146e-01 7.2081316198652697e-06
9.9983863428667219e-01 7.0539637398534014e-06
9.9984561116603243e-01 6.8997947947511767e-06
9.9985243387590661e-01 6.7456247754968958e-06
9.9985910241524267e-01 6.5914537130763037e-06
9.9986561678301233e-01 6.4372816443342774e-06
9.9987197697821117e-01 6.2831085862427644e-06
9.9987818299985853e-01 6.1289345601001395e-06
9.9988423484699762e-01 5.9747595674983183e-06
9.9989013251869507e-01 5.8205836800042698e-06
9.9989587601404173e-01 5.6664068845881285e-06
9.9990146533215196e-01 5.5122292147682307e-06
9.9990690047216402e-01 5.3580506873766365e-06
9.9991218143323990e-01 5.2038713224047507e-06
9.9991730821456515e-01 5.0496911968414196e-06
9.9992228081534962e-01 4.8955102647961626e-06
9.9992709923482659e-01 4.7413285596620111e-06
9.9993176347225299e-01 4.5871461585369609e-06
9.9993627352690995e-01 4.4329630288306156e-06
9.9994062939810202e-01 4.2787792353728382e-06
9.9994483108515786e-01 4.1245947635836472e-06
9.9994887858742965e-01 3.9704096733501100e-06
9.9995277190429366e-01 3.8162239418800870e-06
9.9995651103514960e-01 3.6620376726245078e-06
9.9996009597942159e-01 3.5078507754822465e-06
9.9996352673655697e-01 3.3536633750636664e-06
9.9996680330602739e-01 3.1994754513074484e-06
9.9996992568732812e-01 3.0452870753432657e-06
9.9997289387997879e-01 2.8910981787020392e-06
9.9997570788352264e-01 2.7369088289691389e-06
9.9997836769752702e-01 2.5827191139514921e-06
9.9998087332158381e-01 2.4285289750210237e-06
9.9998322475530910e-01 2.2743384457188921e-06
9.9998542199834362e-01 2.1201475977525100e-06
9.9998746505035341e-01 1.9659564119355617e-06
9.9998935391103028e-01 1.8117649331603325e-06
9.9999108858009322e-01 1.6575731429774817e-06
9.9999266905729023e-01 1.5033812063908651e-06
9.9999409534240280e-01 1.3491889789267654e-06
9.9999536743525275e-01 1.1949966892560042e-06
9.9999648533571883e-01 1.0408042876446023e-06
9.9999744904377275e-01 8.8661185725444926e-07
9.9999825855957258e-01 7.3241985720033621e-07
9.9999891388374473e-01 5.7822884513671318e-07
9.9999941501844225e-01 4.2404167163218622e-07
9.9999976197302698e-01 2.6987443635883197e-07
9.9999995482450721e-01 1.1593454969818269e-07
