-9.9999996430528770e-01 9.1603578322284954e-08
-9.9999981192669174e-01 2.1323685676995422e-07
-9.9999953778592066e-01 3.3504985731349958e-07
-9.9999914182211869e-01 4.5687864689944677e-07
-9.9999862402787609e-01 5.7871013489818779e-07
-9.9999798440147458e-01 7.0054275384736327e-07
-9.9999722294239890e-01 8.2237545503333547e-07
-9.9999633965049917e-01 9.4420832683842172e-07
-9.9999533452576927e-01 1.0660411622308422e-06
-9.9999420756827262e-01 1.1878738808576850e-06
-9.9999295877811334e-01 1.3097064804604860e-06
-9.9999158815542388e-01 1.4315389048480556e-06
-9.9999009570035879e-01 1.5533712045307239e-06
-9.9998848141309193e-01 1.6752033016474602e-06
-9.9998674529381448e-01 1.7970352253174731e-06
-9.9998488734273427e-01 1.9188669098711841e-06
-9.9998290756007491e-01 2.0406983875915559e-06
-9.9998080594607575e-01 2.1625295853947336e-06
-9.9997858250099125e-01 2.2843605590019934e-06
-9.9997623722509144e-01 2.4061911952676919e-06
-9.9997377011866095e-01 2.5280215920988358e-06
-9.9997118118199990e-01 2.6498516583397360e-06
-9.9996847041542314e-01 2.7716814044982226e-06
-9.9996563781926040e-01 2.8935108602008475e-06
-9.9996268339385674e-01 3.0153399043185526e-06
-9.9995960713957166e-01 3.1371685990023216e-06
-9.9995640905677974e-01 3.2589969219823772e-06
-9.9995308914587056e-01 3.3808248189089709e-06
-9.9994964740724823e-01 3.5026523418016868e-06
-9.9994608384133210e-01 3.6244794333409774e-06
-9.9994239844855626e-01 3.7463060672369305e-06
-9.9993859122936957e-01 3.8681322446412123e-06
-9.9993466218423577e-01 3.9899579619143469e-06
-9.9993061131363359e-01 4.1117831732616078e-06
-9.9992643861805641e-01 4.2336078916488183e-06
-9.9992214409801261e-01 4.3554320907321863e-06
-9.9991772775402521e-01 4.4772557909784961e-06
-9.9991318958663256e-01 4.5990788998724528e-06
-9.9990852959638721e-01 4.7209014771708204e-06
-9.9990374778385704e-01 4.8427234696974466e-06
-9.9989884414962449e-01 4.9645448933221874e-06
-9.9989381869428717e-01 5.0863656829997656e-06
-9.9988867141845716e-01 5.2081858640294614e-06
-9.9988340232276163e-01 5.3300054073139973e-06
-9.9987801140784238e-01 5.4518243209000786e-06
-9.9987249867435646e-01 5.5736425398774140e-06
-9.9986686412297521e-01 5.6954601046459448e-06
-9.9986110775438530e-01 5.8172769584357060e-06
-9.9985522956928796e-01 5.9390931048299712e-06
-9.9984922956839928e-01 6.0609085395112941e-06
-9.9984310775245033e-01 6.1827232315548898e-06
-9.9983686412218697e-01 6.3045371634145902e-06
-9.9983049867836982e-01 6.4263503318670792e-06
-9.9982401142177435e-01 6.5481627255595360e-06
-9.9981740235319105e-01 6.6699743111795475e-06
-9.9981067147342506e-01 6.7917850839264958e-06
-9.9980381878329638e-01 6.9135950342562738e-06
-9.9979684428363991e-01 7.0354041465869854e-06
-9.9978974797530551e-01 7.1572123823400576e-06
-9.9978252985915750e-01 7.2790197661674178e-06
-9.9977518993607550e-01 7.4008262489352767e-06
-9.9976772820695359e-01 7.5226318432975883e-06
-9.9976014467270102e-01 7.6444365066777205e-06
-9.9975243933424152e-01 7.7662402561202641e-06
-9.9974461219251409e-01 7.8880430395223259e-06
-9.9973666324847210e-01 8.0098448788487460e-06
-9.9972859250308410e-01 8.1316457343852902e-06
-9.9972039995733353e-01 8.2534455945312358e-06
-9.9971208561221825e-01 8.3752444569290666e-06
-9.9970364946875134e-01 8.4970422977893014e-06
-9.9969509152796054e-01 8.6188391115659532e-06
-9.9968641179088868e-01 8.7406348594353531e-06
-9.9967761025859303e-01 8.8624295536766768e-06
-9.9966868693214606e-01 8.9842231594186792e-06
-9.9965964181263478e-01 9.1060156797316683e-06
-9.9965047490116132e-01 9.2278070845980026e-06
-9.9964118619884246e-01 9.3495973666288730e-06
-9.9963177570680983e-01 9.4713865140571710e-06
-9.9962224342621009e-01 9.5931744968945741e-06
-9.9961258935820441e-01 9.7149613199055292e-06
-9.9960281350396907e-01 9.8367469570532853e-06
-9.9959291586469512e-01 9.9585313919535284e-06
-9.9958289644158838e-01 1.0080314614638507e-05
-9.9957275523586953e-01 1.0202096611227930e-05
-9.9956249224877414e-01 1.0323877364040952e-05
-9.9955210748155254e-01 1.0445656862600149e-05
-9.9954160093546995e-01 1.0567435091712193e-05
-9.9953097261180657e-01 1.0689212021025499e-05
-9.9952022251185701e-01 1.0810987662361563e-05
-9.9950935063693125e-01 1.0932761976943242e-05
-9.9949835698835376e-01 1.1054534955922733e-05
-9.9948724156746382e-01 1.1176306598208565e-05
-9.9947600437561579e-01 1.1298076875128029e-05
-9.9946464541417879e-01 1.1419845766792629e-05
-9.9945316468453649e-01 1.1541613280082154e-05
-9.9944156218808777e-01 1.1663379386231508e-05
-9.9942983792624629e-01 1.1785144063256866e-05
-9.9941799190044034e-01 1.1906907306452223e-05
-9.9940602411211310e-01 1.2028669106686938e-05
-9.9939393456272285e-01 1.2150429430486727e-05
-9.9938172325374230e-01 1.2272188281317158e-05
-9.9936939018665927e-01 1.2393945638601751e-05
-9.9935693536297643e-01 1.2515701477522012e-05
-9.9934435878421102e-01 1.2637455799887829e-05
-9.9933166045189548e-01 1.2759208574092967e-05
-9.9931884036757668e-01 1.2880959802925628e-05
-9.9930589853281671e-01 1.3002709456943981e-05
-9.9929283494919219e-01 1.3124457531822977e-05
-9.9927964961829485e-01 1.3246204000126128e-05
-9.9926634254173097e-01 1.3367948859420986e-05
-9.9925291372112190e-01 1.3489692084455751e-05
-9.9923936315810358e-01 1.3611433673999614e-05
-9.9922569085432700e-01 1.3733173604847761e-05
-9.9921189681145794e-01 1.3854911859375049e-05
-9.9919798103117696e-01 1.3976648425349342e-05
-9.9918394351517947e-01 1.4098383287159487e-05
-9.9916978426517566e-01 1.4220116432994467e-05
-9.9915550328289060e-01 1.4341847849279171e-05
-9.9914110057006433e-01 1.4463577509305811e-05
-9.9912657612845135e-01 1.4585305416820684e-05
-9.9911192995982134e-01 1.4707031547217463e-05
-9.9909716206595878e-01 1.4828755880364884e-05
-9.9908227244866277e-01 1.4950478409248178e-05
-9.9906726110974742e-01 1.5072199115474389e-05
-9.9905212805104160e-01 1.5193917985260896e-05
-9.9903687327438895e-01 1.5315635008755897e-05
-9.9902149678164809e-01 1.5437350165707148e-05
-9.9900599857469252e-01 1.5559063431455575e-05
-9.9899037865541018e-01 1.5680774810503533e-05
-9.9897463702570422e-01 1.5802484279616326e-05
-9.9895877368749253e-01 1.5924191820145307e-05
-9.9894278864270769e-01 1.6045897425635737e-05
-9.9892668189329736e-01 1.6167601071092939e-05
-9.9891045344122376e-01 1.6289302750027894e-05
-9.9889410328846417e-01 1.6411002438771643e-05
-9.9887763143701047e-01 1.6532700132229810e-05
-9.9886103788886949e-01 1.6654395813950430e-05
-9.9884432264606293e-01 1.6776089465055451e-05
-9.9882748571062729e-01 1.6897781070133851e-05
-9.9881052708461382e-01 1.7019470617859892e-05
-9.9879344677008874e-01 1.7141158086463835e-05
-9.9877624476913285e-01 1.7262843472155817e-05
-9.9875892108384201e-01 1.7384526753840462e-05
-9.9874147571632677e-01 1.7506207920875129e-05
-9.9872390866871263e-01 1.7627886952696255e-05
-9.9870621994313991e-01 1.7749563832542825e-05
-9.9868840954176352e-01 1.7871238553577857e-05
-9.9867047746675341e-01 1.7992911099482592e-05
-9.9865242372029439e-01 1.8114581450612609e-05
-9.9863424830458591e-01 1.8236249596875472e-05
-9.9861595122184244e-01 1.8357915519177329e-05
-9.9859753247429306e-01 1.8479579208110128e-05
-9.9857899206418199e-01 1.8601240637625010e-05
-9.9856032999376776e-01 1.8722899811583779e-05
-9.9854154626532432e-01 1.8844556697825250e-05
-9.9852264088114007e-01 1.8966211287276210e-05
-9.9850361384351827e-01 1.9087863567169564e-05
-9.9848446515477707e-01 1.9209513521697294e-05
-9.9846519481724938e-01 1.9331161138370413e-05
-9.9844580283328299e-01 1.9452806401333895e-05
-9.9842628920524057e-01 1.9574449291409286e-05
-9.9840665393549954e-01 1.9696089792952051e-05
-9.9838689702645200e-01 1.9817727899359518e-05
-9.9836701848050513e-01 1.9939363588078166e-05
-9.9834701830008066e-01 2.0060996852302423e-05
-9.9832689648761541e-01 2.0182627669643502e-05
-9.9830665304556088e-01 2.0304256026655464e-05
-9.9828628797638330e-01 2.0425881912748221e-05
-9.9826580128256392e-01 2.0547505308409771e-05
-9.9824519296659864e-01 2.0669126202479441e-05
-9.9822446303099832e-01 2.0790744574581121e-05
-9.9820361147828840e-01 2.0912360419647905e-05
-9.9818263831100951e-01 2.1033973711329570e-05
-9.9816154353171671e-01 2.1155584443281883e-05
-9.9814032714298007e-01 2.1277192600298367e-05
-9.9811898914738462e-01 2.1398798158545222e-05
-9.9809752954752984e-01 2.1520401113726768e-05
-9.9807594834603031e-01 2.1642001447096217e-05
-9.9805424554551536e-01 2.1763599142051820e-05
-9.9803242114862911e-01 2.1885194185092595e-05
-9.9801047515803043e-01 2.2006786564600849e-05
-9.9798840757639318e-01 2.2128376260557706e-05
-9.9796621840640587e-01 2.2249963260733906e-05
-9.9794390765077190e-01 2.2371547549927196e-05
-9.9792147531220943e-01 2.2493129114996326e-05
-9.9789892139345149e-01 2.2614707939927885e-05
-9.9787624589724588e-01 2.2736284010608177e-05
-9.9785344882635529e-01 2.2857857310282496e-05
-9.9783053018355716e-01 2.2979427823935331e-05
-9.9780748997164370e-01 2.3100995539150133e-05
-9.9778432819342211e-01 2.3222560434793448e-05
-9.9776104485171402e-01 2.3344122507812128e-05
-9.9773763994935638e-01 2.3465681730901616e-05
-9.9771411348920047e-01 2.3587238099800529e-05
-9.9769046547411266e-01 2.3708791596788929e-05
-9.9766669590697421e-01 2.3830342200773689e-05
-9.9764280479068090e-01 2.3951889903076222e-05
-9.9761879212814353e-01 2.4073434686975259e-05
-9.9759465792228763e-01 2.4194976537397183e-05
-9.9757040217605353e-01 2.4316515441351617e-05
-9.9754602489239641e-01 2.4438051379818842e-05
-9.9752152607428635e-01 2.4559584341366913e-05
-9.9749690572470784e-01 2.4681114315746698e-05
-9.9747216384666071e-01 2.4802641279858931e-05
-9.9744730044315932e-01 2.4924165219937413e-05
-9.9742231551723282e-01 2.5045686123841829e-05
-9.9739720907192508e-01 2.5167203981251972e-05
-9.9737198111029512e-01 2.5288718768881019e-05
-9.9734663163541648e-01 2.5410230474868363e-05
-9.9732116065037757e-01 2.5531739084180633e-05
-9.9729556815828146e-01 2.5653244588217674e-05
-9.9726985416224645e-01 2.5774746960722328e-05
-9.9724401866540513e-01 2.5896246196842228e-05
-9.9721806167090521e-01 2.6017742277754939e-05
-9.9719198318190916e-01 2.6139235187457425e-05
-9.9716578320159421e-01 2.6260724910806166e-05
-9.9713946173315227e-01 2.6382211438795731e-05
-9.9711301877979031e-01 2.6503694750474398e-05
-9.9708645434472998e-01 2.6625174830308203e-05
-9.9705976843120758e-01 2.6746651669483015e-05
-9.9703296104247441e-01 2.6868125250740780e-05
-9.9700603218179651e-01 2.6989595558643084e-05
-9.9697898185245482e-01 2.7111062574480718e-05
-9.9695181005774480e-01 2.7232526290121715e-05
-9.9692451680097693e-01 2.7353986689229230e-05
-9.9689710208547655e-01 2.7475443752892647e-05
-9.9686956591458353e-01 2.7596897471953147e-05
-9.9684190829165276e-01 2.7718347829741864e-05
-9.9681412922005397e-01 2.7839794806668386e-05
-9.9678622870317146e-01 2.7961238392708537e-05
-9.9675820674440452e-01 2.8082678570826160e-05
-9.9673006334716707e-01 2.8204115328929725e-05
-9.9670179851488794e-01 2.8325548652040477e-05
-9.9667341225101069e-01 2.8446978526195427e-05
-9.9664490455899390e-01 2.8568404930023453e-05
-9.9661627544231057e-01 2.8689827856168236e-05
-9.9658752490444880e-01 2.8811247285209429e-05
-9.9655865294891133e-01 2.8932663203383528e-05
-9.9652965957921569e-01 2.9054075597801948e-05
-9.9650054479889427e-01 2.9175484452235727e-05
-9.9647130861149424e-01 2.9296889751674843e-05
-9.9644195102057742e-01 2.9418291485979446e-05
-9.9641247202972083e-01 2.9539689629504510e-05
-9.9638287164251571e-01 2.9661084178355953e-05
-9.9635314986256851e-01 2.9782475112638817e-05
-9.9632330669350033e-01 2.9903862417706989e-05
-9.9629334213894705e-01 3.0025246079752391e-05
-9.9626325620255929e-01 3.0146626085918080e-05
-9.9623304888800268e-01 3.0268002415771666e-05
-9.9620272019895739e-01 3.0389375058009945e-05
-9.9617227013911835e-01 3.0510744001796279e-05
-9.9614169871219560e-01 3.0632109225542382e-05
-9.9611100592191371e-01 3.0753470715932699e-05
-9.9608019177201201e-01 3.0874828460505333e-05
-9.9604925626624474e-01 3.0996182443676580e-05
-9.9601819940838088e-01 3.1117532650393214e-05
-9.9598702120220417e-01 3.1238879066291095e-05
-9.9595572165151314e-01 3.1360221677613072e-05
-9.9592430076012117e-01 3.1481560467465155e-05
-9.9589275853185633e-01 3.1602895423255271e-05
-9.9586109497056163e-01 3.1724226525573063e-05
-9.9582931008009468e-01 3.1845553762883663e-05
-9.9579740386432791e-01 3.1966877120657361e-05
-9.9576537632714857e-01 3.2088196584685367e-05
-9.9573322747245863e-01 3.2209512141584739e-05
-9.9570095730417507e-01 3.2330823770463475e-05
-9.9566856582622931e-01 3.2452131462571711e-05
-9.9563605304256775e-01 3.2573435201869383e-05
-9.9560341895715165e-01 3.2694734969380816e-05
-9.9557066357395685e-01 3.2816030753574917e-05
-9.9553778689697392e-01 3.2937322543614681e-05
-9.9550478893020855e-01 3.3058610317751267e-05
-9.9547166967768086e-01 3.3179894065924297e-05
-9.9543842914342595e-01 3.3301173770756158e-05
-9.9540506733149359e-01 3.3422449419228686e-05
-9.9537158424594840e-01 3.3543720994652972e-05
-9.9533797989086981e-01 3.3664988480899314e-05
-9.9530425427035174e-01 3.3786251869222783e-05
-9.9527040738850325e-01 3.3907511140361942e-05
-9.9523643924944805e-01 3.4028766278936944e-05
-9.9520234985732448e-01 3.4150017273435005e-05
-9.9516813921628577e-01 3.4271264108636095e-05
-9.9513380733050005e-01 3.4392506766431436e-05
-9.9509935420414997e-01 3.4513745235715464e-05
-9.9506477984143316e-01 3.4634979498557384e-05
-9.9503008424656192e-01 3.4756209540733117e-05
-9.9499526742376332e-01 3.4877435348118515e-05
-9.9496032937727907e-01 3.4998656910100866e-05
-9.9492527011136600e-01 3.5119874205855933e-05
-9.9489008963029546e-01 3.5241087221538928e-05
-9.9485478793835347e-01 3.5362295946759975e-05
-9.9481936503984114e-01 3.5483500360965848e-05
-9.9478382093907403e-01 3.5604700453867414e-05
-9.9474815564038277e-01 3.5725896205035321e-05
-9.9471236914811234e-01 3.5847087607292017e-05
-9.9467646146662292e-01 3.5968274640410517e-05
-9.9464043260028911e-01 3.6089457293918349e-05
-9.9460428255350053e-01 3.6210635550648168e-05
-9.9456801133066153e-01 3.6331809393298141e-05
-9.9453161893619113e-01 3.6452978808035907e-05
-9.9449510537452301e-01 3.6574143784053232e-05
-9.9445847065010584e-01 3.6695304303899780e-05
-9.9442171476740293e-01 3.6816460353230926e-05
-9.9438483773089237e-01 3.6937611917689936e-05
-9.9434783954506700e-01 3.7058758982559998e-05
-9.9431072021443456e-01 3.7179901529844278e-05
-9.9427347974351732e-01 3.7301039547852563e-05
-9.9423611813685242e-01 3.7422173021408854e-05
-9.9419863539899167e-01 3.7543301938326090e-05
-9.9416103153450186e-01 3.7664426279652463e-05
-9.9412330654796444e-01 3.7785546029758753e-05
-9.9408546044397539e-01 3.7906661178757726e-05
-9.9404749322714570e-01 3.8027771710376103e-05
-9.9400940490210110e-01 3.8148877607614599e-05
-9.9397119547348201e-01 3.8269978856878903e-05
-9.9393286494594357e-01 3.8391075443943768e-05
-9.9389441332415585e-01 3.8512167351169523e-05
-9.9385584061280330e-01 3.8633254569961480e-05
-9.9381714681658562e-01 3.8754337078795196e-05
-9.9377833194021681e-01 3.8875414868260605e-05
-9.9373939598842587e-01 3.8996487922416003e-05
-9.9370033896595655e-01 3.9117556224656346e-05
-9.9366116087756740e-01 3.9238619758310087e-05
-9.9362186172803135e-01 3.9359678515177590e-05
-9.9358244152213659e-01 3.9480732474591304e-05
-9.9354290026468572e-01 3.9601781624263030e-05
-9.9350323796049622e-01 3.9722825948697908e-05
-9.9346345461440022e-01 3.9843865434663553e-05
-9.9342355023124473e-01 3.9964900065584407e-05
-9.9338352481589143e-01 4.0085929827261316e-05
-9.9334337837321673e-01 4.0206954704999302e-05
-9.9330311090811174e-01 4.0327974686463940e-05
-9.9326272242548252e-01 4.0448989752835933e-05
-9.9322221293024970e-01 4.0569999890733935e-05
-9.9318158242734866e-01 4.0691005085937368e-05
-9.9314083092172956e-01 4.0812005323909060e-05
-9.9309995841835730e-01 4.0933000589295949e-05
-9.9305896492221146e-01 4.1053990868967017e-05
-9.9301785043828650e-01 4.1174976146451819e-05
-9.9297661497159151e-01 4.1295956407292823e-05
-9.9293525852715037e-01 4.1416931636429282e-05
-9.9289378111000171e-01 4.1537901818221478e-05
-9.9285218272519871e-01 4.1658866941893450e-05
-9.9281046337780954e-01 4.1779826990243254e-05
-9.9276862307291713e-01 4.1900781945434450e-05
-9.9272666181561886e-01 4.2021731797401752e-05
-9.9268457961102707e-01 4.2142676529479577e-05
-9.9264237646426867e-01 4.2263616130173755e-05
-9.9260005238048565e-01 4.2384550578317658e-05
-9.9255760736483434e-01 4.2505479863540851e-05
-9.9251504142248603e-01 4.2626403969049918e-05
-9.9247235455862659e-01 4.2747322882589327e-05
-9.9242954677845674e-01 4.2868236588448604e-05
-9.9238661808719197e-01 4.2989145069923831e-05
-9.9234356849006233e-01 4.3110048315055609e-05
-9.9230039799231273e-01 4.3230946308275546e-05
-9.9225710659920285e-01 4.3351839033042553e-05
-9.9221369431600692e-01 4.3472726477483659e-05
-9.9217016114801404e-01 4.3593608625939781e-05
-9.9212650710052808e-01 4.3714485461915332e-05
-9.9208273217886755e-01 4.3835356970652253e-05
-9.9203883638836554e-01 4.3956223141931945e-05
-9.9199481973437020e-01 4.4077083956153470e-05
-9.9195068222224414e-01 4.4197939401251778e-05
-9.9190642385736483e-01 4.4318789461139444e-05
-9.9186204464512451e-01 4.4439634118808677e-05
-9.9181754459092974e-01 4.4560473367070219e-05
-9.9177292370020242e-01 4.4681307184062754e-05
-9.9172818197837886e-01 4.4802135555046452e-05
-9.9168331943090993e-01 4.4922958469634099e-05
-9.9163833606326135e-01 4.5043775913428969e-05
-9.9159323188091386e-01 4.5164587865772856e-05
-9.9154800688936240e-01 4.5285394318185523e-05
-9.9150266109411700e-01 4.5406195252994916e-05
-9.9145719450070235e-01 4.5526990654206905e-05
-9.9141160711465770e-01 4.5647780509711121e-05
-9.9136589894153715e-01 4.5768564803821523e-05
-9.9132006998690947e-01 4.5889343522184318e-05
-9.9127412025635819e-01 4.6010116649218186e-05
-9.9122804975548151e-01 4.6130884170841008e-05
-9.9118185848989238e-01 4.6251646071634724e-05
-9.9113554646521840e-01 4.6372402337582164e-05
-9.9108911368710195e-01 4.6493152953567899e-05
-9.9104256016120007e-01 4.6613897905587125e-05
-9.9099588589318455e-01 4.6734637178498512e-05
-9.9094909088874183e-01 4.6855370758349109e-05
-9.9090217515357326e-01 4.6976098627365652e-05
-9.9085513869339459e-01 4.7096820774192526e-05
-9.9080798151393645e-01 4.7217537183547413e-05
-9.9076070362094415e-01 4.7338247841382081e-05
-9.9071330502017785e-01 4.7458952729593777e-05
-9.9066578571741215e-01 4.7579651836667846e-05
-9.9061814571843654e-01 4.7700345146824214e-05
-9.9057038502905514e-01 4.7821032645623694e-05
-9.9052250365508676e-01 4.7941714319698180e-05
-9.9047450160236516e-01 4.8062390149269122e-05
-9.9042637887673834e-01 4.8183060125596799e-05
-9.9037813548406939e-01 4.8303724231058162e-05
-9.9032977143023582e-01 4.8424382454000763e-05
-9.9028128672113025e-01 4.8545034773822578e-05
-9.9023268136265952e-01 4.8665681181026098e-05
-9.9018395536074555e-01 4.8786321656961568e-05
-9.9013510872132460e-01 4.8906956191627175e-05
-9.9008614145034790e-01 4.9027584768309760e-05
-9.9003705355378147e-01 4.9148207368883232e-05
-9.8998784503760562e-01 4.9268823983500033e-05
-9.8993851590781567e-01 4.9389434595919003e-05
-9.8988906617042172e-01 4.9510039188232397e-05
-9.8983949583144815e-01 4.9630637750732870e-05
-9.8978980489693436e-01 4.9751230267292442e-05
-9.8973999337293439e-01 4.9871816722500621e-05
-9.8969006126551706e-01 4.9992397099562168e-05
-9.8964000858076562e-01 5.0112971387002564e-05
-9.8958983532477818e-01 5.0233539569519773e-05
-9.8953954150366763e-01 5.0354101630097288e-05
-9.8948912712356130e-01 5.0474657557200040e-05
-9.8943859219060137e-01 5.0595207335309802e-05
-9.8938793671094472e-01 5.0715750949440148e-05
-9.8933716069076294e-01 5.0836288383106226e-05
-9.8928626413624210e-01 5.0956819625178110e-05
-9.8923524705358323e-01 5.1077344657946272e-05
-9.8918410944900192e-01 5.1197863466875811e-05
-9.8913285132872830e-01 5.1318376040224051e-05
-9.8908147269900748e-01 5.1438882359875274e-05
-9.8902997356609901e-01 5.1559382412938649e-05
-9.8897835393627731e-01 5.1679876182529861e-05
-9.8892661381583113e-01 5.1800363659147458e-05
-9.8887475321106444e-01 5.1920844822148813e-05
-9.8882277212829539e-01 5.2041319660903201e-05
-9.8877067057385715e-01 5.2161788158045865e-05
-9.8871844855409730e-01 5.2282250301531636e-05
-9.8866610607537830e-01 5.2402706075023919e-05
-9.8861364314407729e-01 5.2523155462625241e-05
-9.8856105976658593e-01 5.2643598451264500e-05
-9.8850835594931052e-01 5.2764035028106011e-05
-9.8845553169867229e-01 5.2884465176261989e-05
-9.8840258702110706e-01 5.3004888879140990e-05
-9.8834952192306502e-01 5.3125306127410012e-05
-9.8829633641101156e-01 5.3245716900576862e-05
-9.8824303049142626e-01 5.3366121187614926e-05
-9.8818960417080359e-01 5.3486518973414613e-05
-9.8813605745565281e-01 5.3606910240573096e-05
-9.8808239035249745e-01 5.3727294978998512e-05
-9.8802860286787608e-01 5.3847673171941788e-05
-9.8797469500834190e-01 5.3968044802945468e-05
-9.8792066678046264e-01 5.4088409858087750e-05
-9.8786651819082061e-01 5.4208768325702424e-05
-9.8781224924601307e-01 5.4329120187781183e-05
-9.8775785995265175e-01 5.4449465430849230e-05
-9.8770335031736312e-01 5.4569804039394999e-05
-9.8764872034678819e-01 5.4690136000271869e-05
-9.8759397004758276e-01 5.4810461298090958e-05
-9.8753909942641727e-01 5.4930779917871765e-05
-9.8748410848997670e-01 5.5051091846558860e-05
-9.8742899724496092e-01 5.5171397067098477e-05
-9.8737376569808433e-01 5.5291695564492047e-05
-9.8731841385607577e-01 5.5411987328177950e-05
-9.8726294172567919e-01 5.5532272338901962e-05
-9.8720734931365284e-01 5.5652550584029786e-05
-9.8715163662676964e-01 5.5772822050704459e-05
-9.8709580367181748e-01 5.5893086719792610e-05
-9.8703985045559850e-01 5.6013344580552372e-05
-9.8698377698492967e-01 5.6133595618054653e-05
-9.8692758326664276e-01 5.6253839814998629e-05
-9.8687126930758395e-01 5.6374077158330139e-05
-9.8681483511461410e-01 5.6494307634898721e-05
-9.8675828069460891e-01 5.6614531227234501e-05
-9.8670160605445856e-01 5.6734747921743997e-05
-9.8664481120106784e-01 5.6854957704996411e-05
-9.8658789614135634e-01 5.6975160561124505e-05
-9.8653086088225816e-01 5.7095356476046125e-05
-9.8647370543072210e-01 5.7215545435755081e-05
-9.8641642979371169e-01 5.7335727423707321e-05
-9.8635903397820501e-01 5.7455902425365328e-05
-9.8630151799119470e-01 5.7576070427907923e-05
-9.8624388183968825e-01 5.7696231414230326e-05
-9.8618612553070750e-01 5.7816385373023860e-05
-9.8612824907128915e-01 5.7936532288684405e-05
-9.8607025246848468e-01 5.8056672143179217e-05
-9.8601213572935975e-01 5.8176804926250449e-05
-9.8595389886099505e-01 5.8296930621445986e-05
-9.8589554187048578e-01 5.8417049213742951e-05
-9.8583706476494182e-01 5.8537160687869679e-05
-9.8577846755148757e-01 5.8657265030184381e-05
-9.8571975023726199e-01 5.8777362228688474e-05
-9.8566091282941914e-01 5.8897452262758313e-05
-9.8560195533512707e-01 5.9017535123714608e-05
-9.8554287776156890e-01 5.9137610794164107e-05
-9.8548368011594234e-01 5.9257679258266935e-05
-9.8542436240545950e-01 5.9377740503822029e-05
-9.8536492463734737e-01 5.9497794514164139e-05
-9.8530536681884739e-01 5.9617841275946240e-05
-9.8524568895721565e-01 5.9737880775520952e-05
-9.8518589105972298e-01 5.9857912996549293e-05
-9.8512597313365480e-01 5.9977937924221035e-05
-9.8506593518631103e-01 6.0097955545129530e-05
-9.8500577722500637e-01 6.0217965843332981e-05
-9.8494549925706998e-01 6.0337968806144149e-05
-9.8488510128984585e-01 6.0457964416475439e-05
-9.8482458333069234e-01 6.0577952662465278e-05
-9.8476394538698275e-01 6.0697933525695844e-05
-9.8470318746610452e-01 6.0817906996915633e-05
-9.8464230957546028e-01 6.0937873056474049e-05
-9.8458131172246688e-01 6.1057831691726226e-05
-9.8452019391455581e-01 6.1177782889555024e-05
-9.8445895615917345e-01 6.1297726631990844e-05
-9.8439759846378039e-01 6.1417662908321510e-05
-9.8433612083585220e-01 6.1537591701092546e-05
-9.8427452328287890e-01 6.1657512996155141e-05
-9.8421280581236514e-01 6.1777426778453223e-05
-9.8415096843183003e-01 6.1897333036137331e-05
-9.8408901114880765e-01 6.2017231750617773e-05
-9.8402693397084628e-01 6.2137122910313226e-05
-9.8396473690550901e-01 6.2257006500899385e-05
-9.8390241996037364e-01 6.2376882505267987e-05
-9.8383998314303245e-01 6.2496750909177902e-05
-9.8377742646109223e-01 6.2616611699602807e-05
-9.8371474992217445e-01 6.2736464862592326e-05
-9.8365195353391532e-01 6.2856310381227782e-05
-9.8358903730396552e-01 6.2976148241796200e-05
-9.8352600123999034e-01 6.3095978429359239e-05
-9.8346284534966966e-01 6.3215800930096724e-05
-9.8339956964069797e-01 6.3335615729143022e-05
-9.8333617412078445e-01 6.3455422810778530e-05
-9.8327265879765269e-01 6.3575222161935875e-05
-9.8320902367904095e-01 6.3695013768669397e-05
-9.8314526877270225e-01 6.3814797614105144e-05
-9.8308139408640394e-01 6.3934573685867936e-05
-9.8301739962792822e-01 6.4054341966938416e-05
-9.8295328540507165e-01 6.4174102444778733e-05
-9.8288905142564553e-01 6.4293855103993231e-05
-9.8282469769747571e-01 6.4413599929800291e-05
-9.8276022422840259e-01 6.4533336908363716e-05
-9.8269563102628132e-01 6.4653066022814839e-05
-9.8263091809898129e-01 6.4772787262501333e-05
-9.8256608545438684e-01 6.4892500610197733e-05
-9.8250113310039677e-01 6.5012206051104409e-05
-9.8243606104492431e-01 6.5131903572167917e-05
-9.8237086929589768e-01 6.5251593157074445e-05
-9.8230555786125906e-01 6.5371274794137011e-05
-9.8224012674896588e-01 6.5490948464720918e-05
-9.8217457596698965e-01 6.5610614157262498e-05
-9.8210890552331676e-01 6.5730271855375568e-05
-9.8204311542594791e-01 6.5849921546842118e-05
-9.8197720568289870e-01 6.5969563214569212e-05
-9.8191117630219915e-01 6.6089196843701343e-05
-9.8184502729189360e-01 6.6208822423731480e-05
-9.8177875866004150e-01 6.6328439935425687e-05
-9.8171237041471637e-01 6.6448049367413557e-05
-9.8164586256400677e-01 6.6567650701487879e-05
-9.8157923511601530e-01 6.6687243927103390e-05
-9.8151248807885949e-01 6.6806829028800914e-05
-9.8144562146067149e-01 6.6926405989757806e-05
-9.8137863526959779e-01 6.7045974797073078e-05
-9.8131152951379952e-01 6.7165535436481758e-05
-9.8124430420145248e-01 6.7285087892334311e-05
-9.8117695934074689e-01 6.7404632151141702e-05
-9.8110949493988764e-01 6.7524168197754918e-05
-9.8104191100709415e-01 6.7643696017656964e-05
-9.8097420755060050e-01 6.7763215595615669e-05
-9.8090638457865498e-01 6.7882726918395565e-05
-9.8083844209952098e-01 6.8002229969560393e-05
-9.8077038012147588e-01 6.8121724738272657e-05
-9.8070219865281216e-01 6.8241211205932598e-05
-9.8063389770183651e-01 6.8360689359403263e-05
-9.8056547727687027e-01 6.8480159184142520e-05
-9.8049693738624932e-01 6.8599620665634893e-05
-9.8042827803832411e-01 6.8719073789646340e-05
-9.8035949924145960e-01 6.8838518542074399e-05
-9.8029060100403542e-01 6.8957954907246860e-05
-9.8022158333444565e-01 6.9077382871266459e-05
-9.8015244624109898e-01 6.9196802418670388e-05
-9.8008318973241859e-01 6.9316213535838112e-05
-9.8001381381684227e-01 6.9435616207476580e-05
-9.7994431850282226e-01 6.9555010420056806e-05
-9.7987470379882535e-01 6.9674396160096722e-05
-9.7980496971333320e-01 6.9793773409059290e-05
-9.7973511625484155e-01 6.9913142155171660e-05
-9.7966514343186084e-01 7.0032502385044301e-05
-9.7959505125291624e-01 7.0151854081760393e-05
-9.7952483972654725e-01 7.0271197231837747e-05
-9.7945450886130803e-01 7.0390531820037046e-05
-9.7938405866576728e-01 7.0509857830997180e-05
-9.7931348914850791e-01 7.0629175254487264e-05
-9.7924280031812794e-01 7.0748484071582156e-05
-9.7917199218323958e-01 7.0867784268345576e-05
-9.7910106475246950e-01 7.0987075832457057e-05
-9.7903001803445922e-01 7.1106358746349081e-05
-9.7895885203786448e-01 7.1225632998108516e-05
-9.7888756677135558e-01 7.1344898572471259e-05
-9.7881616224361767e-01 7.1464155453774384e-05
-9.7874463846335003e-01 7.1583403629639297e-05
-9.7867299543926678e-01 7.1702643083255117e-05
-9.7860123318009640e-01 7.1821873800825630e-05
-9.7852935169458188e-01 7.1941095768399702e-05
-9.7845735099148079e-01 7.2060308971708052e-05
-9.7838523107956532e-01 7.2179513394568910e-05
-9.7831299196762189e-01 7.2298709025420696e-05
-9.7824063366445191e-01 7.2417895845776462e-05
-9.7816815617887076e-01 7.2537073845111273e-05
-9.7809555951970883e-01 7.2656243005934782e-05
-9.7802284369581083e-01 7.2775403313688348e-05
-9.7795000871603577e-01 7.2894554756699654e-05
-9.7787705458925755e-01 7.3013697318003945e-05
-9.7780398132436441e-01 7.3132830984316057e-05
-9.7773078893025900e-01 7.3251955740311227e-05
-9.7765747741585873e-01 7.3371071571789700e-05
-9.7758404679009536e-01 7.3490178464204707e-05
-9.7751049706191517e-01 7.3609276403218259e-05
-9.7743682824027900e-01 7.3728365374117757e-05
-9.7736304033416221e-01 7.3847445361683594e-05
-9.7728913335255452e-01 7.3966516353352494e-05
-9.7721510730446037e-01 7.4085578332869665e-05
-9.7714096219889857e-01 7.4204631286524584e-05
-9.7706669804490254e-01 7.4323675198611838e-05
-9.7699231485152005e-01 7.4442710056003052e-05
-9.7691781262781341e-01 7.4561735844933509e-05
-9.7684319138285969e-01 7.4680752547812054e-05
-9.7676845112575006e-01 7.4799760152967563e-05
-9.7669359186559035e-01 7.4918758646354549e-05
-9.7661861361150115e-01 7.5037748010109209e-05
-9.7654351637261716e-01 7.5156728232106843e-05
-9.7646830015808761e-01 7.5275699299569694e-05
-9.7639296497707662e-01 7.5394661194179598e-05
-9.7631751083876239e-01 7.5513613903287018e-05
-9.7624193775233781e-01 7.5632557411972804e-05
-9.7616624572701016e-01 7.5751491706140404e-05
-9.7609043477200119e-01 7.5870416772420060e-05
-9.7601450489654740e-01 7.5989332593685429e-05
-9.7593845610989938e-01 7.6108239158194087e-05
-9.7586228842132261e-01 7.6227136448782625e-05
-9.7578600184009667e-01 7.6346024453625584e-05
-9.7570959637551591e-01 7.6464903157044816e-05
-9.7563307203688909e-01 7.6583772544024732e-05
-9.7555642883353944e-01 7.6702632600315662e-05
-9.7547966677480469e-01 7.6821483310752465e-05
-9.7540278587003681e-01 7.6940324663930335e-05
-9.7532578612860277e-01 7.7059156641344178e-05
-9.7524866755988349e-01 7.7177979231345326e-05
-9.7517143017327468e-01 7.7296792418270432e-05
-9.7509407397818648e-01 7.7415596187033217e-05
-9.7501659898404325e-01 7.7534390526206405e-05
-9.7493900520028431e-01 7.7653175417228605e-05
-9.7486129263636301e-01 7.7771950848241870e-05
-9.7478346130174742e-01 7.7890716803382168e-05
-9.7470551120591997e-01 7.8009473268733263e-05
-9.7462744235837750e-01 7.8128220230992847e-05
-9.7454925476863152e-01 7.8246957674130057e-05
-9.7447094844620785e-01 7.8365685584204966e-05
-9.7439252340064686e-01 7.8484403946271183e-05
-9.7431397964150335e-01 7.8603112745693999e-05
-9.7423531717834644e-01 7.8721811969750883e-05
-9.7415653602075991e-01 7.8840501603291344e-05
-9.7407763617834198e-01 7.8959181631281969e-05
-9.7399861766070539e-01 7.9077852037786369e-05
-9.7391948047747701e-01 7.9196512811539820e-05
-9.7384022463829856e-01 7.9315163935692355e-05
-9.7376085015282599e-01 7.9433805396815046e-05
-9.7368135703072967e-01 7.9552437181566407e-05
-9.7360174528169474e-01 7.9671059272516152e-05
-9.7352201491542045e-01 7.9789671656995868e-05
-9.7344216594162059e-01 7.9908274321025728e-05
-9.7336219837002347e-01 8.0026867249504628e-05
-9.7328211221037186e-01 8.0145450427406107e-05
-9.7320190747242286e-01 8.0264023841487340e-05
-9.7312158416594807e-01 8.0382587477075346e-05
-9.7304114230073369e-01 8.0501141318420054e-05
-9.7296058188658008e-01 8.0619685352709651e-05
-9.7287990293330229e-01 8.0738219564286591e-05
-9.7279910545072956e-01 8.0856743940677507e-05
-9.7271818944870603e-01 8.0975258463614839e-05
-9.7263715493708958e-01 8.1093763123697322e-05
-9.7255600192575331e-01 8.1212257901302359e-05
-9.7247473042458410e-01 8.1330742785743471e-05
-9.7239334044348358e-01 8.1449217761837438e-05
-9.7231183199236781e-01 8.1567682814671815e-05
-9.7223020508116731e-01 8.1686137929116225e-05
-9.7214845971982689e-01 8.1804583091549292e-05
-9.7206659591830580e-01 8.1923018288381167e-05
-9.7198461368657796e-01 8.2041443503120062e-05
-9.7190251303463138e-01 8.2159858723353856e-05
-9.7182029397246883e-01 8.2278263932560215e-05
-9.7173795651010719e-01 8.2396659118247939e-05
-9.7165550065757800e-01 8.2515044265003099e-05
-9.7157292642492699e-01 8.2633419360194553e-05
-9.7149023382221467e-01 8.2751784386726233e-05
-9.7140742285951576e-01 8.2870139330245540e-05
-9.7132449354691919e-01 8.2988484179083300e-05
-9.7124144589452877e-01 8.3106818915702787e-05
-9.7115827991246229e-01 8.3225143528030881e-05
-9.7107499561085220e-01 8.3343458001003854e-05
-9.7099159299984539e-01 8.3461762319218092e-05
-9.7090807208960295e-01 8.3580056469988864e-05
-9.7082443289030063e-01 8.3698340436825252e-05
-9.7074067541212850e-01 8.3816614207133408e-05
-9.7065679966529095e-01 8.3934877765278214e-05
-9.7057280566000681e-01 8.4053131098076991e-05
-9.7048869340650945e-01 8.4171374190003721e-05
-9.7040446291504656e-01 8.4289607026494695e-05
-9.7032011419588016e-01 8.4407829594181335e-05
-9.7023564725928679e-01 8.4526041877794550e-05
-9.7015106211555735e-01 8.4644243863212797e-05
-9.7006635877499703e-01 8.4762435537161660e-05
-9.6998153724792568e-01 8.4880616883367983e-05
-9.6989659754467727e-01 8.4998787889151059e-05
-9.6981153967560041e-01 8.5116948538697379e-05
-9.6972636365105802e-01 8.5235098817052949e-05
-9.6964106948142725e-01 8.5353238711650620e-05
-9.6955565717709979e-01 8.5471368208014069e-05
-9.6947012674848176e-01 8.5589487291153307e-05
-9.6938447820599372e-01 8.5707595945637956e-05
-9.6929871156007030e-01 8.5825694159535787e-05
-9.6921282682116094e-01 8.5943781916279527e-05
-9.6912682399972927e-01 8.6061859201561950e-05
-9.6904070310625323e-01 8.6179926001843255e-05
-9.6895446415122521e-01 8.6297982302905443e-05
-9.6886810714515204e-01 8.6416028090015469e-05
-9.6878163209855483e-01 8.6534063349179440e-05
-9.6869503902196930e-01 8.6652088064419821e-05
-9.6860832792594520e-01 8.6770102223137532e-05
-9.6852149882104688e-01 8.6888105810776467e-05
-9.6843455171785309e-01 8.7006098812045013e-05
-9.6834748662695691e-01 8.7124081212365285e-05
-9.6826030355896564e-01 8.7242052999112209e-05
-9.6817300252450122e-01 8.7360014156296432e-05
-9.6808558353419971e-01 8.7477964671196985e-05
-9.6799804659871180e-01 8.7595904527641431e-05
-9.6791039172870241e-01 8.7713833711438813e-05
-9.6782261893485078e-01 8.7831752208895872e-05
-9.6773472822785045e-01 8.7949660006897315e-05
-9.6764671961840965e-01 8.8067557088818214e-05
-9.6755859311725079e-01 8.8185443439970518e-05
-9.6747034873511040e-01 8.8303319048672381e-05
-9.6738198648273976e-01 8.8421183898599595e-05
-9.6729350637090428e-01 8.8539037976340172e-05
-9.6720490841038387e-01 8.8656881266439285e-05
-9.6711619261197268e-01 8.8774713755102386e-05
-9.6702735898647929e-01 8.8892535427667944e-05
-9.6693840754472649e-01 8.9010346271203337e-05
-9.6684933829755160e-01 8.9128146270476137e-05
-9.6676015125580639e-01 8.9245935409332542e-05
-9.6667084643035661e-01 8.9363713675950983e-05
-9.6658142383208256e-01 8.9481481056145066e-05
-9.6649188347187909e-01 8.9599237533445150e-05
-9.6640222536065512e-01 8.9716983094340316e-05
-9.6631244950933393e-01 8.9834717725563912e-05
-9.6622255592885331e-01 8.9952441411524041e-05
-9.6613254463016540e-01 9.0070154136896616e-05
-9.6604241562423632e-01 9.0187855890465186e-05
-9.6595216892204694e-01 9.0305546656082485e-05
-9.6586180453459236e-01 9.0423226419029913e-05
-9.6577132247288200e-01 9.0540895164815859e-05
-9.6568072274793948e-01 9.0658552880508558e-05
-9.6559000537080297e-01 9.0776199550604230e-05
-9.6549917035252486e-01 9.0893835161088952e-05
-9.6540821770417184e-01 9.1011459698099980e-05
-9.6531714743682506e-01 9.1129073146584196e-05
-9.6522595956157986e-01 9.1246675492843938e-05
-9.6513465408954602e-01 9.1364266722000322e-05
-9.6504323103184764e-01 9.1481846819199602e-05
-9.6495169039962303e-01 9.1599415771031199e-05
-9.6486003220402483e-01 9.1716973563944279e-05
-9.6476825645622022e-01 9.1834520182009096e-05
-9.6467636316739047e-01 9.1952055611739595e-05
-9.6458435234873130e-01 9.2069579838366871e-05
-9.6449222401145263e-01 9.2187092848441653e-05
-9.6439997816677892e-01 9.2304594625873188e-05
-9.6430761482594862e-01 9.2422085158301232e-05
-9.6421513400021475e-01 9.2539564430805171e-05
-9.6412253570084450e-01 9.2657032429581878e-05
-9.6402981993911963e-01 9.2774489138185972e-05
-9.6393698672633588e-01 9.2891934543901916e-05
-9.6384403607380342e-01 9.3009368632606242e-05
-9.6375096799284676e-01 9.3126791389927456e-05
-9.6365778249480472e-01 9.3244202801442500e-05
-9.6356447959103042e-01 9.3361602852424437e-05
-9.6347105929289123e-01 9.3478991529298908e-05
-9.6337752161176893e-01 9.3596368816992263e-05
-9.6328386655905951e-01 9.3713734701411527e-05
-9.6319009414617329e-01 9.3831089168235800e-05
-9.6309620438453492e-01 9.3948432202979951e-05
-9.6300219728558323e-01 9.4065763791972758e-05
-9.6290807286077151e-01 9.4183083920043646e-05
-9.6281383112156715e-01 9.4300392574318947e-05
-9.6271947207945197e-01 9.4417689740225669e-05
-9.6262499574592220e-01 9.4534975401583992e-05
-9.6253040213248808e-01 9.4652249545807820e-05
-9.6243569125067430e-01 9.4769512158406004e-05
-9.6234086311201983e-01 9.4886763224650037e-05
-9.6224591772807788e-01 9.5004002730734178e-05
-9.6215085511041598e-01 9.5121230662273434e-05
-9.6205567527061597e-01 9.5238447004503872e-05
-9.6196037822027380e-01 9.5355651744745233e-05
-9.6186496397100008e-01 9.5472844866100064e-05
-9.6176943253441927e-01 9.5590026356100297e-05
-9.6167378392217040e-01 9.5707196199400039e-05
-9.6157801814590649e-01 9.5824354383771727e-05
-9.6148213521729520e-01 9.5941500892738292e-05
-9.6138613514801829e-01 9.6058635711894984e-05
-9.6129001794977154e-01 9.6175758829815288e-05
-9.6119378363426555e-01 9.6292870228426231e-05
-9.6109743221322463e-01 9.6409969896432012e-05
-9.6100096369838772e-01 9.6527057818263814e-05
-9.6090437810150786e-01 9.6644133980137333e-05
-9.6080767543435242e-01 9.6761198367686037e-05
-9.6071085570870307e-01 9.6878250965945348e-05
-9.6061391893635562e-01 9.6995291761590855e-05
-9.6051686512912027e-01 9.7112320739520163e-05
-9.6041969429882146e-01 9.7229337885126671e-05
-9.6032240645729761e-01 9.7346343186729468e-05
-9.6022500161640190e-01 9.7463336627114474e-05
-9.6012747978800128e-01 9.7580318194294709e-05
-9.6002984098397737e-01 9.7697287872016965e-05
-9.5993208521622575e-01 9.7814245646886359e-05
-9.5983421249665635e-01 9.7931191504565835e-05
-9.5973622283719329e-01 9.8048125431356674e-05
-9.5963811624977502e-01 9.8165047412590434e-05
-9.5953989274635421e-01 9.8281957434037396e-05
-9.5944155233889772e-01 9.8398855481851010e-05
-9.5934309503938675e-01 9.8515741541286235e-05
-9.5924452085981671e-01 9.8632615597940489e-05
-9.5914582981219720e-01 9.8749477637730731e-05
-9.5904702190855207e-01 9.8866327646944324e-05
-9.5894809716091955e-01 9.8983165609609032e-05
-9.5884905558135169e-01 9.9099991514902525e-05
-9.5874989718191539e-01 9.9216805345086050e-05
-9.5865062197469131e-01 9.9333607087403805e-05
-9.5855122997177444e-01 9.9450396728112322e-05
-9.5845172118527411e-01 9.9567174252518587e-05
-9.5835209562731383e-01 9.9683939646087231e-05
-9.5825235331003134e-01 9.9800692894519064e-05
-9.5815249424557858e-01 9.9917433983544006e-05
-9.5805251844612160e-01 1.0003416290033520e-04
-9.5795242592384100e-01 1.0015087962850761e-04
-9.5785221669093124e-01 1.0026758415554407e-04
-9.5775189075960110e-01 1.0038427646757237e-04
-9.5765144814207392e-01 1.0050095654749101e-04
-9.5755088885058659e-01 1.0061762438514756e-04
-9.5745021289739096e-01 1.0073427996235613e-04
-9.5734942029475245e-01 1.0085092326782645e-04
-9.5724851105495112e-01 1.0096755428579593e-04
-9.5714748519028103e-01 1.0108417300264504e-04
-9.5704634271305045e-01 1.0120077940481253e-04
-9.5694508363558206e-01 1.0131737347646455e-04
-9.5684370797021256e-01 1.0143395520386744e-04
-9.5674221572929274e-01 1.0155052457449066e-04
-9.5664060692518793e-01 1.0166708157222547e-04
-9.5653888157027744e-01 1.0178362618319811e-04
-9.5643703967695470e-01 1.0190015839450385e-04
-9.5633508125762767e-01 1.0201667818979326e-04
-9.5623300632471808e-01 1.0213318555694690e-04
-9.5613081489066221e-01 1.0224968048047357e-04
-9.5602850696791042e-01 1.0236616294573487e-04
-9.5592608256892708e-01 1.0248263294074647e-04
-9.5582354170619088e-01 1.0259909044995987e-04
-9.5572088439219505e-01 1.0271553545759110e-04
-9.5561811063944635e-01 1.0283196795210176e-04
-9.5551522046046611e-01 1.0294838791895723e-04
-9.5541221386778996e-01 1.0306479534214086e-04
-9.5530909087396743e-01 1.0318119020879388e-04
-9.5520585149156234e-01 1.0329757250467561e-04
-9.5510249573315265e-01 1.0341394221626041e-04
-9.5499902361133071e-01 1.0353029932752522e-04
-9.5489543513870279e-01 1.0364664382538098e-04
-9.5479173032788944e-01 1.0376297569543188e-04
-9.5468790919152524e-01 1.0387929492494144e-04
-9.5458397174225929e-01 1.0399560149760245e-04
-9.5447991799275456e-01 1.0411189539996860e-04
-9.5437574795568825e-01 1.0422817661818989e-04
-9.5427146164375176e-01 1.0434444513802582e-04
-9.5416705906965071e-01 1.0446070094471629e-04
-9.5406254024610471e-01 1.0457694402527461e-04
-9.5395790518584778e-01 1.0469317436415623e-04
-9.5385315390162784e-01 1.0480939194841030e-04
-9.5374828640620712e-01 1.0492559676372183e-04
-9.5364330271236208e-01 1.0504178879507021e-04
-9.5353820283288315e-01 1.0515796802918003e-04
-9.5343298678057509e-01 1.0527413445108584e-04
-9.5332765456825663e-01 1.0539028804760774e-04
-9.5322220620876086e-01 1.0550642880362418e-04
-9.5311664171493493e-01 1.0562255670473224e-04
-9.5301096109963990e-01 1.0573867173917536e-04
-9.5290516437575146e-01 1.0585477389009303e-04
-9.5279925155615908e-01 1.0597086314447999e-04
-9.5269322265376655e-01 1.0608693948748503e-04
-9.5258707768149153e-01 1.0620300290694149e-04
-9.5248081665226625e-01 1.0631905338668203e-04
-9.5237443957903678e-01 1.0643509091315413e-04
-9.5226794647476343e-01 1.0655111547201616e-04
-9.5216133735242059e-01 1.0666712704938067e-04
-9.5205461222499677e-01 1.0678312563163704e-04
-9.5194777110549478e-01 1.0689911120336507e-04
-9.5184081400693132e-01 1.0701508375159728e-04
-9.5173374094233743e-01 1.0713104326152994e-04
-9.5162655192475809e-01 1.0724698971975102e-04
-9.5151924696725254e-01 1.0736292311188788e-04
-9.5141182608289410e-01 1.0747884342401064e-04
-9.5130428928477040e-01 1.0759475064014583e-04
-9.5119663658598275e-01 1.0771064474889294e-04
-9.5108886799964698e-01 1.0782652573470075e-04
-9.5098098353889293e-01 1.0794239358332022e-04
-9.5087298321686453e-01 1.0805824828072182e-04
-9.5076486704671981e-01 1.0817408981291115e-04
-9.5065663504163078e-01 1.0828991816721768e-04
-9.5054828721478402e-01 1.0840573332673510e-04
-9.5043982357937973e-01 1.0852153527900187e-04
-9.5033124414863235e-01 1.0863732401053350e-04
-9.5022254893577063e-01 1.0875309950581986e-04
-9.5011373795403720e-01 1.0886886175152596e-04
-9.5000481121668889e-01 1.0898461073334913e-04
-9.4989576873699666e-01 1.0910034643690990e-04
-9.4978661052824542e-01 1.0921606884903924e-04
-9.4967733660373443e-01 1.0933177795431649e-04
-9.4956794697677682e-01 1.0944747373957509e-04
-9.4945844166069993e-01 1.0956315619038114e-04
-9.4934882066884507e-01 1.0967882529345511e-04
-9.4923908401456791e-01 1.0979448103327072e-04
-9.4912923171123798e-01 1.0991012339635835e-04
-9.4901926377223889e-01 1.1002575236919398e-04
-9.4890918021096848e-01 1.1014136793698663e-04
-9.4879898104083860e-01 1.1025697008598277e-04
-9.4868866627527526e-01 1.1037255880120307e-04
-9.4857823592771828e-01 1.1048813407063425e-04
-9.4846769001162201e-01 1.1060369587793320e-04
-9.4835702854045445e-01 1.1071924421075469e-04
-9.4824625152769804e-01 1.1083477905337566e-04
-9.4813535898684898e-01 1.1095030039310038e-04
-9.4802435093141768e-01 1.1106580821582899e-04
-9.4791322737492878e-01 1.1118130250622601e-04
-9.4780198833092077e-01 1.1129678325083100e-04
-9.4769063381294616e-01 1.1141225043687707e-04
-9.4757916383457186e-01 1.1152770404820628e-04
-9.4746757840937845e-01 1.1164314407254349e-04
-9.4735587755096096e-01 1.1175857049413037e-04
-9.4724406127292804e-01 1.1187398330105651e-04
-9.4713212958890292e-01 1.1198938247687306e-04
-9.4702008251252245e-01 1.1210476800894604e-04
-9.4690792005743774e-01 1.1222013988321807e-04
-9.4679564223731394e-01 1.1233549808522275e-04
-9.4668324906583035e-01 1.1245084260010336e-04
-9.4657074055668000e-01 1.1256617341561597e-04
-9.4645811672357028e-01 1.1268149051709819e-04
-9.4634537758022264e-01 1.1279679388933973e-04
-9.4623252314037232e-01 1.1291208351981013e-04
-9.4611955341776888e-01 1.1302735939339292e-04
-9.4600646842617575e-01 1.1314262149656649e-04
-9.4589326817937047e-01 1.1325786981524972e-04
-9.4577995269114457e-01 1.1337310433586985e-04
-9.4566652197530376e-01 1.1348832504329761e-04
-9.4555297604566768e-01 1.1360353192382385e-04
-9.4543931491606992e-01 1.1371872496431910e-04
-9.4532553860035839e-01 1.1383390414885414e-04
-9.4521164711239458e-01 1.1394906946608805e-04
-9.4509764046605449e-01 1.1406422090002712e-04
-9.4498351867522790e-01 1.1417935843690767e-04
-9.4486928175381868e-01 1.1429448206256218e-04
-9.4475492971574460e-01 1.1440959176396729e-04
-9.4464046257493772e-01 1.1452468752559328e-04
-9.4452588034534379e-01 1.1463976933501405e-04
-9.4441118304092286e-01 1.1475483717734465e-04
-9.4429637067564887e-01 1.1486989103877879e-04
-9.4418144326350972e-01 1.1498493090590632e-04
-9.4406640081850768e-01 1.1509995676250671e-04
-9.4395124335465841e-01 1.1521496859758480e-04
-9.4383597088599225e-01 1.1532996639443455e-04
-9.4372058342655307e-01 1.1544495014049195e-04
-9.4360508099039886e-01 1.1555991982240464e-04
-9.4348946359160191e-01 1.1567487542399568e-04
-9.4337373124424806e-01 1.1578981693325150e-04
-9.4325788396243748e-01 1.1590474433530797e-04
-9.4314192176028422e-01 1.1601965761641936e-04
-9.4302584465191641e-01 1.1613455676189086e-04
-9.4290965265147597e-01 1.1624944175923933e-04
-9.4279334577311913e-01 1.1636431259300858e-04
-9.4267692403101588e-01 1.1647916924982074e-04
-9.4256038743935033e-01 1.1659401171533918e-04
-9.4244373601232045e-01 1.1670883997620680e-04
-9.4232696976413843e-01 1.1682365401718343e-04
-9.4221008870903011e-01 1.1693845382598533e-04
-9.4209309286123566e-01 1.1705323938731054e-04
-9.4197598223500900e-01 1.1716801068789355e-04
-9.4185875684461817e-01 1.1728276771329934e-04
-9.4174141670434508e-01 1.1739751045008613e-04
-9.4162396182848573e-01 1.1751223888389777e-04
-9.4150639223135013e-01 1.1762695299999310e-04
-9.4138870792726204e-01 1.1774165278582359e-04
-9.4127090893055931e-01 1.1785633822744420e-04
-9.4115299525559404e-01 1.1797100930898490e-04
-9.4103496691673183e-01 1.1808566601834676e-04
-9.4091682392835252e-01 1.1820030834120504e-04
-9.4079856630484993e-01 1.1831493626317371e-04
-9.4068019406063186e-01 1.1842954976959164e-04
-9.4056170721011978e-01 1.1854414884850596e-04
-9.4044310576774959e-01 1.1865873348390442e-04
-9.4032438974797072e-01 1.1877330366339542e-04
-9.4020555916524695e-01 1.1888785937140573e-04
-9.4008661403405558e-01 1.1900240059595182e-04
-9.3996755436888835e-01 1.1911692732098559e-04
-9.3984838018425043e-01 1.1923143953486834e-04
-9.3972909149466155e-01 1.1934593722088616e-04
-9.3960968831465475e-01 1.1946042036775869e-04
-9.3949017065877749e-01 1.1957488896003996e-04
-9.3937053854159103e-01 1.1968934298383369e-04
-9.3925079197767047e-01 1.1980378242578251e-04
-9.3913093098160505e-01 1.1991820727121895e-04
-9.3901095556799774e-01 1.2003261750704529e-04
-9.3889086575146563e-01 1.2014701311866868e-04
-9.3877066154663968e-01 1.2026139409207963e-04
-9.3865034296816463e-01 1.2037576041473376e-04
-9.3852991003069952e-01 1.2049011207074109e-04
-9.3840936274891706e-01 1.2060444904662145e-04
-9.3828870113750384e-01 1.2071877132931325e-04
-9.3816792521116055e-01 1.2083307890433731e-04
-9.3804703498460162e-01 1.2094737175852829e-04
-9.3792603047255574e-01 1.2106164987632788e-04
-9.3780491168976510e-01 1.2117591324543200e-04
-9.3768367865098612e-01 1.2129016185106379e-04
-9.3756233137098899e-01 1.2140439567971149e-04
-9.3744086986455799e-01 1.2151861471637654e-04
-9.3731929414649096e-01 1.2163281894918077e-04
-9.3719760423160015e-01 1.2174700836190564e-04
-9.3707580013471126e-01 1.2186118294230875e-04
-9.3695388187066420e-01 1.2197534267620085e-04
-9.3683184945431253e-01 1.2208948754952709e-04
-9.3670970290052413e-01 1.2220361754768962e-04
-9.3658744222418044e-01 1.2231773265711590e-04
-9.3646506744017677e-01 1.2243183286505480e-04
-9.3634257856342262e-01 1.2254591815607886e-04
-9.3621997560884118e-01 1.2265998851688166e-04
-9.3609725859136950e-01 1.2277404393425996e-04
-9.3597442752595872e-01 1.2288808439332838e-04
-9.3585148242757377e-01 1.2300210988032038e-04
-9.3572842331119344e-01 1.2311612038156102e-04
-9.3560525019181040e-01 1.2323011588350022e-04
-9.3548196308443132e-01 1.2334409637173696e-04
-9.3535856200407674e-01 1.2345806183200028e-04
-9.3523504696578086e-01 1.2357201225188455e-04
-9.3511141798459219e-01 1.2368594761540775e-04
-9.3498767507557257e-01 1.2379986791115772e-04
-9.3486381825379827e-01 1.2391377312321076e-04
-9.3473984753435913e-01 1.2402766323832176e-04
-9.3461576293235893e-01 1.2414153824243297e-04
-9.3449156446291515e-01 1.2425539812318945e-04
-9.3436725214115957e-01 1.2436924286462532e-04
-9.3424282598223751e-01 1.2448307245338684e-04
-9.3411828600130820e-01 1.2459688687612892e-04
-9.3399363221354470e-01 1.2471068611933199e-04
-9.3386886463413410e-01 1.2482447016852585e-04
-9.3374398327827723e-01 1.2493823901002800e-04
-9.3361898816118893e-01 1.2505199262913266e-04
-9.3349387929809768e-01 1.2516573101277985e-04
-9.3336865670424585e-01 1.2527945414772274e-04
-9.3324332039488977e-01 1.2539316201968793e-04
-9.3311787038529981e-01 1.2550685461331452e-04
-9.3299230669075961e-01 1.2562053191751354e-04
-9.3286662932656739e-01 1.2573419391554428e-04
-9.3274083830803456e-01 1.2584784059592384e-04
-9.3261493365048687e-01 1.2596147194326491e-04
-9.3248891536926359e-01 1.2607508794458408e-04
-9.3236278347971802e-01 1.2618868858579136e-04
-9.3223653799721728e-01 1.2630227385244692e-04
-9.3211017893714221e-01 1.2641584373163876e-04
-9.3198370631488758e-01 1.2652939820919777e-04
-9.3185712014586197e-01 1.2664293727156152e-04
-9.3173042044548793e-01 1.2675646090386355e-04
-9.3160360722920155e-01 1.2686996909355876e-04
-9.3147668051245303e-01 1.2698346182602328e-04
-9.3134964031070622e-01 1.2709693908786462e-04
-9.3122248663943896e-01 1.2721040086453115e-04
-9.3109521951414265e-01 1.2732384714361441e-04
-9.3096783895032287e-01 1.2743727790967823e-04
-9.3084034496349877e-01 1.2755069314944649e-04
-9.3071273756920325e-01 1.2766409285007259e-04
-9.3058501678298333e-01 1.2777747699643707e-04
-9.3045718262039956e-01 1.2789084557561265e-04
-9.3032923509702647e-01 1.2800419857320478e-04
-9.3020117422845239e-01 1.2811753597527614e-04
-9.3007300003027937e-01 1.2823085776815022e-04
-9.2994471251812316e-01 1.2834416393937769e-04
-9.2981631170761370e-01 1.2845745447329337e-04
-9.2968779761439446e-01 1.2857072935629752e-04
-9.2955917025412260e-01 1.2868398857594971e-04
-9.2943042964246947e-01 1.2879723211651527e-04
-9.2930157579511974e-01 1.2891045996610653e-04
-9.2917260872777219e-01 1.2902367211032199e-04
-9.2904352845613947e-01 1.2913686853416090e-04
-9.2891433499594767e-01 1.2925004922549290e-04
-9.2878502836293686e-01 1.2936321417052424e-04
-9.2865560857286111e-01 1.2947636335399371e-04
-9.2852607564148804e-01 1.2958949676245297e-04
-9.2839642958459889e-01 1.2970261438354646e-04
-9.2826667041798916e-01 1.2981571620141084e-04
-9.2813679815746764e-01 1.2992880220398227e-04
-9.2800681281885711e-01 1.3004187237739676e-04
-9.2787671441799424e-01 1.3015492670708672e-04
-9.2774650297072936e-01 1.3026796517935264e-04
-9.2761617849292655e-01 1.3038098778055603e-04
-9.2748574100046366e-01 1.3049399449715054e-04
-9.2735519050923243e-01 1.3060698531469725e-04
-9.2722452703513814e-01 1.3071996022047508e-04
-9.2709375059410004e-01 1.3083291920005339e-04
-9.2696286120205107e-01 1.3094586223981908e-04
-9.2683185887493791e-01 1.3105878932614430e-04
-9.2670074362872101e-01 1.3117170044533709e-04
-9.2656951547937472e-01 1.3128459558276777e-04
-9.2643817444288679e-01 1.3139747472626663e-04
-9.2630672053525920e-01 1.3151033786019110e-04
-9.2617515377250725e-01 1.3162318497215864e-04
-9.2604347417066024e-01 1.3173601604797789e-04
-9.2591168174576111e-01 1.3184883107415944e-04
-9.2577977651386667e-01 1.3196163003618985e-04
-9.2564775849104719e-01 1.3207441292192212e-04
-9.2551562769338713e-01 1.3218717971564102e-04
-9.2538338413698429e-01 1.3229993040485378e-04
-9.2525102783795032e-01 1.3241266497592544e-04
-9.2511855881241079e-01 1.3252538341418409e-04
-9.2498597707650476e-01 1.3263808570642419e-04
-9.2485328264638511e-01 1.3275077183913598e-04
-9.2472047553821857e-01 1.3286344179766233e-04
-9.2458755576818530e-01 1.3297609556967650e-04
-9.2445452335247946e-01 1.3308873314078008e-04
-9.2432137830730887e-01 1.3320135449709596e-04
-9.2418812064889500e-01 1.3331395962529454e-04
-9.2405475039347318e-01 1.3342654851085010e-04
-9.2392126755729231e-01 1.3353912114051172e-04
-9.2378767215661495e-01 1.3365167750149578e-04
-9.2365396420771773e-01 1.3376421757813300e-04
-9.2352014372689051e-01 1.3387674135853628e-04
-9.2338621073043714e-01 1.3398924882868242e-04
-9.2325216523467535e-01 1.3410173997325882e-04
-9.2311800725593607e-01 1.3421421478078684e-04
-9.2298373681056445e-01 1.3432667323585992e-04
-9.2284935391491896e-01 1.3443911532596664e-04
-9.2271485858537194e-01 1.3455154103725732e-04
-9.2258025083830963e-01 1.3466395035458071e-04
-9.2244553069013147e-01 1.3477634326637054e-04
-9.2231069815725109e-01 1.3488871975719609e-04
-9.2217575325609547e-01 1.3500107981439773e-04
-9.2204069600310545e-01 1.3511342342394667e-04
-9.2190552641473555e-01 1.3522575057202968e-04
-9.2177024450745393e-01 1.3533806124505258e-04
-9.2163485029774250e-01 1.3545035542884037e-04
-9.2149934380209664e-01 1.3556263311103402e-04
-9.2136372503702568e-01 1.3567489427705653e-04
-9.2122799401905253e-01 1.3578713891319026e-04
-9.2109215076471374e-01 1.3589936700598022e-04
-9.2095619529055950e-01 1.3601157854209215e-04
-9.2082012761315390e-01 1.3612377350663587e-04
-9.2068394774907436e-01 1.3623595188734459e-04
-9.2054765571491226e-01 1.3634811366952112e-04
-9.2041125152727243e-01 1.3646025884024847e-04
-9.2027473520277348e-01 1.3657238738579616e-04
-9.2013810675804775e-01 1.3668449929169572e-04
-9.2000136620974104e-01 1.3679659454514709e-04
-9.1986451357451293e-01 1.3690867313257581e-04
-9.1972754886903674e-01 1.3702073503952861e-04
-9.1959047210999934e-01 1.3713278025238873e-04
-9.1945328331410114e-01 1.3724480875837412e-04
-9.1931598249805646e-01 1.3735682054293987e-04
-9.1917856967859302e-01 1.3746881559322945e-04
-9.1904104487245231e-01 1.3758079389537427e-04
-9.1890340809638948e-01 1.3769275543549448e-04
-9.1876565936717336e-01 1.3780470019962335e-04
-9.1862779870158617e-01 1.3791662817526834e-04
-9.1848982611642416e-01 1.3802853934737958e-04
-9.1835174162849686e-01 1.3814043370316705e-04
-9.1821354525462762e-01 1.3825231122891027e-04
-9.1807523701165339e-01 1.3836417191072874e-04
-9.1793681691642459e-01 1.3847601573612809e-04
-9.1779828498580573e-01 1.3858784268917774e-04
-9.1765964123667432e-01 1.3869965275859047e-04
-9.1752088568592205e-01 1.3881144592880018e-04
-9.1738201835045374e-01 1.3892322218804848e-04
-9.1724303924718831e-01 1.3903498152104861e-04
-9.1710394839305787e-01 1.3914672391548408e-04
-9.1696474580500842e-01 1.3925844935714664e-04
-9.1682543149999951e-01 1.3937015783226924e-04
-9.1668600549500423e-01 1.3948184932764120e-04
-9.1654646780700944e-01 1.3959352382887500e-04
-9.1640681845301530e-01 1.3970518132359726e-04
-9.1626705745003589e-01 1.3981682179752856e-04
-9.1612718481509881e-01 1.3992844523679396e-04
-9.1598720056524519e-01 1.4004005162788940e-04
-9.1584710471752961e-01 1.4015164095851422e-04
-9.1570689728902077e-01 1.4026321321280357e-04
-9.1556657829680033e-01 1.4037476837915893e-04
-9.1542614775796405e-01 1.4048630644237093e-04
-9.1528560568962092e-01 1.4059782738996092e-04
-9.1514495210889368e-01 1.4070933120815732e-04
-9.1500418703291864e-01 1.4082081788347888e-04
-9.1486331047884573e-01 1.4093228740192978e-04
-9.1472232246383844e-01 1.4104373974982849e-04
-9.1458122300507372e-01 1.4115517491447121e-04
-9.1444001211974235e-01 1.4126659288108610e-04
-9.1429868982504836e-01 1.4137799363738194e-04
-9.1415725613820975e-01 1.4148937716825834e-04
-9.1401571107645763e-01 1.4160074346185176e-04
-9.1387405465703708e-01 1.4171209250336681e-04
-9.1373228689720654e-01 1.4182342427972985e-04
-9.1359040781423817e-01 1.4193473877646858e-04
-9.1344841742541738e-01 1.4204603598154945e-04
-9.1330631574804344e-01 1.4215731588075009e-04
-9.1316410279942906e-01 1.4226857846069834e-04
-9.1302177859690070e-01 1.4237982370655540e-04
-9.1287934315779795e-01 1.4249105160668167e-04
-9.1273679649947437e-01 1.4260226214634001e-04
-9.1259413863929684e-01 1.4271345531245475e-04
-9.1245136959464590e-01 1.4282463109114495e-04
-9.1230848938291564e-01 1.4293578946857012e-04
-9.1216549802151348e-01 1.4304693043242262e-04
-9.1202239552786069e-01 1.4315805396804412e-04
-9.1187918191939188e-01 1.4326916006229725e-04
-9.1173585721355532e-01 1.4338024870124135e-04
-9.1159242142781272e-01 1.4349131987165652e-04
-9.1144887457963930e-01 1.4360237356017677e-04
-9.1130521668652387e-01 1.4371340975340163e-04
-9.1116144776596875e-01 1.4382442843781200e-04
-9.1101756783548993e-01 1.4393542959898200e-04
-9.1087357691261672e-01 1.4404641322390930e-04
-9.1072947501489199e-01 1.4415737929946611e-04
-9.1058526215987212e-01 1.4426832781226257e-04
-9.1044093836512729e-01 1.4437925874729340e-04
-9.1029650364824066e-01 1.4449017209314046e-04
-9.1015195802680948e-01 1.4460106783437284e-04
-9.1000730151844400e-01 1.4471194595913416e-04
-9.0986253414076834e-01 1.4482280645305515e-04
-9.0971765591142006e-01 1.4493364930226262e-04
-9.0957266684805005e-01 1.4504447449416885e-04
-9.0942756696832294e-01 1.4515528201433769e-04
-9.0928235628991672e-01 1.4526607184959408e-04
-9.0913703483052277e-01 1.4537684398721078e-04
-9.0899160260784628e-01 1.4548759841258467e-04
-9.0884605963960563e-01 1.4559833511309852e-04
-9.0870040594353285e-01 1.4570905407495076e-04
-9.0855464153737353e-01 1.4581975528406399e-04
-9.0840876643888646e-01 1.4593043872814749e-04
-9.0826278066584432e-01 1.4604110439235416e-04
-9.0811668423603287e-01 1.4615175226432518e-04
-9.0797047716725166e-01 1.4626238232987970e-04
-9.0782415947731354e-01 1.4637299457581461e-04
-9.0767773118404493e-01 1.4648358898852295e-04
-9.0753119230528567e-01 1.4659416555469493e-04
-9.0738454285888914e-01 1.4670472426048250e-04
-9.0723778286272194e-01 1.4681526509382654e-04
-9.0709091233466466e-01 1.4692578803916092e-04
-9.0694393129261086e-01 1.4703629308411264e-04
-9.0679683975446779e-01 1.4714678021506857e-04
-9.0664963773815599e-01 1.4725724941927704e-04
-9.0650232526160979e-01 1.4736770068201095e-04
-9.0635490234277660e-01 1.4747813399089627e-04
-9.0620736899961762e-01 1.4758854933149279e-04
-9.0605972525010725e-01 1.4769894669133132e-04
-9.0591197111223332e-01 1.4780932605659694e-04
-9.0576410660399753e-01 1.4791968741281709e-04
-9.0561613174341438e-01 1.4803003074860714e-04
-9.0546804654851243e-01 1.4814035604856387e-04
-9.0531985103733326e-01 1.4825066330029232e-04
-9.0517154522793197e-01 1.4836095249069344e-04
-9.0502312913837735e-01 1.4847122360529897e-04
-9.0487460278675136e-01 1.4858147663104941e-04
-9.0472596619114942e-01 1.4869171155487912e-04
-9.0457721936968050e-01 1.4880192836305944e-04
-9.0442836234046697e-01 1.4891212704178712e-04
-9.0427939512164446e-01 1.4902230757863751e-04
-9.0413031773136232e-01 1.4913246995900493e-04
-9.0398113018778303e-01 1.4924261417039293e-04
-9.0383183250908272e-01 1.4935274019870488e-04
-9.0368242471345073e-01 1.4946284803126774e-04
-9.0353290681908993e-01 1.4957293765452507e-04
-9.0338327884421676e-01 1.4968300905408421e-04
-9.0323354080706075e-01 1.4979306221758336e-04
-9.0308369272586508e-01 1.4990309713103884e-04
-9.0293373461888615e-01 1.5001311378178155e-04
-9.0278366650439401e-01 1.5012311215547558e-04
-9.0263348840067181e-01 1.5023309223976386e-04
-9.0248320032601648e-01 1.5034305401987006e-04
-9.0233280229873791e-01 1.5045299748375968e-04
-9.0218229433715980e-01 1.5056292261693061e-04
-9.0203167645961890e-01 1.5067282940678107e-04
-9.0188094868446556e-01 1.5078271783977600e-04
-9.0173011103006351e-01 1.5089258790197999e-04
-9.0157916351478973e-01 1.5100243958073684e-04
-9.0142810615703473e-01 1.5111227286226833e-04
-9.0127693897520234e-01 1.5122208773320797e-04
-9.0112566198770971e-01 1.5133188418055101e-04
-9.0097427521298756e-01 1.5144166219021210e-04
-9.0082277866947980e-01 1.5155142174921667e-04
-9.0067117237564376e-01 1.5166116284416628e-04
-9.0051945634995012e-01 1.5177088546194738e-04
-9.0036763061088299e-01 1.5188058958912146e-04
-9.0021569517693978e-01 1.5199027521244386e-04
-9.0006365006663147e-01 1.5209994231755165e-04
-8.9991149529848213e-01 1.5220959089175932e-04
-8.9975923089102927e-01 1.5231922092195124e-04
-8.9960685686282371e-01 1.5242883239517766e-04
-8.9945437323242994e-01 1.5253842529658863e-04
-8.9930178001842531e-01 1.5264799961438500e-04
-8.9914907723940096e-01 1.5275755533408758e-04
-8.9899626491396112e-01 1.5286709244286844e-04
-8.9884334306072344e-01 1.5297661092723050e-04
-8.9869031169831881e-01 1.5308611077465535e-04
-8.9853717084539175e-01 1.5319559197053397e-04
-8.9838392052059990e-01 1.5330505450179566e-04
-8.9823056074261420e-01 1.5341449835548361e-04
-8.9807709153011894e-01 1.5352392351875336e-04
-8.9792351290181194e-01 1.5363332997734135e-04
-8.9776982487640422e-01 1.5374271771776695e-04
-8.9761602747261993e-01 1.5385208672806611e-04
-8.9746212070919695e-01 1.5396143699336929e-04
-8.9730810460488619e-01 1.5407076850100821e-04
-8.9715397917845185e-01 1.5418008123827426e-04
-8.9699974444867181e-01 1.5428937519033453e-04
-8.9684540043433669e-01 1.5439865034585078e-04
-8.9669094715425102e-01 1.5450790668990920e-04
-8.9653638462723229e-01 1.5461714420961974e-04
-8.9638171287211132e-01 1.5472636289204996e-04
-8.9622693190773239e-01 1.5483556272344022e-04
-8.9607204175295296e-01 1.5494474369064925e-04
-8.9591704242664383e-01 1.5505390578042389e-04
-8.9576193394768910e-01 1.5516304897933263e-04
-8.9560671633498612e-01 1.5527217327452429e-04
-8.9545138960744564e-01 1.5538127865228244e-04
-8.9529595378399163e-01 1.5549036509940705e-04
-8.9514040888356139e-01 1.5559943260249904e-04
-8.9498475492510543e-01 1.5570848114863123e-04
-8.9482899192758769e-01 1.5581751072400916e-04
-8.9467311990998521e-01 1.5592652131596091e-04
-8.9451713889128859e-01 1.5603551291016335e-04
-8.9436104889050128e-01 1.5614448549480794e-04
-8.9420484992664051e-01 1.5625343905507097e-04
-8.9404854201873629e-01 1.5636237357925941e-04
-8.9389212518583239e-01 1.5647128905261945e-04
-8.9373559944698544e-01 1.5658018546283465e-04
-8.9357896482126553e-01 1.5668906279655577e-04
-8.9342222132775606e-01 1.5679792104012803e-04
-8.9326536898555364e-01 1.5690676018017362e-04
-8.9310840781376799e-01 1.5701558020432571e-04
-8.9295133783152247e-01 1.5712438109777608e-04
-8.9279415905795312e-01 1.5723316284942549e-04
-8.9263687151220994e-01 1.5734192544361049e-04
-8.9247947521345550e-01 1.5745066886909082e-04
-8.9232197018086612e-01 1.5755939311139981e-04
-8.9216435643363101e-01 1.5766809815837381e-04
-8.9200663399095304e-01 1.5777678399524539e-04
-8.9184880287204782e-01 1.5788545061028240e-04
-8.9169086309614465e-01 1.5799409798912780e-04
-8.9153281468248569e-01 1.5810272611967350e-04
-8.9137465765032675e-01 1.5821133498718031e-04
-8.9121639201893643e-01 1.5831992457984411e-04
-8.9105801780759686e-01 1.5842849488389621e-04
-8.9089953503560337e-01 1.5853704588568164e-04
-8.9074094372226442e-01 1.5864557757230385e-04
-8.9058224388690166e-01 1.5875408993097694e-04
-8.9042343554885017e-01 1.5886258294757456e-04
-8.9026451872745793e-01 1.5897105661009570e-04
-8.9010549344208656e-01 1.5907951090384610e-04
-8.8994635971211045e-01 1.5918794581686028e-04
-8.8978711755691742e-01 1.5929636133584106e-04
-8.8962776699590862e-01 1.5940475744677745e-04
-8.8946830804849830e-01 1.5951313413631684e-04
-8.8930874073411370e-01 1.5962149139243283e-04
-8.8914906507219549e-01 1.5972982920170562e-04
-8.8898928108219766e-01 1.5983814754994146e-04
-8.8882938878358708e-01 1.5994644642493522e-04
-8.8866938819584418e-01 1.6005472581230292e-04
-8.8850927933846213e-01 1.6016298570029622e-04
-8.8834906223094767e-01 1.6027122607502884e-04
-8.8818873689282052e-01 1.6037944692376608e-04
-8.8802830334361382e-01 1.6048764823233758e-04
-8.8786776160287362e-01 1.6059582998837174e-04
-8.8770711169015926e-01 1.6070399217869117e-04
-8.8754635362504342e-01 1.6081213478921341e-04
-8.8738548742711165e-01 1.6092025780769286e-04
-8.8722451311596284e-01 1.6102836122094608e-04
-8.8706343071120908e-01 1.6113644501560722e-04
-8.8690224023247555e-01 1.6124450917866226e-04
-8.8674094169940076e-01 1.6135255369622583e-04
-8.8657953513163612e-01 1.6146057855610232e-04
-8.8641802054884644e-01 1.6156858374444084e-04
-8.8625639797070965e-01 1.6167656924782580e-04
-8.8609466741691656e-01 1.6178453505444825e-04
-8.8593282890717162e-01 1.6189248114952006e-04
-8.8577088246119196e-01 1.6200040752125281e-04
-8.8560882809870811e-01 1.6210831415611448e-04
-8.8544666583946385e-01 1.6221620104022664e-04
-8.8528439570321582e-01 1.6232406816131051e-04
-8.8512201770973409e-01 1.6243191550532920e-04
-8.8495953187880150e-01 1.6253974306048576e-04
-8.8479693823021444e-01 1.6264755081258855e-04
-8.8463423678378228e-01 1.6275533874828804e-04
-8.8447142755932728e-01 1.6286310685578278e-04
-8.8430851057668525e-01 1.6297085512074434e-04
-8.8414548585570485e-01 1.6307858353041931e-04
-8.8398235341624798e-01 1.6318629207149674e-04
-8.8381911327818963e-01 1.6329398073082146e-04
-8.8365576546141777e-01 1.6340164949600475e-04
-8.8349230998583372e-01 1.6350929835349672e-04
-8.8332874687135188e-01 1.6361692728977798e-04
-8.8316507613789974e-01 1.6372453629145227e-04
-8.8300129780541758e-01 1.6383212534719940e-04
-8.8283741189385945e-01 1.6393969444169457e-04
-8.8267341842319180e-01 1.6404724356373210e-04
-8.8250931741339478e-01 1.6415477269872715e-04
-8.8234510888446127e-01 1.6426228183415983e-04
-8.8218079285639728e-01 1.6436977095746379e-04
-8.8201636934922212e-01 1.6447724005472914e-04
-8.8185183838296810e-01 1.6458468911271522e-04
-8.8168719997768041e-01 1.6469211811942296e-04
-8.8152245415341768e-01 1.6479952706078405e-04
-8.8135760093025128e-01 1.6490691592468263e-04
-8.8119264032826605e-01 1.6501428469690662e-04
-8.8102757236755969e-01 1.6512163336446768e-04
-8.8086239706824276e-01 1.6522896191558065e-04
-8.8069711445043941e-01 1.6533627033563902e-04
-8.8053172453428641e-01 1.6544355861258393e-04
-8.8036622733993397e-01 1.6555082673221295e-04
-8.8020062288754486e-01 1.6565807468335225e-04
-8.8003491119729560e-01 1.6576530245083110e-04
-8.7986909228937515e-01 1.6587251002307462e-04
-8.7970316618398592e-01 1.6597969738639919e-04
-8.7953713290134328e-01 1.6608686452752316e-04
-8.7937099246167549e-01 1.6619401143421324e-04
-8.7920474488522415e-01 1.6630113809267523e-04
-8.7903839019224372e-01 1.6640824449011484e-04
-8.7887192840300177e-01 1.6651533061349613e-04
-8.7870535953777884e-01 1.6662239645008330e-04
-8.7853868361686871e-01 1.6672944198618995e-04
-8.7837190066057802e-01 1.6683646720907990e-04
-8.7820501068922652e-01 1.6694347210567946e-04
-8.7803801372314705e-01 1.6705045666256564e-04
-8.7787090978268523e-01 1.6715742086783402e-04
-8.7770369888820010e-01 1.6726436470730296e-04
-8.7753638106006338e-01 1.6737128816894252e-04
-8.7736895631866019e-01 1.6747819123836627e-04
-8.7720142468438822e-01 1.6758507390397562e-04
-8.7703378617765859e-01 1.6769193615181842e-04
-8.7686604081889519e-01 1.6779877796936906e-04
-8.7669818862853510e-01 1.6790559934302360e-04
-8.7653022962702820e-01 1.6801240026058934e-04
-8.7636216383483767e-01 1.6811918070811202e-04
-8.7619399127243935e-01 1.6822594067366351e-04
-8.7602571196032242e-01 1.6833268014350888e-04
-8.7585732591898890e-01 1.6843939910464733e-04
-8.7568883316895385e-01 1.6854609754415455e-04
-8.7552023373074528e-01 1.6865277544921784e-04
-8.7535152762490420e-01 1.6875943280698065e-04
-8.7518271487198473e-01 1.6886606960409014e-04
-8.7501379549255387e-01 1.6897268582778501e-04
-8.7484476950719170e-01 1.6907928146471510e-04
-8.7467563693649120e-01 1.6918585650212533e-04
-8.7450639780105832e-01 1.6929241092727035e-04
-8.7433705212151214e-01 1.6939894472671159e-04
-8.7416759991848458e-01 1.6950545788762671e-04
-8.7399804121262048e-01 1.6961195039769163e-04
-8.7382837602457797e-01 1.6971842224275833e-04
-8.7365860437502785e-01 1.6982487341030115e-04
-8.7348872628465390e-01 1.6993130388779197e-04
-8.7331874177415292e-01 1.7003771366258256e-04
-8.7314865086423499e-01 1.7014410271997660e-04
-8.7297845357562254e-01 1.7025047104888774e-04
-8.7280814992905142e-01 1.7035681863561617e-04
-8.7263773994527039e-01 1.7046314546684358e-04
-8.7246722364504103e-01 1.7056945152970317e-04
-8.7229660104913787e-01 1.7067573681178949e-04
-8.7212587217834836e-01 1.7078200130046664e-04
-8.7195503705347321e-01 1.7088824498157003e-04
-8.7178409569532578e-01 1.7099446784261030e-04
-8.7161304812473228e-01 1.7110066987143728e-04
-8.7144189436253228e-01 1.7120685105377915e-04
-8.7127063442957786e-01 1.7131301137753287e-04
-8.7109926834673412e-01 1.7141915083032503e-04
-8.7092779613487947e-01 1.7152526939756440e-04
-8.7075621781490464e-01 1.7163136706811212e-04
-8.7058453340771380e-01 1.7173744382793717e-04
-8.7041274293422388e-01 1.7184349966395884e-04
-8.7024084641536448e-01 1.7194953456450674e-04
-8.7006884387207861e-01 1.7205554851510514e-04
-8.6989673532532175e-01 1.7216154150392324e-04
-8.6972452079606255e-01 1.7226751351756079e-04
-8.6955220030528246e-01 1.7237346454333777e-04
-8.6937977387397580e-01 1.7247939456878911e-04
-8.6920724152315010e-01 1.7258530357977753e-04
-8.6903460327382542e-01 1.7269119156410230e-04
-8.6886185914703484e-01 1.7279705850915258e-04
-8.6868900916382441e-01 1.7290290440175252e-04
-8.6851605334525306e-01 1.7300872922888102e-04
-8.6834299171239249e-01 1.7311453297820165e-04
-8.6816982428632761e-01 1.7322031563560687e-04
-8.6799655108815577e-01 1.7332607718949832e-04
-8.6782317213898752e-01 1.7343181762651482e-04
-8.6764968745994631e-01 1.7353753693329516e-04
-8.6747609707216822e-01 1.7364323509774711e-04
-8.6730240099680234e-01 1.7374891210712658e-04
-8.6712859925501085e-01 1.7385456794752441e-04
-8.6695469186796859e-01 1.7396020260616125e-04
-8.6678067885686305e-01 1.7406581607148545e-04
-8.6660656024289506e-01 1.7417140832943741e-04
-8.6643233604727810e-01 1.7427697936713213e-04
-8.6625800629123828e-01 1.7438252917275282e-04
-8.6608357099601507e-01 1.7448805773204190e-04
-8.6590903018286025e-01 1.7459356503360675e-04
-8.6573438387303903e-01 1.7469905106292825e-04
-8.6555963208782882e-01 1.7480451580898545e-04
-8.6538477484852050e-01 1.7490995925757770e-04
-8.6520981217641746e-01 1.7501538139613019e-04
-8.6503474409283598e-01 1.7512078221195001e-04
-8.6485957061910512e-01 1.7522616169265740e-04
-8.6468429177656703e-01 1.7533151982454539e-04
-8.6450890758657639e-01 1.7543685659547316e-04
-8.6433341807050090e-01 1.7554217199245424e-04
-8.6415782324972112e-01 1.7564746600222912e-04
-8.6398212314563039e-01 1.7575273861194113e-04
-8.6380631777963468e-01 1.7585798980958089e-04
-8.6363040717315309e-01 1.7596321958171079e-04
-8.6345439134761737e-01 1.7606842791576921e-04
-8.6327827032447213e-01 1.7617361479884487e-04
-8.6310204412517488e-01 1.7627878021774789e-04
-8.6292571277119579e-01 1.7638392416009771e-04
-8.6274927628401787e-01 1.7648904661319187e-04
-8.6257273468513707e-01 1.7659414756391925e-04
-8.6239608799606204e-01 1.7669922699938261e-04
-8.6221933623831415e-01 1.7680428490749348e-04
-8.6204247943342782e-01 1.7690932127455486e-04
-8.6186551760295005e-01 1.7701433608823466e-04
-8.6168845076844081e-01 1.7711932933512815e-04
-8.6151127895147250e-01 1.7722430100379084e-04
-8.6133400217363087e-01 1.7732925107992760e-04
-8.6115662045651387e-01 1.7743417955229257e-04
-8.6097913382173286e-01 1.7753908640621220e-04
-8.6080154229091133e-01 1.7764397163062747e-04
-8.6062384588568597e-01 1.7774883521220003e-04
-8.6044604462770624e-01 1.7785367713762048e-04
-8.6026813853863426e-01 1.7795849739424193e-04
-8.6009012764014481e-01 1.7806329596999757e-04
-8.5991201195392564e-01 1.7816807285170335e-04
-8.5973379150167717e-01 1.7827282802667451e-04
-8.5955546630511270e-01 1.7837756148170888e-04
-8.5937703638595808e-01 1.7848227320473950e-04
-8.5919850176595214e-01 1.7858696318243591e-04
-8.5901986246684636e-01 1.7869163140200392e-04
-8.5884111851040490e-01 1.7879627785120426e-04
-8.5866226991840466e-01 1.7890090251767953e-04
-8.5848331671263567e-01 1.7900550538721229e-04
-8.5830425891490025e-01 1.7911008644784553e-04
-8.5812509654701352e-01 1.7921464568745321e-04
-8.5794582963080357e-01 1.7931918309261078e-04
-8.5776645818811115e-01 1.7942369865034901e-04
-8.5758698224078955e-01 1.7952819234865041e-04
-8.5740740181070507e-01 1.7963266417418718e-04
-8.5722771691973654e-01 1.7973711411458458e-04
-8.5704792758977566e-01 1.7984154215667402e-04
-8.5686803384272670e-01 1.7994594828825371e-04
-8.5668803570050667e-01 1.8005033249679655e-04
-8.5650793318504559e-01 1.8015469476848422e-04
-8.5632772631828569e-01 1.8025903509201975e-04
-8.5614741512218240e-01 1.8036335345360797e-04
-8.5596699961870359e-01 1.8046764984081483e-04
-8.5578647982982992e-01 1.8057192424094631e-04
-8.5560585577755455e-01 1.8067617664211763e-04
-8.5542512748388388e-01 1.8078040702983531e-04
-8.5524429497083632e-01 1.8088461539324607e-04
-8.5506335826044344e-01 1.8098880171886844e-04
-8.5488231737474951e-01 1.8109296599343660e-04
-8.5470117233581122e-01 1.8119710820494597e-04
-8.5451992316569803e-01 1.8130122834108479e-04
-8.5433856988649226e-01 1.8140532638848041e-04
-8.5415711252028881e-01 1.8150940233452987e-04
-8.5397555108919521e-01 1.8161345616668828e-04
-8.5379388561533176e-01 1.8171748787204647e-04
-8.5361211612083132e-01 1.8182149743828724e-04
-8.5343024262783951e-01 1.8192548485268227e-04
-8.5324826515851460e-01 1.8202945010252757e-04
-8.5306618373502763e-01 1.8213339317462145e-04
-8.5288399837956197e-01 1.8223731405752239e-04
-8.5270170911431420e-01 1.8234121273697990e-04
-8.5251931596149300e-01 1.8244508920186805e-04
-8.5233681894331992e-01 1.8254894343882610e-04
-8.5215421808202940e-01 1.8265277543502194e-04
-8.5197151339986832e-01 1.8275658517762474e-04
-8.5178870491909597e-01 1.8286037265517500e-04
-8.5160579266198488e-01 1.8296413785332560e-04
-8.5142277665081956e-01 1.8306788076105526e-04
-8.5123965690789771e-01 1.8317160136447548e-04
-8.5105643345552928e-01 1.8327529965180385e-04
-8.5087310631603708e-01 1.8337897561007156e-04
-8.5068967551175645e-01 1.8348262922673821e-04
-8.5050614106503553e-01 1.8358626048856528e-04
-8.5032250299823475e-01 1.8368986938388295e-04
-8.5013876133372746e-01 1.8379345589967104e-04
-8.4995491609389950e-01 1.8389702002339533e-04
-8.4977096730114954e-01 1.8400056174166732e-04
-8.4958691497788841e-01 1.8410408104322946e-04
-8.4940275914654007e-01 1.8420757791429520e-04
-8.4921849982954067e-01 1.8431105234315956e-04
-8.4903413704933939e-01 1.8441450431614525e-04
-8.4884967082839746e-01 1.8451793382212806e-04
-8.4866510118918936e-01 1.8462134084691021e-04
-8.4848042815420166e-01 1.8472472537886024e-04
-8.4829565174593369e-01 1.8482808740543312e-04
-8.4811077198689755e-01 1.8493142691320598e-04
-8.4792578889961756e-01 1.8503474389071275e-04
-8.4774070250663103e-01 1.8513803832445001e-04
-8.4755551283048758e-01 1.8524131020225667e-04
-8.4737021989374950e-01 1.8534455951157441e-04
-8.4718482371899173e-01 1.8544778623946702e-04
-8.4699932432880154e-01 1.8555099037432469e-04
-8.4681372174577929e-01 1.8565417190186109e-04
-8.4662801599253723e-01 1.8575733081126710e-04
-8.4644220709170070e-01 1.8586046708910444e-04
-8.4625629506590749e-01 1.8596358072255640e-04
-8.4607027993780770e-01 1.8606667170006886e-04
-8.4588416173006442e-01 1.8616974000791714e-04
-8.4569794046535296e-01 1.8627278563407895e-04
-8.4551161616636128e-01 1.8637580856608986e-04
-8.4532518885578989e-01 1.8647880879149318e-04
-8.4513865855635195e-01 1.8658178629729803e-04
-8.4495202529077307e-01 1.8668474107111206e-04
-8.4476528908179138e-01 1.8678767310053381e-04
-8.4457844995215758e-01 1.8689058237309324e-04
-8.4439150792463491e-01 1.8699346887635185e-04
-8.4420446302199925e-01 1.8709633259726205e-04
-8.4401731526703883e-01 1.8719917352382978e-04
-8.4383006468255461e-01 1.8730199164285443e-04
-8.4364271129135981e-01 1.8740478694273310e-04
-8.4345525511628050e-01 1.8750755941012568e-04
-8.4326769618015507e-01 1.8761030903262555e-04
-8.4308003450583435e-01 1.8771303579834196e-04
-8.4289227011618195e-01 1.8781573969404861e-04
-8.4270440303407379e-01 1.8791842070752397e-04
-8.4251643328239834e-01 1.8802107882638760e-04
-8.4232836088405660e-01 1.8812371403802849e-04
-8.4214018586196204e-01 1.8822632633023169e-04
-8.4195190823904087e-01 1.8832891568945173e-04
-8.4176352803823129e-01 1.8843148210471522e-04
-8.4157504528248461e-01 1.8853402556200059e-04
-8.4138645999476414e-01 1.8863654604985009e-04
-8.4119777219804592e-01 1.8873904355536775e-04
-8.4100898191531837e-01 1.8884151806655930e-04
-8.4082008916958262e-01 1.8894396956999556e-04
-8.4063109398385194e-01 1.8904639805413027e-04
-8.4044199638115247e-01 1.8914880350550544e-04
-8.4025279638452233e-01 1.8925118591302660e-04
-8.4006349401701264e-01 1.8935354526306209e-04
-8.3987408930168672e-01 1.8945588154327538e-04
-8.3968458226162035e-01 1.8955819474151655e-04
-8.3949497291990172e-01 1.8966048484578309e-04
-8.3930526129963179e-01 1.8976275184259052e-04
-8.3911544742392374e-01 1.8986499571966572e-04
-8.3892553131590308e-01 1.8996721646540084e-04
-8.3873551299870808e-01 1.9006941406666362e-04
-8.3854539249548932e-01 1.9017158851097231e-04
-8.3835516982940983e-01 1.9027373978589934e-04
-8.3816484502364508e-01 1.9037586787907791e-04
-8.3797441810138285e-01 1.9047797277874253e-04
-8.3778388908582380e-01 1.9058005447103498e-04
-8.3759325800018047e-01 1.9068211294473127e-04
-8.3740252486767819e-01 1.9078414818707618e-04
-8.3721168971155469e-01 1.9088616018527580e-04
-8.3702075255506003e-01 1.9098814892707402e-04
-8.3682971342145662e-01 1.9109011440068591e-04
-8.3663857233401961e-01 1.9119205659270477e-04
-8.3644732931603627e-01 1.9129397549127086e-04
-8.3625598439080651e-01 1.9139587108331937e-04
-8.3606453758164234e-01 1.9149774335739728e-04
-8.3587298891186845e-01 1.9159959230079774e-04
-8.3568133840482195e-01 1.9170141790074958e-04
-8.3548958608385215e-01 1.9180322014538409e-04
-8.3529773197232104e-01 1.9190499902168229e-04
-8.3510577609360281e-01 1.9200675451746729e-04
-8.3491371847108409e-01 1.9210848662043630e-04
-8.3472155912816393e-01 1.9221019531808433e-04
-8.3452929808825371e-01 1.9231188059824859e-04
-8.3433693537477727e-01 1.9241354244857385e-04
-8.3414447101117084e-01 1.9251518085644571e-04
-8.3395190502088301e-01 1.9261679580955527e-04
-8.3375923742737479e-01 1.9271838729537219e-04
-8.3356646825411951e-01 1.9281995530159881e-04
-8.3337359752460294e-01 1.9292149981567659e-04
-8.3318062526232306e-01 1.9302302082580697e-04
-8.3298755149079040e-01 1.9312451831936530e-04
-8.3279437623352792e-01 1.9322599228340699e-04
-8.3260109951407058e-01 1.9332744270676732e-04
-8.3240772135596619e-01 1.9342886957583584e-04
-8.3221424178277448e-01 1.9353027287925622e-04
-8.3202066081806791e-01 1.9363165260373929e-04
-8.3182697848543097e-01 1.9373300873773471e-04
-8.3163319480846076e-01 1.9383434126821401e-04
-8.3143930981076652e-01 1.9393565018332163e-04
-8.3124532351596991e-01 1.9403693547078577e-04
-8.3105123594770502e-01 1.9413819711789330e-04
-8.3085704712961805e-01 1.9423943511302950e-04
-8.3066275708536796e-01 1.9434064944260455e-04
-8.3046836583862560e-01 1.9444184009512392e-04
-8.3027387341307424e-01 1.9454300705857967e-04
-8.3007927983240981e-01 1.9464415031947397e-04
-8.2988458512034002e-01 1.9474526986689225e-04
-8.2968978930058546e-01 1.9484636568732085e-04
-8.2949489239687857e-01 1.9494743776927848e-04
-8.2929989443296448e-01 1.9504848609971882e-04
-8.2910479543260029e-01 1.9514951066709030e-04
-8.2890959541955567e-01 1.9525051145874472e-04
-8.2871429441761257e-01 1.9535148846196388e-04
-8.2851889245056498e-01 1.9545244166547715e-04
-8.2832338954221962e-01 1.9555337105588909e-04
-8.2812778571639512e-01 1.9565427662167521e-04
-8.2793208099692273e-01 1.9575515834971532e-04
-8.2773627540764561e-01 1.9585601622876044e-04
-8.2754036897241956e-01 1.9595685024587358e-04
-8.2734436171511261e-01 1.9605766038846822e-04
-8.2714825365960476e-01 1.9615844664530580e-04
-8.2695204482978879e-01 1.9625920900292625e-04
-8.2675573524956925e-01 1.9635994745017816e-04
-8.2655932494286344e-01 1.9646066197368412e-04
-8.2636281393360056e-01 1.9656135256185245e-04
-8.2616620224572224e-01 1.9666201920236502e-04
-8.2596948990318231e-01 1.9676266188309823e-04
-8.2577267692994705e-01 1.9686328059119335e-04
-8.2557576334999472e-01 1.9696387531500828e-04
-8.2537874918731602e-01 1.9706444604207832e-04
-8.2518163446591386e-01 1.9716499276018729e-04
-8.2498441920980348e-01 1.9726551545672701e-04
-8.2478710344301220e-01 1.9736601411979960e-04
-8.2458968718957970e-01 1.9746648873717325e-04
-8.2439217047355795e-01 1.9756693929619075e-04
-8.2419455331901093e-01 1.9766736578538701e-04
-8.2399683575001514e-01 1.9776776819188684e-04
-8.2379901779065923e-01 1.9786814650339454e-04
-8.2360109946504378e-01 1.9796850070847417e-04
-8.2340308079728219e-01 1.9806883079424709e-04
-8.2320496181149960e-01 1.9816913674843101e-04
-8.2300674253183348e-01 1.9826941855921262e-04
-8.2280842298243373e-01 1.9836967621363657e-04
-8.2261000318746202e-01 1.9846990970075884e-04
-8.2241148317109281e-01 1.9857011900708795e-04
-8.2221286295751228e-01 1.9867030412118285e-04
-8.2201414257091909e-01 1.9877046503054507e-04
-8.2181532203552410e-01 1.9887060172269587e-04
-8.2161640137555014e-01 1.9897071418603749e-04
-8.2141738061523240e-01 1.9907080240845381e-04
-8.2121825977881846e-01 1.9917086637676583e-04
-8.2101903889056771e-01 1.9927090607967213e-04
-8.2081971797475195e-01 1.9937092150479685e-04
-8.2062029705565520e-01 1.9947091263966524e-04
-8.2042077615757347e-01 1.9957087947263850e-04
-8.2022115530481521e-01 1.9967082199094045e-04
-8.2002143452170084e-01 1.9977074018269890e-04
-8.1982161383256302e-01 1.9987063403580671e-04
-8.1962169326174661e-01 1.9997050353802781e-04
-8.1942167283360867e-01 2.0007034867687302e-04
-8.1922155257251827e-01 2.0017016944070848e-04
-8.1902133250285680e-01 2.0026996581716698e-04
-8.1882101264901785e-01 2.0036973779360100e-04
-8.1862059303540691e-01 2.0046948535870873e-04
-8.1842007368644187e-01 2.0056920849981601e-04
-8.1821945462655266e-01 2.0066890720504330e-04
-8.1801873588018148e-01 2.0076858146174105e-04
-8.1781791747178245e-01 2.0086823125840562e-04
-8.1761699942582200e-01 2.0096785658275566e-04
-8.1741598176677877e-01 2.0106745742217008e-04
-8.1721486451914327e-01 2.0116703376519277e-04
-8.1701364770741847e-01 2.0126658559900469e-04
-8.1681233135611919e-01 2.0136611291191598e-04
-8.1661091548977249e-01 2.0146561569188705e-04
-8.1640940013291763e-01 2.0156509392645834e-04
-8.1620778531010585e-01 2.0166454760375325e-04
-8.1600607104590062e-01 2.0176397671150067e-04
-8.1580425736487749e-01 2.0186338123748702e-04
-8.1560234429162404e-01 2.0196276117003250e-04
-8.1540033185074012e-01 2.0206211649650453e-04
-8.1519822006683751e-01 2.0216144720507204e-04
-8.1499600896454027e-01 2.0226075328386509e-04
-8.1479369856848449e-01 2.0236003472005290e-04
-8.1459128890331811e-01 2.0245929150278512e-04
-8.1438877999370174e-01 2.0255852361842575e-04
-8.1418617186430742e-01 2.0265773105626150e-04
-8.1398346453981985e-01 2.0275691380310516e-04
-8.1378065804493538e-01 2.0285607184783406e-04
-8.1357775240436259e-01 2.0295520517786325e-04
-8.1337474764282236e-01 2.0305431378092625e-04
-8.1317164378504736e-01 2.0315339764520455e-04
-8.1296844085578235e-01 2.0325245675893329e-04
-8.1276513887978441e-01 2.0335149110928930e-04
-8.1256173788182240e-01 2.0345050068474636e-04
-8.1235823788667738e-01 2.0354948547313866e-04
-8.1215463891914241e-01 2.0364844546259678e-04
-8.1195094100402276e-01 2.0374738064058765e-04
-8.1174714416613547e-01 2.0384629099583711e-04
-8.1154324843031000e-01 2.0394517651541890e-04
-8.1133925382138761e-01 2.0404403718761173e-04
-8.1113516036422162e-01 2.0414287300044438e-04
-8.1093096808367748e-01 2.0424168394173067e-04
-8.1072667700463252e-01 2.0434046999997518e-04
-8.1052228715197638e-01 2.0443923116241863e-04
-8.1031779855061048e-01 2.0453796741747924e-04
-8.1011321122544844e-01 2.0463667875277990e-04
-8.0990852520141576e-01 2.0473536515660805e-04
-8.0970374050345006e-01 2.0483402661689127e-04
-8.0949885715650105e-01 2.0493266312123344e-04
-8.0929387518553020e-01 2.0503127465834988e-04
-8.0908879461551131e-01 2.0512986121557170e-04
-8.0888361547142995e-01 2.0522842278133862e-04
-8.0867833777828391e-01 2.0532695934318508e-04
-8.0847296156108284e-01 2.0542547088920485e-04
-8.0826748684484839e-01 2.0552395740759463e-04
-8.0806191365461422e-01 2.0562241888653075e-04
-8.0785624201542605e-01 2.0572085531376242e-04
-8.0765047195234163e-01 2.0581926667710500e-04
-8.0744460349043057e-01 2.0591765296479637e-04
-8.0723863665477447e-01 2.0601601416509786e-04
-8.0703257147046703e-01 2.0611435026579586e-04
-8.0682640796261396e-01 2.0621266125459657e-04
-8.0662014615633282e-01 2.0631094711967156e-04
-8.0641378607675307e-01 2.0640920784959469e-04
-8.0620732774901638e-01 2.0650744343192855e-04
-8.0600077119827629e-01 2.0660565385460989e-04
-8.0579411644969834e-01 2.0670383910549914e-04
-8.0558736352845983e-01 2.0680199917327518e-04
-8.0538051245975029e-01 2.0690013404556842e-04
-8.0517356326877099e-01 2.0699824371078271e-04
-8.0496651598073543e-01 2.0709632815626701e-04
-8.0475937062086866e-01 2.0719438737105251e-04
-8.0455212721440816e-01 2.0729242134217015e-04
-8.0434478578660296e-01 2.0739043005827540e-04
-8.0413734636271417e-01 2.0748841350740925e-04
-8.0392980896801491e-01 2.0758637167738096e-04
-8.0372217362779019e-01 2.0768430455622301e-04
-8.0351444036733677e-01 2.0778221213270213e-04
-8.0330660921196373e-01 2.0788009439388645e-04
-8.0309868018699171e-01 2.0797795132850640e-04
-8.0289065331775344e-01 2.0807578292447458e-04
-8.0268252862959366e-01 2.0817358916948674e-04
-8.0247430614786874e-01 2.0827137005227260e-04
-8.0226598589794718e-01 2.0836912556084582e-04
-8.0205756790520943e-01 2.0846685568281788e-04
-8.0184905219504765e-01 2.0856456040692936e-04
-8.0164043879286617e-01 2.0866223972056236e-04
-8.0143172772408100e-01 2.0875989361219830e-04
-8.0122291901412013e-01 2.0885752206989568e-04
-8.0101401268842343e-01 2.0895512508180313e-04
-8.0080500877244265e-01 2.0905270263610819e-04
-8.0059590729164154e-01 2.0915025472058863e-04
-8.0038670827149561e-01 2.0924778132356409e-04
-8.0017741173749224e-01 2.0934528243329528e-04
-7.9996801771513082e-01 2.0944275803765384e-04
-7.9975852622992238e-01 2.0954020812541144e-04
-7.9954893730739030e-01 2.0963763268343425e-04
-7.9933925097306924e-01 2.0973503170091586e-04
-7.9912946725250611e-01 2.0983240516561448e-04
-7.9891958617125958e-01 2.0992975306567037e-04
-7.9870960775490007e-01 2.1002707538963805e-04
-7.9849953202901014e-01 2.1012437212504230e-04
-7.9828935901918396e-01 2.1022164326025956e-04
-7.9807908875102773e-01 2.1031888878307334e-04
-7.9786872125015917e-01 2.1041610868254254e-04
-7.9765825654220823e-01 2.1051330294622546e-04
-7.9744769465281662e-01 2.1061047156194991e-04
-7.9723703560763759e-01 2.1070761451878620e-04
-7.9702627943233673e-01 2.1080473180382111e-04
-7.9681542615259093e-01 2.1090182340621080e-04
-7.9660447579408933e-01 2.1099888931351820e-04
-7.9639342838253258e-01 2.1109592951456469e-04
-7.9618228394363355e-01 2.1119294399646806e-04
-7.9597104250311645e-01 2.1128993274844410e-04
-7.9575970408671770e-01 2.1138689575810190e-04
-7.9554826872018536e-01 2.1148383301366897e-04
-7.9533673642927927e-01 2.1158074450358213e-04
-7.9512510723977126e-01 2.1167763021551423e-04
-7.9491338117744459e-01 2.1177449013867199e-04
-7.9470155826809485e-01 2.1187132426011063e-04
-7.9448963853752896e-01 2.1196813256887183e-04
-7.9427762201156593e-01 2.1206491505272211e-04
-7.9406550871603654e-01 2.1216167169951371e-04
-7.9385329867678300e-01 2.1225840249859256e-04
-7.9364099191965987e-01 2.1235510743709455e-04
-7.9342858847053299e-01 2.1245178650381959e-04
-7.9321608835528046e-01 2.1254843968667215e-04
-7.9300349159979167e-01 2.1264506697409860e-04
-7.9279079822996801e-01 2.1274166835455349e-04
-7.9257800827172287e-01 2.1283824381537498e-04
-7.9236512175098095e-01 2.1293479334567888e-04
-7.9215213869367895e-01 2.1303131693372265e-04
-7.9193905912576557e-01 2.1312781456678270e-04
-7.9172588307320069e-01 2.1322428623440681e-04
-7.9151261056195654e-01 2.1332073192377929e-04
-7.9129924161801679e-01 2.1341715162342151e-04
-7.9108577626737675e-01 2.1351354532217750e-04
-7.9087221453604384e-01 2.1360991300751271e-04
-7.9065855645003691e-01 2.1370625466808645e-04
-7.9044480203538670e-01 2.1380257029202996e-04
-7.9023095131813559e-01 2.1389885986777596e-04
-7.9001700432433775e-01 2.1399512338362165e-04
-7.8980296108005910e-01 2.1409136082772398e-04
-7.8958882161137733e-01 2.1418757218806056e-04
-7.8937458594438170e-01 2.1428375745331205e-04
-7.8916025410517332e-01 2.1437991661156172e-04
-7.8894582611986486e-01 2.1447604965152111e-04
-7.8873130201458097e-01 2.1457215656087115e-04
-7.8851668181545786e-01 2.1466823732790098e-04
-7.8830196554864329e-01 2.1476429194154252e-04
-7.8808715324029699e-01 2.1486032038964565e-04
-7.8787224491659025e-01 2.1495632266060354e-04
-7.8765724060370612e-01 2.1505229874258354e-04
-7.8744214032783932e-01 2.1514824862388799e-04
-7.8722694411519623e-01 2.1524417229298236e-04
-7.8701165199199485e-01 2.1534006973841565e-04
-7.8679626398446512e-01 2.1543594094800505e-04
-7.8658078011884847e-01 2.1553178591006411e-04
-7.8636520042139790e-01 2.1562760461350089e-04
-7.8614952491837831e-01 2.1572339704636133e-04
-7.8593375363606621e-01 2.1581916319679301e-04
-7.8571788660074982e-01 2.1591490305295120e-04
-7.8550192383872874e-01 2.1601061660395142e-04
-7.8528586537631473e-01 2.1610630383715726e-04
-7.8506971123983071e-01 2.1620196474168179e-04
-7.8485346145561152e-01 2.1629759930579204e-04
-7.8463711605000375e-01 2.1639320751728623e-04
-7.8442067504936541e-01 2.1648878936481931e-04
-7.8420413848006620e-01 2.1658434483698538e-04
-7.8398750636848757e-01 2.1667987392191956e-04
-7.8377077874102263e-01 2.1677537660769224e-04
-7.8355395562407593e-01 2.1687085288314185e-04
-7.8333703704406377e-01 2.1696630273660022e-04
-7.8312002302741412e-01 2.1706172615629796e-04
-7.8290291360056663e-01 2.1715712313034896e-04
-7.8268570878997223e-01 2.1725249364804814e-04
-7.8246840862209410e-01 2.1734783769637047e-04
-7.8225101312340639e-01 2.1744315526475954e-04
-7.8203352232039514e-01 2.1753844634159438e-04
-7.8181593623955814e-01 2.1763371091468054e-04
-7.8159825490740464e-01 2.1772894897250354e-04
-7.8138047835045532e-01 2.1782416050415506e-04
-7.8116260659524284e-01 2.1791934549728799e-04
-7.8094463966831118e-01 2.1801450394057922e-04
-7.8072657759621600e-01 2.1810963582248084e-04
-7.8050842040552459e-01 2.1820474113120399e-04
-7.8029016812281582e-01 2.1829981985509918e-04
-7.8007182077467996e-01 2.1839487198313531e-04
-7.7985337838771918e-01 2.1848989750310204e-04
-7.7963484098854696e-01 2.1858489640382050e-04
-7.7941620860378846e-01 2.1867986867374017e-04
-7.7919748126008048e-01 2.1877481430103380e-04
-7.7897865898407126e-01 2.1886973327436712e-04
-7.7875974180242080e-01 2.1896462558165707e-04
-7.7854072974180033e-01 2.1905949121213403e-04
-7.7832162282889295e-01 2.1915433015382962e-04
-7.7810242109039329e-01 2.1924914239478639e-04
-7.7788312455300723e-01 2.1934392792440647e-04
-7.7766373324345262e-01 2.1943868673034281e-04
-7.7744424718845861e-01 2.1953341880114402e-04
-7.7722466641476584e-01 2.1962812412575607e-04
-7.7700499094912667e-01 2.1972280269226091e-04
-7.7678522081830492e-01 2.1981745448914142e-04
-7.7656535604907595e-01 2.1991207950481338e-04
-7.7634539666822666e-01 2.2000667772764719e-04
-7.7612534270255529e-01 2.2010124914678572e-04
-7.7590519417887194e-01 2.2019579375001847e-04
-7.7568495112399805e-01 2.2029031152588473e-04
-7.7546461356476648e-01 2.2038480246324365e-04
-7.7524418152802177e-01 2.2047926655040692e-04
-7.7502365504061999e-01 2.2057370377556130e-04
-7.7480303412942853e-01 2.2066811412756529e-04
-7.7458231882132633e-01 2.2076249759516228e-04
-7.7436150914320412e-01 2.2085685416604219e-04
-7.7414060512196370e-01 2.2095118382942796e-04
-7.7391960678451865e-01 2.2104548657348794e-04
-7.7369851415779389e-01 2.2113976238702482e-04
-7.7347732726872609e-01 2.2123401125778458e-04
-7.7325604614426291e-01 2.2132823317540351e-04
-7.7303467081136401e-01 2.2142242812756333e-04
-7.7281320129700015e-01 2.2151659610339250e-04
-7.7259163762815386e-01 2.2161073709088178e-04
-7.7236997983181899e-01 2.2170485107861530e-04
-7.7214822793500082e-01 2.2179893805527483e-04
-7.7192638196471608e-01 2.2189299800968491e-04
-7.7170444194799315e-01 2.2198703092989961e-04
-7.7148240791187161e-01 2.2208103680492958e-04
-7.7126027988340284e-01 2.2217501562258135e-04
-7.7103805788964919e-01 2.2226896737243644e-04
-7.7081574195768487e-01 2.2236289204239892e-04
-7.7059333211459546e-01 2.2245678962088528e-04
-7.7037082838747784e-01 2.2255066009671691e-04
-7.7014823080344030e-01 2.2264450345874448e-04
-7.6992553938960284e-01 2.2273831969500153e-04
-7.6970275417309675e-01 2.2283210879389835e-04
-7.6947987518106442e-01 2.2292587074509396e-04
-7.6925690244066025e-01 2.2301960553613388e-04
-7.6903383597904973e-01 2.2311331315574105e-04
-7.6881067582340967e-01 2.2320699359298969e-04
-7.6858742200092856e-01 2.2330064683608611e-04
-7.6836407453880606e-01 2.2339427287398919e-04
-7.6814063346425354e-01 2.2348787169464878e-04
-7.6791709880449355e-01 2.2358144328683518e-04
-7.6769347058675996e-01 2.2367498763956124e-04
-7.6746974883829822e-01 2.2376850474127439e-04
-7.6724593358636517e-01 2.2386199458030974e-04
-7.6702202485822890e-01 2.2395545714568079e-04
-7.6679802268116903e-01 2.2404889242577265e-04
-7.6657392708247651e-01 2.2414230040924564e-04
-7.6634973808945372e-01 2.2423568108452158e-04
-7.6612545572941437e-01 2.2432903444025300e-04
-7.6590108002968338e-01 2.2442236046571752e-04
-7.6567661101759743e-01 2.2451565914866263e-04
-7.6545204872050421e-01 2.2460893047831517e-04
-7.6522739316576305e-01 2.2470217444276388e-04
-7.6500264438074439e-01 2.2479539103106963e-04
-7.6477780239283011e-01 2.2488858023205912e-04
-7.6455286722941362e-01 2.2498174203380215e-04
-7.6432783891789946e-01 2.2507487642531250e-04
-7.6410271748570358e-01 2.2516798339530453e-04
-7.6387750296025336e-01 2.2526106293214209e-04
-7.6365219536898732e-01 2.2535411502506476e-04
-7.6342679473935571e-01 2.2544713966177483e-04
-7.6320130109881967e-01 2.2554013683161669e-04
-7.6297571447485180e-01 2.2563310652356003e-04
-7.6275003489493631e-01 2.2572604872539168e-04
-7.6252426238656834e-01 2.2581896342651960e-04
-7.6229839697725466e-01 2.2591185061511551e-04
-7.6207243869451313e-01 2.2600471028016118e-04
-7.6184638756587308e-01 2.2609754241021302e-04
-7.6162024361887504e-01 2.2619034699415818e-04
-7.6139400688107095e-01 2.2628312402044187e-04
-7.6116767738002400e-01 2.2637587347786720e-04
-7.6094125514330857e-01 2.2646859535550878e-04
-7.6071474019851071e-01 2.2656128964120025e-04
-7.6048813257322723e-01 2.2665395632464439e-04
-7.6026143229506682e-01 2.2674659539343708e-04
-7.6003463939164884e-01 2.2683920683745407e-04
-7.5980775389060440e-01 2.2693179064482160e-04
-7.5958077581957584e-01 2.2702434680392508e-04
-7.5935370520621648e-01 2.2711687530419311e-04
-7.5912654207819119e-01 2.2720937613404015e-04
-7.5889928646317606e-01 2.2730184928214397e-04
-7.5867193838885849e-01 2.2739429473694640e-04
-7.5844449788293689e-01 2.2748671248790667e-04
-7.5821696497312119e-01 2.2757910252343307e-04
-7.5798933968713256e-01 2.2767146483212105e-04
-7.5776162205270337e-01 2.2776379940270632e-04
-7.5753381209757720e-01 2.2785610622405179e-04
-7.5730590984950885e-01 2.2794838528518351e-04
-7.5707791533626456e-01 2.2804063657440817e-04
-7.5684982858562166e-01 2.2813286008055282e-04
-7.5662164962536871e-01 2.2822505579251742e-04
-7.5639337848330557e-01 2.2831722369892260e-04
-7.5616501518724322e-01 2.2840936378882873e-04
-7.5593655976500396e-01 2.2850147605091363e-04
-7.5570801224442130e-01 2.2859356047397720e-04
-7.5547937265334009e-01 2.2868561704637383e-04
-7.5525064101961614e-01 2.2877764575732237e-04
-7.5502181737111662e-01 2.2886964659563110e-04
-7.5479290173572000e-01 2.2896161954970976e-04
-7.5456389414131575e-01 2.2905356460874046e-04
-7.5433479461580466e-01 2.2914548176147602e-04
-7.5410560318709874e-01 2.2923737099661887e-04
-7.5387631988312120e-01 2.2932923230284098e-04
-7.5364694473180627e-01 2.2942106566950168e-04
-7.5341747776109969e-01 2.2951287108475212e-04
-7.5318791899895821e-01 2.2960464853736371e-04
-7.5295826847334957e-01 2.2969639801686582e-04
-7.5272852621225306e-01 2.2978811951145965e-04
-7.5249869224365884e-01 2.2987981301039325e-04
-7.5226876659556852e-01 2.2997147850200466e-04
-7.5203874929599457e-01 2.3006311597563407e-04
-7.5180864037296091e-01 2.3015472541971574e-04
-7.5157843985450246e-01 2.3024630682326282e-04
-7.5134814776866532e-01 2.3033786017510879e-04
-7.5111776414350673e-01 2.3042938546427848e-04
-7.5088728900709523e-01 2.3052088267919125e-04
-7.5065672238751024e-01 2.3061235180924422e-04
-7.5042606431284264e-01 2.3070379284277376e-04
-7.5019531481119417e-01 2.3079520576907604e-04
-7.4996447391067800e-01 2.3088659057638272e-04
-7.4973354163941808e-01 2.3097794725425674e-04
-7.4950251802554968e-01 2.3106927579154808e-04
-7.4927140309721940e-01 2.3116057617643147e-04
-7.4904019688258450e-01 2.3125184839876113e-04
-7.4880889940981388e-01 2.3134309244644580e-04
-7.4857751070708711e-01 2.3143430830907267e-04
-7.4834603080259521e-01 2.3152549597507574e-04
-7.4811445972454016e-01 2.3161665543334006e-04
-7.4788279750113495e-01 2.3170778667313939e-04
-7.4765104416060379e-01 2.3179888968337259e-04
-7.4741919973118209e-01 2.3188996445257034e-04
-7.4718726424111614e-01 2.3198101097001309e-04
-7.4695523771866357e-01 2.3207202922416725e-04
-7.4672312019209286e-01 2.3216301920424791e-04
-7.4649091168968373e-01 2.3225398089906054e-04
-7.4625861223972689e-01 2.3234491429770674e-04
-7.4602622187052414e-01 2.3243581938922351e-04
-7.4579374061038861e-01 2.3252669616177787e-04
-7.4556116848764409e-01 2.3261754460500065e-04
-7.4532850553062568e-01 2.3270836470766287e-04
-7.4509575176767950e-01 2.3279915645876400e-04
-7.4486290722716275e-01 2.3288991984717777e-04
-7.4462997193744374e-01 2.3298065486164986e-04
-7.4439694592690175e-01 2.3307136149114036e-04
-7.4416382922392710e-01 2.3316203972484546e-04
-7.4393062185692116e-01 2.3325268955175758e-04
-7.4369732385429643e-01 2.3334331096070741e-04
-7.4346393524447640e-01 2.3343390394067642e-04
-7.4323045605589566e-01 2.3352446848043119e-04
-7.4299688631699978e-01 2.3361500456892174e-04
-7.4276322605624523e-01 2.3370551219560872e-04
-7.4252947530209967e-01 2.3379599134932424e-04
-7.4229563408304189e-01 2.3388644201862406e-04
-7.4206170242756153e-01 2.3397686419258828e-04
-7.4182768036415925e-01 2.3406725786033453e-04
-7.4159356792134667e-01 2.3415762301113002e-04
-7.4135936512764666e-01 2.3424795963351443e-04
-7.4112507201159283e-01 2.3433826771685810e-04
-7.4089068860173002e-01 2.3442854724981194e-04
-7.4065621492661393e-01 2.3451879822145537e-04
-7.4042165101481117e-01 2.3460902062126461e-04
-7.4018699689489964e-01 2.3469921443759797e-04
-7.3995225259546804e-01 2.3478937965955155e-04
-7.3971741814511593e-01 2.3487951627662232e-04
-7.3948249357245421e-01 2.3496962427711258e-04
-7.3924747890610432e-01 2.3505970365082053e-04
-7.3901237417469900e-01 2.3514975438619729e-04
-7.3877717940688192e-01 2.3523977647271611e-04
-7.3854189463130770e-01 2.3532976989867869e-04
-7.3830651987664164e-01 2.3541973465422111e-04
-7.3807105517156057e-01 2.3550967072723508e-04
-7.3783550054475178e-01 2.3559957810746134e-04
-7.3759985602491362e-01 2.3568945678410690e-04
-7.3736412164075571e-01 2.3577930674552216e-04
-7.3712829742099817e-01 2.3586912798139955e-04
-7.3689238339437246e-01 2.3595892048015386e-04
-7.3665637958962060e-01 2.3604868423153998e-04
-7.3642028603549581e-01 2.3613841922439865e-04
-7.3618410276076229e-01 2.3622812544737753e-04
-7.3594782979419493e-01 2.3631780289001965e-04
-7.3571146716457969e-01 2.3640745154133013e-04
-7.3547501490071354e-01 2.3649707139004943e-04
-7.3523847303140411e-01 2.3658666242583161e-04
-7.3500184158547022e-01 2.3667622463732196e-04
-7.3476512059174148e-01 2.3676575801365507e-04
-7.3452831007905839e-01 2.3685526254409146e-04
-7.3429141007627241e-01 2.3694473821756818e-04
-7.3405442061224579e-01 2.3703418502352461e-04
-7.3381734171585189e-01 2.3712360295067330e-04
-7.3358017341597481e-01 2.3721299198819815e-04
-7.3334291574150967e-01 2.3730235212491546e-04
-7.3310556872136212e-01 2.3739168335083527e-04
-7.3286813238444926e-01 2.3748098565408622e-04
-7.3263060675969860e-01 2.3757025902432956e-04
-7.3239299187604867e-01 2.3765950345080452e-04
-7.3215528776244909e-01 2.3774871892204104e-04
-7.3191749444786003e-01 2.3783790542764577e-04
-7.3167961196125264e-01 2.3792706295677887e-04
-7.3144164033160897e-01 2.3801619149860839e-04
-7.3120357958792204e-01 2.3810529104181970e-04
-7.3096542975919554e-01 2.3819436157579359e-04
-7.3072719087444404e-01 2.3828340308980296e-04
-7.3048886296269300e-01 2.3837241557306708e-04
-7.3025044605297873e-01 2.3846139901464712e-04
-7.3001194017434845e-01 2.3855035340350717e-04
-7.2977334535586014e-01 2.3863927872883696e-04
-7.2953466162658254e-01 2.3872817498008856e-04
-7.2929588901559539e-01 2.3881704214613673e-04
-7.2905702755198909e-01 2.3890588021645474e-04
-7.2881807726486503e-01 2.3899468917997494e-04
-7.2857903818333525e-01 2.3908346902614739e-04
-7.2833991033652290e-01 2.3917221974350709e-04
-7.2810069375356157e-01 2.3926094132184172e-04
-7.2786138846359583e-01 2.3934963375036900e-04
-7.2762199449578113e-01 2.3943829701802085e-04
-7.2738251187928360e-01 2.3952693111424565e-04
-7.2714294064328033e-01 2.3961553602785217e-04
-7.2690328081695899e-01 2.3970411174849442e-04
-7.2666353242951820e-01 2.3979265826516201e-04
-7.2642369551016739e-01 2.3988117556692165e-04
-7.2618377008812662e-01 2.3996966364326968e-04
-7.2594375619262697e-01 2.4005812248300339e-04
-7.2570365385291002e-01 2.4014655207570107e-04
-7.2546346309822829e-01 2.4023495241059332e-04
-7.2522318395784502e-01 2.4032332347692580e-04
-7.2498281646103424e-01 2.4041166526395940e-04
-7.2474236063708086e-01 2.4049997776055536e-04
-7.2450181651528034e-01 2.4058826095628148e-04
-7.2426118412493901e-01 2.4067651484032746e-04
-7.2402046349537386e-01 2.4076473940219044e-04
-7.2377965465591287e-01 2.4085293463057080e-04
-7.2353875763589459e-01 2.4094110051485262e-04
-7.2329777246466820e-01 2.4102923704468304e-04
-7.2305669917159376e-01 2.4111734420925938e-04
-7.2281553778604224e-01 2.4120542199730855e-04
-7.2257428833739490e-01 2.4129347039889815e-04
-7.2233295085504423e-01 2.4138148940250467e-04
-7.2209152536839305e-01 2.4146947899793535e-04
-7.2185001190685516e-01 2.4155743917410745e-04
-7.2160841049985480e-01 2.4164536992087740e-04
-7.2136672117682732e-01 2.4173327122681526e-04
-7.2112494396721838e-01 2.4182114308177795e-04
-7.2088307890048464e-01 2.4190898547469226e-04
-7.2064112600609320e-01 2.4199679839535137e-04
-7.2039908531352226e-01 2.4208458183227075e-04
-7.2015695685226022e-01 2.4217233577550760e-04
-7.1991474065180661e-01 2.4226006021381145e-04
-7.1967243674167136e-01 2.4234775513675273e-04
-7.1943004515137510e-01 2.4243542053401163e-04
-7.1918756591044941e-01 2.4252305639424089e-04
-7.1894499904843634e-01 2.4261066270691231e-04
-7.1870234459488846e-01 2.4269823946189100e-04
-7.1845960257936947e-01 2.4278578664766945e-04
-7.1821677303145326e-01 2.4287330425419845e-04
-7.1797385598072461e-01 2.4296079227076678e-04
-7.1773085145677895e-01 2.4304825068662895e-04
-7.1748775948922250e-01 2.4313567949069918e-04
-7.1724458010767178e-01 2.4322307867298109e-04
-7.1700131334175421e-01 2.4331044822270388e-04
-7.1675795922110797e-01 2.4339778812872755e-04
-7.1651451777538155e-01 2.4348509838110021e-04
-7.1627098903423425e-01 2.4357237896875000e-04
-7.1602737302733621e-01 2.4365962988088933e-04
-7.1578366978436780e-01 2.4374685110738618e-04
-7.1553987933502028e-01 2.4383404263743935e-04
-7.1529600170899554e-01 2.4392120446017007e-04
-7.1505203693600594e-01 2.4400833656529716e-04
-7.1480798504577459e-01 2.4409543894204707e-04
-7.1456384606803514e-01 2.4418251157986697e-04
-7.1431962003253202e-01 2.4426955446770041e-04
-7.1407530696901989e-01 2.4435656759575473e-04
-7.1383090690726436e-01 2.4444355095298566e-04
-7.1358641987704163e-01 2.4453050452854450e-04
-7.1334184590813821e-01 2.4461742831241232e-04
-7.1309718503035158e-01 2.4470432229332798e-04
-7.1285243727348935e-01 2.4479118646157817e-04
-7.1260760266737022e-01 2.4487802080579282e-04
-7.1236268124182323e-01 2.4496482531544448e-04
-7.1211767302668783e-01 2.4505159998043278e-04
-7.1187257805181425e-01 2.4513834479006222e-04
-7.1162739634706329e-01 2.4522505973368307e-04
-7.1138212794230637e-01 2.4531174480039693e-04
-7.1113677286742527e-01 2.4539839998003035e-04
-7.1089133115231240e-01 2.4548502526213200e-04
-7.1064580282687084e-01 2.4557162063590604e-04
-7.1040018792101423e-01 2.4565818609057990e-04
-7.1015448646466650e-01 2.4574472161610058e-04
-7.0990869848776239e-01 2.4583122720169058e-04
-7.0966282402024716e-01 2.4591770283658918e-04
-7.0941686309207641e-01 2.4600414851067178e-04
-7.0917081573321639e-01 2.4609056421344790e-04
-7.0892468197364411e-01 2.4617694993368089e-04
-7.0867846184334660e-01 2.4626330566180992e-04
-7.0843215537232196e-01 2.4634963138643915e-04
-7.0818576259057830e-01 2.4643592709788889e-04
-7.0793928352813473e-01 2.4652219278491948e-04
-7.0769271821502056e-01 2.4660842843727339e-04
-7.0744606668127563e-01 2.4669463404456131e-04
-7.0719932895695037e-01 2.4678080959628405e-04
-7.0695250507210572e-01 2.4686695508174816e-04
-7.0670559505681307e-01 2.4695307049052564e-04
-7.0645859894115437e-01 2.4703915581198024e-04
-7.0621151675522187e-01 2.4712521103600183e-04
-7.0596434852911849e-01 2.4721123615194034e-04
-7.0571709429295759e-01 2.4729723114931600e-04
-7.0546975407686296e-01 2.4738319601777547e-04
-7.0522232791096906e-01 2.4746913074638415e-04
-7.0497481582542054e-01 2.4755503532503283e-04
-7.0472721785037262e-01 2.4764090974337046e-04
-7.0447953401599106e-01 2.4772675399078445e-04
-7.0423176435245205e-01 2.4781256805671975e-04
-7.0398390888994222e-01 2.4789835193073643e-04
-7.0373596765865865e-01 2.4798410560241698e-04
-7.0348794068880882e-01 2.4806982906139534e-04
-7.0323982801061080e-01 2.4815552229699516e-04
-7.0299162965429285e-01 2.4824118529926715e-04
-7.0274334565009400e-01 2.4832681805720704e-04
-7.0249497602826338e-01 2.4841242056089627e-04
-7.0224652081906080e-01 2.4849799279964781e-04
-7.0199798005275649e-01 2.4858353476279901e-04
-7.0174935375963088e-01 2.4866904644033630e-04
-7.0150064196997508e-01 2.4875452782149258e-04
-7.0125184471409041e-01 2.4883997889614789e-04
-7.0100296202228873e-01 2.4892539965376120e-04
-7.0075399392489224e-01 2.4901079008404910e-04
-7.0050494045223366e-01 2.4909615017632860e-04
-7.0025580163465595e-01 2.4918147992044395e-04
-7.0000657750251261e-01 2.4926677930581166e-04
-6.9975726808616734e-01 2.4935204832243074e-04
-6.9950787341599452e-01 2.4943728695943308e-04
-6.9925839352237862e-01 2.4952249520685216e-04
-6.9900882843571477e-01 2.4960767305388519e-04
-6.9875917818640831e-01 2.4969282049022533e-04
-6.9850944280487492e-01 2.4977793750574661e-04
-6.9825962232154071e-01 2.4986302409010184e-04
-6.9800971676684220e-01 2.4994808023274829e-04
-6.9775972617122628e-01 2.5003310592329003e-04
-6.9750965056515013e-01 2.5011810115141214e-04
-6.9725948997908127e-01 2.5020306590692218e-04
-6.9700924444349766e-01 2.5028800017936443e-04
-6.9675891398888767e-01 2.5037290395803815e-04
-6.9650849864574971e-01 2.5045777723332603e-04
-6.9625799844459291e-01 2.5054261999429692e-04
-6.9600741341593653e-01 2.5062743223075630e-04
-6.9575674359031014e-01 2.5071221393253553e-04
-6.9550598899825389e-01 2.5079696508880153e-04
-6.9525514967031776e-01 2.5088168569011412e-04
-6.9500422563706266e-01 2.5096637572531169e-04
-6.9475321692905934e-01 2.5105103518459972e-04
-6.9450212357688912e-01 2.5113566405745306e-04
-6.9425094561114353e-01 2.5122026233367667e-04
-6.9399968306242454e-01 2.5130483000268902e-04
-6.9374833596134422e-01 2.5138936705450639e-04
-6.9349690433852507e-01 2.5147387347875937e-04
-6.9324538822459991e-01 2.5155834926499429e-04
-6.9299378765021180e-01 2.5164279440299342e-04
-6.9274210264601410e-01 2.5172720888244437e-04
-6.9249033324267051e-01 2.5181159269293217e-04
-6.9223847947085482e-01 2.5189594582457505e-04
-6.9198654136125126e-01 2.5198026826700937e-04
-6.9173451894455440e-01 2.5206456000975242e-04
-6.9148241225146900e-01 2.5214882104248774e-04
-6.9123022131271006e-01 2.5223305135504314e-04
-6.9097794615900288e-01 2.5231725093708692e-04
-6.9072558682108287e-01 2.5240141977877893e-04
-6.9047314332969600e-01 2.5248555786937515e-04
-6.9022061571559834e-01 2.5256966519860059e-04
-6.8996800400955605e-01 2.5265374175662572e-04
-6.8971530824234573e-01 2.5273778753304925e-04
-6.8946252844475420e-01 2.5282180251754051e-04
-6.8920966464757860e-01 2.5290578669954719e-04
-6.8895671688162596e-01 2.5298974006954055e-04
-6.8870368517771396e-01 2.5307366261673105e-04
-6.8845056956667017e-01 2.5315755433136987e-04
-6.8819737007933268e-01 2.5324141520274634e-04
-6.8794408674654961e-01 2.5332524522080595e-04
-6.8769071959917927e-01 2.5340904437552172e-04
-6.8743726866809041e-01 2.5349281265619377e-04
-6.8718373398416155e-01 2.5357655005343746e-04
-6.8693011557828199e-01 2.5366025655619009e-04
-6.8667641348135067e-01 2.5374393215498684e-04
-6.8642262772427720e-01 2.5382757683900981e-04
-6.8616875833798097e-01 2.5391119059868359e-04
-6.8591480535339200e-01 2.5399477342308291e-04
-6.8566076880144999e-01 2.5407832530278149e-04
-6.8540664871310530e-01 2.5416184622701325e-04
-6.8515244511931817e-01 2.5424533618583557e-04
-6.8489815805105903e-01 2.5432879516922811e-04
-6.8464378753930866e-01 2.5441222316669804e-04
-6.8438933361505783e-01 2.5449562016828720e-04
-6.8413479630930751e-01 2.5457898616388069e-04
-6.8388017565306880e-01 2.5466232114351110e-04
-6.8362547167736321e-01 2.5474562509640206e-04
-6.8337068441322213e-01 2.5482889801259876e-04
-6.8311581389168696e-01 2.5491213988258830e-04
-6.8286086014380976e-01 2.5499535069531832e-04
-6.8260582320065211e-01 2.5507853044153645e-04
-6.8235070309328627e-01 2.5516167911041634e-04
-6.8209549985279438e-01 2.5524479669189031e-04
-6.8184021351026858e-01 2.5532788317629741e-04
-6.8158484409681142e-01 2.5541093855305344e-04
-6.8132939164353534e-01 2.5549396281229352e-04
-6.8107385618156302e-01 2.5557695594388593e-04
-6.8081823774202721e-01 2.5565991793769421e-04
-6.8056253635607089e-01 2.5574284878329673e-04
-6.8030675205484681e-01 2.5582574847128777e-04
-6.8005088486951826e-01 2.5590861699089707e-04
-6.7979493483125841e-01 2.5599145433207767e-04
-6.7953890197125033e-01 2.5607426048533221e-04
-6.7928278632068761e-01 2.5615703543987789e-04
-6.7902658791077353e-01 2.5623977918617366e-04
-6.7877030677272165e-01 2.5632249171397186e-04
-6.7851394293775569e-01 2.5640517301295311e-04
-6.7825749643710931e-01 2.5648782307306442e-04
-6.7800096730202619e-01 2.5657044188446968e-04
-6.7774435556376011e-01 2.5665302943724618e-04
-6.7748766125357507e-01 2.5673558572102134e-04
-6.7723088440274504e-01 2.5681811072564493e-04
-6.7697402504255400e-01 2.5690060444113317e-04
-6.7671708320429580e-01 2.5698306685802841e-04
-6.7646005891927485e-01 2.5706549796541050e-04
-6.7620295221880511e-01 2.5714789775381833e-04
-6.7594576313421095e-01 2.5723026621264839e-04
-6.7568849169682632e-01 2.5731260333269440e-04
-6.7543113793799570e-01 2.5739490910331225e-04
-6.7517370188907333e-01 2.5747718351455624e-04
-6.7491618358142358e-01 2.5755942655631510e-04
-6.7465858304642057e-01 2.5764163821917279e-04
-6.7440090031544897e-01 2.5772381849219623e-04
-6.7414313541990289e-01 2.5780596736613295e-04
-6.7388528839118689e-01 2.5788808483050005e-04
-6.7362735926071515e-01 2.5797017087581567e-04
-6.7336934805991233e-01 2.5805222549137534e-04
-6.7311125482021261e-01 2.5813424866774029e-04
-6.7285307957306051e-01 2.5821624039455135e-04
-6.7259482234991030e-01 2.5829820066208061e-04
-6.7233648318222639e-01 2.5838012946028446e-04
-6.7207806210148313e-01 2.5846202677908599e-04
-6.7181955913916480e-01 2.5854389260870225e-04
-6.7156097432676576e-01 2.5862572693897073e-04
-6.7130230769579025e-01 2.5870752976003359e-04
-6.7104355927775261e-01 2.5878930106160294e-04
-6.7078472910417686e-01 2.5887104083430624e-04
-6.7052581720659732e-01 2.5895274906772382e-04
-6.7026682361655809e-01 2.5903442575194932e-04
-6.7000774836561316e-01 2.5911607087731692e-04
-6.6974859148532662e-01 2.5919768443371746e-04
-6.6948935300727253e-01 2.5927926641089769e-04
-6.6923003296303463e-01 2.5936081679943699e-04
-6.6897063138420687e-01 2.5944233558909430e-04
-6.6871114830239309e-01 2.5952382276983274e-04
-6.6845158374920677e-01 2.5960527833233238e-04
-6.6819193775627184e-01 2.5968670226587628e-04
-6.6793221035522177e-01 2.5976809456078597e-04
-6.6767240157769991e-01 2.5984945520751159e-04
-6.6741251145535974e-01 2.5993078419594707e-04
-6.6715254001986468e-01 2.6001208151577997e-04
-6.6689248730288775e-01 2.6009334715770501e-04
-6.6663235333611215e-01 2.6017458111155656e-04
-6.6637213815123086e-01 2.6025578336752811e-04
-6.6611184177994687e-01 2.6033695391553013e-04
-6.6585146425397290e-01 2.6041809274584301e-04
-6.6559100560503170e-01 2.6049919984843687e-04
-6.6533046586485589e-01 2.6058027521329438e-04
-6.6506984506518774e-01 2.6066131883103848e-04
-6.6480914323777962e-01 2.6074233069165473e-04
-6.6454836041439380e-01 2.6082331078508168e-04
-6.6428749662680242e-01 2.6090425910125489e-04
-6.6402655190678728e-01 2.6098517563067660e-04
-6.6376552628614016e-01 2.6106606036348224e-04
-6.6350441979666275e-01 2.6114691328974241e-04
-6.6324323247016659e-01 2.6122773439946198e-04
-6.6298196433847301e-01 2.6130852368284538e-04
-6.6272061543341310e-01 2.6138928113035440e-04
-6.6245918578682805e-01 2.6147000673166229e-04
-6.6219767543056862e-01 2.6155070047730901e-04
-6.6193608439649554e-01 2.6163136235738017e-04
-6.6167441271647942e-01 2.6171199236179016e-04
-6.6141266042240043e-01 2.6179259048125135e-04
-6.6115082754614896e-01 2.6187315670541219e-04
-6.6088891411962492e-01 2.6195369102462819e-04
-6.6062692017473801e-01 2.6203419342941042e-04
-6.6036484574340804e-01 2.6211466390946666e-04
-6.6010269085756434e-01 2.6219510245519229e-04
-6.5984045554914617e-01 2.6227550905680682e-04
-6.5957813985010250e-01 2.6235588370456957e-04
-6.5931574379239222e-01 2.6243622638853412e-04
-6.5905326740798398e-01 2.6251653709880572e-04
-6.5879071072885598e-01 2.6259681582616707e-04
-6.5852807378699663e-01 2.6267706256016967e-04
-6.5826535661440377e-01 2.6275727729136507e-04
-6.5800255924308515e-01 2.6283746000998315e-04
-6.5773968170505825e-01 2.6291761070627211e-04
-6.5747672403235036e-01 2.6299772937047759e-04
-6.5721368625699861e-01 2.6307781599250763e-04
-6.5695056841104971e-01 2.6315787056287345e-04
-6.5668737052656012e-01 2.6323789307204512e-04
-6.5642409263559631e-01 2.6331788350983924e-04
-6.5616073477023418e-01 2.6339784186691907e-04
-6.5589729696255961e-01 2.6347776813326671e-04
-6.5563377924466815e-01 2.6355766229910855e-04
-6.5537018164866501e-01 2.6363752435487283e-04
-6.5510650420666516e-01 2.6371735429090397e-04
-6.5484274695079348e-01 2.6379715209709362e-04
-6.5457890991318424e-01 2.6387691776414297e-04
-6.5431499312598163e-01 2.6395665128233842e-04
-6.5405099662133970e-01 2.6403635264149347e-04
-6.5378692043142195e-01 2.6411602183219637e-04
-6.5352276458840164e-01 2.6419565884483329e-04
-6.5325852912446181e-01 2.6427526366966679e-04
-6.5299421407179525e-01 2.6435483629674465e-04
-6.5272981946260422e-01 2.6443437671681803e-04
-6.5246534532910094e-01 2.6451388491985107e-04
-6.5220079170350720e-01 2.6459336089618748e-04
-6.5193615861805443e-01 2.6467280463623755e-04
-6.5167144610498384e-01 2.6475221613016822e-04
-6.5140665419654620e-01 2.6483159536852286e-04
-6.5114178292500202e-01 2.6491094234156826e-04
-6.5087683232262150e-01 2.6499025703960471e-04
-6.5061180242168448e-01 2.6506953945294775e-04
-6.5034669325448036e-01 2.6514878957225262e-04
-6.5008150485330851e-01 2.6522800738723541e-04
-6.4981623725047766e-01 2.6530719288852080e-04
-6.4955089047830616e-01 2.6538634606670540e-04
-6.4928546456912228e-01 2.6546546691176006e-04
-6.4901995955526359e-01 2.6554455541451998e-04
-6.4875437546907766e-01 2.6562361156484275e-04
-6.4848871234292138e-01 2.6570263535342681e-04
-6.4822297020916142e-01 2.6578162677062014e-04
-6.4795714910017410e-01 2.6586058580666401e-04
-6.4769124904834530e-01 2.6593951245200257e-04
-6.4742527008607054e-01 2.6601840669697815e-04
-6.4715921224575490e-01 2.6609726853213064e-04
-6.4689307555981324e-01 2.6617609794752771e-04
-6.4662686006066972e-01 2.6625489493404305e-04
-6.4636056578075840e-01 2.6633365948179258e-04
-6.4609419275252289e-01 2.6641239158100948e-04
-6.4582774100841622e-01 2.6649109122237085e-04
-6.4556121058090121e-01 2.6656975839607682e-04
-6.4529460150245010e-01 2.6664839309272284e-04
-6.4502791380554469e-01 2.6672699530301438e-04
-6.4476114752267677e-01 2.6680556501652711e-04
-6.4449430268634700e-01 2.6688410222472115e-04
-6.4422737932906637e-01 2.6696260691705539e-04
-6.4396037748335477e-01 2.6704107908476075e-04
-6.4369329718174217e-01 2.6711951871768075e-04
-6.4342613845676777e-01 2.6719792580657279e-04
-6.4315890134098042e-01 2.6727630034191919e-04
-6.4289158586693851e-01 2.6735464231418939e-04
-6.4262419206721011e-01 2.6743295171359520e-04
-6.4235671997437271e-01 2.6751122853060113e-04
-6.4208916962101326e-01 2.6758947275597352e-04
-6.4182154103972844e-01 2.6766768437982936e-04
-6.4155383426312429e-01 2.6774586339286898e-04
-6.4128604932381639e-01 2.6782400978569510e-04
-6.4101818625443008e-01 2.6790212354831219e-04
-6.4075024508759981e-01 2.6798020467178198e-04
-6.4048222585596992e-01 2.6805825314622951e-04
-6.4021412859219418e-01 2.6813626896196450e-04
-6.3994595332893556e-01 2.6821425211008538e-04
-6.3967770009886704e-01 2.6829220258038698e-04
-6.3940936893467060e-01 2.6837012036401192e-04
-6.3914095986903807e-01 2.6844800545110042e-04
-6.3887247293467064e-01 2.6852585783220548e-04
-6.3860390816427892e-01 2.6860367749804504e-04
-6.3833526559058318e-01 2.6868146443885689e-04
-6.3806654524631301e-01 2.6875921864529998e-04
-6.3779774716420756e-01 2.6883694010783164e-04
-6.3752887137701542e-01 2.6891462881701363e-04
-6.3725991791749459e-01 2.6899228476348673e-04
-6.3699088681841265e-01 2.6906990793767565e-04
-6.3672177811254649e-01 2.6914749833035448e-04
-6.3645259183268266e-01 2.6922505593177841e-04
-6.3618332801161703e-01 2.6930258073250702e-04
-6.3591398668215493e-01 2.6938007272316619e-04
-6.3564456787711121e-01 2.6945753189408750e-04
-6.3537507162930984e-01 2.6953495823648705e-04
-6.3510549797158466e-01 2.6961235174043145e-04
-6.3483584693677875e-01 2.6968971239655607e-04
-6.3456611855774470e-01 2.6976704019515300e-04
-6.3429631286734423e-01 2.6984433512738812e-04
-6.3402642989844882e-01 2.6992159718349678e-04
-6.3375646968393917e-01 2.6999882635426239e-04
-6.3348643225670553e-01 2.7007602263008683e-04
-6.3321631764964748e-01 2.7015318600160640e-04
-6.3294612589567401e-01 2.7023031645936039e-04
-6.3267585702770346e-01 2.7030741399409981e-04
-6.3240551107866361e-01 2.7038447859645156e-04
-6.3213508808149177e-01 2.7046151025665707e-04
-6.3186458806913426e-01 2.7053850896597290e-04
-6.3159401107454727e-01 2.7061547471437044e-04
-6.3132335713069598e-01 2.7069240749284568e-04
-6.3105262627055514e-01 2.7076930729190527e-04
-6.3078181852710880e-01 2.7084617410221717e-04
-6.3051093393335034e-01 2.7092300791453975e-04
-6.3023997252228270e-01 2.7099980871917270e-04
-6.2996893432691792e-01 2.7107657650707518e-04
-6.2969781938027747e-01 2.7115331126897348e-04
-6.2942662771539237e-01 2.7123001299512458e-04
-6.2915535936530276e-01 2.7130668167639309e-04
-6.2888401436305819e-01 2.7138331730341503e-04
-6.2861259274171755e-01 2.7145991986687873e-04
-6.2834109453434905e-01 2.7153648935745274e-04
-6.2806951977403025e-01 2.7161302576587227e-04
-6.2779786849384800e-01 2.7168952908284924e-04
-6.2752614072689861e-01 2.7176599929882249e-04
-6.2725433650628759e-01 2.7184243640448352e-04
-6.2698245586512968e-01 2.7191884039081408e-04
-6.2671049883654906e-01 2.7199521124843360e-04
-6.2643846545367932e-01 2.7207154896767078e-04
-6.2616635574966306e-01 2.7214785353976213e-04
-6.2589416975765233e-01 2.7222412495505558e-04
-6.2562190751080859e-01 2.7230036320436280e-04
-6.2534956904230243e-01 2.7237656827843669e-04
-6.2507715438531386e-01 2.7245274016776238e-04
-6.2480466357303199e-01 2.7252887886331661e-04
-6.2453209663865539e-01 2.7260498435562779e-04
-6.2425945361539170e-01 2.7268105663572615e-04
-6.2398673453645803e-01 2.7275709569416065e-04
-6.2371393943508069e-01 2.7283310152165978e-04
-6.2344106834449531e-01 2.7290907410875863e-04
-6.2316812129794652e-01 2.7298501344670388e-04
-6.2289509832868861e-01 2.7306091952570313e-04
-6.2262199946998475e-01 2.7313679233689130e-04
-6.2234882475510755e-01 2.7321263187092391e-04
-6.2207557421733894e-01 2.7328843811826931e-04
-6.2180224788996974e-01 2.7336421107028989e-04
-6.2152884580630041e-01 2.7343995071726272e-04
-6.2125536799964043e-01 2.7351565705009077e-04
-6.2098181450330858e-01 2.7359133005940738e-04
-6.2070818535063266e-01 2.7366696973644608e-04
-6.2043448057494999e-01 2.7374257607158583e-04
-6.2016070020960690e-01 2.7381814905579386e-04
-6.1988684428795904e-01 2.7389368867972321e-04
-6.1961291284337128e-01 2.7396919493403478e-04
-6.1933890590921747e-01 2.7404466780989498e-04
-6.1906482351888081e-01 2.7412010729815120e-04
-6.1879066570575381e-01 2.7419551338932950e-04
-6.1851643250323807e-01 2.7427088607417883e-04
-6.1824212394474432e-01 2.7434622534364296e-04
-6.1796774006369237e-01 2.7442153118887067e-04
-6.1769328089351161e-01 2.7449680360007233e-04
-6.1741874646764017e-01 2.7457204256849821e-04
-6.1714413681952551e-01 2.7464724808498039e-04
-6.1686945198262444e-01 2.7472242013996078e-04
-6.1659469199040251e-01 2.7479755872486397e-04
-6.1631985687633484e-01 2.7487266383012358e-04
-6.1604494667390552e-01 2.7494773544662303e-04
-6.1576996141660767e-01 2.7502277356557004e-04
-6.1549490113794392e-01 2.7509777817721930e-04
-6.1521976587142557e-01 2.7517274927301620e-04
-6.1494455565057349e-01 2.7524768684336170e-04
-6.1466927050891740e-01 2.7532259087931687e-04
-6.1439391047999614e-01 2.7539746137197907e-04
-6.1411847559735788e-01 2.7547229831196001e-04
-6.1384296589455978e-01 2.7554710169020791e-04
-6.1356738140516809e-01 2.7562187149765788e-04
-6.1329172216275829e-01 2.7569660772504669e-04
-6.1301598820091485e-01 2.7577131036336301e-04
-6.1274017955323135e-01 2.7584597940360513e-04
-6.1246429625331056e-01 2.7592061483650205e-04
-6.1218833833476427e-01 2.7599521665302361e-04
-6.1191230583121337e-01 2.7606978484411715e-04
-6.1163619877628783e-01 2.7614431940070123e-04
-6.1136001720362676e-01 2.7621882031364465e-04
-6.1108376114687823e-01 2.7629328757402063e-04
-6.1080743063969956e-01 2.7636772117256743e-04
-6.1053102571575701e-01 2.7644212110022480e-04
-6.1025454640872590e-01 2.7651648734810217e-04
-6.0997799275229070e-01 2.7659081990695906e-04
-6.0970136478014481e-01 2.7666511876798421e-04
-6.0942466252599092e-01 2.7673938392169226e-04
-6.0914788602354053e-01 2.7681361535931287e-04
-6.0887103530651421e-01 2.7688781307189645e-04
-6.0859411040864164e-01 2.7696197705039192e-04
-6.0831711136366162e-01 2.7703610728555038e-04
-6.0804003820532193e-01 2.7711020376826426e-04
-6.0776289096737912e-01 2.7718426649002073e-04
-6.0748566968359929e-01 2.7725829544108431e-04
-6.0720837438775699e-01 2.7733229061310084e-04
-6.0693100511363618e-01 2.7740625199672509e-04
-6.0665356189502972e-01 2.7748017958293704e-04
-6.0637604476573947e-01 2.7755407336273115e-04
-6.0609845375957616e-01 2.7762793332743174e-04
-6.0582078891035984e-01 2.7770175946757237e-04
-6.0554305025191935e-01 2.7777555177423537e-04
-6.0526523781809238e-01 2.7784931023878111e-04
-6.0498735164272599e-01 2.7792303485174694e-04
-6.0470939175967575e-01 2.7799672560473008e-04
-6.0443135820280669e-01 2.7807038248823488e-04
-6.0415325100599249e-01 2.7814400549353041e-04
-6.0387507020311604e-01 2.7821759461129882e-04
-6.0359681582806879e-01 2.7829114983324082e-04
-6.0331848791475162e-01 2.7836467114990726e-04
-6.0304008649707419e-01 2.7843815855234334e-04
-6.0276161160895503e-01 2.7851161203174284e-04
-6.0248306328432166e-01 2.7858503157920044e-04
-6.0220444155711061e-01 2.7865841718573159e-04
-6.0192574646126740e-01 2.7873176884221488e-04
-6.0164697803074629e-01 2.7880508653993730e-04
-6.0136813629951069e-01 2.7887837026979663e-04
-6.0108922130153286e-01 2.7895162002280653e-04
-6.0081023307079373e-01 2.7902483579061229e-04
-6.0053117164128378e-01 2.7909801756337857e-04
-6.0025203704700170e-01 2.7917116533295169e-04
-5.9997282932195550e-01 2.7924427909019556e-04
-5.9969354850016210e-01 2.7931735882603834e-04
-5.9941419461564716e-01 2.7939040453175615e-04
-5.9913476770244534e-01 2.7946341619838167e-04
-5.9885526779460019e-01 2.7953639381701154e-04
-5.9857569492616414e-01 2.7960933737876788e-04
-5.9829604913119860e-01 2.7968224687453043e-04
-5.9801633044377356e-01 2.7975512229595686e-04
-5.9773653889796829e-01 2.7982796363369851e-04
-5.9745667452787066e-01 2.7990077087915703e-04
-5.9717673736757759e-01 2.7997354402320125e-04
-5.9689672745119471e-01 2.8004628305719487e-04
-5.9661664481283661e-01 2.8011898797219807e-04
-5.9633648948662676e-01 2.8019165875922106e-04
-5.9605626150669733e-01 2.8026429540975949e-04
-5.9577596090718965e-01 2.8033689791443276e-04
-5.9549558772225342e-01 2.8040946626509556e-04
-5.9521514198604775e-01 2.8048200045223512e-04
-5.9493462373274020e-01 2.8055450046726688e-04
-5.9465403299650721e-01 2.8062696630149880e-04
-5.9437336981153421e-01 2.8069939794584108e-04
-5.9409263421201519e-01 2.8077179539191902e-04
-5.9381182623215334e-01 2.8084415863039488e-04
-5.9353094590616040e-01 2.8091648765257184e-04
-5.9324999326825689e-01 2.8098878244988497e-04
-5.9296896835267232e-01 2.8106104301331907e-04
-5.9268787119364486e-01 2.8113326933421051e-04
-5.9240670182542166e-01 2.8120546140346023e-04
-5.9212546028225843e-01 2.8127761921255956e-04
-5.9184414659841977e-01 2.8134974275276941e-04
-5.9156276080817916e-01 2.8142183201516235e-04
-5.9128130294581882e-01 2.8149388699086060e-04
-5.9099977304562967e-01 2.8156590767123337e-04
-5.9071817114191150e-01 2.8163789404745353e-04
-5.9043649726897285e-01 2.8170984611065701e-04
-5.9015475146113083e-01 2.8178176385252804e-04
-5.8987293375271177e-01 2.8185364726370952e-04
-5.8959104417805042e-01 2.8192549633556567e-04
-5.8930908277149019e-01 2.8199731105971090e-04
-5.8902704956738350e-01 2.8206909142719689e-04
-5.8874494460009152e-01 2.8214083742903904e-04
-5.8846276790398400e-01 2.8221254905669079e-04
-5.8818051951343941e-01 2.8228422630154304e-04
-5.8789819946284516e-01 2.8235586915464103e-04
-5.8761580778659717e-01 2.8242747760746060e-04
-5.8733334451910024e-01 2.8249905165114090e-04
-5.8705080969476786e-01 2.8257059127694033e-04
-5.8676820334802215e-01 2.8264209647627060e-04
-5.8648552551329403e-01 2.8271356724042263e-04
-5.8620277622502326e-01 2.8278500356028501e-04
-5.8591995551765785e-01 2.8285640542787156e-04
-5.8563706342565514e-01 2.8292777283378458e-04
-5.8535409998348065e-01 2.8299910576971718e-04
-5.8507106522560881e-01 2.8307040422694197e-04
-5.8478795918652271e-01 2.8314166819679021e-04
-5.8450478190071420e-01 2.8321289767043459e-04
-5.8422153340268368e-01 2.8328409263929339e-04
-5.8393821372694021e-01 2.8335525309488874e-04
-5.8365482290800186e-01 2.8342637902797945e-04
-5.8337136098039488e-01 2.8349747043036471e-04
-5.8308782797865444e-01 2.8356852729334852e-04
-5.8280422393732434e-01 2.8363954960823970e-04
-5.8252054889095706e-01 2.8371053736635075e-04
-5.8223680287411372e-01 2.8378149055896708e-04
-5.8195298592136402e-01 2.8385240917759693e-04
-5.8166909806728639e-01 2.8392329321346609e-04
-5.8138513934646785e-01 2.8399414265801515e-04
-5.8110110979350404e-01 2.8406495750261951e-04
-5.8081700944299941e-01 2.8413573773835156e-04
-5.8053283832956659e-01 2.8420648335719705e-04
-5.8024859648782734e-01 2.8427719435007021e-04
-5.7996428395241184e-01 2.8434787070829285e-04
-5.7967990075795872e-01 2.8441851242357708e-04
-5.7939544693911538e-01 2.8448911948727079e-04
-5.7911092253053786e-01 2.8455969189063976e-04
-5.7882632756689079e-01 2.8463022962501677e-04
-5.7854166208284719e-01 2.8470073268211635e-04
-5.7825692611308899e-01 2.8477120105301919e-04
-5.7797211969230655e-01 2.8484163472914043e-04
-5.7768724285519868e-01 2.8491203370220787e-04
-5.7740229563647294e-01 2.8498239796353656e-04
-5.7711727807084556e-01 2.8505272750427063e-04
-5.7683219019304111e-01 2.8512302231606705e-04
-5.7654703203779267e-01 2.8519328239066943e-04
-5.7626180363984236e-01 2.8526350771882993e-04
-5.7597650503394027e-01 2.8533369829257781e-04
-5.7569113625484547e-01 2.8540385410298364e-04
-5.7540569733732527e-01 2.8547397514182797e-04
-5.7512018831615586e-01 2.8554406140017627e-04
-5.7483460922612162e-01 2.8561411286981962e-04
-5.7454896010201562e-01 2.8568412954226474e-04
-5.7426324097863968e-01 2.8575411140851066e-04
-5.7397745189080362e-01 2.8582405846072818e-04
-5.7369159287332638e-01 2.8589397068982378e-04
-5.7340566396103509e-01 2.8596384808737683e-04
-5.7311966518876534e-01 2.8603369064513726e-04
-5.7283359659136146e-01 2.8610349835428498e-04
-5.7254745820367603e-01 2.8617327120666197e-04
-5.7226125006057038e-01 2.8624300919351920e-04
-5.7197497219691429e-01 2.8631271230622886e-04
-5.7168862464758585e-01 2.8638238053654402e-04
-5.7140220744747172e-01 2.8645201387612017e-04
-5.7111572063146732e-01 2.8652161231594624e-04
-5.7082916423447605e-01 2.8659117584811834e-04
-5.7054253829141022e-01 2.8666070446383102e-04
-5.7025584283719044e-01 2.8673019815462613e-04
-5.6996907790674578e-01 2.8679965691209223e-04
-5.6968224353501373e-01 2.8686908072789863e-04
-5.6939533975694046e-01 2.8693846959327619e-04
-5.6910836660748021e-01 2.8700782350022367e-04
-5.6882132412159614e-01 2.8707714243981439e-04
-5.6853421233425949e-01 2.8714642640387250e-04
-5.6824703128045007e-01 2.8721567538399028e-04
-5.6795978099515620e-01 2.8728488937152668e-04
-5.6767246151337458e-01 2.8735406835808409e-04
-5.6738507287011020e-01 2.8742321233549134e-04
-5.6709761510037682e-01 2.8749232129483609e-04
-5.6681008823919610e-01 2.8756139522838261e-04
-5.6652249232159868e-01 2.8763043412713055e-04
-5.6623482738262332e-01 2.8769943798278799e-04
-5.6594709345731709e-01 2.8776840678724260e-04
-5.6565929058073572e-01 2.8783734053178006e-04
-5.6537141878794317e-01 2.8790623920816612e-04
-5.6508347811401183e-01 2.8797510280802353e-04
-5.6479546859402263e-01 2.8804393132268508e-04
-5.6450739026306462e-01 2.8811272474405208e-04
-5.6421924315623539e-01 2.8818148306373011e-04
-5.6393102730864098e-01 2.8825020627314357e-04
-5.6364274275539561e-01 2.8831889436410272e-04
-5.6335438953162198e-01 2.8838754732827523e-04
-5.6306596767245121e-01 2.8845616515716825e-04
-5.6277747721302274e-01 2.8852474784235626e-04
-5.6248891818848434e-01 2.8859329537551823e-04
-5.6220029063399202e-01 2.8866180774861111e-04
-5.6191159458471041e-01 2.8873028495294390e-04
-5.6162283007581237e-01 2.8879872698008745e-04
-5.6133399714247889e-01 2.8886713382214060e-04
-5.6104509581989959e-01 2.8893550547050642e-04
-5.6075612614327230e-01 2.8900384191684730e-04
-5.6046708814780322e-01 2.8907214315281211e-04
-5.6017798186870682e-01 2.8914040917007696e-04
-5.5988880734120594e-01 2.8920863996029076e-04
-5.5959956460053151e-01 2.8927683551554747e-04
-5.5931025368192322e-01 2.8934499582699316e-04
-5.5902087462062877e-01 2.8941312088640421e-04
-5.5873142745190396e-01 2.8948121068601590e-04
-5.5844191221101347e-01 2.8954926521679845e-04
-5.5815232893322975e-01 2.8961728447086065e-04
-5.5786267765383368e-01 2.8968526843999173e-04
-5.5757295840811461e-01 2.8975321711564487e-04
-5.5728317123136994e-01 2.8982113048967381e-04
-5.5699331615890535e-01 2.8988900855405047e-04
-5.5670339322603513e-01 2.8995685129993437e-04
-5.5641340246808135e-01 2.9002465871954088e-04
-5.5612334392037466e-01 2.9009243080448631e-04
-5.5583321761825399e-01 2.9016016754624774e-04
-5.5554302359706620e-01 2.9022786893707827e-04
-5.5525276189216688e-01 2.9029553496817201e-04
-5.5496243253891941e-01 2.9036316563168846e-04
-5.5467203557269562e-01 2.9043076091939856e-04
-5.5438157102887564e-01 2.9049832082289850e-04
-5.5409103894284784e-01 2.9056584533380990e-04
-5.5380043935000856e-01 2.9063333444424622e-04
-5.5350977228576270e-01 2.9070078814568177e-04
-5.5321903778552306e-01 2.9076820643025777e-04
-5.5292823588471096e-01 2.9083558928945526e-04
-5.5263736661875573e-01 2.9090293671519575e-04
-5.5234643002309503e-01 2.9097024869917046e-04
-5.5205542613317471e-01 2.9103752523304457e-04
-5.5176435498444854e-01 2.9110476630913928e-04
-5.5147321661237891e-01 2.9117197191880955e-04
-5.5118201105243614e-01 2.9123914205407867e-04
-5.5089073834009883e-01 2.9130627670664243e-04
-5.5059939851085382e-01 2.9137337586816135e-04
-5.5030799160019583e-01 2.9144043953089791e-04
-5.5001651764362813e-01 2.9150746768634678e-04
-5.4972497667666187e-01 2.9157446032659738e-04
-5.4943336873481663e-01 2.9164141744315522e-04
-5.4914169385361988e-01 2.9170833902814888e-04
-5.4884995206860743e-01 2.9177522507319557e-04
-5.4855814341532327e-01 2.9184207557026560e-04
-5.4826626792931921e-01 2.9190889051143294e-04
-5.4797432564615567e-01 2.9197566988813534e-04
-5.4768231660140088e-01 2.9204241369248262e-04
-5.4739024083063126e-01 2.9210912191640864e-04
-5.4709809836943157e-01 2.9217579455144188e-04
-5.4680588925339435e-01 2.9224243158985143e-04
-5.4651361351812056e-01 2.9230903302325913e-04
-5.4622127119921904e-01 2.9237559884376092e-04
-5.4592886233230686e-01 2.9244212904326177e-04
-5.4563638695300931e-01 2.9250862361343571e-04
-5.4534384509695966e-01 2.9257508254618061e-04
-5.4505123679979917e-01 2.9264150583363502e-04
-5.4475856209717743e-01 2.9270789346744962e-04
-5.4446582102475194e-01 2.9277424543972186e-04
-5.4417301361818837e-01 2.9284056174226717e-04
-5.4388013991316042e-01 2.9290684236710815e-04
-5.4358719994534999e-01 2.9297308730596208e-04
-5.4329419375044685e-01 2.9303929655097175e-04
-5.4300112136414891e-01 2.9310547009417408e-04
-5.4270798282216237e-01 2.9317160792711924e-04
-5.4241477816020123e-01 2.9323771004190392e-04
-5.4212150741398746e-01 2.9330377643078655e-04
-5.4182817061925148e-01 2.9336980708523911e-04
-5.4153476781173138e-01 2.9343580199750452e-04
-5.4124129902717344e-01 2.9350176115950494e-04
-5.4094776430133196e-01 2.9356768456324556e-04
-5.4065416366996932e-01 2.9363357220058310e-04
-5.4036049716885592e-01 2.9369942406346384e-04
-5.4006676483377003e-01 2.9376524014412434e-04
-5.3977296670049824e-01 2.9383102043418509e-04
-5.3947910280483491e-01 2.9389676492576735e-04
-5.3918517318258241e-01 2.9396247361102999e-04
-5.3889117786955132e-01 2.9402814648171949e-04
-5.3859711690155998e-01 2.9409378353005593e-04
-5.3830299031443485e-01 2.9415938474805151e-04
-5.3800879814401059e-01 2.9422495012727058e-04
-5.3771454042612932e-01 2.9429047966039561e-04
-5.3742021719664168e-01 2.9435597333899138e-04
-5.3712582849140611e-01 2.9442143115503258e-04
-5.3683137434628891e-01 2.9448685310069989e-04
-5.3653685479716440e-01 2.9455223916813192e-04
-5.3624226987991486e-01 2.9461758934942284e-04
-5.3594761963043080e-01 2.9468290363615548e-04
-5.3565290408461030e-01 2.9474818202076110e-04
-5.3535812327835952e-01 2.9481342449536529e-04
-5.3506327724759284e-01 2.9487863105155687e-04
-5.3476836602823219e-01 2.9494380168174110e-04
-5.3447338965620761e-01 2.9500893637799118e-04
-5.3417834816745713e-01 2.9507403513227788e-04
-5.3388324159792666e-01 2.9513909793667053e-04
-5.3358806998357000e-01 2.9520412478336233e-04
-5.3329283336034905e-01 2.9526911566414284e-04
-5.3299753176423337e-01 2.9533407057137406e-04
-5.3270216523120062e-01 2.9539898949701475e-04
-5.3240673379723635e-01 2.9546387243310638e-04
-5.3211123749833389e-01 2.9552871937193245e-04
-5.3181567637049465e-01 2.9559353030541690e-04
-5.3152005044972783e-01 2.9565830522572541e-04
-5.3122435977205051e-01 2.9572304412502960e-04
-5.3092860437348777e-01 2.9578774699534101e-04
-5.3063278429007243e-01 2.9585241382886298e-04
-5.3033689955784535e-01 2.9591704461759882e-04
-5.3004095021285513e-01 2.9598163935376070e-04
-5.2974493629115826e-01 2.9604619802954280e-04
-5.2944885782881923e-01 2.9611072063689367e-04
-5.2915271486191018e-01 2.9617520716816715e-04
-5.2885650742651136e-01 2.9623965761523886e-04
-5.2856023555871057e-01 2.9630407197059187e-04
-5.2826389929460371e-01 2.9636845022619658e-04
-5.2796749867029447e-01 2.9643279237419752e-04
-5.2767103372189439e-01 2.9649709840664498e-04
-5.2737450448552270e-01 2.9656136831594234e-04
-5.2707791099730661e-01 2.9662560209418523e-04
-5.2678125329338121e-01 2.9668979973337240e-04
-5.2648453140988927e-01 2.9675396122580844e-04
-5.2618774538298130e-01 2.9681808656391577e-04
-5.2589089524881594e-01 2.9688217573953999e-04
-5.2559398104355937e-01 2.9694622874504073e-04
-5.2529700280338576e-01 2.9701024557243533e-04
-5.2499996056447684e-01 2.9707422621421184e-04
-5.2470285436302244e-01 2.9713817066227247e-04
-5.2440568423521994e-01 2.9720207890900839e-04
-5.2410845021727459e-01 2.9726595094661763e-04
-5.2381115234539943e-01 2.9732978676734196e-04
-5.2351379065581538e-01 2.9739358636320757e-04
-5.2321636518475090e-01 2.9745734972669535e-04
-5.2291887596844233e-01 2.9752107685006502e-04
-5.2262132304313402e-01 2.9758476772516397e-04
-5.2232370644507764e-01 2.9764842234464907e-04
-5.2202602621053296e-01 2.9771204070055604e-04
-5.2172828237576729e-01 2.9777562278524635e-04
-5.2143047497705586e-01 2.9783916859090945e-04
-5.2113260405068162e-01 2.9790267810963377e-04
-5.2083466963293501e-01 2.9796615133411547e-04
-5.2053667176011464e-01 2.9802958825612442e-04
-5.2023861046852637e-01 2.9809298886841306e-04
-5.1994048579448426e-01 2.9815635316280672e-04
-5.1964229777430970e-01 2.9821968113190724e-04
-5.1934404644433207e-01 2.9828297276777348e-04
-5.1904573184088831e-01 2.9834622806279050e-04
-5.1874735400032301e-01 2.9840944700943193e-04
-5.1844891295898876e-01 2.9847262959963527e-04
-5.1815040875324547e-01 2.9853577582603428e-04
-5.1785184141946106e-01 2.9859888568072376e-04
-5.1755321099401097e-01 2.9866195915605707e-04
-5.1725451751327833e-01 2.9872499624444354e-04
-5.1695576101365404e-01 2.9878799693813497e-04
-5.1665694153153663e-01 2.9885096122939971e-04
-5.1635805910333221e-01 2.9891388911077859e-04
-5.1605911376545477e-01 2.9897678057437169e-04
-5.1576010555432583e-01 2.9903963561254900e-04
-5.1546103450637459e-01 2.9910245421762720e-04
-5.1516190065803780e-01 2.9916523638218726e-04
-5.1486270404576007e-01 2.9922798209833245e-04
-5.1456344470599347e-01 2.9929069135858525e-04
-5.1426412267519783e-01 2.9935336415521914e-04
-5.1396473798984066e-01 2.9941600048047514e-04
-5.1366529068639688e-01 2.9947860032697004e-04
-5.1336578080134920e-01 2.9954116368694048e-04
-5.1306620837118810e-01 2.9960369055278050e-04
-5.1276657343241139e-01 2.9966618091680061e-04
-5.1246687602152452e-01 2.9972863477164841e-04
-5.1216711617504085e-01 2.9979105210938331e-04
-5.1186729392948105e-01 2.9985343292257809e-04
-5.1156740932137346e-01 2.9991577720369240e-04
-5.1126746238725418e-01 2.9997808494486246e-04
-5.1096745316366665e-01 3.0004035613876074e-04
-5.1066738168716208e-01 3.0010259077769218e-04
-5.1036724799429922e-01 3.0016478885403955e-04
-5.1006705212164427e-01 3.0022695036044410e-04
-5.0976679410577130e-01 3.0028907528900037e-04
-5.0946647398326161e-01 3.0035116363245201e-04
-5.0916609179070438e-01 3.0041321538295921e-04
-5.0886564756469599e-01 3.0047523053333697e-04
-5.0856514134184083e-01 3.0053720907559383e-04
-5.0826457315875051e-01 3.0059915100236765e-04
-5.0796394305204429e-01 3.0066105630608553e-04
-5.0766325105834886e-01 3.0072292497938992e-04
-5.0736249721429871e-01 3.0078475701447954e-04
-5.0706168155653564e-01 3.0084655240395983e-04
-5.0676080412170910e-01 3.0090831114020340e-04
-5.0645986494647599e-01 3.0097003321572532e-04
-5.0615886406750066e-01 3.0103171862322419e-04
-5.0585780152145521e-01 3.0109336735492095e-04
-5.0555667734501919e-01 3.0115497940318571e-04
-5.0525549157487937e-01 3.0121655476092528e-04
-5.0495424424773039e-01 3.0127809342036935e-04
-5.0465293540027423e-01 3.0133959537404539e-04
-5.0435156506922030e-01 3.0140106061461269e-04
-5.0405013329128578e-01 3.0146248913419057e-04
-5.0374864010319487e-01 3.0152388092584404e-04
-5.0344708554167972e-01 3.0158523598166920e-04
-5.0314546964347973e-01 3.0164655429425858e-04
-5.0284379244534172e-01 3.0170783585628297e-04
-5.0254205398402008e-01 3.0176908066024732e-04
-5.0224025429627661e-01 3.0183028869872622e-04
-5.0193839341888069e-01 3.0189145996412857e-04
-5.0163647138860912e-01 3.0195259444887974e-04
-5.0133448824224591e-01 3.0201369214587638e-04
-5.0103244401658276e-01 3.0207475304758137e-04
-5.0073033874841888e-01 3.0213577714629830e-04
-5.0042817247456062e-01 3.0219676443493882e-04
-5.0012594523182208e-01 3.0225771490577916e-04
-4.9982365705702453e-01 3.0231862855159856e-04
-4.9952130798699684e-01 3.0237950536487047e-04
-4.9921889805857522e-01 3.0244034533819186e-04
-4.9891642730860331e-01 3.0250114846417286e-04
-4.9861389577393211e-01 3.0256191473544567e-04
-4.9831130349142011e-01 3.0262264414459162e-04
-4.9800865049793319e-01 3.0268333668413374e-04
-4.9770593683034459e-01 3.0274399234672553e-04
-4.9740316252553496e-01 3.0280461112494291e-04
-4.9710032762039225e-01 3.0286519301156049e-04
-4.9679743215181199e-01 3.0292573799898246e-04
-4.9649447615669695e-01 3.0298624607988622e-04
-4.9619145967195727e-01 3.0304671724694539e-04
-4.9588838273451047e-01 3.0310715149282040e-04
-4.9558524538128146e-01 3.0316754881013912e-04
-4.9528204764920253e-01 3.0322790919149226e-04
-4.9497878957521330e-01 3.0328823262953144e-04
-4.9467547119626071e-01 3.0334851911694360e-04
-4.9437209254929909e-01 3.0340876864637595e-04
-4.9406865367129010e-01 3.0346898121049815e-04
-4.9376515459920278e-01 3.0352915680189951e-04
-4.9346159537001344e-01 3.0358929541328584e-04
-4.9315797602070571e-01 3.0364939703737088e-04
-4.9285429658827057e-01 3.0370946166687285e-04
-4.9255055710970641e-01 3.0376948929429596e-04
-4.9224675762201875e-01 3.0382947991253168e-04
-4.9194289816222059e-01 3.0388943351414841e-04
-4.9163897876733215e-01 3.0394935009186405e-04
-4.9133499947438097e-01 3.0400922963838551e-04
-4.9103096032040189e-01 3.0406907214643679e-04
-4.9072686134243704e-01 3.0412887760871424e-04
-4.9042270257753584e-01 3.0418864601793196e-04
-4.9011848406275499e-01 3.0424837736682964e-04
-4.8981420583515850e-01 3.0430807164807174e-04
-4.8950986793181767e-01 3.0436772885433647e-04
-4.8920547038981088e-01 3.0442734897859154e-04
-4.8890101324622409e-01 3.0448693201330120e-04
-4.8859649653815029e-01 3.0454647795132706e-04
-4.8829192030268975e-01 3.0460598678549354e-04
-4.8798728457695012e-01 3.0466545850841035e-04
-4.8768258939804615e-01 3.0472489311292463e-04
-4.8737783480309999e-01 3.0478429059166645e-04
-4.8707302082924081e-01 3.0484365093757870e-04
-4.8676814751360520e-01 3.0490297414336365e-04
-4.8646321489333694e-01 3.0496226020176317e-04
-4.8615822300558703e-01 3.0502150910549771e-04
-4.8585317188751365e-01 3.0508072084743822e-04
-4.8554806157628222e-01 3.0513989542034573e-04
-4.8524289210906535e-01 3.0519903281707445e-04
-4.8493766352304291e-01 3.0525813303035614e-04
-4.8463237585540198e-01 3.0531719605293522e-04
-4.8432702914333675e-01 3.0537622187771260e-04
-4.8402162342404870e-01 3.0543521049742966e-04
-4.8371615873474644e-01 3.0549416190492335e-04
-4.8341063511264576e-01 3.0555307609302784e-04
-4.8310505259496966e-01 3.0561195305456800e-04
-4.8279941121894832e-01 3.0567079278235324e-04
-4.8249371102181909e-01 3.0572959526916163e-04
-4.8218795204082643e-01 3.0578836050794547e-04
-4.8188213431322202e-01 3.0584708849148892e-04
-4.8157625787626474e-01 3.0590577921255964e-04
-4.8127032276722048e-01 3.0596443266411459e-04
-4.8096432902336239e-01 3.0602304883901301e-04
-4.8065827668197075e-01 3.0608162773004648e-04
-4.8035216578033296e-01 3.0614016933013405e-04
-4.8004599635574358e-01 3.0619867363208445e-04
-4.7973976844550426e-01 3.0625714062880097e-04
-4.7943348208692377e-01 3.0631557031320886e-04
-4.7912713731731810e-01 3.0637396267807639e-04
-4.7882073417401022e-01 3.0643231771637923e-04
-4.7851427269433028e-01 3.0649063542102035e-04
-4.7820775291561557e-01 3.0654891578482505e-04
-4.7790117487521044e-01 3.0660715880068872e-04
-4.7759453861046636e-01 3.0666536446151860e-04
-4.7728784415874176e-01 3.0672353276039804e-04
-4.7698109155740243e-01 3.0678166368999484e-04
-4.7667428084382102e-01 3.0683975724332224e-04
-4.7636741205537730e-01 3.0689781341337446e-04
-4.7606048522945826e-01 3.0695583219288966e-04
-4.7575350040345771e-01 3.0701381357504785e-04
-4.7544645761477672e-01 3.0707175755266097e-04
-4.7513935690082343e-01 3.0712966411856044e-04
-4.7483219829901285e-01 3.0718753326591179e-04
-4.7452498184676728e-01 3.0724536498747925e-04
-4.7421770758151588e-01 3.0730315927632161e-04
-4.7391037554069493e-01 3.0736091612541854e-04
-4.7360298576174781e-01 3.0741863552760000e-04
-4.7329553828212484e-01 3.0747631747590553e-04
-4.7298803313928334e-01 3.0753396196339552e-04
-4.7268047037068783e-01 3.0759156898285298e-04
-4.7237285001380963e-01 3.0764913852746484e-04
-4.7206517210612720e-01 3.0770667059017213e-04
-4.7175743668512604e-01 3.0776416516382357e-04
-4.7144964378829862e-01 3.0782162224157045e-04
-4.7114179345314439e-01 3.0787904181628974e-04
-4.7083388571716978e-01 3.0793642388107735e-04
-4.7052592061788823e-01 3.0799376842897117e-04
-4.7021789819282023e-01 3.0805107545290173e-04
-4.6990981847949326e-01 3.0810834494581391e-04
-4.6960168151544157e-01 3.0816557690097708e-04
-4.6929348733820669e-01 3.0822277131119268e-04
-4.6898523598533692e-01 3.0827992816957766e-04
-4.6867692749438761e-01 3.0833704746911555e-04
-4.6836856190292092e-01 3.0839412920302873e-04
-4.6806013924850626e-01 3.0845117336411273e-04
-4.6775165956871972e-01 3.0850817994553485e-04
-4.6744312290114443e-01 3.0856514894043031e-04
-4.6713452928337051e-01 3.0862208034170544e-04
-4.6682587875299497e-01 3.0867897414251009e-04
-4.6651717134762177e-01 3.0873583033587534e-04
-4.6620840710486178e-01 3.0879264891490690e-04
-4.6589958606233278e-01 3.0884942987268496e-04
-4.6559070825765952e-01 3.0890617320228982e-04
-4.6528177372847368e-01 3.0896287889675304e-04
-4.6497278251241375e-01 3.0901954694923390e-04
-4.6466373464712524e-01 3.0907617735278500e-04
-4.6435463017026046e-01 3.0913277010055081e-04
-4.6404546911947869e-01 3.0918932518563127e-04
-4.6373625153244608e-01 3.0924584260114254e-04
-4.6342697744683570e-01 3.0930232234011691e-04
-4.6311764690032747e-01 3.0935876439568952e-04
-4.6280825993060815e-01 3.0941516876108047e-04
-4.6249881657537145e-01 3.0947153542930584e-04
-4.6218931687231785e-01 3.0952786439366188e-04
-4.6187976085915489e-01 3.0958415564703683e-04
-4.6157014857359668e-01 3.0964040918282485e-04
-4.6126048005336445e-01 3.0969662499405530e-04
-4.6095075533618618e-01 3.0975280307383557e-04
-4.6064097445979668e-01 3.0980894341534700e-04
-4.6033113746193760e-01 3.0986504601179088e-04
-4.6002124438035741e-01 3.0992111085638300e-04
-4.5971129525281151e-01 3.0997713794216725e-04
-4.5940129011706204e-01 3.1003312726238973e-04
-4.5909122901087801e-01 3.1008907881019496e-04
-4.5878111197203519e-01 3.1014499257879367e-04
-4.5847093903831626e-01 3.1020086856131814e-04
-4.5816071024751059e-01 3.1025670675104047e-04
-4.5785042563741440e-01 3.1031250714119290e-04
-4.5754008524583084e-01 3.1036826972479468e-04
-4.5722968911056960e-01 3.1042399449527979e-04
-4.5691923726944744e-01 3.1047968144564341e-04
-4.5660872976028771e-01 3.1053533056921709e-04
-4.5629816662092054e-01 3.1059094185930454e-04
-4.5598754788918305e-01 3.1064651530889639e-04
-4.5567687360291886e-01 3.1070205091143603e-04
-4.5536614379997853e-01 3.1075754866008063e-04
-4.5505535851821932e-01 3.1081300854808087e-04
-4.5474451779550534e-01 3.1086843056857451e-04
-4.5443362166970724e-01 3.1092381471503139e-04
-4.5412267017870273e-01 3.1097916098045522e-04
-4.5381166336037593e-01 3.1103446935832750e-04
-4.5350060125261799e-01 3.1108973984174068e-04
-4.5318948389332664e-01 3.1114497242401307e-04
-4.5287831132040635e-01 3.1120016709844557e-04
-4.5256708357176834e-01 3.1125532385832614e-04
-4.5225580068533061e-01 3.1131044269683169e-04
-4.5194446269901778e-01 3.1136552360733156e-04
-4.5163306965076117e-01 3.1142056658319862e-04
-4.5132162157849898e-01 3.1147557161752265e-04
-4.5101011852017592e-01 3.1153053870373783e-04
-4.5069856051374346e-01 3.1158546783516906e-04
-4.5038694759715986e-01 3.1164035900500646e-04
-4.5007527980838991e-01 3.1169521220668827e-04
-4.4976355718540523e-01 3.1175002743341498e-04
-4.4945177976618400e-01 3.1180480467860093e-04
-4.4913994758871117e-01 3.1185954393551322e-04
-4.4882806069097830e-01 3.1191424519754033e-04
-4.4851611911098366e-01 3.1196890845797213e-04
-4.4820412288673211e-01 3.1202353371020703e-04
-4.4789207205623532e-01 3.1207812094747358e-04
-4.4757996665751143e-01 3.1213267016323801e-04
-4.4726780672858535e-01 3.1218718135077572e-04
-4.4695559230748855e-01 3.1224165450353822e-04
-4.4664332343225926e-01 3.1229608961473842e-04
-4.4633100014094218e-01 3.1235048667792266e-04
-4.4601862247158880e-01 3.1240484568632567e-04
-4.4570619046225712e-01 3.1245916663338419e-04
-4.4539370415101187e-01 3.1251344951240359e-04
-4.4508116357592420e-01 3.1256769431694398e-04
-4.4476856877507209e-01 3.1262190104026856e-04
-4.4445591978654003e-01 3.1267606967578723e-04
-4.4414321664841916e-01 3.1273020021683448e-04
-4.4383045939880705e-01 3.1278429265698917e-04
-4.4351764807580807e-01 3.1283834698953109e-04
-4.4320478271753316e-01 3.1289236320786005e-04
-4.4289186336209962e-01 3.1294634130553877e-04
-4.4257889004763162e-01 3.1300028127583543e-04
-4.4226586281225977e-01 3.1305418311218519e-04
-4.4195278169412117e-01 3.1310804680812377e-04
-4.4163964673135958e-01 3.1316187235706360e-04
-4.4132645796212538e-01 3.1321565975235620e-04
-4.4101321542457539e-01 3.1326940898751955e-04
-4.4069991915687301e-01 3.1332312005599163e-04
-4.4038656919718816e-01 3.1337679295131889e-04
-4.4007316558369747e-01 3.1343042766675109e-04
-4.3975970835458383e-01 3.1348402419595914e-04
-4.3944619754803688e-01 3.1353758253234258e-04
-4.3913263320225276e-01 3.1359110266927076e-04
-4.3881901535543399e-01 3.1364458460040787e-04
-4.3850534404578978e-01 3.1369802831912423e-04
-4.3819161931153572e-01 3.1375143381898998e-04
-4.3787784119089407e-01 3.1380480109334828e-04
-4.3756400972209336e-01 3.1385813013588485e-04
-4.3725012494336890e-01 3.1391142093991801e-04
-4.3693618689296226e-01 3.1396467349906930e-04
-4.3662219560912158e-01 3.1401788780686637e-04
-4.3630815113010152e-01 3.1407106385678625e-04
-4.3599405349416320e-01 3.1412420164233699e-04
-4.3567990273957424e-01 3.1417730115702132e-04
-4.3536569890460863e-01 3.1423036239447113e-04
-4.3505144202754698e-01 3.1428338534811122e-04
-4.3473713214667620e-01 3.1433637001158888e-04
-4.3442276930028983e-01 3.1438931637830955e-04
-4.3410835352668770e-01 3.1444222444197576e-04
-4.3379388486417625e-01 3.1449509419595890e-04
-4.3347936335106813e-01 3.1454792563406526e-04
-4.3316478902568273e-01 3.1460071874961392e-04
-4.3285016192634562e-01 3.1465347353632308e-04
-4.3253548209138892e-01 3.1470618998773756e-04
-4.3222074955915118e-01 3.1475886809738705e-04
-4.3190596436797735e-01 3.1481150785887265e-04
-4.3159112655621873e-01 3.1486410926581996e-04
-4.3127623616223315e-01 3.1491667231175867e-04
-4.3096129322438476e-01 3.1496919699034251e-04
-4.3064629778104413e-01 3.1502168329514276e-04
-4.3033124987058824e-01 3.1507413121978996e-04
-4.3001614953140049e-01 3.1512654075782913e-04
-4.2970099680187057e-01 3.1517891190298915e-04
-4.2938579172039465e-01 3.1523124464882650e-04
-4.2907053432537529e-01 3.1528353898891396e-04
-4.2875522465522131e-01 3.1533579491695011e-04
-4.2843986274834805e-01 3.1538801242647461e-04
-4.2812444864317706e-01 3.1544019151124447e-04
-4.2780898237813630e-01 3.1549233216490242e-04
-4.2749346399166022e-01 3.1554443438096779e-04
-4.2717789352218938e-01 3.1559649815324242e-04
-4.2686227100817092e-01 3.1564852347524039e-04
-4.2654659648805809e-01 3.1570051034080881e-04
-4.2623087000031074e-01 3.1575245874341428e-04
-4.2591509158339486e-01 3.1580436867677584e-04
-4.2559926127578274e-01 3.1585624013470568e-04
-4.2528337911595315e-01 3.1590807311074380e-04
-4.2496744514239110e-01 3.1595986759860428e-04
-4.2465145939358789e-01 3.1601162359196972e-04
-4.2433542190804113e-01 3.1606334108458668e-04
-4.2401933272425474e-01 3.1611502007017247e-04
-4.2370319188073902e-01 3.1616666054230303e-04
-4.2338699941601038e-01 3.1621826249485712e-04
-4.2307075536859179e-01 3.1626982592132660e-04
-4.2275445977701220e-01 3.1632135081563955e-04
-4.2243811267980702e-01 3.1637283717147547e-04
-4.2212171411551797e-01 3.1642428498246232e-04
-4.2180526412269292e-01 3.1647569424238394e-04
-4.2148876273988606e-01 3.1652706494501880e-04
-4.2117221000565785e-01 3.1657839708404254e-04
-4.2085560595857496e-01 3.1662969065329190e-04
-4.2053895063721042e-01 3.1668094564639903e-04
-4.2022224408014336e-01 3.1673216205721299e-04
-4.1990548632595925e-01 3.1678333987946301e-04
-4.1958867741324979e-01 3.1683447910690725e-04
-4.1927181738061287e-01 3.1688557973334568e-04
-4.1895490626665266e-01 3.1693664175249216e-04
-4.1863794410997957e-01 3.1698766515810738e-04
-4.1832093094921008e-01 3.1703864994408608e-04
-4.1800386682296703e-01 3.1708959610418614e-04
-4.1768675176987946e-01 3.1714050363215171e-04
-4.1736958582858258e-01 3.1719137252178076e-04
-4.1705236903771775e-01 3.1724220276695505e-04
-4.1673510143593268e-01 3.1729299436135372e-04
-4.1641778306188104e-01 3.1734374729894380e-04
-4.1610041395422298e-01 3.1739446157333145e-04
-4.1578299415162451e-01 3.1744513717856020e-04
-4.1546552369275802e-01 3.1749577410837652e-04
-4.1514800261630208e-01 3.1754637235654109e-04
-4.1483043096094135e-01 3.1759693191691632e-04
-4.1451280876536661e-01 3.1764745278343493e-04
-4.1419513606827496e-01 3.1769793494981091e-04
-4.1387741290836944e-01 3.1774837841001564e-04
-4.1355963932435946e-01 3.1779878315783323e-04
-4.1324181535496041e-01 3.1784914918713469e-04
-4.1292394103889390e-01 3.1789947649173703e-04
-4.1260601641488759e-01 3.1794976506563209e-04
-4.1228804152167542e-01 3.1800001490255080e-04
-4.1197001639799730e-01 3.1805022599644688e-04
-4.1165194108259928e-01 3.1810039834125563e-04
-4.1133381561423366e-01 3.1815053193076642e-04
-4.1101564003165875e-01 3.1820062675884338e-04
-4.1069741437363888e-01 3.1825068281952419e-04
-4.1037913867894465e-01 3.1830070010660771e-04
-4.1006081298635266e-01 3.1835067861403488e-04
-4.0974243733464566e-01 3.1840061833564808e-04
-4.0942401176261234e-01 3.1845051926552209e-04
-4.0910553630904767e-01 3.1850038139744519e-04
-4.0878701101275261e-01 3.1855020472533745e-04
-4.0846843591253418e-01 3.1859998924314322e-04
-4.0814981104720544e-01 3.1864973494485097e-04
-4.0783113645558555e-01 3.1869944182438825e-04
-4.0751241217649975e-01 3.1874910987569758e-04
-4.0719363824877930e-01 3.1879873909271045e-04
-4.0687481471126158e-01 3.1884832946931830e-04
-4.0655594160278985e-01 3.1889788099961718e-04
-4.0623701896221359e-01 3.1894739367746268e-04
-4.0591804682838828e-01 3.1899686749677937e-04
-4.0559902524017527e-01 3.1904630245169143e-04
-4.0527995423644209e-01 3.1909569853613522e-04
-4.0496083385606235e-01 3.1914505574393693e-04
-4.0464166413791547e-01 3.1919437406926950e-04
-4.0432244512088700e-01 3.1924365350610332e-04
-4.0400317684386855e-01 3.1929289404832636e-04
-4.0368385934575762e-01 3.1934209569002764e-04
-4.0336449266545782e-01 3.1939125842512736e-04
-4.0304507684187857e-01 3.1944038224778322e-04
-4.0272561191393552e-01 3.1948946715184239e-04
-4.0240609792055010e-01 3.1953851313144653e-04
-4.0208653490064977e-01 3.1958752018063346e-04
-4.0176692289316812e-01 3.1963648829326323e-04
-4.0144726193704444e-01 3.1968541746355423e-04
-4.0112755207122419e-01 3.1973430768546214e-04
-4.0080779333465871e-01 3.1978315895302389e-04
-4.0048798576630529e-01 3.1983197126032571e-04
-4.0016812940512719e-01 3.1988074460137977e-04
-3.9984822429009359e-01 3.1992947897030785e-04
-3.9952827046017964e-01 3.1997817436113860e-04
-3.9920826795436642e-01 3.2002683076789979e-04
-3.9888821681164094e-01 3.2007544818470887e-04
-3.9856811707099615e-01 3.2012402660556440e-04
-3.9824796877143082e-01 3.2017256602468445e-04
-3.9792777195194978e-01 3.2022106643604588e-04
-3.9760752665156368e-01 3.2026952783379222e-04
-3.9728723290928913e-01 3.2031795021198389e-04
-3.9696689076414854e-01 3.2036633356481340e-04
-3.9664650025517040e-01 3.2041467788624192e-04
-3.9632606142138893e-01 3.2046298317045492e-04
-3.9600557430184430e-01 3.2051124941156182e-04
-3.9568503893558249e-01 3.2055947660375309e-04
-3.9536445536165554e-01 3.2060766474100393e-04
-3.9504382361912116e-01 3.2065581381757587e-04
-3.9472314374704309e-01 3.2070392382747988e-04
-3.9440241578449076e-01 3.2075199476500407e-04
-3.9408163977053962e-01 3.2080002662418652e-04
-3.9376081574427091e-01 3.2084801939918505e-04
-3.9343994374477170e-01 3.2089597308418964e-04
-3.9311902381113495e-01 3.2094388767332831e-04
-3.9279805598245943e-01 3.2099176316076632e-04
-3.9247704029784974e-01 3.2103959954066133e-04
-3.9215597679641634e-01 3.2108739680721356e-04
-3.9183486551727548e-01 3.2113515495457625e-04
-3.9151370649954920e-01 3.2118287397701781e-04
-3.9119249978236553e-01 3.2123055386854590e-04
-3.9087124540485807e-01 3.2127819462351434e-04
-3.9054994340616639e-01 3.2132579623605454e-04
-3.9022859382543584e-01 3.2137335870032759e-04
-3.8990719670181750e-01 3.2142088201060040e-04
-3.8958575207446827e-01 3.2146836616109726e-04
-3.8926425998255088e-01 3.2151581114600402e-04
-3.8894272046523382e-01 3.2156321695951657e-04
-3.8862113356169137e-01 3.2161058359584223e-04
-3.8829949931110347e-01 3.2165791104933253e-04
-3.8797781775265605e-01 3.2170519931406225e-04
-3.8765608892554060e-01 3.2175244838437007e-04
-3.8733431286895448e-01 3.2179965825445827e-04
-3.8701248962210072e-01 3.2184682891863169e-04
-3.8669061922418824e-01 3.2189396037103629e-04
-3.8636870171443150e-01 3.2194105260606947e-04
-3.8604673713205090e-01 3.2198810561788748e-04
-3.8572472551627246e-01 3.2203511940078909e-04
-3.8540266690632796e-01 3.2208209394905184e-04
-3.8508056134145491e-01 3.2212902925695308e-04
-3.8475840886089652e-01 3.2217592531878493e-04
-3.8443620950390178e-01 3.2222278212875829e-04
-3.8411396330972530e-01 3.2226959968124544e-04
-3.8379167031762740e-01 3.2231637797059147e-04
-3.8346933056687421e-01 3.2236311699098265e-04
-3.8314694409673750e-01 3.2240981673673007e-04
-3.8282451094649467e-01 3.2245647720218835e-04
-3.8250203115542886e-01 3.2250309838169290e-04
-3.8217950476282886e-01 3.2254968026957856e-04
-3.8185693180798924e-01 3.2259622286008583e-04
-3.8153431233021012e-01 3.2264272614760634e-04
-3.8121164636879740e-01 3.2268919012640282e-04
-3.8088893396306245e-01 3.2273561479096563e-04
-3.8056617515232255e-01 3.2278200013548930e-04
-3.8024336997590047e-01 3.2282834615438352e-04
-3.7992051847312469e-01 3.2287465284197277e-04
-3.7959762068332931e-01 3.2292092019262742e-04
-3.7927467664585401e-01 3.2296714820077756e-04
-3.7895168640004429e-01 3.2301333686066244e-04
-3.7862864998525103e-01 3.2305948616680126e-04
-3.7830556744083099e-01 3.2310559611340876e-04
-3.7798243880614635e-01 3.2315166669497932e-04
-3.7765926412056494e-01 3.2319769790594533e-04
-3.7733604342346033e-01 3.2324368974057517e-04
-3.7701277675421158e-01 3.2328964219330650e-04
-3.7668946415220339e-01 3.2333555525851187e-04
-3.7636610565682593e-01 3.2338142893075119e-04
-3.7604270130747525e-01 3.2342726320422539e-04
-3.7571925114355270e-01 3.2347305807346808e-04
-3.7539575520446533e-01 3.2351881353289471e-04
-3.7507221352962578e-01 3.2356452957692027e-04
-3.7474862615845222e-01 3.2361020619997458e-04
-3.7442499313036848e-01 3.2365584339644204e-04
-3.7410131448480377e-01 3.2370144116086757e-04
-3.7377759026119306e-01 3.2374699948760572e-04
-3.7345382049897674e-01 3.2379251837114684e-04
-3.7313000523760081e-01 3.2383799780591515e-04
-3.7280614451651678e-01 3.2388343778640664e-04
-3.7248223837518174e-01 3.2392883830702934e-04
-3.7215828685305824e-01 3.2397419936233067e-04
-3.7183428998961443e-01 3.2401952094673013e-04
-3.7151024782432390e-01 3.2406480305479068e-04
-3.7118616039666597e-01 3.2411004568082410e-04
-3.7086202774612514e-01 3.2415524881949817e-04
-3.7053784991219174e-01 3.2420041246518339e-04
-3.7021362693436144e-01 3.2424553661238969e-04
-3.6988935885213536e-01 3.2429062125571265e-04
-3.6956504570502030e-01 3.2433566638953815e-04
-3.6924068753252837e-01 3.2438067200846204e-04
-3.6891628437417723e-01 3.2442563810700450e-04
-3.6859183626949005e-01 3.2447056467967085e-04
-3.6826734325799554e-01 3.2451545172087175e-04
-3.6794280537922763e-01 3.2456029922535320e-04
-3.6761822267272604e-01 3.2460510718746761e-04
-3.6729359517803567e-01 3.2464987560188482e-04
-3.6696892293470706e-01 3.2469460446308900e-04
-3.6664420598229619e-01 3.2473929376558873e-04
-3.6631944436036434e-01 3.2478394350403563e-04
-3.6599463810847843e-01 3.2482855367288427e-04
-3.6566978726621063e-01 3.2487312426680311e-04
-3.6534489187313868e-01 3.2491765528031642e-04
-3.6501995196884568e-01 3.2496214670799936e-04
-3.6469496759292019e-01 3.2500659854442439e-04
-3.6436993878495622e-01 3.2505101078413680e-04
-3.6404486558455301e-01 3.2509538342184545e-04
-3.6371974803131546e-01 3.2513971645202992e-04
-3.6339458616485376e-01 3.2518400986928303e-04
-3.6306938002478339e-01 3.2522826366832610e-04
-3.6274412965072544e-01 3.2527247784364615e-04
-3.6241883508230621e-01 3.2531665238992873e-04
-3.6209349635915750e-01 3.2536078730174459e-04
-3.6176811352091637e-01 3.2540488257379378e-04
-3.6144268660722539e-01 3.2544893820062813e-04
-3.6111721565773247e-01 3.2549295417685068e-04
-3.6079170071209077e-01 3.2553693049719071e-04
-3.6046614180995890e-01 3.2558086715628152e-04
-3.6014053899100090e-01 3.2562476414866188e-04
-3.5981489229488595e-01 3.2566862146915699e-04
-3.5948920176128885e-01 3.2571243911223434e-04
-3.5916346742988947e-01 3.2575621707270119e-04
-3.5883768934037319e-01 3.2579995534517942e-04
-3.5851186753243069e-01 3.2584365392429739e-04
-3.5818600204575796e-01 3.2588731280476464e-04
-3.5786009292005627e-01 3.2593093198126613e-04
-3.5753414019503227e-01 3.2597451144849616e-04
-3.5720814391039790e-01 3.2601805120111000e-04
-3.5688210410587035e-01 3.2606155123390829e-04
-3.5655602082117227e-01 3.2610501154143299e-04
-3.5622989409603145e-01 3.2614843211846526e-04
-3.5590372397018100e-01 3.2619181295976351e-04
-3.5557751048335939e-01 3.2623515405995725e-04
-3.5525125367531035e-01 3.2627845541377304e-04
-3.5492495358578274e-01 3.2632171701606303e-04
-3.5459861025453099e-01 3.2636493886137243e-04
-3.5427222372131451e-01 3.2640812094455996e-04
-3.5394579402589815e-01 3.2645126326028153e-04
-3.5361932120805190e-01 3.2649436580338198e-04
-3.5329280530755108e-01 3.2653742856856167e-04
-3.5296624636417628e-01 3.2658045155054628e-04
-3.5263964441771334e-01 3.2662343474404627e-04
-3.5231299950795314e-01 3.2666637814398805e-04
-3.5198631167469208e-01 3.2670928174500662e-04
-3.5165958095773159e-01 3.2675214554193905e-04
-3.5133280739687844e-01 3.2679496952950582e-04
-3.5100599103194458e-01 3.2683775370251263e-04
-3.5067913190274713e-01 3.2688049805576041e-04
-3.5035223004910843e-01 3.2692320258409307e-04
-3.5002528551085615e-01 3.2696586728217042e-04
-3.4969829832782301e-01 3.2700849214489282e-04
-3.4937126853984696e-01 3.2705107716706627e-04
-3.4904419618677118e-01 3.2709362234348131e-04
-3.4871708130844398e-01 3.2713612766902141e-04
-3.4838992394471896e-01 3.2717859313839177e-04
-3.4806272413545480e-01 3.2722101874645072e-04
-3.4773548192051540e-01 3.2726340448802001e-04
-3.4740819733976969e-01 3.2730575035805652e-04
-3.4708087043309199e-01 3.2734805635124386e-04
-3.4675350124036158e-01 3.2739032246254397e-04
-3.4642608980146306e-01 3.2743254868670800e-04
-3.4609863615628600e-01 3.2747473501867945e-04
-3.4577114034472523e-01 3.2751688145328951e-04
-3.4544360240668071e-01 3.2755898798538045e-04
-3.4511602238205752e-01 3.2760105460979163e-04
-3.4478840031076580e-01 3.2764308132149540e-04
-3.4446073623272089e-01 3.2768506811532662e-04
-3.4413303018784330e-01 3.2772701498609341e-04
-3.4380528221605844e-01 3.2776892192885984e-04
-3.4347749235729713e-01 3.2781078893831636e-04
-3.4314966065149499e-01 3.2785261600953971e-04
-3.4282178713859301e-01 3.2789440313727342e-04
-3.4249387185853702e-01 3.2793615031658212e-04
-3.4216591485127817e-01 3.2797785754224915e-04
-3.4183791615677250e-01 3.2801952480929485e-04
-3.4150987581498127e-01 3.2806115211258852e-04
-3.4118179386587077e-01 3.2810273944702215e-04
-3.4085367034941233e-01 3.2814428680758663e-04
-3.4052550530558229e-01 3.2818579418927542e-04
-3.4019729877436228e-01 3.2822726158686220e-04
-3.3986905079573865e-01 3.2826868899549677e-04
-3.3954076140970313e-01 3.2831007640995004e-04
-3.3921243065625223e-01 3.2835142382531724e-04
-3.3888405857538767e-01 3.2839273123648824e-04
-3.3855564520711617e-01 3.2843399863839999e-04
-3.3822719059144940e-01 3.2847522602610690e-04
-3.3789869476840412e-01 3.2851641339456754e-04
-3.3757015777800214e-01 3.2855756073870942e-04
-3.3724157966027019e-01 3.2859866805361187e-04
-3.3691296045524011e-01 3.2863973533419082e-04
-3.3658430020294872e-01 3.2868076257543713e-04
-3.3625559894343782e-01 3.2872174977236358e-04
-3.3592685671675415e-01 3.2876269692003478e-04
-3.3559807356294957e-01 3.2880360401340327e-04
-3.3526924952208081e-01 3.2884447104752690e-04
-3.3494038463420966e-01 3.2888529801739885e-04
-3.3461147893940291e-01 3.2892608491799744e-04
-3.3428253247773215e-01 3.2896683174445866e-04
-3.3395354528927418e-01 3.2900753849170492e-04
-3.3362451741411053e-01 3.2904820515487413e-04
-3.3329544889232782e-01 3.2908883172900501e-04
-3.3296633976401768e-01 3.2912941820903169e-04
-3.3263719006927650e-01 3.2916996459014466e-04
-3.3230799984820575e-01 3.2921047086736211e-04
-3.3197876914091184e-01 3.2925093703569969e-04
-3.3164949798750604e-01 3.2929136309028207e-04
-3.3132018642810457e-01 3.2933174902618389e-04
-3.3099083450282862e-01 3.2937209483845353e-04
-3.3066144225180422e-01 3.2941240052223540e-04
-3.3033200971516241e-01 3.2945266607253528e-04
-3.3000253693303910e-01 3.2949289148445724e-04
-3.2967302394557502e-01 3.2953307675317220e-04
-3.2934347079291587e-01 3.2957322187375618e-04
-3.2901387751521233e-01 3.2961332684126036e-04
-3.2868424415261982e-01 3.2965339165082994e-04
-3.2835457074529867e-01 3.2969341629763812e-04
-3.2802485733341413e-01 3.2973340077679171e-04
-3.2769510395713641e-01 3.2977334508331723e-04
-3.2736531065664037e-01 3.2981324921249025e-04
-3.2703547747210593e-01 3.2985311315936660e-04
-3.2670560444371777e-01 3.2989293691912191e-04
-3.2637569161166546e-01 3.2993272048688468e-04
-3.2604573901614348e-01 3.2997246385774756e-04
-3.2571574669735098e-01 3.3001216702697664e-04
-3.2538571469549210e-01 3.3005182998969881e-04
-3.2505564305077572e-01 3.3009145274111659e-04
-3.2472553180341573e-01 3.3013103527627149e-04
-3.2439538099363058e-01 3.3017057759050772e-04
-3.2406519066164374e-01 3.3021007967889759e-04
-3.2373496084768344e-01 3.3024954153664833e-04
-3.2340469159198265e-01 3.3028896315900858e-04
-3.2307438293477930e-01 3.3032834454106599e-04
-3.2274403491631592e-01 3.3036768567815328e-04
-3.2241364757684005e-01 3.3040698656536206e-04
-3.2208322095660380e-01 3.3044624719800217e-04
-3.2175275509586426e-01 3.3048546757121763e-04
-3.2142225003488323e-01 3.3052464768022890e-04
-3.2109170581392715e-01 3.3056378752036589e-04
-3.2076112247326755e-01 3.3060288708669082e-04
-3.2043050005318036e-01 3.3064194637460234e-04
-3.2009983859394653e-01 3.3068096537924695e-04
-3.1976913813585167e-01 3.3071994409587769e-04
-3.1943839871918611e-01 3.3075888251979943e-04
-3.1910762038424506e-01 3.3079778064617734e-04
-3.1877680317132828e-01 3.3083663847035459e-04
-3.1844594712074037e-01 3.3087545598761806e-04
-3.1811505227279074e-01 3.3091423319312521e-04
-3.1778411866779338e-01 3.3095297008223961e-04
-3.1745314634606708e-01 3.3099166665021289e-04
-3.1712213534793532e-01 3.3103032289235994e-04
-3.1679108571372633e-01 3.3106893880392572e-04
-3.1645999748377301e-01 3.3110751438022583e-04
-3.1612887069841300e-01 3.3114604961654486e-04
-3.1579770539798852e-01 3.3118454450828107e-04
-3.1546650162284673e-01 3.3122299905055885e-04
-3.1513525941333914e-01 3.3126141323890480e-04
-3.1480397880982230e-01 3.3129978706844841e-04
-3.1447265985265710e-01 3.3133812053468920e-04
-3.1414130258220940e-01 3.3137641363280458e-04
-3.1380990703884953e-01 3.3141466635821067e-04
-3.1347847326295253e-01 3.3145287870625390e-04
-3.1314700129489814e-01 3.3149105067224879e-04
-3.1281549117507074e-01 3.3152918225153250e-04
-3.1248394294385934e-01 3.3156727343946351e-04
-3.1215235664165752e-01 3.3160532423147907e-04
-3.1182073230886370e-01 3.3164333462282447e-04
-3.1148906998588072e-01 3.3168130460896702e-04
-3.1115736971311619e-01 3.3171923418519534e-04
-3.1082563153098225e-01 3.3175712334696823e-04
-3.1049385547989572e-01 3.3179497208963259e-04
-3.1016204160027805e-01 3.3183278040853896e-04
-3.0983018993255518e-01 3.3187054829916113e-04
-3.0949830051715782e-01 3.3190827575682721e-04
-3.0916637339452113e-01 3.3194596277699923e-04
-3.0883440860508499e-01 3.3198360935502802e-04
-3.0850240618929375e-01 3.3202121548637093e-04
-3.0817036618759647e-01 3.3205878116641008e-04
-3.0783828864044666e-01 3.3209630639060721e-04
-3.0750617358830246e-01 3.3213379115439810e-04
-3.0717402107162667e-01 3.3217123545313082e-04
-3.0684183113088648e-01 3.3220863928234176e-04
-3.0650960380655373e-01 3.3224600263746741e-04
-3.0617733913910494e-01 3.3228332551382960e-04
-3.0584503716902089e-01 3.3232060790705162e-04
-3.0551269793678715e-01 3.3235784981251114e-04
-3.0518032148289376e-01 3.3239505122565721e-04
-3.0484790784783528e-01 3.3243221214194856e-04
-3.0451545707211075e-01 3.3246933255690866e-04
-3.0418296919622384e-01 3.3250641246599250e-04
-3.0385044426068264e-01 3.3254345186470871e-04
-3.0351788230599991e-01 3.3258045074843512e-04
-3.0318528337269268e-01 3.3261740911280234e-04
-3.0285264750128266e-01 3.3265432695327580e-04
-3.0251997473229608e-01 3.3269120426527985e-04
-3.0218726510626354e-01 3.3272804104440324e-04
-3.0185451866372026e-01 3.3276483728607602e-04
-3.0152173544520577e-01 3.3280159298593323e-04
-3.0118891549126431e-01 3.3283830813937856e-04
-3.0085605884244437e-01 3.3287498274203953e-04
-3.0052316553929909e-01 3.3291161678938988e-04
-3.0019023562238600e-01 3.3294821027694756e-04
-2.9985726913226707e-01 3.3298476320029586e-04
-2.9952426610950877e-01 3.3302127555495106e-04
-2.9919122659468195e-01 3.3305774733652257e-04
-2.9885815062836202e-01 3.3309417854049205e-04
-2.9852503825112869e-01 3.3313056916250066e-04
-2.9819188950356629e-01 3.3316691919801987e-04
-2.9785870442626339e-01 3.3320322864269258e-04
-2.9752548305981308e-01 3.3323949749208950e-04
-2.9719222544481289e-01 3.3327572574176818e-04
-2.9685893162186477e-01 3.3331191338726831e-04
-2.9652560163157493e-01 3.3334806042431987e-04
-2.9619223551455426e-01 3.3338416684835338e-04
-2.9585883331141777e-01 3.3342023265510283e-04
-2.9552539506278502e-01 3.3345625784013448e-04
-2.9519192080928003e-01 3.3349224239898973e-04
-2.9485841059153101e-01 3.3352818632736525e-04
-2.9452486445017062e-01 3.3356408962091020e-04
-2.9419128242583609e-01 3.3359995227511793e-04
-2.9385766455916873e-01 3.3363577428572466e-04
-2.9352401089081437e-01 3.3367155564836197e-04
-2.9319032146142321e-01 3.3370729635862664e-04
-2.9285659631164973e-01 3.3374299641222729e-04
-2.9252283548215285e-01 3.3377865580475584e-04
-2.9218903901359583e-01 3.3381427453185177e-04
-2.9185520694664618e-01 3.3384985258922746e-04
-2.9152133932197577e-01 3.3388538997257698e-04
-2.9118743618026094e-01 3.3392088667747919e-04
-2.9085349756218221e-01 3.3395634269965029e-04
-2.9051952350842447e-01 3.3399175803476778e-04
-2.9018551405967685e-01 3.3402713267857768e-04
-2.8985146925663302e-01 3.3406246662664031e-04
-2.8951738913999064e-01 3.3409775987479589e-04
-2.8918327375045194e-01 3.3413301241865575e-04
-2.8884912312872335e-01 3.3416822425390839e-04
-2.8851493731551553e-01 3.3420339537632384e-04
-2.8818071635154346e-01 3.3423852578162846e-04
-2.8784646027752653e-01 3.3427361546546560e-04
-2.8751216913418820e-01 3.3430866442363987e-04
-2.8717784296225640e-01 3.3434367265179176e-04
-2.8684348180246316e-01 3.3437864014573598e-04
-2.8650908569554490e-01 3.3441356690116949e-04
-2.8617465468224218e-01 3.3444845291386754e-04
-2.8584018880329992e-01 3.3448329817956530e-04
-2.8550568809946725e-01 3.3451810269401888e-04
-2.8517115261149756e-01 3.3455286645293729e-04
-2.8483658238014836e-01 3.3458758945219670e-04
-2.8450197744618161e-01 3.3462227168745375e-04
-2.8416733785036324e-01 3.3465691315459010e-04
-2.8383266363346371e-01 3.3469151384925771e-04
-2.8349795483625739e-01 3.3472607376734009e-04
-2.8316321149952306e-01 3.3476059290459887e-04
-2.8282843366404359e-01 3.3479507125686286e-04
-2.8249362137060618e-01 3.3482950881986149e-04
-2.8215877466000217e-01 3.3486390558941874e-04
-2.8182389357302701e-01 3.3489826156138364e-04
-2.8148897815048046e-01 3.3493257673153045e-04
-2.8115402843316645e-01 3.3496685109566130e-04
-2.8081904446189293e-01 3.3500108464969803e-04
-2.8048402627747226e-01 3.3503527738936860e-04
-2.8014897392072086e-01 3.3506942931051911e-04
-2.7981388743245922e-01 3.3510354040903719e-04
-2.7947876685351208e-01 3.3513761068077494e-04
-2.7914361222470846e-01 3.3517164012148148e-04
-2.7880842358688124e-01 3.3520562872713924e-04
-2.7847320098086770e-01 3.3523957649350824e-04
-2.7813794444750911e-01 3.3527348341651057e-04
-2.7780265402765097e-01 3.3530734949196864e-04
-2.7746732976214278e-01 3.3534117471583751e-04
-2.7713197169183834e-01 3.3537495908390056e-04
-2.7679657985759543e-01 3.3540870259208893e-04
-2.7646115430027601e-01 3.3544240523625810e-04
-2.7612569506074608e-01 3.3547606701236091e-04
-2.7579020217987582e-01 3.3550968791624860e-04
-2.7545467569853949e-01 3.3554326794384050e-04
-2.7511911565761538e-01 3.3557680709106881e-04
-2.7478352209798601e-01 3.3561030535377825e-04
-2.7444789506053779e-01 3.3564376272796965e-04
-2.7411223458616141e-01 3.3567717920950313e-04
-2.7377654071575142e-01 3.3571055479437220e-04
-2.7344081349020671e-01 3.3574388947842901e-04
-2.7310505295042992e-01 3.3577718325772057e-04
-2.7276925913732802e-01 3.3581043612807015e-04
-2.7243343209181187e-01 3.3584364808551305e-04
-2.7209757185479649e-01 3.3587681912592457e-04
-2.7176167846720078e-01 3.3590994924536413e-04
-2.7142575196994784e-01 3.3594303843975139e-04
-2.7108979240396480e-01 3.3597608670499435e-04
-2.7075379981018272e-01 3.3600909403712684e-04
-2.7041777422953667e-01 3.3604206043215363e-04
-2.7008171570296585e-01 3.3607498588602967e-04
-2.6974562427141346e-01 3.3610787039471126e-04
-2.6940949997582664e-01 3.3614071395422513e-04
-2.6907334285715656e-01 3.3617351656055566e-04
-2.6873715295635842e-01 3.3620627820970622e-04
-2.6840093031439133e-01 3.3623899889771822e-04
-2.6806467497221853e-01 3.3627167862054194e-04
-2.6772838697080709e-01 3.3630431737425486e-04
-2.6739206635112817e-01 3.3633691515485219e-04
-2.6705571315415683e-01 3.3636947195838475e-04
-2.6671932742087212e-01 3.3640198778089712e-04
-2.6638290919225716e-01 3.3643446261836623e-04
-2.6604645850929887e-01 3.3646689646686060e-04
-2.6570997541298819e-01 3.3649928932245920e-04
-2.6537345994431999e-01 3.3653164118120692e-04
-2.6503691214429320e-01 3.3656395203910013e-04
-2.6470033205391047e-01 3.3659622189230335e-04
-2.6436371971417860e-01 3.3662845073679940e-04
-2.6402707516610813e-01 3.3666063856875063e-04
-2.6369039845071374e-01 3.3669278538412024e-04
-2.6335368960901379e-01 3.3672489117910295e-04
-2.6301694868203074e-01 3.3675695594972542e-04
-2.6268017571079089e-01 3.3678897969208660e-04
-2.6234337073632447e-01 3.3682096240226589e-04
-2.6200653379966549e-01 3.3685290407643590e-04
-2.6166966494185206e-01 3.3688480471062178e-04
-2.6133276420392598e-01 3.3691666430100942e-04
-2.6099583162693313e-01 3.3694848284363026e-04
-2.6065886725192300e-01 3.3698026033474293e-04
-2.6032187111994926e-01 3.3701199677033946e-04
-2.5998484327206928e-01 3.3704369214659062e-04
-2.5964778374934422e-01 3.3707534645970445e-04
-2.5931069259283929e-01 3.3710695970576732e-04
-2.5897356984362346e-01 3.3713853188090223e-04
-2.5863641554276950e-01 3.3717006298132304e-04
-2.5829922973135416e-01 3.3720155300312059e-04
-2.5796201245045786e-01 3.3723300194251954e-04
-2.5762476374116494e-01 3.3726440979567492e-04
-2.5728748364456361e-01 3.3729577655875034e-04
-2.5695017220174582e-01 3.3732710222793424e-04
-2.5661282945380742e-01 3.3735838679938658e-04
-2.5627545544184804e-01 3.3738963026929455e-04
-2.5593805020697108e-01 3.3742083263387722e-04
-2.5560061379028376e-01 3.3745199388933764e-04
-2.5526314623289720e-01 3.3748311403183093e-04
-2.5492564757592612e-01 3.3751419305762774e-04
-2.5458811786048918e-01 3.3754523096292383e-04
-2.5425055712770883e-01 3.3757622774390123e-04
-2.5391296541871122e-01 3.3760718339679934e-04
-2.5357534277462629e-01 3.3763809791787766e-04
-2.5323768923658774e-01 3.3766897130337340e-04
-2.5290000484573316e-01 3.3769980354944016e-04
-2.5256228964320371e-01 3.3773059465240529e-04
-2.5222454367014435e-01 3.3776134460853334e-04
-2.5188676696770396e-01 3.3779205341400765e-04
-2.5154895957703494e-01 3.3782272106512172e-04
-2.5121112153929359e-01 3.3785334755809932e-04
-2.5087325289563978e-01 3.3788393288930024e-04
-2.5053535368723728e-01 3.3791447705491882e-04
-2.5019742395525352e-01 3.3794498005124140e-04
-2.4985946374085957e-01 3.3797544187459693e-04
-2.4952147308523034e-01 3.3800586252123347e-04
-2.4918345202954437e-01 3.3803624198745986e-04
-2.4884540061498392e-01 3.3806658026956703e-04
-2.4850731888273497e-01 3.3809687736385981e-04
-2.4816920687398716e-01 3.3812713326665473e-04
-2.4783106462993384e-01 3.3815734797426226e-04
-2.4749289219177203e-01 3.3818752148300678e-04
-2.4715468960070247e-01 3.3821765378919751e-04
-2.4681645689792953e-01 3.3824774488916225e-04
-2.4647819412466121e-01 3.3827779477926990e-04
-2.4613990132210928e-01 3.3830780345581976e-04
-2.4580157853148910e-01 3.3833777091517168e-04
-2.4546322579401969e-01 3.3836769715366553e-04
-2.4512484315092373e-01 3.3839758216766726e-04
-2.4478643064342753e-01 3.3842742595352872e-04
-2.4444798831276104e-01 3.3845722850762397e-04
-2.4410951620015789e-01 3.3848698982629665e-04
-2.4377101434685525e-01 3.3851670990595013e-04
-2.4343248279409396e-01 3.3854638874295911e-04
-2.4309392158311852e-01 3.3857602633369992e-04
-2.4275533075517697e-01 3.3860562267456232e-04
-2.4241671035152101e-01 3.3863517776193419e-04
-2.4207806041340593e-01 3.3866469159221608e-04
-2.4173938098209061e-01 3.3869416416181289e-04
-2.4140067209883748e-01 3.3872359546716698e-04
-2.4106193380491267e-01 3.3875298550464740e-04
-2.4072316614158581e-01 3.3878233427067091e-04
-2.4038436915013012e-01 3.3881164176169718e-04
-2.4004554287182236e-01 3.3884090797416062e-04
-2.3970668734794298e-01 3.3887013290443313e-04
-2.3936780261977583e-01 3.3889931654903209e-04
-2.3902888872860845e-01 3.3892845890434953e-04
-2.3868994571573188e-01 3.3895755996684625e-04
-2.3835097362244068e-01 3.3898661973298010e-04
-2.3801197249003300e-01 3.3901563819921404e-04
-2.3767294235981049e-01 3.3904461536202597e-04
-2.3733388327307839e-01 3.3907355121785490e-04
-2.3699479527114542e-01 3.3910244576318004e-04
-2.3665567839532381e-01 3.3913129899451188e-04
-2.3631653268692934e-01 3.3916011090830893e-04
-2.3597735818728133e-01 3.3918888150106358e-04
-2.3563815493770254e-01 3.3921761076926373e-04
-2.3529892297951926e-01 3.3924629870943427e-04
-2.3495966235406129e-01 3.3927494531806561e-04
-2.3462037310266193e-01 3.3930355059166758e-04
-2.3428105526665796e-01 3.3933211452672797e-04
-2.3394170888738958e-01 3.3936063711983159e-04
-2.3360233400620059e-01 3.3938911836743445e-04
-2.3326293066443815e-01 3.3941755826611195e-04
-2.3292349890345296e-01 3.3944595681237728e-04
-2.3258403876459913e-01 3.3947431400278339e-04
-2.3224455028923430e-01 3.3950262983386891e-04
-2.3190503351871944e-01 3.3953090430218624e-04
-2.3156548849441910e-01 3.3955913740428849e-04
-2.3122591525770123e-01 3.3958732913672073e-04
-2.3088631384993713e-01 3.3961547949608984e-04
-2.3054668431250167e-01 3.3964358847892492e-04
-2.3020702668677304e-01 3.3967165608182596e-04
-2.2986734101413292e-01 3.3969968230135767e-04
-2.2952762733596638e-01 3.3972766713410849e-04
-2.2918788569366189e-01 3.3975561057666607e-04
-2.2884811612861131e-01 3.3978351262567170e-04
-2.2850831868221000e-01 3.3981137327764981e-04
-2.2816849339585660e-01 3.3983919252925896e-04
-2.2782864031095321e-01 3.3986697037707907e-04
-2.2748875946890529e-01 3.3989470681774337e-04
-2.2714885091112166e-01 3.3992240184788926e-04
-2.2680891467901459e-01 3.3995005546410737e-04
-2.2646895081399968e-01 3.3997766766304159e-04
-2.2612895935749586e-01 3.4000523844133004e-04
-2.2578894035092545e-01 3.4003276779562692e-04
-2.2544889383571415e-01 3.4006025572256871e-04
-2.2510881985329101e-01 3.4008770221879042e-04
-2.2476871844508839e-01 3.4011510728096026e-04
-2.2442858965254200e-01 3.4014247090574803e-04
-2.2408843351709093e-01 3.4016979308980106e-04
-2.2374825008017754e-01 3.4019707382980461e-04
-2.2340803938324755e-01 3.4022431312244619e-04
-2.2306780146774999e-01 3.4025151096438280e-04
-2.2272753637513723e-01 3.4027866735231242e-04
-2.2238724414686492e-01 3.4030578228293217e-04
-2.2204692482439203e-01 3.4033285575292598e-04
-2.2170657844918085e-01 3.4035988775899277e-04
-2.2136620506269691e-01 3.4038687829786004e-04
-2.2102580470640912e-01 3.4041382736620703e-04
-2.2068537742178956e-01 3.4044073496078013e-04
-2.2034492325031368e-01 3.4046760107830123e-04
-2.2000444223346019e-01 3.4049442571547930e-04
-2.1966393441271106e-01 3.4052120886904352e-04
-2.1932339982955151e-01 3.4054795053575543e-04
-2.1898283852547004e-01 3.4057465071234572e-04
-2.1864225054195841e-01 3.4060130939554445e-04
-2.1830163592051161e-01 3.4062792658212806e-04
-2.1796099470262789e-01 3.4065450226884638e-04
-2.1762032692980876e-01 3.4068103645244589e-04
-2.1727963264355890e-01 3.4070752912971752e-04
-2.1693891188538630e-01 3.4073398029742192e-04
-2.1659816469680215e-01 3.4076038995231584e-04
-2.1625739111932080e-01 3.4078675809122785e-04
-2.1591659119445988e-01 3.4081308471091312e-04
-2.1557576496374026e-01 3.4083936980816798e-04
-2.1523491246868590e-01 3.4086561337979133e-04
-2.1489403375082405e-01 3.4089181542259150e-04
-2.1455312885168515e-01 3.4091797593338840e-04
-2.1421219781280282e-01 3.4094409490895654e-04
-2.1387124067571384e-01 3.4097017234614057e-04
-2.1353025748195817e-01 3.4099620824176935e-04
-2.1318924827307900e-01 3.4102220259265079e-04
-2.1284821309062263e-01 3.4104815539562886e-04
-2.1250715197613854e-01 3.4107406664754699e-04
-2.1216606497117937e-01 3.4109993634524806e-04
-2.1182495211730096e-01 3.4112576448556167e-04
-2.1148381345606224e-01 3.4115155106534639e-04
-2.1114264902902527e-01 3.4117729608148514e-04
-2.1080145887775531e-01 3.4120299953081768e-04
-2.1046024304382074e-01 3.4122866141021209e-04
-2.1011900156879301e-01 3.4125428171656737e-04
-2.0977773449424680e-01 3.4127986044672000e-04
-2.0943644186175980e-01 3.4130539759758742e-04
-2.0909512371291289e-01 3.4133089316604182e-04
-2.0875378008928999e-01 3.4135634714899294e-04
-2.0841241103247821e-01 3.4138175954332768e-04
-2.0807101658406768e-01 3.4140713034595707e-04
-2.0772959678565170e-01 3.4143245955377152e-04
-2.0738815167882657e-01 3.4145774716370117e-04
-2.0704668130519172e-01 3.4148299317267886e-04
-2.0670518570634969e-01 3.4150819757759580e-04
-2.0636366492390604e-01 3.4153336037539997e-04
-2.0602211899946943e-01 3.4155848156301532e-04
-2.0568054797465152e-01 3.4158356113741411e-04
-2.0533895189106716e-01 3.4160859909549112e-04
-2.0499733079033411e-01 3.4163359543423494e-04
-2.0465568471407328e-01 3.4165855015058037e-04
-2.0431401370390853e-01 3.4168346324150691e-04
-2.0397231780146688e-01 3.4170833470394845e-04
-2.0363059704837827e-01 3.4173316453489676e-04
-2.0328885148627571e-01 3.4175795273132953e-04
-2.0294708115679527e-01 3.4178269929019693e-04
-2.0260528610157594e-01 3.4180740420853596e-04
-2.0226346636225984e-01 3.4183206748329155e-04
-2.0192162198049202e-01 3.4185668911147565e-04
-2.0157975299792055e-01 3.4188126909007904e-04
-2.0123785945619652e-01 3.4190580741611394e-04
-2.0089594139697395e-01 3.4193030408661570e-04
-2.0055399886190994e-01 3.4195475909854726e-04
-2.0021203189266448e-01 3.4197917244897498e-04
-1.9987004053090060e-01 3.4200354413490522e-04
-1.9952802481828430e-01 3.4202787415335632e-04
-1.9918598479648447e-01 3.4205216250139794e-04
-1.9884392050717306e-01 3.4207640917605683e-04
-1.9850183199202495e-01 3.4210061417434823e-04
-1.9815971929271792e-01 3.4212477749336772e-04
-1.9781758245093276e-01 3.4214889913014080e-04
-1.9747542150835315e-01 3.4217297908174587e-04
-1.9713323650666573e-01 3.4219701734525921e-04
-1.9679102748756011e-01 3.4222101391771402e-04
-1.9644879449272876e-01 3.4224496879621709e-04
-1.9610653756386712e-01 3.4226888197782732e-04
-1.9576425674267348e-01 3.4229275345967004e-04
-1.9542195207084911e-01 3.4231658323880844e-04
-1.9507962359009820e-01 3.4234037131233039e-04
-1.9473727134212776e-01 3.4236411767735609e-04
-1.9439489536864774e-01 3.4238782233099528e-04
-1.9405249571137101e-01 3.4241148527033247e-04
-1.9371007241201324e-01 3.4243510649252659e-04
-1.9336762551229308e-01 3.4245868599466956e-04
-1.9302515505393200e-01 3.4248222377389949e-04
-1.9268266107865437e-01 3.4250571982732931e-04
-1.9234014362818735e-01 3.4252917415212366e-04
-1.9199760274426106e-01 3.4255258674541997e-04
-1.9165503846860840e-01 3.4257595760436231e-04
-1.9131245084296519e-01 3.4259928672608690e-04
-1.9096983990907004e-01 3.4262257410777673e-04
-1.9062720570866440e-01 3.4264581974657909e-04
-1.9028454828349259e-01 3.4266902363966220e-04
-1.8994186767530172e-01 3.4269218578420607e-04
-1.8959916392584175e-01 3.4271530617738732e-04
-1.8925643707686546e-01 3.4273838481638621e-04
-1.8891368717012844e-01 3.4276142169838825e-04
-1.8857091424738906e-01 3.4278441682060185e-04
-1.8822811835040854e-01 3.4280737018021568e-04
-1.8788529952095090e-01 3.4283028177441448e-04
-1.8754245780078288e-01 3.4285315160044732e-04
-1.8719959323167412e-01 3.4287597965549114e-04
-1.8685670585539696e-01 3.4289876593677869e-04
-1.8651379571372656e-01 3.4292151044152622e-04
-1.8617086284844081e-01 3.4294421316697694e-04
-1.8582790730132040e-01 3.4296687411036769e-04
-1.8548492911414882e-01 3.4298949326891099e-04
-1.8514192832871224e-01 3.4301207063987716e-04
-1.8479890498679960e-01 3.4303460622051821e-04
-1.8445585913020268e-01 3.4305710000806088e-04
-1.8411279080071588e-01 3.4307955199979319e-04
-1.8376970004013643e-01 3.4310196219294837e-04
-1.8342658689026423e-01 3.4312433058482204e-04
-1.8308345139290191e-01 3.4314665717268374e-04
-1.8274029358985486e-01 3.4316894195382845e-04
-1.8239711352293120e-01 3.4319118492550781e-04
-1.8205391123394171e-01 3.4321338608502472e-04
-1.8171068676469990e-01 3.4323554542968455e-04
-1.8136744015702200e-01 3.4325766295677674e-04
-1.8102417145272690e-01 3.4327973866361681e-04
-1.8068088069363622e-01 3.4330177254750368e-04
-1.8033756792157424e-01 3.4332376460575857e-04
-1.7999423317836794e-01 3.4334571483570289e-04
-1.7965087650584696e-01 3.4336762323465688e-04
-1.7930749794584364e-01 3.4338948979996479e-04
-1.7896409754019296e-01 3.4341131452893801e-04
-1.7862067533073253e-01 3.4343309741895661e-04
-1.7827723135930271e-01 3.4345483846733309e-04
-1.7793376566774644e-01 3.4347653767142496e-04
-1.7759027829790933e-01 3.4349819502858440e-04
-1.7724676929163957e-01 3.4351981053619738e-04
-1.7690323869078811e-01 3.4354138419161022e-04
-1.7655968653720844e-01 3.4356291599219312e-04
-1.7621611287275668e-01 3.4358440593532840e-04
-1.7587251773929161e-01 3.4360585401839574e-04
-1.7552890117867459e-01 3.4362726023878527e-04
-1.7518526323276959e-01 3.4364862459389657e-04
-1.7484160394344322e-01 3.4366994708110831e-04
-1.7449792335256470e-01 3.4369122769781717e-04
-1.7415422150200574e-01 3.4371246644147407e-04
-1.7381049843364077e-01 3.4373366330944381e-04
-1.7346675418934673e-01 3.4375481829916648e-04
-1.7312298881100319e-01 3.4377593140805414e-04
-1.7277920234049221e-01 3.4379700263355615e-04
-1.7243539481969852e-01 3.4381803197308056e-04
-1.7209156629050934e-01 3.4383901942408048e-04
-1.7174771679481451e-01 3.4385996498398862e-04
-1.7140384637450637e-01 3.4388086865025955e-04
-1.7105995507147984e-01 3.4390173042034771e-04
-1.7071604292763237e-01 3.4392255029170205e-04
-1.7037210998486396e-01 3.4394332826180412e-04
-1.7002815628507714e-01 3.4396406432810457e-04
-1.6968418187017698e-01 3.4398475848808888e-04
-1.6934018678207105e-01 3.4400541073921660e-04
-1.6899617106266945e-01 3.4402602107899986e-04
-1.6865213475388480e-01 3.4404658950490835e-04
-1.6830807789763222e-01 3.4406711601444494e-04
-1.6796400053582936e-01 3.4408760060508728e-04
-1.6761990271039628e-01 3.4410804327437923e-04
-1.6727578446325569e-01 3.4412844401978787e-04
-1.6693164583633260e-01 3.4414880283886680e-04
-1.6658748687155470e-01 3.4416911972910198e-04
-1.6624330761085196e-01 3.4418939468804912e-04
-1.6589910809615699e-01 3.4420962771320563e-04
-1.6555488836940474e-01 3.4422981880213643e-04
-1.6521064847253275e-01 3.4424996795235355e-04
-1.6486638844748089e-01 3.4427007516142237e-04
-1.6452210833619155e-01 3.4429014042689225e-04
-1.6417780818060956e-01 3.4431016374631497e-04
-1.6383348802268219e-01 3.4433014511725318e-04
-1.6348914790435917e-01 3.4435008453725160e-04
-1.6314478786759259e-01 3.4436998200391722e-04
-1.6280040795433706e-01 3.4438983751479033e-04
-1.6245600820654954e-01 3.4440965106747505e-04
-1.6211158866618941e-01 3.4442942265956326e-04
-1.6176714937521855e-01 3.4444915228861350e-04
-1.6142269037560111e-01 3.4446883995225977e-04
-1.6107821170930375e-01 3.4448848564807942e-04
-1.6073371341829551e-01 3.4450808937367701e-04
-1.6038919554454772e-01 3.4452765112668568e-04
-1.6004465813003427e-01 3.4454717090469481e-04
-1.5970010121673126e-01 3.4456664870535027e-04
-1.5935552484661725e-01 3.4458608452627918e-04
-1.5901092906167322e-01 3.4460547836507720e-04
-1.5866631390388236e-01 3.4462483021943148e-04
-1.5832167941523043e-01 3.4464414008694277e-04
-1.5797702563770533e-01 3.4466340796529630e-04
-1.5763235261329747e-01 3.4468263385210732e-04
-1.5728766038399952e-01 3.4470181774506079e-04
-1.5694294899180652e-01 3.4472095964181043e-04
-1.5659821847871586e-01 3.4474005954002510e-04
-1.5625346888672723e-01 3.4475911743736889e-04
-1.5590870025784265e-01 3.4477813333152785e-04
-1.5556391263406646e-01 3.4479710722018644e-04
-1.5521910605740533e-01 3.4481603910103308e-04
-1.5487428056986821e-01 3.4483492897176255e-04
-1.5452943621346640e-01 3.4485377683006187e-04
-1.5418457303021346e-01 3.4487258267364531e-04
-1.5383969106212525e-01 3.4489134650021887e-04
-1.5349479035121991e-01 3.4491006830750009e-04
-1.5314987093951790e-01 3.4492874809319963e-04
-1.5280493286904193e-01 3.4494738585505143e-04
-1.5245997618181695e-01 3.4496598159078232e-04
-1.5211500091987026e-01 3.4498453529812370e-04
-1.5177000712523139e-01 3.4500304697480781e-04
-1.5142499483993208e-01 3.4502151661859799e-04
-1.5107996410600635e-01 3.4503994422723470e-04
-1.5073491496549055e-01 3.4505832979845913e-04
-1.5038984746042311e-01 3.4507667333005598e-04
-1.5004476163284486e-01 3.4509497481977221e-04
-1.4969965752479875e-01 3.4511323426537617e-04
-1.4935453517832997e-01 3.4513145166467310e-04
-1.4900939463548604e-01 3.4514962701540720e-04
-1.4866423593831654e-01 3.4516776031538521e-04
-1.4831905912887339e-01 3.4518585156238275e-04
-1.4797386424921063e-01 3.4520390075421116e-04
-1.4762865134138456e-01 3.4522190788866078e-04
-1.4728342044745363e-01 3.4523987296354580e-04
-1.4693817160947853e-01 3.4525779597666616e-04
-1.4659290486952209e-01 3.4527567692584662e-04
-1.4624762026964933e-01 3.4529351580891608e-04
-1.4590231785192748e-01 3.4531131262368313e-04
-1.4555699765842592e-01 3.4532906736798989e-04
-1.4521165973121616e-01 3.4534678003967918e-04
-1.4486630411237195e-01 3.4536445063657853e-04
-1.4452093084396911e-01 3.4538207915654675e-04
-1.4417553996808569e-01 3.4539966559742568e-04
-1.4383013152680180e-01 3.4541720995708697e-04
-1.4348470556219975e-01 3.4543471223338640e-04
-1.4313926211636399e-01 3.4545217242418230e-04
-1.4279380123138108e-01 3.4546959052734945e-04
-1.4244832294933968e-01 3.4548696654077568e-04
-1.4210282731233059e-01 3.4550430046234994e-04
-1.4175731436244673e-01 3.4552159228996013e-04
-1.4141178414178318e-01 3.4553884202145961e-04
-1.4106623669243701e-01 3.4555604965479363e-04
-1.4072067205650746e-01 3.4557321518785701e-04
-1.4037509027609588e-01 3.4559033861853550e-04
-1.4002949139330567e-01 3.4560741994476283e-04
-1.3968387545024233e-01 3.4562445916445645e-04
-1.3933824248901341e-01 3.4564145627553677e-04
-1.3899259255172861e-01 3.4565841127593138e-04
-1.3864692568049961e-01 3.4567532416357661e-04
-1.3830124191744020e-01 3.4569219493640668e-04
-1.3795554130466620e-01 3.4570902359238161e-04
-1.3760982388429555e-01 3.4572581012942948e-04
-1.3726408969844811e-01 3.4574255454552616e-04
-1.3691833878924595e-01 3.4575925683861169e-04
-1.3657257119881303e-01 3.4577591700667810e-04
-1.3622678696927543e-01 3.4579253504765840e-04
-1.3588098614276120e-01 3.4580911095955950e-04
-1.3553516876140048e-01 3.4582564474034365e-04
-1.3518933486732534e-01 3.4584213638801098e-04
-1.3484348450266995e-01 3.4585858590054812e-04
-1.3449761770957044e-01 3.4587499327593175e-04
-1.3415173453016493e-01 3.4589135851218936e-04
-1.3380583500659354e-01 3.4590768160732739e-04
-1.3345991918099845e-01 3.4592396255932699e-04
-1.3311398709552372e-01 3.4594020136623856e-04
-1.3276803879231547e-01 3.4595639802605674e-04
-1.3242207431352174e-01 3.4597255253683546e-04
-1.3207609370129261e-01 3.4598866489657555e-04
-1.3173009699778004e-01 3.4600473510334063e-04
-1.3138408424513803e-01 3.4602076315515994e-04
-1.3103805548552250e-01 3.4603674905008035e-04
-1.3069201076109130e-01 3.4605269278615344e-04
-1.3034595011400424e-01 3.4606859436144905e-04
-1.2999987358642309e-01 3.4608445377401530e-04
-1.2965378122051155e-01 3.4610027102192925e-04
-1.2930767305843521e-01 3.4611604610326188e-04
-1.2896154914236166e-01 3.4613177901608190e-04
-1.2861540951446029e-01 3.4614746975849582e-04
-1.2826925421690258e-01 3.4616311832856090e-04
-1.2792308329186172e-01 3.4617872472439382e-04
-1.2757689678151296e-01 3.4619428894407968e-04
-1.2723069472803336e-01 3.4620981098573526e-04
-1.2688447717360193e-01 3.4622529084745731e-04
-1.2653824416039952e-01 3.4624072852737004e-04
-1.2619199573060888e-01 3.4625612402358765e-04
-1.2584573192641468e-01 3.4627147733422281e-04
-1.2549945279000338e-01 3.4628678845743103e-04
-1.2515315836356339e-01 3.4630205739132178e-04
-1.2480684868928495e-01 3.4631728413403917e-04
-1.2446052380936011e-01 3.4633246868374625e-04
-1.2411418376598286e-01 3.4634761103858068e-04
-1.2376782860134898e-01 3.4636271119670088e-04
-1.2342145835765611e-01 3.4637776915625462e-04
-1.2307507307710373e-01 3.4639278491542085e-04
-1.2272867280189315e-01 3.4640775847236669e-04
-1.2238225757422748e-01 3.4642268982526520e-04
-1.2203582743631168e-01 3.4643757897230928e-04
-1.2168938243035256e-01 3.4645242591166300e-04
-1.2134292259855865e-01 3.4646723064153413e-04
-1.2099644798314037e-01 3.4648199316011425e-04
-1.2064995862630991e-01 3.4649671346560887e-04
-1.2030345457028126e-01 3.4651139155621326e-04
-1.1995693585727017e-01 3.4652602743015021e-04
-1.1961040252949423e-01 3.4654062108563762e-04
-1.1926385462917277e-01 3.4655517252088459e-04
-1.1891729219852692e-01 3.4656968173412973e-04
-1.1857071527977957e-01 3.4658414872360303e-04
-1.1822412391515535e-01 3.4659857348754238e-04
-1.1787751814688072e-01 3.4661295602418803e-04
-1.1753089801718380e-01 3.4662729633178410e-04
-1.1718426356829453e-01 3.4664159440859062e-04
-1.1683761484244459e-01 3.4665585025286689e-04
-1.1649095188186737e-01 3.4667006386286371e-04
-1.1614427472879799e-01 3.4668423523686367e-04
-1.1579758342547333e-01 3.4669836437313848e-04
-1.1545087801413199e-01 3.4671245126995630e-04
-1.1510415853701428e-01 3.4672649592560863e-04
-1.1475742503636220e-01 3.4674049833838591e-04
-1.1441067755441950e-01 3.4675445850657511e-04
-1.1406391613343161e-01 3.4676837642847916e-04
-1.1371714081564567e-01 3.4678225210240510e-04
-1.1337035164331050e-01 3.4679608552665706e-04
-1.1302354865867660e-01 3.4680987669955676e-04
-1.1267673190399619e-01 3.4682362561941902e-04
-1.1232990142152313e-01 3.4683733228456300e-04
-1.1198305725351297e-01 3.4685099669333865e-04
-1.1163619944222293e-01 3.4686461884406053e-04
-1.1128932802991189e-01 3.4687819873507398e-04
-1.1094244305884036e-01 3.4689173636473248e-04
-1.1059554457127056e-01 3.4690523173137373e-04
-1.1024863260946630e-01 3.4691868483336692e-04
-1.0990170721569306e-01 3.4693209566906104e-04
-1.0955476843221794e-01 3.4694546423683515e-04
-1.0920781630130970e-01 3.4695879053505324e-04
-1.0886085086523870e-01 3.4697207456208846e-04
-1.0851387216627692e-01 3.4698531631632693e-04
-1.0816688024669797e-01 3.4699851579615785e-04
-1.0781987514877707e-01 3.4701167299996277e-04
-1.0747285691479105e-01 3.4702478792615079e-04
-1.0712582558701830e-01 3.4703786057312049e-04
-1.0677878120773888e-01 3.4705089093927272e-04
-1.0643172381923437e-01 3.4706387902302477e-04
-1.0608465346378795e-01 3.4707682482279815e-04
-1.0573757018368442e-01 3.4708972833700748e-04
-1.0539047402121010e-01 3.4710258956409363e-04
-1.0504336501865294e-01 3.4711540850246731e-04
-1.0469624321830238e-01 3.4712818515059065e-04
-1.0434910866244949e-01 3.4714091950689441e-04
-1.0400196139338685e-01 3.4715361156982760e-04
-1.0365480145340861e-01 3.4716626133784805e-04
-1.0330762888481043e-01 3.4717886880941413e-04
-1.0296044372988958e-01 3.4719143398298090e-04
-1.0261324603094478e-01 3.4720395685703163e-04
-1.0226603583027633e-01 3.4721643743002804e-04
-1.0191881317018604e-01 3.4722887570045859e-04
-1.0157157809297723e-01 3.4724127166680475e-04
-1.0122433064095475e-01 3.4725362532755992e-04
-1.0087707085642496e-01 3.4726593668120529e-04
-1.0052979878169567e-01 3.4727820572626048e-04
-1.0018251445907626e-01 3.4729043246121516e-04
-9.9835217930877573e-02 3.4730261688458678e-04
-9.9487909239411906e-02 3.4731475899489161e-04
-9.9140588426993109e-02 3.4732685879063693e-04
-9.8793255535936431e-02 3.4733891627037743e-04
-9.8445910608558646e-02 3.4735093143262126e-04
-9.8098553687177972e-02 3.4736290427590588e-04
-9.7751184814114100e-02 3.4737483479877764e-04
-9.7403804031688176e-02 3.4738672299977966e-04
-9.7056411382222776e-02 3.4739856887747378e-04
-9.6709006908041961e-02 3.4741037243039895e-04
-9.6361590651471180e-02 3.4742213365713013e-04
-9.6014162654837365e-02 3.4743385255623575e-04
-9.5666722960468853e-02 3.4744552912627924e-04
-9.5319271610695422e-02 3.4745716336584995e-04
-9.4971808647848252e-02 3.4746875527351585e-04
-9.4624334114259953e-02 3.4748030484787443e-04
-9.4276848052264550e-02 3.4749181208750804e-04
-9.3929350504197442e-02 3.4750327699103290e-04
-9.3581841512395444e-02 3.4751469955704201e-04
-9.3234321119196786e-02 3.4752607978414009e-04
-9.2886789366941072e-02 3.4753741767094013e-04
-9.2539246297969266e-02 3.4754871321606605e-04
-9.2191691954623747e-02 3.4755996641814641e-04
-9.1844126379248242e-02 3.4757117727580311e-04
-9.1496549614187864e-02 3.4758234578766844e-04
-9.1148961701789086e-02 3.4759347195238163e-04
-9.0801362684399728e-02 3.4760455576859624e-04
-9.0453752604368984e-02 3.4761559723495291e-04
-9.0106131504047365e-02 3.4762659635010663e-04
-8.9758499425786745e-02 3.4763755311272362e-04
-8.9410856411940326e-02 3.4764846752146874e-04
-8.9063202504862674e-02 3.4765933957500445e-04
-8.8715537746909628e-02 3.4767016927201368e-04
-8.8367862180438406e-02 3.4768095661116773e-04
-8.8020175847807483e-02 3.4769170159116138e-04
-8.7672478791376698e-02 3.4770240421068372e-04
-8.7324771053507180e-02 3.4771306446842890e-04
-8.6977052676561334e-02 3.4772368236310008e-04
-8.6629323702902897e-02 3.4773425789340096e-04
-8.6281584174896883e-02 3.4774479105804522e-04
-8.5933834134909584e-02 3.4775528185575081e-04
-8.5586073625308581e-02 3.4776573028523402e-04
-8.5238302688462733e-02 3.4777613634523539e-04
-8.4890521366742175e-02 3.4778650003446532e-04
-8.4542729702518277e-02 3.4779682135168088e-04
-8.4194927738163700e-02 3.4780710029561502e-04
-8.3847115516052353e-02 3.4781733686501618e-04
-8.3499293078559397e-02 3.4782753105863949e-04
-8.3151460468061211e-02 3.4783768287524153e-04
-8.2803617726935466e-02 3.4784779231358565e-04
-8.2455764897561012e-02 3.4785785937244010e-04
-8.2107902022317950e-02 3.4786788405058124e-04
-8.1760029143587626e-02 3.4787786634678437e-04
-8.1412146303752569e-02 3.4788780625983273e-04
-8.1064253545196543e-02 3.4789770378851662e-04
-8.0716350910304518e-02 3.4790755893162755e-04
-8.0368438441462672e-02 3.4791737168797412e-04
-8.0020516181058363e-02 3.4792714205635110e-04
-7.9672584171480168e-02 3.4793687003556586e-04
-7.9324642455117805e-02 3.4794655562444903e-04
-7.8976691074362240e-02 3.4795619882180360e-04
-7.8628730071605576e-02 3.4796579962645624e-04
-7.8280759489241070e-02 3.4797535803725445e-04
-7.7932779369663210e-02 3.4798487405301331e-04
-7.7584789755267572e-02 3.4799434767258665e-04
-7.7236790688450949e-02 3.4800377889480667e-04
-7.6888782211611259e-02 3.4801316771853615e-04
-7.6540764367147546e-02 3.4802251414263723e-04
-7.6192737197460045e-02 3.4803181816595404e-04
-7.5844700744950089e-02 3.4804107978735684e-04
-7.5496655052020134e-02 3.4805029900573725e-04
-7.5148600161073803e-02 3.4805947581993777e-04
-7.4800536114515814e-02 3.4806861022886710e-04
-7.4452462954752011e-02 3.4807770223139583e-04
-7.4104380724189317e-02 3.4808675182643786e-04
-7.3756289465235797e-02 3.4809575901287315e-04
-7.3408189220300610e-02 3.4810472378960091e-04
-7.3060080031793984e-02 3.4811364615554226e-04
-7.2711961942127271e-02 3.4812252610961038e-04
-7.2363834993712892e-02 3.4813136365070764e-04
-7.2015699228964336e-02 3.4814015877777097e-04
-7.1667554690296176e-02 3.4814891148972571e-04
-7.1319401420124065e-02 3.4815762178550165e-04
-7.0971239460864713e-02 3.4816628966404558e-04
-7.0623068854935883e-02 3.4817491512429029e-04
-7.0274889644756380e-02 3.4818349816519259e-04
-6.9926701872746092e-02 3.4819203878570809e-04
-6.9578505581325903e-02 3.4820053698479203e-04
-6.9230300812917783e-02 3.4820899276141341e-04
-6.8882087609944714e-02 3.4821740611453561e-04
-6.8533866014830691e-02 3.4822577704313163e-04
-6.8185636070000763e-02 3.4823410554620058e-04
-6.7837397817880951e-02 3.4824239162270520e-04
-6.7489151300898331e-02 3.4825063527164132e-04
-6.7140896561480978e-02 3.4825883649202002e-04
-6.6792633642057953e-02 3.4826699528282221e-04
-6.6444362585059327e-02 3.4827511164306236e-04
-6.6096083432916147e-02 3.4828318557175220e-04
-6.5747796228060457e-02 3.4829121706791315e-04
-6.5399501012925298e-02 3.4829920613055056e-04
-6.5051197829944646e-02 3.4830715275870500e-04
-6.4702886721553499e-02 3.4831505695140749e-04
-6.4354567730187773e-02 3.4832291870769301e-04
-6.4006240898284369e-02 3.4833073802659762e-04
-6.3657906268281148e-02 3.4833851490718054e-04
-6.3309563882616909e-02 3.4834624934847901e-04
-6.2961213783731387e-02 3.4835394134956804e-04
-6.2612856014065285e-02 3.4836159090949505e-04
-6.2264490616060222e-02 3.4836919802733781e-04
-6.1916117632158749e-02 3.4837676270217010e-04
-6.1567737104804336e-02 3.4838428493306090e-04
-6.1219349076441380e-02 3.4839176471909965e-04
-6.0870953589515192e-02 3.4839920205937482e-04
-6.0522550686471978e-02 3.4840659695298709e-04
-6.0174140409758874e-02 3.4841394939902175e-04
-5.9825722801823890e-02 3.4842125939659249e-04
-5.9477297905115939e-02 3.4842852694480926e-04
-5.9128865762084822e-02 3.4843575204277530e-04
-5.8780426415181219e-02 3.4844293468962693e-04
-5.8431979906856696e-02 3.4845007488448185e-04
-5.8083526279563681e-02 3.4845717262646579e-04
-5.7735065575755480e-02 3.4846422791471373e-04
-5.7386597837886244e-02 3.4847124074837403e-04
-5.7038123108411005e-02 3.4847821112658870e-04
-5.6689641429785630e-02 3.4848513904851125e-04
-5.6341152844466835e-02 3.4849202451328929e-04
-5.5992657394912181e-02 3.4849886752008624e-04
-5.5644155123580064e-02 3.4850566806807741e-04
-5.5295646072929708e-02 3.4851242615642253e-04
-5.4947130285421170e-02 3.4851914178430716e-04
-5.4598607803515324e-02 3.4852581495090784e-04
-5.4250078669673858e-02 3.4853244565541565e-04
-5.3901542926359264e-02 3.4853903389701842e-04
-5.3553000616034858e-02 3.4854557967491188e-04
-5.3204451781164737e-02 3.4855208298830825e-04
-5.2855896464213806e-02 3.4855854383640717e-04
-5.2507334707647756e-02 3.4856496221842060e-04
-5.2158766553933048e-02 3.4857133813357354e-04
-5.1810192045536954e-02 3.4857767158108272e-04
-5.1461611224927491e-02 3.4858396256017677e-04
-5.1113024134573457e-02 3.4859021107009767e-04
-5.0764430816944407e-02 3.4859641711007354e-04
-5.0415831314510676e-02 3.4860258067935545e-04
-5.0067225669743316e-02 3.4860870177718495e-04
-4.9718613925114168e-02 3.4861478040282366e-04
-4.9369996123095790e-02 3.4862081655552540e-04
-4.9021372306161479e-02 3.4862681023456005e-04
-4.8672742516785272e-02 3.4863276143919130e-04
-4.8324106797441931e-02 3.4863867016869904e-04
-4.7975465190606942e-02 3.4864453642236801e-04
-4.7626817738756516e-02 3.4865036019946812e-04
-4.7278164484367557e-02 3.4865614149930726e-04
-4.6929505469917691e-02 3.4866188032117035e-04
-4.6580840737885237e-02 3.4866757666435948e-04
-4.6232170330749223e-02 3.4867323052818473e-04
-4.5883494290989348e-02 3.4867884191195681e-04
-4.5534812661086027e-02 3.4868441081498320e-04
-4.5186125483520322e-02 3.4868993723659612e-04
-4.4837432800773999e-02 3.4869542117611308e-04
-4.4488734655329480e-02 3.4870086263287650e-04
-4.4140031089669851e-02 3.4870626160621667e-04
-4.3791322146278865e-02 3.4871161809548037e-04
-4.3442607867640932e-02 3.4871693210001105e-04
-4.3093888296241112e-02 3.4872220361915744e-04
-4.2745163474565098e-02 3.4872743265228120e-04
-4.2396433445099233e-02 3.4873261919874895e-04
-4.2047698250330494e-02 3.4873776325792686e-04
-4.1698957932746479e-02 3.4874286482918882e-04
-4.1350212534835430e-02 3.4874792391190499e-04
-4.1001462099086186e-02 3.4875294050547219e-04
-4.0652706667988210e-02 3.4875791460926945e-04
-4.0303946284031569e-02 3.4876284622269372e-04
-3.9955180989706941e-02 3.4876773534514452e-04
-3.9606410827505600e-02 3.4877258197602728e-04
-3.9257635839919404e-02 3.4877738611475094e-04
-3.8908856069440813e-02 3.4878214776072879e-04
-3.8560071558562857e-02 3.4878686691338176e-04
-3.8211282349779149e-02 3.4879154357213261e-04
-3.7862488485583878e-02 3.4879617773641626e-04
-3.7513690008471795e-02 3.4880076940566518e-04
-3.7164886960938212e-02 3.4880531857931814e-04
-3.6816079385479004e-02 3.4880982525682403e-04
-3.6467267324590595e-02 3.4881428943763496e-04
-3.6118450820769948e-02 3.4881871112120216e-04
-3.5769629916514584e-02 3.4882309030698780e-04
-3.5420804654322541e-02 3.4882742699446671e-04
-3.5071975076692394e-02 3.4883172118310208e-04
-3.4723141226123258e-02 3.4883597287236999e-04
-3.4374303145114755e-02 3.4884018206175342e-04
-3.4025460876167021e-02 3.4884434875074238e-04
-3.3676614461780705e-02 3.4884847293883129e-04
-3.3327763944456960e-02 3.4885255462551438e-04
-3.2978909366697444e-02 3.4885659381028586e-04
-3.2630050771004310e-02 3.4886059049267645e-04
-3.2281188199880198e-02 3.4886454467217097e-04
-3.1932321695828221e-02 3.4886845634830930e-04
-3.1583451301351990e-02 3.4887232552060766e-04
-3.1234577058955579e-02 3.4887615218859113e-04
-3.0885699011143533e-02 3.4887993635179587e-04
-3.0536817200420861e-02 3.4888367800976717e-04
-3.0187931669293032e-02 3.4888737716203688e-04
-2.9839042460265967e-02 3.4889103380816074e-04
-2.9490149615846034e-02 3.4889464794770220e-04
-2.9141253178540039e-02 3.4889821958020449e-04
-2.8792353190855241e-02 3.4890174870524303e-04
-2.8443449695299317e-02 3.4890523532238625e-04
-2.8094542734380376e-02 3.4890867943120573e-04
-2.7745632350606949e-02 3.4891208103129045e-04
-2.7396718586487987e-02 3.4891544012221248e-04
-2.7047801484532851e-02 3.4891875670356920e-04
-2.6698881087251304e-02 3.4892203077496070e-04
-2.6349957437153518e-02 3.4892526233598305e-04
-2.6001030576750055e-02 3.4892845138624466e-04
-2.5652100548551875e-02 3.4893159792535595e-04
-2.5303167395070318e-02 3.4893470195293639e-04
-2.4954231158817106e-02 3.4893776346860838e-04
-2.4605291882304335e-02 3.4894078247198478e-04
-2.4256349608044479e-02 3.4894375896271927e-04
-2.3907404378550368e-02 3.4894669294043522e-04
-2.3558456236335196e-02 3.4894958440477938e-04
-2.3209505223912512e-02 3.4895243335539901e-04
-2.2860551383796220e-02 3.4895523979195032e-04
-2.2511594758500553e-02 3.4895800371408391e-04
-2.2162635390540100e-02 3.4896072512146509e-04
-2.1813673322429779e-02 3.4896340401376828e-04
-2.1464708596684829e-02 3.4896604039066621e-04
-2.1115741255820827e-02 3.4896863425182793e-04
-2.0766771342353652e-02 3.4897118559694857e-04
-2.0417798898799511e-02 3.4897369442571293e-04
-2.0068823967674915e-02 3.4897616073781485e-04
-1.9719846591496670e-02 3.4897858453295167e-04
-1.9370866812781894e-02 3.4898096581083342e-04
-1.9021884674047983e-02 3.4898330457117023e-04
-1.8672900217812635e-02 3.4898560081366602e-04
-1.8323913486593818e-02 3.4898785453805711e-04
-1.7974924522909781e-02 3.4899006574406241e-04
-1.7625933369279052e-02 3.4899223443140339e-04
-1.7276940068220413e-02 3.4899436059982397e-04
-1.6927944662252923e-02 3.4899644424907109e-04
-1.6578947193895882e-02 3.4899848537888573e-04
-1.6229947705668855e-02 3.4900048398901138e-04
-1.5880946240091637e-02 3.4900244007921808e-04
-1.5531942839684280e-02 3.4900435364925884e-04
-1.5182937546967066e-02 3.4900622469889725e-04
-1.4833930404460502e-02 3.4900805322790623e-04
-1.4484921454685329e-02 3.4900983923607615e-04
-1.4135910740162502e-02 3.4901158272317980e-04
-1.3786898303413196e-02 3.4901328368900736e-04
-1.3437884186958789e-02 3.4901494213334197e-04
-1.3088868433320869e-02 3.4901655805599248e-04
-1.2739851085021224e-02 3.4901813145676001e-04
-1.2390832184581833e-02 3.4901966233545964e-04
-1.2041811774524864e-02 3.4902115069188473e-04
-1.1692789897372675e-02 3.4902259652587643e-04
-1.1343766595647793e-02 3.4902399983723564e-04
-1.0994741911872927e-02 3.4902536062581446e-04
-1.0645715888570949e-02 3.4902667889143341e-04
-1.0296688568264899e-02 3.4902795463393409e-04
-9.9476599934779694e-03 3.4902918785316455e-04
-9.5986302067335109e-03 3.4903037854896942e-04
-9.2495992505550184e-03 3.4903152672120823e-04
-8.9005671674661276e-03 3.4903263236973642e-04
-8.5515339999906181e-03 3.4903369549442687e-04
-8.2024997906523962e-03 3.4903471609514338e-04
-7.8534645819754965e-03 3.4903569417176362e-04
-7.5044284164840751e-03 3.4903662972417032e-04
-7.1553913367024043e-03 3.4903752275224255e-04
-6.8063533851548709e-03 3.4903837325587887e-04
-6.4573146043659622e-03 3.4903918123496870e-04
-6.1082750368602716e-03 3.4903994668942460e-04
-5.7592347251624876e-03 3.4904066961914600e-04
-5.4101937117973864e-03 3.4904135002404422e-04
-5.0611520392898329e-03 3.4904198790403740e-04
-4.7121097501647696e-03 3.4904258325905210e-04
-4.3630668869472167e-03 3.4904313608901083e-04
-4.0140234921622626e-03 3.4904364639384069e-04
-3.6649796083350625e-03 3.4904411417349202e-04
-3.3159352779908273e-03 3.4904453942790118e-04
-2.9668905436548271e-03 3.4904492215701553e-04
-2.6178454478523773e-03 3.4904526236079062e-04
-2.2688000331088391e-03 3.4904556003918552e-04
-1.9197543419496130e-03 3.4904581519216196e-04
-1.5707084169001317e-03 3.4904602781968936e-04
-1.2216623004858581e-03 3.4904619792174100e-04
-8.7261603523227673e-04 3.4904632549829953e-04
-5.2356966366489126e-04 3.4904641054934999e-04
-1.7452322830921856e-04 3.4904645307487351e-04
1.7452322830921856e-04 3.4904645307487351e-04
5.2356966366489126e-04 3.4904641054934999e-04
8.7261603523227673e-04 3.4904632549829953e-04
1.2216623004858581e-03 3.4904619792174100e-04
1.5707084169001317e-03 3.4904602781968936e-04
1.9197543419496130e-03 3.4904581519216196e-04
2.2688000331088391e-03 3.4904556003918552e-04
2.6178454478523773e-03 3.4904526236079062e-04
2.9668905436548271e-03 3.4904492215701553e-04
3.3159352779908273e-03 3.4904453942790118e-04
3.6649796083350625e-03 3.4904411417349202e-04
4.0140234921622626e-03 3.4904364639384069e-04
4.3630668869472167e-03 3.4904313608901083e-04
4.7121097501647696e-03 3.4904258325905210e-04
5.0611520392898329e-03 3.4904198790403740e-04
5.4101937117973864e-03 3.4904135002404422e-04
5.7592347251624876e-03 3.4904066961914600e-04
6.1082750368602716e-03 3.4903994668942460e-04
6.4573146043659622e-03 3.4903918123496870e-04
6.8063533851548709e-03 3.4903837325587887e-04
7.1553913367024043e-03 3.4903752275224255e-04
7.5044284164840751e-03 3.4903662972417032e-04
7.8534645819754965e-03 3.4903569417176362e-04
8.2024997906523962e-03 3.4903471609514338e-04
8.5515339999906181e-03 3.4903369549442687e-04
8.9005671674661276e-03 3.4903263236973642e-04
9.2495992505550184e-03 3.4903152672120823e-04
9.5986302067335109e-03 3.4903037854896942e-04
9.9476599934779694e-03 3.4902918785316455e-04
1.0296688568264899e-02 3.4902795463393409e-04
1.0645715888570949e-02 3.4902667889143341e-04
1.0994741911872927e-02 3.4902536062581446e-04
1.1343766595647793e-02 3.4902399983723564e-04
1.1692789897372675e-02 3.4902259652587643e-04
1.2041811774524864e-02 3.4902115069188473e-04
1.2390832184581833e-02 3.4901966233545964e-04
1.2739851085021224e-02 3.4901813145676001e-04
1.3088868433320869e-02 3.4901655805599248e-04
1.3437884186958789e-02 3.4901494213334197e-04
1.3786898303413196e-02 3.4901328368900736e-04
1.4135910740162502e-02 3.4901158272317980e-04
1.4484921454685329e-02 3.4900983923607615e-04
1.4833930404460502e-02 3.4900805322790623e-04
1.5182937546967066e-02 3.4900622469889725e-04
1.5531942839684280e-02 3.4900435364925884e-04
1.5880946240091637e-02 3.4900244007921808e-04
1.6229947705668855e-02 3.4900048398901138e-04
1.6578947193895882e-02 3.4899848537888573e-04
1.6927944662252923e-02 3.4899644424907109e-04
1.7276940068220413e-02 3.4899436059982397e-04
1.7625933369279052e-02 3.4899223443140339e-04
1.7974924522909781e-02 3.4899006574406241e-04
1.8323913486593818e-02 3.4898785453805711e-04
1.8672900217812635e-02 3.4898560081366602e-04
1.9021884674047983e-02 3.4898330457117023e-04
1.9370866812781894e-02 3.4898096581083342e-04
1.9719846591496670e-02 3.4897858453295167e-04
2.0068823967674915e-02 3.4897616073781485e-04
2.0417798898799511e-02 3.4897369442571293e-04
2.0766771342353652e-02 3.4897118559694857e-04
2.1115741255820827e-02 3.4896863425182793e-04
2.1464708596684829e-02 3.4896604039066621e-04
2.1813673322429779e-02 3.4896340401376828e-04
2.2162635390540100e-02 3.4896072512146509e-04
2.2511594758500553e-02 3.4895800371408391e-04
2.2860551383796220e-02 3.4895523979195032e-04
2.3209505223912512e-02 3.4895243335539901e-04
2.3558456236335196e-02 3.4894958440477938e-04
2.3907404378550368e-02 3.4894669294043522e-04
2.4256349608044479e-02 3.4894375896271927e-04
2.4605291882304335e-02 3.4894078247198478e-04
2.4954231158817106e-02 3.4893776346860838e-04
2.5303167395070318e-02 3.4893470195293639e-04
2.5652100548551875e-02 3.4893159792535595e-04
2.6001030576750055e-02 3.4892845138624466e-04
2.6349957437153518e-02 3.4892526233598305e-04
2.6698881087251304e-02 3.4892203077496070e-04
2.7047801484532851e-02 3.4891875670356920e-04
2.7396718586487987e-02 3.4891544012221248e-04
2.7745632350606949e-02 3.4891208103129045e-04
2.8094542734380376e-02 3.4890867943120573e-04
2.8443449695299317e-02 3.4890523532238625e-04
2.8792353190855241e-02 3.4890174870524303e-04
2.9141253178540039e-02 3.4889821958020449e-04
2.9490149615846034e-02 3.4889464794770220e-04
2.9839042460265967e-02 3.4889103380816074e-04
3.0187931669293032e-02 3.4888737716203688e-04
3.0536817200420861e-02 3.4888367800976717e-04
3.0885699011143533e-02 3.4887993635179587e-04
3.1234577058955579e-02 3.4887615218859113e-04
3.1583451301351990e-02 3.4887232552060766e-04
3.1932321695828221e-02 3.4886845634830930e-04
3.2281188199880198e-02 3.4886454467217097e-04
3.2630050771004310e-02 3.4886059049267645e-04
3.2978909366697444e-02 3.4885659381028586e-04
3.3327763944456960e-02 3.4885255462551438e-04
3.3676614461780705e-02 3.4884847293883129e-04
3.4025460876167021e-02 3.4884434875074238e-04
3.4374303145114755e-02 3.4884018206175342e-04
3.4723141226123258e-02 3.4883597287236999e-04
3.5071975076692394e-02 3.4883172118310208e-04
3.5420804654322541e-02 3.4882742699446671e-04
3.5769629916514584e-02 3.4882309030698780e-04
3.6118450820769948e-02 3.4881871112120216e-04
3.6467267324590595e-02 3.4881428943763496e-04
3.6816079385479004e-02 3.4880982525682403e-04
3.7164886960938212e-02 3.4880531857931814e-04
3.7513690008471795e-02 3.4880076940566518e-04
3.7862488485583878e-02 3.4879617773641626e-04
3.8211282349779149e-02 3.4879154357213261e-04
3.8560071558562857e-02 3.4878686691338176e-04
3.8908856069440813e-02 3.4878214776072879e-04
3.9257635839919404e-02 3.4877738611475094e-04
3.9606410827505600e-02 3.4877258197602728e-04
3.9955180989706941e-02 3.4876773534514452e-04
4.0303946284031569e-02 3.4876284622269372e-04
4.0652706667988210e-02 3.4875791460926945e-04
4.1001462099086186e-02 3.4875294050547219e-04
4.1350212534835430e-02 3.4874792391190499e-04
4.1698957932746479e-02 3.4874286482918882e-04
4.2047698250330494e-02 3.4873776325792686e-04
4.2396433445099233e-02 3.4873261919874895e-04
4.2745163474565098e-02 3.4872743265228120e-04
4.3093888296241112e-02 3.4872220361915744e-04
4.3442607867640932e-02 3.4871693210001105e-04
4.3791322146278865e-02 3.4871161809548037e-04
4.4140031089669851e-02 3.4870626160621667e-04
4.4488734655329480e-02 3.4870086263287650e-04
4.4837432800773999e-02 3.4869542117611308e-04
4.5186125483520322e-02 3.4868993723659612e-04
4.5534812661086027e-02 3.4868441081498320e-04
4.5883494290989348e-02 3.4867884191195681e-04
4.6232170330749223e-02 3.4867323052818473e-04
4.6580840737885237e-02 3.4866757666435948e-04
4.6929505469917691e-02 3.4866188032117035e-04
4.7278164484367557e-02 3.4865614149930726e-04
4.7626817738756516e-02 3.4865036019946812e-04
4.7975465190606942e-02 3.4864453642236801e-04
4.8324106797441931e-02 3.4863867016869904e-04
4.8672742516785272e-02 3.4863276143919130e-04
4.9021372306161479e-02 3.4862681023456005e-04
4.9369996123095790e-02 3.4862081655552540e-04
4.9718613925114168e-02 3.4861478040282366e-04
5.0067225669743316e-02 3.4860870177718495e-04
5.0415831314510676e-02 3.4860258067935545e-04
5.0764430816944407e-02 3.4859641711007354e-04
5.1113024134573457e-02 3.4859021107009767e-04
5.1461611224927491e-02 3.4858396256017677e-04
5.1810192045536954e-02 3.4857767158108272e-04
5.2158766553933048e-02 3.4857133813357354e-04
5.2507334707647756e-02 3.4856496221842060e-04
5.2855896464213806e-02 3.4855854383640717e-04
5.3204451781164737e-02 3.4855208298830825e-04
5.3553000616034858e-02 3.4854557967491188e-04
5.3901542926359264e-02 3.4853903389701842e-04
5.4250078669673858e-02 3.4853244565541565e-04
5.4598607803515324e-02 3.4852581495090784e-04
5.4947130285421170e-02 3.4851914178430716e-04
5.5295646072929708e-02 3.4851242615642253e-04
5.5644155123580064e-02 3.4850566806807741e-04
5.5992657394912181e-02 3.4849886752008624e-04
5.6341152844466835e-02 3.4849202451328929e-04
5.6689641429785630e-02 3.4848513904851125e-04
5.7038123108411005e-02 3.4847821112658870e-04
5.7386597837886244e-02 3.4847124074837403e-04
5.7735065575755480e-02 3.4846422791471373e-04
5.8083526279563681e-02 3.4845717262646579e-04
5.8431979906856696e-02 3.4845007488448185e-04
5.8780426415181219e-02 3.4844293468962693e-04
5.9128865762084822e-02 3.4843575204277530e-04
5.9477297905115939e-02 3.4842852694480926e-04
5.9825722801823890e-02 3.4842125939659249e-04
6.0174140409758874e-02 3.4841394939902175e-04
6.0522550686471978e-02 3.4840659695298709e-04
6.0870953589515192e-02 3.4839920205937482e-04
6.1219349076441380e-02 3.4839176471909965e-04
6.1567737104804336e-02 3.4838428493306090e-04
6.1916117632158749e-02 3.4837676270217010e-04
6.2264490616060222e-02 3.4836919802733781e-04
6.2612856014065285e-02 3.4836159090949505e-04
6.2961213783731387e-02 3.4835394134956804e-04
6.3309563882616909e-02 3.4834624934847901e-04
6.3657906268281148e-02 3.4833851490718054e-04
6.4006240898284369e-02 3.4833073802659762e-04
6.4354567730187773e-02 3.4832291870769301e-04
6.4702886721553499e-02 3.4831505695140749e-04
6.5051197829944646e-02 3.4830715275870500e-04
6.5399501012925298e-02 3.4829920613055056e-04
6.5747796228060457e-02 3.4829121706791315e-04
6.6096083432916147e-02 3.4828318557175220e-04
6.6444362585059327e-02 3.4827511164306236e-04
6.6792633642057953e-02 3.4826699528282221e-04
6.7140896561480978e-02 3.4825883649202002e-04
6.7489151300898331e-02 3.4825063527164132e-04
6.7837397817880951e-02 3.4824239162270520e-04
6.8185636070000763e-02 3.4823410554620058e-04
6.8533866014830691e-02 3.4822577704313163e-04
6.8882087609944714e-02 3.4821740611453561e-04
6.9230300812917783e-02 3.4820899276141341e-04
6.9578505581325903e-02 3.4820053698479203e-04
6.9926701872746092e-02 3.4819203878570809e-04
7.0274889644756380e-02 3.4818349816519259e-04
7.0623068854935883e-02 3.4817491512429029e-04
7.0971239460864713e-02 3.4816628966404558e-04
7.1319401420124065e-02 3.4815762178550165e-04
7.1667554690296176e-02 3.4814891148972571e-04
7.2015699228964336e-02 3.4814015877777097e-04
7.2363834993712892e-02 3.4813136365070764e-04
7.2711961942127271e-02 3.4812252610961038e-04
7.3060080031793984e-02 3.4811364615554226e-04
7.3408189220300610e-02 3.4810472378960091e-04
7.3756289465235797e-02 3.4809575901287315e-04
7.4104380724189317e-02 3.4808675182643786e-04
7.4452462954752011e-02 3.4807770223139583e-04
7.4800536114515814e-02 3.4806861022886710e-04
7.5148600161073803e-02 3.4805947581993777e-04
7.5496655052020134e-02 3.4805029900573725e-04
7.5844700744950089e-02 3.4804107978735684e-04
7.6192737197460045e-02 3.4803181816595404e-04
7.6540764367147546e-02 3.4802251414263723e-04
7.6888782211611259e-02 3.4801316771853615e-04
7.7236790688450949e-02 3.4800377889480667e-04
7.7584789755267572e-02 3.4799434767258665e-04
7.7932779369663210e-02 3.4798487405301331e-04
7.8280759489241070e-02 3.4797535803725445e-04
7.8628730071605576e-02 3.4796579962645624e-04
7.8976691074362240e-02 3.4795619882180360e-04
7.9324642455117805e-02 3.4794655562444903e-04
7.9672584171480168e-02 3.4793687003556586e-04
8.0020516181058363e-02 3.4792714205635110e-04
8.0368438441462672e-02 3.4791737168797412e-04
8.0716350910304518e-02 3.4790755893162755e-04
8.1064253545196543e-02 3.4789770378851662e-04
8.1412146303752569e-02 3.4788780625983273e-04
8.1760029143587626e-02 3.4787786634678437e-04
8.2107902022317950e-02 3.4786788405058124e-04
8.2455764897561012e-02 3.4785785937244010e-04
8.2803617726935466e-02 3.4784779231358565e-04
8.3151460468061211e-02 3.4783768287524153e-04
8.3499293078559397e-02 3.4782753105863949e-04
8.3847115516052353e-02 3.4781733686501618e-04
8.4194927738163700e-02 3.4780710029561502e-04
8.4542729702518277e-02 3.4779682135168088e-04
8.4890521366742175e-02 3.4778650003446532e-04
8.5238302688462733e-02 3.4777613634523539e-04
8.5586073625308581e-02 3.4776573028523402e-04
8.5933834134909584e-02 3.4775528185575081e-04
8.6281584174896883e-02 3.4774479105804522e-04
8.6629323702902897e-02 3.4773425789340096e-04
8.6977052676561334e-02 3.4772368236310008e-04
8.7324771053507180e-02 3.4771306446842890e-04
8.7672478791376698e-02 3.4770240421068372e-04
8.8020175847807483e-02 3.4769170159116138e-04
8.8367862180438406e-02 3.4768095661116773e-04
8.8715537746909628e-02 3.4767016927201368e-04
8.9063202504862674e-02 3.4765933957500445e-04
8.9410856411940326e-02 3.4764846752146874e-04
8.9758499425786745e-02 3.4763755311272362e-04
9.0106131504047365e-02 3.4762659635010663e-04
9.0453752604368984e-02 3.4761559723495291e-04
9.0801362684399728e-02 3.4760455576859624e-04
9.1148961701789086e-02 3.4759347195238163e-04
9.1496549614187864e-02 3.4758234578766844e-04
9.1844126379248242e-02 3.4757117727580311e-04
9.2191691954623747e-02 3.4755996641814641e-04
9.2539246297969266e-02 3.4754871321606605e-04
9.2886789366941072e-02 3.4753741767094013e-04
9.3234321119196786e-02 3.4752607978414009e-04
9.3581841512395444e-02 3.4751469955704201e-04
9.3929350504197442e-02 3.4750327699103290e-04
9.4276848052264550e-02 3.4749181208750804e-04
9.4624334114259953e-02 3.4748030484787443e-04
9.4971808647848252e-02 3.4746875527351585e-04
9.5319271610695422e-02 3.4745716336584995e-04
9.5666722960468853e-02 3.4744552912627924e-04
9.6014162654837365e-02 3.4743385255623575e-04
9.6361590651471180e-02 3.4742213365713013e-04
9.6709006908041961e-02 3.4741037243039895e-04
9.7056411382222776e-02 3.4739856887747378e-04
9.7403804031688176e-02 3.4738672299977966e-04
9.7751184814114100e-02 3.4737483479877764e-04
9.8098553687177972e-02 3.4736290427590588e-04
9.8445910608558646e-02 3.4735093143262126e-04
9.8793255535936431e-02 3.4733891627037743e-04
9.9140588426993109e-02 3.4732685879063693e-04
9.9487909239411906e-02 3.4731475899489161e-04
9.9835217930877573e-02 3.4730261688458678e-04
1.0018251445907626e-01 3.4729043246121516e-04
1.0052979878169567e-01 3.4727820572626048e-04
1.0087707085642496e-01 3.4726593668120529e-04
1.0122433064095475e-01 3.4725362532755992e-04
1.0157157809297723e-01 3.4724127166680475e-04
1.0191881317018604e-01 3.4722887570045859e-04
1.0226603583027633e-01 3.4721643743002804e-04
1.0261324603094478e-01 3.4720395685703163e-04
1.0296044372988958e-01 3.4719143398298090e-04
1.0330762888481043e-01 3.4717886880941413e-04
1.0365480145340861e-01 3.4716626133784805e-04
1.0400196139338685e-01 3.4715361156982760e-04
1.0434910866244949e-01 3.4714091950689441e-04
1.0469624321830238e-01 3.4712818515059065e-04
1.0504336501865294e-01 3.4711540850246731e-04
1.0539047402121010e-01 3.4710258956409363e-04
1.0573757018368442e-01 3.4708972833700748e-04
1.0608465346378795e-01 3.4707682482279815e-04
1.0643172381923437e-01 3.4706387902302477e-04
1.0677878120773888e-01 3.4705089093927272e-04
1.0712582558701830e-01 3.4703786057312049e-04
1.0747285691479105e-01 3.4702478792615079e-04
1.0781987514877707e-01 3.4701167299996277e-04
1.0816688024669797e-01 3.4699851579615785e-04
1.0851387216627692e-01 3.4698531631632693e-04
1.0886085086523870e-01 3.4697207456208846e-04
1.0920781630130970e-01 3.4695879053505324e-04
1.0955476843221794e-01 3.4694546423683515e-04
1.0990170721569306e-01 3.4693209566906104e-04
1.1024863260946630e-01 3.4691868483336692e-04
1.1059554457127056e-01 3.4690523173137373e-04
1.1094244305884036e-01 3.4689173636473248e-04
1.1128932802991189e-01 3.4687819873507398e-04
1.1163619944222293e-01 3.4686461884406053e-04
1.1198305725351297e-01 3.4685099669333865e-04
1.1232990142152313e-01 3.4683733228456300e-04
1.1267673190399619e-01 3.4682362561941902e-04
1.1302354865867660e-01 3.4680987669955676e-04
1.1337035164331050e-01 3.4679608552665706e-04
1.1371714081564567e-01 3.4678225210240510e-04
1.1406391613343161e-01 3.4676837642847916e-04
1.1441067755441950e-01 3.4675445850657511e-04
1.1475742503636220e-01 3.4674049833838591e-04
1.1510415853701428e-01 3.4672649592560863e-04
1.1545087801413199e-01 3.4671245126995630e-04
1.1579758342547333e-01 3.4669836437313848e-04
1.1614427472879799e-01 3.4668423523686367e-04
1.1649095188186737e-01 3.4667006386286371e-04
1.1683761484244459e-01 3.4665585025286689e-04
1.1718426356829453e-01 3.4664159440859062e-04
1.1753089801718380e-01 3.4662729633178410e-04
1.1787751814688072e-01 3.4661295602418803e-04
1.1822412391515535e-01 3.4659857348754238e-04
1.1857071527977957e-01 3.4658414872360303e-04
1.1891729219852692e-01 3.4656968173412973e-04
1.1926385462917277e-01 3.4655517252088459e-04
1.1961040252949423e-01 3.4654062108563762e-04
1.1995693585727017e-01 3.4652602743015021e-04
1.2030345457028126e-01 3.4651139155621326e-04
1.2064995862630991e-01 3.4649671346560887e-04
1.2099644798314037e-01 3.4648199316011425e-04
1.2134292259855865e-01 3.4646723064153413e-04
1.2168938243035256e-01 3.4645242591166300e-04
1.2203582743631168e-01 3.4643757897230928e-04
1.2238225757422748e-01 3.4642268982526520e-04
1.2272867280189315e-01 3.4640775847236669e-04
1.2307507307710373e-01 3.4639278491542085e-04
1.2342145835765611e-01 3.4637776915625462e-04
1.2376782860134898e-01 3.4636271119670088e-04
1.2411418376598286e-01 3.4634761103858068e-04
1.2446052380936011e-01 3.4633246868374625e-04
1.2480684868928495e-01 3.4631728413403917e-04
1.2515315836356339e-01 3.4630205739132178e-04
1.2549945279000338e-01 3.4628678845743103e-04
1.2584573192641468e-01 3.4627147733422281e-04
1.2619199573060888e-01 3.4625612402358765e-04
1.2653824416039952e-01 3.4624072852737004e-04
1.2688447717360193e-01 3.4622529084745731e-04
1.2723069472803336e-01 3.4620981098573526e-04
1.2757689678151296e-01 3.4619428894407968e-04
1.2792308329186172e-01 3.4617872472439382e-04
1.2826925421690258e-01 3.4616311832856090e-04
1.2861540951446029e-01 3.4614746975849582e-04
1.2896154914236166e-01 3.4613177901608190e-04
1.2930767305843521e-01 3.4611604610326188e-04
1.2965378122051155e-01 3.4610027102192925e-04
1.2999987358642309e-01 3.4608445377401530e-04
1.3034595011400424e-01 3.4606859436144905e-04
1.3069201076109130e-01 3.4605269278615344e-04
1.3103805548552250e-01 3.4603674905008035e-04
1.3138408424513803e-01 3.4602076315515994e-04
1.3173009699778004e-01 3.4600473510334063e-04
1.3207609370129261e-01 3.4598866489657555e-04
1.3242207431352174e-01 3.4597255253683546e-04
1.3276803879231547e-01 3.4595639802605674e-04
1.3311398709552372e-01 3.4594020136623856e-04
1.3345991918099845e-01 3.4592396255932699e-04
1.3380583500659354e-01 3.4590768160732739e-04
1.3415173453016493e-01 3.4589135851218936e-04
1.3449761770957044e-01 3.4587499327593175e-04
1.3484348450266995e-01 3.4585858590054812e-04
1.3518933486732534e-01 3.4584213638801098e-04
1.3553516876140048e-01 3.4582564474034365e-04
1.3588098614276120e-01 3.4580911095955950e-04
1.3622678696927543e-01 3.4579253504765840e-04
1.3657257119881303e-01 3.4577591700667810e-04
1.3691833878924595e-01 3.4575925683861169e-04
1.3726408969844811e-01 3.4574255454552616e-04
1.3760982388429555e-01 3.4572581012942948e-04
1.3795554130466620e-01 3.4570902359238161e-04
1.3830124191744020e-01 3.4569219493640668e-04
1.3864692568049961e-01 3.4567532416357661e-04
1.3899259255172861e-01 3.4565841127593138e-04
1.3933824248901341e-01 3.4564145627553677e-04
1.3968387545024233e-01 3.4562445916445645e-04
1.4002949139330567e-01 3.4560741994476283e-04
1.4037509027609588e-01 3.4559033861853550e-04
1.4072067205650746e-01 3.4557321518785701e-04
1.4106623669243701e-01 3.4555604965479363e-04
1.4141178414178318e-01 3.4553884202145961e-04
1.4175731436244673e-01 3.4552159228996013e-04
1.4210282731233059e-01 3.4550430046234994e-04
1.4244832294933968e-01 3.4548696654077568e-04
1.4279380123138108e-01 3.4546959052734945e-04
1.4313926211636399e-01 3.4545217242418230e-04
1.4348470556219975e-01 3.4543471223338640e-04
1.4383013152680180e-01 3.4541720995708697e-04
1.4417553996808569e-01 3.4539966559742568e-04
1.4452093084396911e-01 3.4538207915654675e-04
1.4486630411237195e-01 3.4536445063657853e-04
1.4521165973121616e-01 3.4534678003967918e-04
1.4555699765842592e-01 3.4532906736798989e-04
1.4590231785192748e-01 3.4531131262368313e-04
1.4624762026964933e-01 3.4529351580891608e-04
1.4659290486952209e-01 3.4527567692584662e-04
1.4693817160947853e-01 3.4525779597666616e-04
1.4728342044745363e-01 3.4523987296354580e-04
1.4762865134138456e-01 3.4522190788866078e-04
1.4797386424921063e-01 3.4520390075421116e-04
1.4831905912887339e-01 3.4518585156238275e-04
1.4866423593831654e-01 3.4516776031538521e-04
1.4900939463548604e-01 3.4514962701540720e-04
1.4935453517832997e-01 3.4513145166467310e-04
1.4969965752479875e-01 3.4511323426537617e-04
1.5004476163284486e-01 3.4509497481977221e-04
1.5038984746042311e-01 3.4507667333005598e-04
1.5073491496549055e-01 3.4505832979845913e-04
1.5107996410600635e-01 3.4503994422723470e-04
1.5142499483993208e-01 3.4502151661859799e-04
1.5177000712523139e-01 3.4500304697480781e-04
1.5211500091987026e-01 3.4498453529812370e-04
1.5245997618181695e-01 3.4496598159078232e-04
1.5280493286904193e-01 3.4494738585505143e-04
1.5314987093951790e-01 3.4492874809319963e-04
1.5349479035121991e-01 3.4491006830750009e-04
1.5383969106212525e-01 3.4489134650021887e-04
1.5418457303021346e-01 3.4487258267364531e-04
1.5452943621346640e-01 3.4485377683006187e-04
1.5487428056986821e-01 3.4483492897176255e-04
1.5521910605740533e-01 3.4481603910103308e-04
1.5556391263406646e-01 3.4479710722018644e-04
1.5590870025784265e-01 3.4477813333152785e-04
1.5625346888672723e-01 3.4475911743736889e-04
1.5659821847871586e-01 3.4474005954002510e-04
1.5694294899180652e-01 3.4472095964181043e-04
1.5728766038399952e-01 3.4470181774506079e-04
1.5763235261329747e-01 3.4468263385210732e-04
1.5797702563770533e-01 3.4466340796529630e-04
1.5832167941523043e-01 3.4464414008694277e-04
1.5866631390388236e-01 3.4462483021943148e-04
1.5901092906167322e-01 3.4460547836507720e-04
1.5935552484661725e-01 3.4458608452627918e-04
1.5970010121673126e-01 3.4456664870535027e-04
1.6004465813003427e-01 3.4454717090469481e-04
1.6038919554454772e-01 3.4452765112668568e-04
1.6073371341829551e-01 3.4450808937367701e-04
1.6107821170930375e-01 3.4448848564807942e-04
1.6142269037560111e-01 3.4446883995225977e-04
1.6176714937521855e-01 3.4444915228861350e-04
1.6211158866618941e-01 3.4442942265956326e-04
1.6245600820654954e-01 3.4440965106747505e-04
1.6280040795433706e-01 3.4438983751479033e-04
1.6314478786759259e-01 3.4436998200391722e-04
1.6348914790435917e-01 3.4435008453725160e-04
1.6383348802268219e-01 3.4433014511725318e-04
1.6417780818060956e-01 3.4431016374631497e-04
1.6452210833619155e-01 3.4429014042689225e-04
1.6486638844748089e-01 3.4427007516142237e-04
1.6521064847253275e-01 3.4424996795235355e-04
1.6555488836940474e-01 3.4422981880213643e-04
1.6589910809615699e-01 3.4420962771320563e-04
1.6624330761085196e-01 3.4418939468804912e-04
1.6658748687155470e-01 3.4416911972910198e-04
1.6693164583633260e-01 3.4414880283886680e-04
1.6727578446325569e-01 3.4412844401978787e-04
1.6761990271039628e-01 3.4410804327437923e-04
1.6796400053582936e-01 3.4408760060508728e-04
1.6830807789763222e-01 3.4406711601444494e-04
1.6865213475388480e-01 3.4404658950490835e-04
1.6899617106266945e-01 3.4402602107899986e-04
1.6934018678207105e-01 3.4400541073921660e-04
1.6968418187017698e-01 3.4398475848808888e-04
1.7002815628507714e-01 3.4396406432810457e-04
1.7037210998486396e-01 3.4394332826180412e-04
1.7071604292763237e-01 3.4392255029170205e-04
1.7105995507147984e-01 3.4390173042034771e-04
1.7140384637450637e-01 3.4388086865025955e-04
1.7174771679481451e-01 3.4385996498398862e-04
1.7209156629050934e-01 3.4383901942408048e-04
1.7243539481969852e-01 3.4381803197308056e-04
1.7277920234049221e-01 3.4379700263355615e-04
1.7312298881100319e-01 3.4377593140805414e-04
1.7346675418934673e-01 3.4375481829916648e-04
1.7381049843364077e-01 3.4373366330944381e-04
1.7415422150200574e-01 3.4371246644147407e-04
1.7449792335256470e-01 3.4369122769781717e-04
1.7484160394344322e-01 3.4366994708110831e-04
1.7518526323276959e-01 3.4364862459389657e-04
1.7552890117867459e-01 3.4362726023878527e-04
1.7587251773929161e-01 3.4360585401839574e-04
1.7621611287275668e-01 3.4358440593532840e-04
1.7655968653720844e-01 3.4356291599219312e-04
1.7690323869078811e-01 3.4354138419161022e-04
1.7724676929163957e-01 3.4351981053619738e-04
1.7759027829790933e-01 3.4349819502858440e-04
1.7793376566774644e-01 3.4347653767142496e-04
1.7827723135930271e-01 3.4345483846733309e-04
1.7862067533073253e-01 3.4343309741895661e-04
1.7896409754019296e-01 3.4341131452893801e-04
1.7930749794584364e-01 3.4338948979996479e-04
1.7965087650584696e-01 3.4336762323465688e-04
1.7999423317836794e-01 3.4334571483570289e-04
1.8033756792157424e-01 3.4332376460575857e-04
1.8068088069363622e-01 3.4330177254750368e-04
1.8102417145272690e-01 3.4327973866361681e-04
1.8136744015702200e-01 3.4325766295677674e-04
1.8171068676469990e-01 3.4323554542968455e-04
1.8205391123394171e-01 3.4321338608502472e-04
1.8239711352293120e-01 3.4319118492550781e-04
1.8274029358985486e-01 3.4316894195382845e-04
1.8308345139290191e-01 3.4314665717268374e-04
1.8342658689026423e-01 3.4312433058482204e-04
1.8376970004013643e-01 3.4310196219294837e-04
1.8411279080071588e-01 3.4307955199979319e-04
1.8445585913020268e-01 3.4305710000806088e-04
1.8479890498679960e-01 3.4303460622051821e-04
1.8514192832871224e-01 3.4301207063987716e-04
1.8548492911414882e-01 3.4298949326891099e-04
1.8582790730132040e-01 3.4296687411036769e-04
1.8617086284844081e-01 3.4294421316697694e-04
1.8651379571372656e-01 3.4292151044152622e-04
1.8685670585539696e-01 3.4289876593677869e-04
1.8719959323167412e-01 3.4287597965549114e-04
1.8754245780078288e-01 3.4285315160044732e-04
1.8788529952095090e-01 3.4283028177441448e-04
1.8822811835040854e-01 3.4280737018021568e-04
1.8857091424738906e-01 3.4278441682060185e-04
1.8891368717012844e-01 3.4276142169838825e-04
1.8925643707686546e-01 3.4273838481638621e-04
1.8959916392584175e-01 3.4271530617738732e-04
1.8994186767530172e-01 3.4269218578420607e-04
1.9028454828349259e-01 3.4266902363966220e-04
1.9062720570866440e-01 3.4264581974657909e-04
1.9096983990907004e-01 3.4262257410777673e-04
1.9131245084296519e-01 3.4259928672608690e-04
1.9165503846860840e-01 3.4257595760436231e-04
1.9199760274426106e-01 3.4255258674541997e-04
1.9234014362818735e-01 3.4252917415212366e-04
1.9268266107865437e-01 3.4250571982732931e-04
1.9302515505393200e-01 3.4248222377389949e-04
1.9336762551229308e-01 3.4245868599466956e-04
1.9371007241201324e-01 3.4243510649252659e-04
1.9405249571137101e-01 3.4241148527033247e-04
1.9439489536864774e-01 3.4238782233099528e-04
1.9473727134212776e-01 3.4236411767735609e-04
1.9507962359009820e-01 3.4234037131233039e-04
1.9542195207084911e-01 3.4231658323880844e-04
1.9576425674267348e-01 3.4229275345967004e-04
1.9610653756386712e-01 3.4226888197782732e-04
1.9644879449272876e-01 3.4224496879621709e-04
1.9679102748756011e-01 3.4222101391771402e-04
1.9713323650666573e-01 3.4219701734525921e-04
1.9747542150835315e-01 3.4217297908174587e-04
1.9781758245093276e-01 3.4214889913014080e-04
1.9815971929271792e-01 3.4212477749336772e-04
1.9850183199202495e-01 3.4210061417434823e-04
1.9884392050717306e-01 3.4207640917605683e-04
1.9918598479648447e-01 3.4205216250139794e-04
1.9952802481828430e-01 3.4202787415335632e-04
1.9987004053090060e-01 3.4200354413490522e-04
2.0021203189266448e-01 3.4197917244897498e-04
2.0055399886190994e-01 3.4195475909854726e-04
2.0089594139697395e-01 3.4193030408661570e-04
2.0123785945619652e-01 3.4190580741611394e-04
2.0157975299792055e-01 3.4188126909007904e-04
2.0192162198049202e-01 3.4185668911147565e-04
2.0226346636225984e-01 3.4183206748329155e-04
2.0260528610157594e-01 3.4180740420853596e-04
2.0294708115679527e-01 3.4178269929019693e-04
2.0328885148627571e-01 3.4175795273132953e-04
2.0363059704837827e-01 3.4173316453489676e-04
2.0397231780146688e-01 3.4170833470394845e-04
2.0431401370390853e-01 3.4168346324150691e-04
2.0465568471407328e-01 3.4165855015058037e-04
2.0499733079033411e-01 3.4163359543423494e-04
2.0533895189106716e-01 3.4160859909549112e-04
2.0568054797465152e-01 3.4158356113741411e-04
2.0602211899946943e-01 3.4155848156301532e-04
2.0636366492390604e-01 3.4153336037539997e-04
2.0670518570634969e-01 3.4150819757759580e-04
2.0704668130519172e-01 3.4148299317267886e-04
2.0738815167882657e-01 3.4145774716370117e-04
2.0772959678565170e-01 3.4143245955377152e-04
2.0807101658406768e-01 3.4140713034595707e-04
2.0841241103247821e-01 3.4138175954332768e-04
2.0875378008928999e-01 3.4135634714899294e-04
2.0909512371291289e-01 3.4133089316604182e-04
2.0943644186175980e-01 3.4130539759758742e-04
2.0977773449424680e-01 3.4127986044672000e-04
2.1011900156879301e-01 3.4125428171656737e-04
2.1046024304382074e-01 3.4122866141021209e-04
2.1080145887775531e-01 3.4120299953081768e-04
2.1114264902902527e-01 3.4117729608148514e-04
2.1148381345606224e-01 3.4115155106534639e-04
2.1182495211730096e-01 3.4112576448556167e-04
2.1216606497117937e-01 3.4109993634524806e-04
2.1250715197613854e-01 3.4107406664754699e-04
2.1284821309062263e-01 3.4104815539562886e-04
2.1318924827307900e-01 3.4102220259265079e-04
2.1353025748195817e-01 3.4099620824176935e-04
2.1387124067571384e-01 3.4097017234614057e-04
2.1421219781280282e-01 3.4094409490895654e-04
2.1455312885168515e-01 3.4091797593338840e-04
2.1489403375082405e-01 3.4089181542259150e-04
2.1523491246868590e-01 3.4086561337979133e-04
2.1557576496374026e-01 3.4083936980816798e-04
2.1591659119445988e-01 3.4081308471091312e-04
2.1625739111932080e-01 3.4078675809122785e-04
2.1659816469680215e-01 3.4076038995231584e-04
2.1693891188538630e-01 3.4073398029742192e-04
2.1727963264355890e-01 3.4070752912971752e-04
2.1762032692980876e-01 3.4068103645244589e-04
2.1796099470262789e-01 3.4065450226884638e-04
2.1830163592051161e-01 3.4062792658212806e-04
2.1864225054195841e-01 3.4060130939554445e-04
2.1898283852547004e-01 3.4057465071234572e-04
2.1932339982955151e-01 3.4054795053575543e-04
2.1966393441271106e-01 3.4052120886904352e-04
2.2000444223346019e-01 3.4049442571547930e-04
2.2034492325031368e-01 3.4046760107830123e-04
2.2068537742178956e-01 3.4044073496078013e-04
2.2102580470640912e-01 3.4041382736620703e-04
2.2136620506269691e-01 3.4038687829786004e-04
2.2170657844918085e-01 3.4035988775899277e-04
2.2204692482439203e-01 3.4033285575292598e-04
2.2238724414686492e-01 3.4030578228293217e-04
2.2272753637513723e-01 3.4027866735231242e-04
2.2306780146774999e-01 3.4025151096438280e-04
2.2340803938324755e-01 3.4022431312244619e-04
2.2374825008017754e-01 3.4019707382980461e-04
2.2408843351709093e-01 3.4016979308980106e-04
2.2442858965254200e-01 3.4014247090574803e-04
2.2476871844508839e-01 3.4011510728096026e-04
2.2510881985329101e-01 3.4008770221879042e-04
2.2544889383571415e-01 3.4006025572256871e-04
2.2578894035092545e-01 3.4003276779562692e-04
2.2612895935749586e-01 3.4000523844133004e-04
2.2646895081399968e-01 3.3997766766304159e-04
2.2680891467901459e-01 3.3995005546410737e-04
2.2714885091112166e-01 3.3992240184788926e-04
2.2748875946890529e-01 3.3989470681774337e-04
2.2782864031095321e-01 3.3986697037707907e-04
2.2816849339585660e-01 3.3983919252925896e-04
2.2850831868221000e-01 3.3981137327764981e-04
2.2884811612861131e-01 3.3978351262567170e-04
2.2918788569366189e-01 3.3975561057666607e-04
2.2952762733596638e-01 3.3972766713410849e-04
2.2986734101413292e-01 3.3969968230135767e-04
2.3020702668677304e-01 3.3967165608182596e-04
2.3054668431250167e-01 3.3964358847892492e-04
2.3088631384993713e-01 3.3961547949608984e-04
2.3122591525770123e-01 3.3958732913672073e-04
2.3156548849441910e-01 3.3955913740428849e-04
2.3190503351871944e-01 3.3953090430218624e-04
2.3224455028923430e-01 3.3950262983386891e-04
2.3258403876459913e-01 3.3947431400278339e-04
2.3292349890345296e-01 3.3944595681237728e-04
2.3326293066443815e-01 3.3941755826611195e-04
2.3360233400620059e-01 3.3938911836743445e-04
2.3394170888738958e-01 3.3936063711983159e-04
2.3428105526665796e-01 3.3933211452672797e-04
2.3462037310266193e-01 3.3930355059166758e-04
2.3495966235406129e-01 3.3927494531806561e-04
2.3529892297951926e-01 3.3924629870943427e-04
2.3563815493770254e-01 3.3921761076926373e-04
2.3597735818728133e-01 3.3918888150106358e-04
2.3631653268692934e-01 3.3916011090830893e-04
2.3665567839532381e-01 3.3913129899451188e-04
2.3699479527114542e-01 3.3910244576318004e-04
2.3733388327307839e-01 3.3907355121785490e-04
2.3767294235981049e-01 3.3904461536202597e-04
2.3801197249003300e-01 3.3901563819921404e-04
2.3835097362244068e-01 3.3898661973298010e-04
2.3868994571573188e-01 3.3895755996684625e-04
2.3902888872860845e-01 3.3892845890434953e-04
2.3936780261977583e-01 3.3889931654903209e-04
2.3970668734794298e-01 3.3887013290443313e-04
2.4004554287182236e-01 3.3884090797416062e-04
2.4038436915013012e-01 3.3881164176169718e-04
2.4072316614158581e-01 3.3878233427067091e-04
2.4106193380491267e-01 3.3875298550464740e-04
2.4140067209883748e-01 3.3872359546716698e-04
2.4173938098209061e-01 3.3869416416181289e-04
2.4207806041340593e-01 3.3866469159221608e-04
2.4241671035152101e-01 3.3863517776193419e-04
2.4275533075517697e-01 3.3860562267456232e-04
2.4309392158311852e-01 3.3857602633369992e-04
2.4343248279409396e-01 3.3854638874295911e-04
2.4377101434685525e-01 3.3851670990595013e-04
2.4410951620015789e-01 3.3848698982629665e-04
2.4444798831276104e-01 3.3845722850762397e-04
2.4478643064342753e-01 3.3842742595352872e-04
2.4512484315092373e-01 3.3839758216766726e-04
2.4546322579401969e-01 3.3836769715366553e-04
2.4580157853148910e-01 3.3833777091517168e-04
2.4613990132210928e-01 3.3830780345581976e-04
2.4647819412466121e-01 3.3827779477926990e-04
2.4681645689792953e-01 3.3824774488916225e-04
2.4715468960070247e-01 3.3821765378919751e-04
2.4749289219177203e-01 3.3818752148300678e-04
2.4783106462993384e-01 3.3815734797426226e-04
2.4816920687398716e-01 3.3812713326665473e-04
2.4850731888273497e-01 3.3809687736385981e-04
2.4884540061498392e-01 3.3806658026956703e-04
2.4918345202954437e-01 3.3803624198745986e-04
2.4952147308523034e-01 3.3800586252123347e-04
2.4985946374085957e-01 3.3797544187459693e-04
2.5019742395525352e-01 3.3794498005124140e-04
2.5053535368723728e-01 3.3791447705491882e-04
2.5087325289563978e-01 3.3788393288930024e-04
2.5121112153929359e-01 3.3785334755809932e-04
2.5154895957703494e-01 3.3782272106512172e-04
2.5188676696770396e-01 3.3779205341400765e-04
2.5222454367014435e-01 3.3776134460853334e-04
2.5256228964320371e-01 3.3773059465240529e-04
2.5290000484573316e-01 3.3769980354944016e-04
2.5323768923658774e-01 3.3766897130337340e-04
2.5357534277462629e-01 3.3763809791787766e-04
2.5391296541871122e-01 3.3760718339679934e-04
2.5425055712770883e-01 3.3757622774390123e-04
2.5458811786048918e-01 3.3754523096292383e-04
2.5492564757592612e-01 3.3751419305762774e-04
2.5526314623289720e-01 3.3748311403183093e-04
2.5560061379028376e-01 3.3745199388933764e-04
2.5593805020697108e-01 3.3742083263387722e-04
2.5627545544184804e-01 3.3738963026929455e-04
2.5661282945380742e-01 3.3735838679938658e-04
2.5695017220174582e-01 3.3732710222793424e-04
2.5728748364456361e-01 3.3729577655875034e-04
2.5762476374116494e-01 3.3726440979567492e-04
2.5796201245045786e-01 3.3723300194251954e-04
2.5829922973135416e-01 3.3720155300312059e-04
2.5863641554276950e-01 3.3717006298132304e-04
2.5897356984362346e-01 3.3713853188090223e-04
2.5931069259283929e-01 3.3710695970576732e-04
2.5964778374934422e-01 3.3707534645970445e-04
2.5998484327206928e-01 3.3704369214659062e-04
2.6032187111994926e-01 3.3701199677033946e-04
2.6065886725192300e-01 3.3698026033474293e-04
2.6099583162693313e-01 3.3694848284363026e-04
2.6133276420392598e-01 3.3691666430100942e-04
2.6166966494185206e-01 3.3688480471062178e-04
2.6200653379966549e-01 3.3685290407643590e-04
2.6234337073632447e-01 3.3682096240226589e-04
2.6268017571079089e-01 3.3678897969208660e-04
2.6301694868203074e-01 3.3675695594972542e-04
2.6335368960901379e-01 3.3672489117910295e-04
2.6369039845071374e-01 3.3669278538412024e-04
2.6402707516610813e-01 3.3666063856875063e-04
2.6436371971417860e-01 3.3662845073679940e-04
2.6470033205391047e-01 3.3659622189230335e-04
2.6503691214429320e-01 3.3656395203910013e-04
2.6537345994431999e-01 3.3653164118120692e-04
2.6570997541298819e-01 3.3649928932245920e-04
2.6604645850929887e-01 3.3646689646686060e-04
2.6638290919225716e-01 3.3643446261836623e-04
2.6671932742087212e-01 3.3640198778089712e-04
2.6705571315415683e-01 3.3636947195838475e-04
2.6739206635112817e-01 3.3633691515485219e-04
2.6772838697080709e-01 3.3630431737425486e-04
2.6806467497221853e-01 3.3627167862054194e-04
2.6840093031439133e-01 3.3623899889771822e-04
2.6873715295635842e-01 3.3620627820970622e-04
2.6907334285715656e-01 3.3617351656055566e-04
2.6940949997582664e-01 3.3614071395422513e-04
2.6974562427141346e-01 3.3610787039471126e-04
2.7008171570296585e-01 3.3607498588602967e-04
2.7041777422953667e-01 3.3604206043215363e-04
2.7075379981018272e-01 3.3600909403712684e-04
2.7108979240396480e-01 3.3597608670499435e-04
2.7142575196994784e-01 3.3594303843975139e-04
2.7176167846720078e-01 3.3590994924536413e-04
2.7209757185479649e-01 3.3587681912592457e-04
2.7243343209181187e-01 3.3584364808551305e-04
2.7276925913732802e-01 3.3581043612807015e-04
2.7310505295042992e-01 3.3577718325772057e-04
2.7344081349020671e-01 3.3574388947842901e-04
2.7377654071575142e-01 3.3571055479437220e-04
2.7411223458616141e-01 3.3567717920950313e-04
2.7444789506053779e-01 3.3564376272796965e-04
2.7478352209798601e-01 3.3561030535377825e-04
2.7511911565761538e-01 3.3557680709106881e-04
2.7545467569853949e-01 3.3554326794384050e-04
2.7579020217987582e-01 3.3550968791624860e-04
2.7612569506074608e-01 3.3547606701236091e-04
2.7646115430027601e-01 3.3544240523625810e-04
2.7679657985759543e-01 3.3540870259208893e-04
2.7713197169183834e-01 3.3537495908390056e-04
2.7746732976214278e-01 3.3534117471583751e-04
2.7780265402765097e-01 3.3530734949196864e-04
2.7813794444750911e-01 3.3527348341651057e-04
2.7847320098086770e-01 3.3523957649350824e-04
2.7880842358688124e-01 3.3520562872713924e-04
2.7914361222470846e-01 3.3517164012148148e-04
2.7947876685351208e-01 3.3513761068077494e-04
2.7981388743245922e-01 3.3510354040903719e-04
2.8014897392072086e-01 3.3506942931051911e-04
2.8048402627747226e-01 3.3503527738936860e-04
2.8081904446189293e-01 3.3500108464969803e-04
2.8115402843316645e-01 3.3496685109566130e-04
2.8148897815048046e-01 3.3493257673153045e-04
2.8182389357302701e-01 3.3489826156138364e-04
2.8215877466000217e-01 3.3486390558941874e-04
2.8249362137060618e-01 3.3482950881986149e-04
2.8282843366404359e-01 3.3479507125686286e-04
2.8316321149952306e-01 3.3476059290459887e-04
2.8349795483625739e-01 3.3472607376734009e-04
2.8383266363346371e-01 3.3469151384925771e-04
2.8416733785036324e-01 3.3465691315459010e-04
2.8450197744618161e-01 3.3462227168745375e-04
2.8483658238014836e-01 3.3458758945219670e-04
2.8517115261149756e-01 3.3455286645293729e-04
2.8550568809946725e-01 3.3451810269401888e-04
2.8584018880329992e-01 3.3448329817956530e-04
2.8617465468224218e-01 3.3444845291386754e-04
2.8650908569554490e-01 3.3441356690116949e-04
2.8684348180246316e-01 3.3437864014573598e-04
2.8717784296225640e-01 3.3434367265179176e-04
2.8751216913418820e-01 3.3430866442363987e-04
2.8784646027752653e-01 3.3427361546546560e-04
2.8818071635154346e-01 3.3423852578162846e-04
2.8851493731551553e-01 3.3420339537632384e-04
2.8884912312872335e-01 3.3416822425390839e-04
2.8918327375045194e-01 3.3413301241865575e-04
2.8951738913999064e-01 3.3409775987479589e-04
2.8985146925663302e-01 3.3406246662664031e-04
2.9018551405967685e-01 3.3402713267857768e-04
2.9051952350842447e-01 3.3399175803476778e-04
2.9085349756218221e-01 3.3395634269965029e-04
2.9118743618026094e-01 3.3392088667747919e-04
2.9152133932197577e-01 3.3388538997257698e-04
2.9185520694664618e-01 3.3384985258922746e-04
2.9218903901359583e-01 3.3381427453185177e-04
2.9252283548215285e-01 3.3377865580475584e-04
2.9285659631164973e-01 3.3374299641222729e-04
2.9319032146142321e-01 3.3370729635862664e-04
2.9352401089081437e-01 3.3367155564836197e-04
2.9385766455916873e-01 3.3363577428572466e-04
2.9419128242583609e-01 3.3359995227511793e-04
2.9452486445017062e-01 3.3356408962091020e-04
2.9485841059153101e-01 3.3352818632736525e-04
2.9519192080928003e-01 3.3349224239898973e-04
2.9552539506278502e-01 3.3345625784013448e-04
2.9585883331141777e-01 3.3342023265510283e-04
2.9619223551455426e-01 3.3338416684835338e-04
2.9652560163157493e-01 3.3334806042431987e-04
2.9685893162186477e-01 3.3331191338726831e-04
2.9719222544481289e-01 3.3327572574176818e-04
2.9752548305981308e-01 3.3323949749208950e-04
2.9785870442626339e-01 3.3320322864269258e-04
2.9819188950356629e-01 3.3316691919801987e-04
2.9852503825112869e-01 3.3313056916250066e-04
2.9885815062836202e-01 3.3309417854049205e-04
2.9919122659468195e-01 3.3305774733652257e-04
2.9952426610950877e-01 3.3302127555495106e-04
2.9985726913226707e-01 3.3298476320029586e-04
3.0019023562238600e-01 3.3294821027694756e-04
3.0052316553929909e-01 3.3291161678938988e-04
3.0085605884244437e-01 3.3287498274203953e-04
3.0118891549126431e-01 3.3283830813937856e-04
3.0152173544520577e-01 3.3280159298593323e-04
3.0185451866372026e-01 3.3276483728607602e-04
3.0218726510626354e-01 3.3272804104440324e-04
3.0251997473229608e-01 3.3269120426527985e-04
3.0285264750128266e-01 3.3265432695327580e-04
3.0318528337269268e-01 3.3261740911280234e-04
3.0351788230599991e-01 3.3258045074843512e-04
3.0385044426068264e-01 3.3254345186470871e-04
3.0418296919622384e-01 3.3250641246599250e-04
3.0451545707211075e-01 3.3246933255690866e-04
3.0484790784783528e-01 3.3243221214194856e-04
3.0518032148289376e-01 3.3239505122565721e-04
3.0551269793678715e-01 3.3235784981251114e-04
3.0584503716902089e-01 3.3232060790705162e-04
3.0617733913910494e-01 3.3228332551382960e-04
3.0650960380655373e-01 3.3224600263746741e-04
3.0684183113088648e-01 3.3220863928234176e-04
3.0717402107162667e-01 3.3217123545313082e-04
3.0750617358830246e-01 3.3213379115439810e-04
3.0783828864044666e-01 3.3209630639060721e-04
3.0817036618759647e-01 3.3205878116641008e-04
3.0850240618929375e-01 3.3202121548637093e-04
3.0883440860508499e-01 3.3198360935502802e-04
3.0916637339452113e-01 3.3194596277699923e-04
3.0949830051715782e-01 3.3190827575682721e-04
3.0983018993255518e-01 3.3187054829916113e-04
3.1016204160027805e-01 3.3183278040853896e-04
3.1049385547989572e-01 3.3179497208963259e-04
3.1082563153098225e-01 3.3175712334696823e-04
3.1115736971311619e-01 3.3171923418519534e-04
3.1148906998588072e-01 3.3168130460896702e-04
3.1182073230886370e-01 3.3164333462282447e-04
3.1215235664165752e-01 3.3160532423147907e-04
3.1248394294385934e-01 3.3156727343946351e-04
3.1281549117507074e-01 3.3152918225153250e-04
3.1314700129489814e-01 3.3149105067224879e-04
3.1347847326295253e-01 3.3145287870625390e-04
3.1380990703884953e-01 3.3141466635821067e-04
3.1414130258220940e-01 3.3137641363280458e-04
3.1447265985265710e-01 3.3133812053468920e-04
3.1480397880982230e-01 3.3129978706844841e-04
3.1513525941333914e-01 3.3126141323890480e-04
3.1546650162284673e-01 3.3122299905055885e-04
3.1579770539798852e-01 3.3118454450828107e-04
3.1612887069841300e-01 3.3114604961654486e-04
3.1645999748377301e-01 3.3110751438022583e-04
3.1679108571372633e-01 3.3106893880392572e-04
3.1712213534793532e-01 3.3103032289235994e-04
3.1745314634606708e-01 3.3099166665021289e-04
3.1778411866779338e-01 3.3095297008223961e-04
3.1811505227279074e-01 3.3091423319312521e-04
3.1844594712074037e-01 3.3087545598761806e-04
3.1877680317132828e-01 3.3083663847035459e-04
3.1910762038424506e-01 3.3079778064617734e-04
3.1943839871918611e-01 3.3075888251979943e-04
3.1976913813585167e-01 3.3071994409587769e-04
3.2009983859394653e-01 3.3068096537924695e-04
3.2043050005318036e-01 3.3064194637460234e-04
3.2076112247326755e-01 3.3060288708669082e-04
3.2109170581392715e-01 3.3056378752036589e-04
3.2142225003488323e-01 3.3052464768022890e-04
3.2175275509586426e-01 3.3048546757121763e-04
3.2208322095660380e-01 3.3044624719800217e-04
3.2241364757684005e-01 3.3040698656536206e-04
3.2274403491631592e-01 3.3036768567815328e-04
3.2307438293477930e-01 3.3032834454106599e-04
3.2340469159198265e-01 3.3028896315900858e-04
3.2373496084768344e-01 3.3024954153664833e-04
3.2406519066164374e-01 3.3021007967889759e-04
3.2439538099363058e-01 3.3017057759050772e-04
3.2472553180341573e-01 3.3013103527627149e-04
3.2505564305077572e-01 3.3009145274111659e-04
3.2538571469549210e-01 3.3005182998969881e-04
3.2571574669735098e-01 3.3001216702697664e-04
3.2604573901614348e-01 3.2997246385774756e-04
3.2637569161166546e-01 3.2993272048688468e-04
3.2670560444371777e-01 3.2989293691912191e-04
3.2703547747210593e-01 3.2985311315936660e-04
3.2736531065664037e-01 3.2981324921249025e-04
3.2769510395713641e-01 3.2977334508331723e-04
3.2802485733341413e-01 3.2973340077679171e-04
3.2835457074529867e-01 3.2969341629763812e-04
3.2868424415261982e-01 3.2965339165082994e-04
3.2901387751521233e-01 3.2961332684126036e-04
3.2934347079291587e-01 3.2957322187375618e-04
3.2967302394557502e-01 3.2953307675317220e-04
3.3000253693303910e-01 3.2949289148445724e-04
3.3033200971516241e-01 3.2945266607253528e-04
3.3066144225180422e-01 3.2941240052223540e-04
3.3099083450282862e-01 3.2937209483845353e-04
3.3132018642810457e-01 3.2933174902618389e-04
3.3164949798750604e-01 3.2929136309028207e-04
3.3197876914091184e-01 3.2925093703569969e-04
3.3230799984820575e-01 3.2921047086736211e-04
3.3263719006927650e-01 3.2916996459014466e-04
3.3296633976401768e-01 3.2912941820903169e-04
3.3329544889232782e-01 3.2908883172900501e-04
3.3362451741411053e-01 3.2904820515487413e-04
3.3395354528927418e-01 3.2900753849170492e-04
3.3428253247773215e-01 3.2896683174445866e-04
3.3461147893940291e-01 3.2892608491799744e-04
3.3494038463420966e-01 3.2888529801739885e-04
3.3526924952208081e-01 3.2884447104752690e-04
3.3559807356294957e-01 3.2880360401340327e-04
3.3592685671675415e-01 3.2876269692003478e-04
3.3625559894343782e-01 3.2872174977236358e-04
3.3658430020294872e-01 3.2868076257543713e-04
3.3691296045524011e-01 3.2863973533419082e-04
3.3724157966027019e-01 3.2859866805361187e-04
3.3757015777800214e-01 3.2855756073870942e-04
3.3789869476840412e-01 3.2851641339456754e-04
3.3822719059144940e-01 3.2847522602610690e-04
3.3855564520711617e-01 3.2843399863839999e-04
3.3888405857538767e-01 3.2839273123648824e-04
3.3921243065625223e-01 3.2835142382531724e-04
3.3954076140970313e-01 3.2831007640995004e-04
3.3986905079573865e-01 3.2826868899549677e-04
3.4019729877436228e-01 3.2822726158686220e-04
3.4052550530558229e-01 3.2818579418927542e-04
3.4085367034941233e-01 3.2814428680758663e-04
3.4118179386587077e-01 3.2810273944702215e-04
3.4150987581498127e-01 3.2806115211258852e-04
3.4183791615677250e-01 3.2801952480929485e-04
3.4216591485127817e-01 3.2797785754224915e-04
3.4249387185853702e-01 3.2793615031658212e-04
3.4282178713859301e-01 3.2789440313727342e-04
3.4314966065149499e-01 3.2785261600953971e-04
3.4347749235729713e-01 3.2781078893831636e-04
3.4380528221605844e-01 3.2776892192885984e-04
3.4413303018784330e-01 3.2772701498609341e-04
3.4446073623272089e-01 3.2768506811532662e-04
3.4478840031076580e-01 3.2764308132149540e-04
3.4511602238205752e-01 3.2760105460979163e-04
3.4544360240668071e-01 3.2755898798538045e-04
3.4577114034472523e-01 3.2751688145328951e-04
3.4609863615628600e-01 3.2747473501867945e-04
3.4642608980146306e-01 3.2743254868670800e-04
3.4675350124036158e-01 3.2739032246254397e-04
3.4708087043309199e-01 3.2734805635124386e-04
3.4740819733976969e-01 3.2730575035805652e-04
3.4773548192051540e-01 3.2726340448802001e-04
3.4806272413545480e-01 3.2722101874645072e-04
3.4838992394471896e-01 3.2717859313839177e-04
3.4871708130844398e-01 3.2713612766902141e-04
3.4904419618677118e-01 3.2709362234348131e-04
3.4937126853984696e-01 3.2705107716706627e-04
3.4969829832782301e-01 3.2700849214489282e-04
3.5002528551085615e-01 3.2696586728217042e-04
3.5035223004910843e-01 3.2692320258409307e-04
3.5067913190274713e-01 3.2688049805576041e-04
3.5100599103194458e-01 3.2683775370251263e-04
3.5133280739687844e-01 3.2679496952950582e-04
3.5165958095773159e-01 3.2675214554193905e-04
3.5198631167469208e-01 3.2670928174500662e-04
3.5231299950795314e-01 3.2666637814398805e-04
3.5263964441771334e-01 3.2662343474404627e-04
3.5296624636417628e-01 3.2658045155054628e-04
3.5329280530755108e-01 3.2653742856856167e-04
3.5361932120805190e-01 3.2649436580338198e-04
3.5394579402589815e-01 3.2645126326028153e-04
3.5427222372131451e-01 3.2640812094455996e-04
3.5459861025453099e-01 3.2636493886137243e-04
3.5492495358578274e-01 3.2632171701606303e-04
3.5525125367531035e-01 3.2627845541377304e-04
3.5557751048335939e-01 3.2623515405995725e-04
3.5590372397018100e-01 3.2619181295976351e-04
3.5622989409603145e-01 3.2614843211846526e-04
3.5655602082117227e-01 3.2610501154143299e-04
3.5688210410587035e-01 3.2606155123390829e-04
3.5720814391039790e-01 3.2601805120111000e-04
3.5753414019503227e-01 3.2597451144849616e-04
3.5786009292005627e-01 3.2593093198126613e-04
3.5818600204575796e-01 3.2588731280476464e-04
3.5851186753243069e-01 3.2584365392429739e-04
3.5883768934037319e-01 3.2579995534517942e-04
3.5916346742988947e-01 3.2575621707270119e-04
3.5948920176128885e-01 3.2571243911223434e-04
3.5981489229488595e-01 3.2566862146915699e-04
3.6014053899100090e-01 3.2562476414866188e-04
3.6046614180995890e-01 3.2558086715628152e-04
3.6079170071209077e-01 3.2553693049719071e-04
3.6111721565773247e-01 3.2549295417685068e-04
3.6144268660722539e-01 3.2544893820062813e-04
3.6176811352091637e-01 3.2540488257379378e-04
3.6209349635915750e-01 3.2536078730174459e-04
3.6241883508230621e-01 3.2531665238992873e-04
3.6274412965072544e-01 3.2527247784364615e-04
3.6306938002478339e-01 3.2522826366832610e-04
3.6339458616485376e-01 3.2518400986928303e-04
3.6371974803131546e-01 3.2513971645202992e-04
3.6404486558455301e-01 3.2509538342184545e-04
3.6436993878495622e-01 3.2505101078413680e-04
3.6469496759292019e-01 3.2500659854442439e-04
3.6501995196884568e-01 3.2496214670799936e-04
3.6534489187313868e-01 3.2491765528031642e-04
3.6566978726621063e-01 3.2487312426680311e-04
3.6599463810847843e-01 3.2482855367288427e-04
3.6631944436036434e-01 3.2478394350403563e-04
3.6664420598229619e-01 3.2473929376558873e-04
3.6696892293470706e-01 3.2469460446308900e-04
3.6729359517803567e-01 3.2464987560188482e-04
3.6761822267272604e-01 3.2460510718746761e-04
3.6794280537922763e-01 3.2456029922535320e-04
3.6826734325799554e-01 3.2451545172087175e-04
3.6859183626949005e-01 3.2447056467967085e-04
3.6891628437417723e-01 3.2442563810700450e-04
3.6924068753252837e-01 3.2438067200846204e-04
3.6956504570502030e-01 3.2433566638953815e-04
3.6988935885213536e-01 3.2429062125571265e-04
3.7021362693436144e-01 3.2424553661238969e-04
3.7053784991219174e-01 3.2420041246518339e-04
3.7086202774612514e-01 3.2415524881949817e-04
3.7118616039666597e-01 3.2411004568082410e-04
3.7151024782432390e-01 3.2406480305479068e-04
3.7183428998961443e-01 3.2401952094673013e-04
3.7215828685305824e-01 3.2397419936233067e-04
3.7248223837518174e-01 3.2392883830702934e-04
3.7280614451651678e-01 3.2388343778640664e-04
3.7313000523760081e-01 3.2383799780591515e-04
3.7345382049897674e-01 3.2379251837114684e-04
3.7377759026119306e-01 3.2374699948760572e-04
3.7410131448480377e-01 3.2370144116086757e-04
3.7442499313036848e-01 3.2365584339644204e-04
3.7474862615845222e-01 3.2361020619997458e-04
3.7507221352962578e-01 3.2356452957692027e-04
3.7539575520446533e-01 3.2351881353289471e-04
3.7571925114355270e-01 3.2347305807346808e-04
3.7604270130747525e-01 3.2342726320422539e-04
3.7636610565682593e-01 3.2338142893075119e-04
3.7668946415220339e-01 3.2333555525851187e-04
3.7701277675421158e-01 3.2328964219330650e-04
3.7733604342346033e-01 3.2324368974057517e-04
3.7765926412056494e-01 3.2319769790594533e-04
3.7798243880614635e-01 3.2315166669497932e-04
3.7830556744083099e-01 3.2310559611340876e-04
3.7862864998525103e-01 3.2305948616680126e-04
3.7895168640004429e-01 3.2301333686066244e-04
3.7927467664585401e-01 3.2296714820077756e-04
3.7959762068332931e-01 3.2292092019262742e-04
3.7992051847312469e-01 3.2287465284197277e-04
3.8024336997590047e-01 3.2282834615438352e-04
3.8056617515232255e-01 3.2278200013548930e-04
3.8088893396306245e-01 3.2273561479096563e-04
3.8121164636879740e-01 3.2268919012640282e-04
3.8153431233021012e-01 3.2264272614760634e-04
3.8185693180798924e-01 3.2259622286008583e-04
3.8217950476282886e-01 3.2254968026957856e-04
3.8250203115542886e-01 3.2250309838169290e-04
3.8282451094649467e-01 3.2245647720218835e-04
3.8314694409673750e-01 3.2240981673673007e-04
3.8346933056687421e-01 3.2236311699098265e-04
3.8379167031762740e-01 3.2231637797059147e-04
3.8411396330972530e-01 3.2226959968124544e-04
3.8443620950390178e-01 3.2222278212875829e-04
3.8475840886089652e-01 3.2217592531878493e-04
3.8508056134145491e-01 3.2212902925695308e-04
3.8540266690632796e-01 3.2208209394905184e-04
3.8572472551627246e-01 3.2203511940078909e-04
3.8604673713205090e-01 3.2198810561788748e-04
3.8636870171443150e-01 3.2194105260606947e-04
3.8669061922418824e-01 3.2189396037103629e-04
3.8701248962210072e-01 3.2184682891863169e-04
3.8733431286895448e-01 3.2179965825445827e-04
3.8765608892554060e-01 3.2175244838437007e-04
3.8797781775265605e-01 3.2170519931406225e-04
3.8829949931110347e-01 3.2165791104933253e-04
3.8862113356169137e-01 3.2161058359584223e-04
3.8894272046523382e-01 3.2156321695951657e-04
3.8926425998255088e-01 3.2151581114600402e-04
3.8958575207446827e-01 3.2146836616109726e-04
3.8990719670181750e-01 3.2142088201060040e-04
3.9022859382543584e-01 3.2137335870032759e-04
3.9054994340616639e-01 3.2132579623605454e-04
3.9087124540485807e-01 3.2127819462351434e-04
3.9119249978236553e-01 3.2123055386854590e-04
3.9151370649954920e-01 3.2118287397701781e-04
3.9183486551727548e-01 3.2113515495457625e-04
3.9215597679641634e-01 3.2108739680721356e-04
3.9247704029784974e-01 3.2103959954066133e-04
3.9279805598245943e-01 3.2099176316076632e-04
3.9311902381113495e-01 3.2094388767332831e-04
3.9343994374477170e-01 3.2089597308418964e-04
3.9376081574427091e-01 3.2084801939918505e-04
3.9408163977053962e-01 3.2080002662418652e-04
3.9440241578449076e-01 3.2075199476500407e-04
3.9472314374704309e-01 3.2070392382747988e-04
3.9504382361912116e-01 3.2065581381757587e-04
3.9536445536165554e-01 3.2060766474100393e-04
3.9568503893558249e-01 3.2055947660375309e-04
3.9600557430184430e-01 3.2051124941156182e-04
3.9632606142138893e-01 3.2046298317045492e-04
3.9664650025517040e-01 3.2041467788624192e-04
3.9696689076414854e-01 3.2036633356481340e-04
3.9728723290928913e-01 3.2031795021198389e-04
3.9760752665156368e-01 3.2026952783379222e-04
3.9792777195194978e-01 3.2022106643604588e-04
3.9824796877143082e-01 3.2017256602468445e-04
3.9856811707099615e-01 3.2012402660556440e-04
3.9888821681164094e-01 3.2007544818470887e-04
3.9920826795436642e-01 3.2002683076789979e-04
3.9952827046017964e-01 3.1997817436113860e-04
3.9984822429009359e-01 3.1992947897030785e-04
4.0016812940512719e-01 3.1988074460137977e-04
4.0048798576630529e-01 3.1983197126032571e-04
4.0080779333465871e-01 3.1978315895302389e-04
4.0112755207122419e-01 3.1973430768546214e-04
4.0144726193704444e-01 3.1968541746355423e-04
4.0176692289316812e-01 3.1963648829326323e-04
4.0208653490064977e-01 3.1958752018063346e-04
4.0240609792055010e-01 3.1953851313144653e-04
4.0272561191393552e-01 3.1948946715184239e-04
4.0304507684187857e-01 3.1944038224778322e-04
4.0336449266545782e-01 3.1939125842512736e-04
4.0368385934575762e-01 3.1934209569002764e-04
4.0400317684386855e-01 3.1929289404832636e-04
4.0432244512088700e-01 3.1924365350610332e-04
4.0464166413791547e-01 3.1919437406926950e-04
4.0496083385606235e-01 3.1914505574393693e-04
4.0527995423644209e-01 3.1909569853613522e-04
4.0559902524017527e-01 3.1904630245169143e-04
4.0591804682838828e-01 3.1899686749677937e-04
4.0623701896221359e-01 3.1894739367746268e-04
4.0655594160278985e-01 3.1889788099961718e-04
4.0687481471126158e-01 3.1884832946931830e-04
4.0719363824877930e-01 3.1879873909271045e-04
4.0751241217649975e-01 3.1874910987569758e-04
4.0783113645558555e-01 3.1869944182438825e-04
4.0814981104720544e-01 3.1864973494485097e-04
4.0846843591253418e-01 3.1859998924314322e-04
4.0878701101275261e-01 3.1855020472533745e-04
4.0910553630904767e-01 3.1850038139744519e-04
4.0942401176261234e-01 3.1845051926552209e-04
4.0974243733464566e-01 3.1840061833564808e-04
4.1006081298635266e-01 3.1835067861403488e-04
4.1037913867894465e-01 3.1830070010660771e-04
4.1069741437363888e-01 3.1825068281952419e-04
4.1101564003165875e-01 3.1820062675884338e-04
4.1133381561423366e-01 3.1815053193076642e-04
4.1165194108259928e-01 3.1810039834125563e-04
4.1197001639799730e-01 3.1805022599644688e-04
4.1228804152167542e-01 3.1800001490255080e-04
4.1260601641488759e-01 3.1794976506563209e-04
4.1292394103889390e-01 3.1789947649173703e-04
4.1324181535496041e-01 3.1784914918713469e-04
4.1355963932435946e-01 3.1779878315783323e-04
4.1387741290836944e-01 3.1774837841001564e-04
4.1419513606827496e-01 3.1769793494981091e-04
4.1451280876536661e-01 3.1764745278343493e-04
4.1483043096094135e-01 3.1759693191691632e-04
4.1514800261630208e-01 3.1754637235654109e-04
4.1546552369275802e-01 3.1749577410837652e-04
4.1578299415162451e-01 3.1744513717856020e-04
4.1610041395422298e-01 3.1739446157333145e-04
4.1641778306188104e-01 3.1734374729894380e-04
4.1673510143593268e-01 3.1729299436135372e-04
4.1705236903771775e-01 3.1724220276695505e-04
4.1736958582858258e-01 3.1719137252178076e-04
4.1768675176987946e-01 3.1714050363215171e-04
4.1800386682296703e-01 3.1708959610418614e-04
4.1832093094921008e-01 3.1703864994408608e-04
4.1863794410997957e-01 3.1698766515810738e-04
4.1895490626665266e-01 3.1693664175249216e-04
4.1927181738061287e-01 3.1688557973334568e-04
4.1958867741324979e-01 3.1683447910690725e-04
4.1990548632595925e-01 3.1678333987946301e-04
4.2022224408014336e-01 3.1673216205721299e-04
4.2053895063721042e-01 3.1668094564639903e-04
4.2085560595857496e-01 3.1662969065329190e-04
4.2117221000565785e-01 3.1657839708404254e-04
4.2148876273988606e-01 3.1652706494501880e-04
4.2180526412269292e-01 3.1647569424238394e-04
4.2212171411551797e-01 3.1642428498246232e-04
4.2243811267980702e-01 3.1637283717147547e-04
4.2275445977701220e-01 3.1632135081563955e-04
4.2307075536859179e-01 3.1626982592132660e-04
4.2338699941601038e-01 3.1621826249485712e-04
4.2370319188073902e-01 3.1616666054230303e-04
4.2401933272425474e-01 3.1611502007017247e-04
4.2433542190804113e-01 3.1606334108458668e-04
4.2465145939358789e-01 3.1601162359196972e-04
4.2496744514239110e-01 3.1595986759860428e-04
4.2528337911595315e-01 3.1590807311074380e-04
4.2559926127578274e-01 3.1585624013470568e-04
4.2591509158339486e-01 3.1580436867677584e-04
4.2623087000031074e-01 3.1575245874341428e-04
4.2654659648805809e-01 3.1570051034080881e-04
4.2686227100817092e-01 3.1564852347524039e-04
4.2717789352218938e-01 3.1559649815324242e-04
4.2749346399166022e-01 3.1554443438096779e-04
4.2780898237813630e-01 3.1549233216490242e-04
4.2812444864317706e-01 3.1544019151124447e-04
4.2843986274834805e-01 3.1538801242647461e-04
4.2875522465522131e-01 3.1533579491695011e-04
4.2907053432537529e-01 3.1528353898891396e-04
4.2938579172039465e-01 3.1523124464882650e-04
4.2970099680187057e-01 3.1517891190298915e-04
4.3001614953140049e-01 3.1512654075782913e-04
4.3033124987058824e-01 3.1507413121978996e-04
4.3064629778104413e-01 3.1502168329514276e-04
4.3096129322438476e-01 3.1496919699034251e-04
4.3127623616223315e-01 3.1491667231175867e-04
4.3159112655621873e-01 3.1486410926581996e-04
4.3190596436797735e-01 3.1481150785887265e-04
4.3222074955915118e-01 3.1475886809738705e-04
4.3253548209138892e-01 3.1470618998773756e-04
4.3285016192634562e-01 3.1465347353632308e-04
4.3316478902568273e-01 3.1460071874961392e-04
4.3347936335106813e-01 3.1454792563406526e-04
4.3379388486417625e-01 3.1449509419595890e-04
4.3410835352668770e-01 3.1444222444197576e-04
4.3442276930028983e-01 3.1438931637830955e-04
4.3473713214667620e-01 3.1433637001158888e-04
4.3505144202754698e-01 3.1428338534811122e-04
4.3536569890460863e-01 3.1423036239447113e-04
4.3567990273957424e-01 3.1417730115702132e-04
4.3599405349416320e-01 3.1412420164233699e-04
4.3630815113010152e-01 3.1407106385678625e-04
4.3662219560912158e-01 3.1401788780686637e-04
4.3693618689296226e-01 3.1396467349906930e-04
4.3725012494336890e-01 3.1391142093991801e-04
4.3756400972209336e-01 3.1385813013588485e-04
4.3787784119089407e-01 3.1380480109334828e-04
4.3819161931153572e-01 3.1375143381898998e-04
4.3850534404578978e-01 3.1369802831912423e-04
4.3881901535543399e-01 3.1364458460040787e-04
4.3913263320225276e-01 3.1359110266927076e-04
4.3944619754803688e-01 3.1353758253234258e-04
4.3975970835458383e-01 3.1348402419595914e-04
4.4007316558369747e-01 3.1343042766675109e-04
4.4038656919718816e-01 3.1337679295131889e-04
4.4069991915687301e-01 3.1332312005599163e-04
4.4101321542457539e-01 3.1326940898751955e-04
4.4132645796212538e-01 3.1321565975235620e-04
4.4163964673135958e-01 3.1316187235706360e-04
4.4195278169412117e-01 3.1310804680812377e-04
4.4226586281225977e-01 3.1305418311218519e-04
4.4257889004763162e-01 3.1300028127583543e-04
4.4289186336209962e-01 3.1294634130553877e-04
4.4320478271753316e-01 3.1289236320786005e-04
4.4351764807580807e-01 3.1283834698953109e-04
4.4383045939880705e-01 3.1278429265698917e-04
4.4414321664841916e-01 3.1273020021683448e-04
4.4445591978654003e-01 3.1267606967578723e-04
4.4476856877507209e-01 3.1262190104026856e-04
4.4508116357592420e-01 3.1256769431694398e-04
4.4539370415101187e-01 3.1251344951240359e-04
4.4570619046225712e-01 3.1245916663338419e-04
4.4601862247158880e-01 3.1240484568632567e-04
4.4633100014094218e-01 3.1235048667792266e-04
4.4664332343225926e-01 3.1229608961473842e-04
4.4695559230748855e-01 3.1224165450353822e-04
4.4726780672858535e-01 3.1218718135077572e-04
4.4757996665751143e-01 3.1213267016323801e-04
4.4789207205623532e-01 3.1207812094747358e-04
4.4820412288673211e-01 3.1202353371020703e-04
4.4851611911098366e-01 3.1196890845797213e-04
4.4882806069097830e-01 3.1191424519754033e-04
4.4913994758871117e-01 3.1185954393551322e-04
4.4945177976618400e-01 3.1180480467860093e-04
4.4976355718540523e-01 3.1175002743341498e-04
4.5007527980838991e-01 3.1169521220668827e-04
4.5038694759715986e-01 3.1164035900500646e-04
4.5069856051374346e-01 3.1158546783516906e-04
4.5101011852017592e-01 3.1153053870373783e-04
4.5132162157849898e-01 3.1147557161752265e-04
4.5163306965076117e-01 3.1142056658319862e-04
4.5194446269901778e-01 3.1136552360733156e-04
4.5225580068533061e-01 3.1131044269683169e-04
4.5256708357176834e-01 3.1125532385832614e-04
4.5287831132040635e-01 3.1120016709844557e-04
4.5318948389332664e-01 3.1114497242401307e-04
4.5350060125261799e-01 3.1108973984174068e-04
4.5381166336037593e-01 3.1103446935832750e-04
4.5412267017870273e-01 3.1097916098045522e-04
4.5443362166970724e-01 3.1092381471503139e-04
4.5474451779550534e-01 3.1086843056857451e-04
4.5505535851821932e-01 3.1081300854808087e-04
4.5536614379997853e-01 3.1075754866008063e-04
4.5567687360291886e-01 3.1070205091143603e-04
4.5598754788918305e-01 3.1064651530889639e-04
4.5629816662092054e-01 3.1059094185930454e-04
4.5660872976028771e-01 3.1053533056921709e-04
4.5691923726944744e-01 3.1047968144564341e-04
4.5722968911056960e-01 3.1042399449527979e-04
4.5754008524583084e-01 3.1036826972479468e-04
4.5785042563741440e-01 3.1031250714119290e-04
4.5816071024751059e-01 3.1025670675104047e-04
4.5847093903831626e-01 3.1020086856131814e-04
4.5878111197203519e-01 3.1014499257879367e-04
4.5909122901087801e-01 3.1008907881019496e-04
4.5940129011706204e-01 3.1003312726238973e-04
4.5971129525281151e-01 3.0997713794216725e-04
4.6002124438035741e-01 3.0992111085638300e-04
4.6033113746193760e-01 3.0986504601179088e-04
4.6064097445979668e-01 3.0980894341534700e-04
4.6095075533618618e-01 3.0975280307383557e-04
4.6126048005336445e-01 3.0969662499405530e-04
4.6157014857359668e-01 3.0964040918282485e-04
4.6187976085915489e-01 3.0958415564703683e-04
4.6218931687231785e-01 3.0952786439366188e-04
4.6249881657537145e-01 3.0947153542930584e-04
4.6280825993060815e-01 3.0941516876108047e-04
4.6311764690032747e-01 3.0935876439568952e-04
4.6342697744683570e-01 3.0930232234011691e-04
4.6373625153244608e-01 3.0924584260114254e-04
4.6404546911947869e-01 3.0918932518563127e-04
4.6435463017026046e-01 3.0913277010055081e-04
4.6466373464712524e-01 3.0907617735278500e-04
4.6497278251241375e-01 3.0901954694923390e-04
4.6528177372847368e-01 3.0896287889675304e-04
4.6559070825765952e-01 3.0890617320228982e-04
4.6589958606233278e-01 3.0884942987268496e-04
4.6620840710486178e-01 3.0879264891490690e-04
4.6651717134762177e-01 3.0873583033587534e-04
4.6682587875299497e-01 3.0867897414251009e-04
4.6713452928337051e-01 3.0862208034170544e-04
4.6744312290114443e-01 3.0856514894043031e-04
4.6775165956871972e-01 3.0850817994553485e-04
4.6806013924850626e-01 3.0845117336411273e-04
4.6836856190292092e-01 3.0839412920302873e-04
4.6867692749438761e-01 3.0833704746911555e-04
4.6898523598533692e-01 3.0827992816957766e-04
4.6929348733820669e-01 3.0822277131119268e-04
4.6960168151544157e-01 3.0816557690097708e-04
4.6990981847949326e-01 3.0810834494581391e-04
4.7021789819282023e-01 3.0805107545290173e-04
4.7052592061788823e-01 3.0799376842897117e-04
4.7083388571716978e-01 3.0793642388107735e-04
4.7114179345314439e-01 3.0787904181628974e-04
4.7144964378829862e-01 3.0782162224157045e-04
4.7175743668512604e-01 3.0776416516382357e-04
4.7206517210612720e-01 3.0770667059017213e-04
4.7237285001380963e-01 3.0764913852746484e-04
4.7268047037068783e-01 3.0759156898285298e-04
4.7298803313928334e-01 3.0753396196339552e-04
4.7329553828212484e-01 3.0747631747590553e-04
4.7360298576174781e-01 3.0741863552760000e-04
4.7391037554069493e-01 3.0736091612541854e-04
4.7421770758151588e-01 3.0730315927632161e-04
4.7452498184676728e-01 3.0724536498747925e-04
4.7483219829901285e-01 3.0718753326591179e-04
4.7513935690082343e-01 3.0712966411856044e-04
4.7544645761477672e-01 3.0707175755266097e-04
4.7575350040345771e-01 3.0701381357504785e-04
4.7606048522945826e-01 3.0695583219288966e-04
4.7636741205537730e-01 3.0689781341337446e-04
4.7667428084382102e-01 3.0683975724332224e-04
4.7698109155740243e-01 3.0678166368999484e-04
4.7728784415874176e-01 3.0672353276039804e-04
4.7759453861046636e-01 3.0666536446151860e-04
4.7790117487521044e-01 3.0660715880068872e-04
4.7820775291561557e-01 3.0654891578482505e-04
4.7851427269433028e-01 3.0649063542102035e-04
4.7882073417401022e-01 3.0643231771637923e-04
4.7912713731731810e-01 3.0637396267807639e-04
4.7943348208692377e-01 3.0631557031320886e-04
4.7973976844550426e-01 3.0625714062880097e-04
4.8004599635574358e-01 3.0619867363208445e-04
4.8035216578033296e-01 3.0614016933013405e-04
4.8065827668197075e-01 3.0608162773004648e-04
4.8096432902336239e-01 3.0602304883901301e-04
4.8127032276722048e-01 3.0596443266411459e-04
4.8157625787626474e-01 3.0590577921255964e-04
4.8188213431322202e-01 3.0584708849148892e-04
4.8218795204082643e-01 3.0578836050794547e-04
4.8249371102181909e-01 3.0572959526916163e-04
4.8279941121894832e-01 3.0567079278235324e-04
4.8310505259496966e-01 3.0561195305456800e-04
4.8341063511264576e-01 3.0555307609302784e-04
4.8371615873474644e-01 3.0549416190492335e-04
4.8402162342404870e-01 3.0543521049742966e-04
4.8432702914333675e-01 3.0537622187771260e-04
4.8463237585540198e-01 3.0531719605293522e-04
4.8493766352304291e-01 3.0525813303035614e-04
4.8524289210906535e-01 3.0519903281707445e-04
4.8554806157628222e-01 3.0513989542034573e-04
4.8585317188751365e-01 3.0508072084743822e-04
4.8615822300558703e-01 3.0502150910549771e-04
4.8646321489333694e-01 3.0496226020176317e-04
4.8676814751360520e-01 3.0490297414336365e-04
4.8707302082924081e-01 3.0484365093757870e-04
4.8737783480309999e-01 3.0478429059166645e-04
4.8768258939804615e-01 3.0472489311292463e-04
4.8798728457695012e-01 3.0466545850841035e-04
4.8829192030268975e-01 3.0460598678549354e-04
4.8859649653815029e-01 3.0454647795132706e-04
4.8890101324622409e-01 3.0448693201330120e-04
4.8920547038981088e-01 3.0442734897859154e-04
4.8950986793181767e-01 3.0436772885433647e-04
4.8981420583515850e-01 3.0430807164807174e-04
4.9011848406275499e-01 3.0424837736682964e-04
4.9042270257753584e-01 3.0418864601793196e-04
4.9072686134243704e-01 3.0412887760871424e-04
4.9103096032040189e-01 3.0406907214643679e-04
4.9133499947438097e-01 3.0400922963838551e-04
4.9163897876733215e-01 3.0394935009186405e-04
4.9194289816222059e-01 3.0388943351414841e-04
4.9224675762201875e-01 3.0382947991253168e-04
4.9255055710970641e-01 3.0376948929429596e-04
4.9285429658827057e-01 3.0370946166687285e-04
4.9315797602070571e-01 3.0364939703737088e-04
4.9346159537001344e-01 3.0358929541328584e-04
4.9376515459920278e-01 3.0352915680189951e-04
4.9406865367129010e-01 3.0346898121049815e-04
4.9437209254929909e-01 3.0340876864637595e-04
4.9467547119626071e-01 3.0334851911694360e-04
4.9497878957521330e-01 3.0328823262953144e-04
4.9528204764920253e-01 3.0322790919149226e-04
4.9558524538128146e-01 3.0316754881013912e-04
4.9588838273451047e-01 3.0310715149282040e-04
4.9619145967195727e-01 3.0304671724694539e-04
4.9649447615669695e-01 3.0298624607988622e-04
4.9679743215181199e-01 3.0292573799898246e-04
4.9710032762039225e-01 3.0286519301156049e-04
4.9740316252553496e-01 3.0280461112494291e-04
4.9770593683034459e-01 3.0274399234672553e-04
4.9800865049793319e-01 3.0268333668413374e-04
4.9831130349142011e-01 3.0262264414459162e-04
4.9861389577393211e-01 3.0256191473544567e-04
4.9891642730860331e-01 3.0250114846417286e-04
4.9921889805857522e-01 3.0244034533819186e-04
4.9952130798699684e-01 3.0237950536487047e-04
4.9982365705702453e-01 3.0231862855159856e-04
5.0012594523182208e-01 3.0225771490577916e-04
5.0042817247456062e-01 3.0219676443493882e-04
5.0073033874841888e-01 3.0213577714629830e-04
5.0103244401658276e-01 3.0207475304758137e-04
5.0133448824224591e-01 3.0201369214587638e-04
5.0163647138860912e-01 3.0195259444887974e-04
5.0193839341888069e-01 3.0189145996412857e-04
5.0224025429627661e-01 3.0183028869872622e-04
5.0254205398402008e-01 3.0176908066024732e-04
5.0284379244534172e-01 3.0170783585628297e-04
5.0314546964347973e-01 3.0164655429425858e-04
5.0344708554167972e-01 3.0158523598166920e-04
5.0374864010319487e-01 3.0152388092584404e-04
5.0405013329128578e-01 3.0146248913419057e-04
5.0435156506922030e-01 3.0140106061461269e-04
5.0465293540027423e-01 3.0133959537404539e-04
5.0495424424773039e-01 3.0127809342036935e-04
5.0525549157487937e-01 3.0121655476092528e-04
5.0555667734501919e-01 3.0115497940318571e-04
5.0585780152145521e-01 3.0109336735492095e-04
5.0615886406750066e-01 3.0103171862322419e-04
5.0645986494647599e-01 3.0097003321572532e-04
5.0676080412170910e-01 3.0090831114020340e-04
5.0706168155653564e-01 3.0084655240395983e-04
5.0736249721429871e-01 3.0078475701447954e-04
5.0766325105834886e-01 3.0072292497938992e-04
5.0796394305204429e-01 3.0066105630608553e-04
5.0826457315875051e-01 3.0059915100236765e-04
5.0856514134184083e-01 3.0053720907559383e-04
5.0886564756469599e-01 3.0047523053333697e-04
5.0916609179070438e-01 3.0041321538295921e-04
5.0946647398326161e-01 3.0035116363245201e-04
5.0976679410577130e-01 3.0028907528900037e-04
5.1006705212164427e-01 3.0022695036044410e-04
5.1036724799429922e-01 3.0016478885403955e-04
5.1066738168716208e-01 3.0010259077769218e-04
5.1096745316366665e-01 3.0004035613876074e-04
5.1126746238725418e-01 2.9997808494486246e-04
5.1156740932137346e-01 2.9991577720369240e-04
5.1186729392948105e-01 2.9985343292257809e-04
5.1216711617504085e-01 2.9979105210938331e-04
5.1246687602152452e-01 2.9972863477164841e-04
5.1276657343241139e-01 2.9966618091680061e-04
5.1306620837118810e-01 2.9960369055278050e-04
5.1336578080134920e-01 2.9954116368694048e-04
5.1366529068639688e-01 2.9947860032697004e-04
5.1396473798984066e-01 2.9941600048047514e-04
5.1426412267519783e-01 2.9935336415521914e-04
5.1456344470599347e-01 2.9929069135858525e-04
5.1486270404576007e-01 2.9922798209833245e-04
5.1516190065803780e-01 2.9916523638218726e-04
5.1546103450637459e-01 2.9910245421762720e-04
5.1576010555432583e-01 2.9903963561254900e-04
5.1605911376545477e-01 2.9897678057437169e-04
5.1635805910333221e-01 2.9891388911077859e-04
5.1665694153153663e-01 2.9885096122939971e-04
5.1695576101365404e-01 2.9878799693813497e-04
5.1725451751327833e-01 2.9872499624444354e-04
5.1755321099401097e-01 2.9866195915605707e-04
5.1785184141946106e-01 2.9859888568072376e-04
5.1815040875324547e-01 2.9853577582603428e-04
5.1844891295898876e-01 2.9847262959963527e-04
5.1874735400032301e-01 2.9840944700943193e-04
5.1904573184088831e-01 2.9834622806279050e-04
5.1934404644433207e-01 2.9828297276777348e-04
5.1964229777430970e-01 2.9821968113190724e-04
5.1994048579448426e-01 2.9815635316280672e-04
5.2023861046852637e-01 2.9809298886841306e-04
5.2053667176011464e-01 2.9802958825612442e-04
5.2083466963293501e-01 2.9796615133411547e-04
5.2113260405068162e-01 2.9790267810963377e-04
5.2143047497705586e-01 2.9783916859090945e-04
5.2172828237576729e-01 2.9777562278524635e-04
5.2202602621053296e-01 2.9771204070055604e-04
5.2232370644507764e-01 2.9764842234464907e-04
5.2262132304313402e-01 2.9758476772516397e-04
5.2291887596844233e-01 2.9752107685006502e-04
5.2321636518475090e-01 2.9745734972669535e-04
5.2351379065581538e-01 2.9739358636320757e-04
5.2381115234539943e-01 2.9732978676734196e-04
5.2410845021727459e-01 2.9726595094661763e-04
5.2440568423521994e-01 2.9720207890900839e-04
5.2470285436302244e-01 2.9713817066227247e-04
5.2499996056447684e-01 2.9707422621421184e-04
5.2529700280338576e-01 2.9701024557243533e-04
5.2559398104355937e-01 2.9694622874504073e-04
5.2589089524881594e-01 2.9688217573953999e-04
5.2618774538298130e-01 2.9681808656391577e-04
5.2648453140988927e-01 2.9675396122580844e-04
5.2678125329338121e-01 2.9668979973337240e-04
5.2707791099730661e-01 2.9662560209418523e-04
5.2737450448552270e-01 2.9656136831594234e-04
5.2767103372189439e-01 2.9649709840664498e-04
5.2796749867029447e-01 2.9643279237419752e-04
5.2826389929460371e-01 2.9636845022619658e-04
5.2856023555871057e-01 2.9630407197059187e-04
5.2885650742651136e-01 2.9623965761523886e-04
5.2915271486191018e-01 2.9617520716816715e-04
5.2944885782881923e-01 2.9611072063689367e-04
5.2974493629115826e-01 2.9604619802954280e-04
5.3004095021285513e-01 2.9598163935376070e-04
5.3033689955784535e-01 2.9591704461759882e-04
5.3063278429007243e-01 2.9585241382886298e-04
5.3092860437348777e-01 2.9578774699534101e-04
5.3122435977205051e-01 2.9572304412502960e-04
5.3152005044972783e-01 2.9565830522572541e-04
5.3181567637049465e-01 2.9559353030541690e-04
5.3211123749833389e-01 2.9552871937193245e-04
5.3240673379723635e-01 2.9546387243310638e-04
5.3270216523120062e-01 2.9539898949701475e-04
5.3299753176423337e-01 2.9533407057137406e-04
5.3329283336034905e-01 2.9526911566414284e-04
5.3358806998357000e-01 2.9520412478336233e-04
5.3388324159792666e-01 2.9513909793667053e-04
5.3417834816745713e-01 2.9507403513227788e-04
5.3447338965620761e-01 2.9500893637799118e-04
5.3476836602823219e-01 2.9494380168174110e-04
5.3506327724759284e-01 2.9487863105155687e-04
5.3535812327835952e-01 2.9481342449536529e-04
5.3565290408461030e-01 2.9474818202076110e-04
5.3594761963043080e-01 2.9468290363615548e-04
5.3624226987991486e-01 2.9461758934942284e-04
5.3653685479716440e-01 2.9455223916813192e-04
5.3683137434628891e-01 2.9448685310069989e-04
5.3712582849140611e-01 2.9442143115503258e-04
5.3742021719664168e-01 2.9435597333899138e-04
5.3771454042612932e-01 2.9429047966039561e-04
5.3800879814401059e-01 2.9422495012727058e-04
5.3830299031443485e-01 2.9415938474805151e-04
5.3859711690155998e-01 2.9409378353005593e-04
5.3889117786955132e-01 2.9402814648171949e-04
5.3918517318258241e-01 2.9396247361102999e-04
5.3947910280483491e-01 2.9389676492576735e-04
5.3977296670049824e-01 2.9383102043418509e-04
5.4006676483377003e-01 2.9376524014412434e-04
5.4036049716885592e-01 2.9369942406346384e-04
5.4065416366996932e-01 2.9363357220058310e-04
5.4094776430133196e-01 2.9356768456324556e-04
5.4124129902717344e-01 2.9350176115950494e-04
5.4153476781173138e-01 2.9343580199750452e-04
5.4182817061925148e-01 2.9336980708523911e-04
5.4212150741398746e-01 2.9330377643078655e-04
5.4241477816020123e-01 2.9323771004190392e-04
5.4270798282216237e-01 2.9317160792711924e-04
5.4300112136414891e-01 2.9310547009417408e-04
5.4329419375044685e-01 2.9303929655097175e-04
5.4358719994534999e-01 2.9297308730596208e-04
5.4388013991316042e-01 2.9290684236710815e-04
5.4417301361818837e-01 2.9284056174226717e-04
5.4446582102475194e-01 2.9277424543972186e-04
5.4475856209717743e-01 2.9270789346744962e-04
5.4505123679979917e-01 2.9264150583363502e-04
5.4534384509695966e-01 2.9257508254618061e-04
5.4563638695300931e-01 2.9250862361343571e-04
5.4592886233230686e-01 2.9244212904326177e-04
5.4622127119921904e-01 2.9237559884376092e-04
5.4651361351812056e-01 2.9230903302325913e-04
5.4680588925339435e-01 2.9224243158985143e-04
5.4709809836943157e-01 2.9217579455144188e-04
5.4739024083063126e-01 2.9210912191640864e-04
5.4768231660140088e-01 2.9204241369248262e-04
5.4797432564615567e-01 2.9197566988813534e-04
5.4826626792931921e-01 2.9190889051143294e-04
5.4855814341532327e-01 2.9184207557026560e-04
5.4884995206860743e-01 2.9177522507319557e-04
5.4914169385361988e-01 2.9170833902814888e-04
5.4943336873481663e-01 2.9164141744315522e-04
5.4972497667666187e-01 2.9157446032659738e-04
5.5001651764362813e-01 2.9150746768634678e-04
5.5030799160019583e-01 2.9144043953089791e-04
5.5059939851085382e-01 2.9137337586816135e-04
5.5089073834009883e-01 2.9130627670664243e-04
5.5118201105243614e-01 2.9123914205407867e-04
5.5147321661237891e-01 2.9117197191880955e-04
5.5176435498444854e-01 2.9110476630913928e-04
5.5205542613317471e-01 2.9103752523304457e-04
5.5234643002309503e-01 2.9097024869917046e-04
5.5263736661875573e-01 2.9090293671519575e-04
5.5292823588471096e-01 2.9083558928945526e-04
5.5321903778552306e-01 2.9076820643025777e-04
5.5350977228576270e-01 2.9070078814568177e-04
5.5380043935000856e-01 2.9063333444424622e-04
5.5409103894284784e-01 2.9056584533380990e-04
5.5438157102887564e-01 2.9049832082289850e-04
5.5467203557269562e-01 2.9043076091939856e-04
5.5496243253891941e-01 2.9036316563168846e-04
5.5525276189216688e-01 2.9029553496817201e-04
5.5554302359706620e-01 2.9022786893707827e-04
5.5583321761825399e-01 2.9016016754624774e-04
5.5612334392037466e-01 2.9009243080448631e-04
5.5641340246808135e-01 2.9002465871954088e-04
5.5670339322603513e-01 2.8995685129993437e-04
5.5699331615890535e-01 2.8988900855405047e-04
5.5728317123136994e-01 2.8982113048967381e-04
5.5757295840811461e-01 2.8975321711564487e-04
5.5786267765383368e-01 2.8968526843999173e-04
5.5815232893322975e-01 2.8961728447086065e-04
5.5844191221101347e-01 2.8954926521679845e-04
5.5873142745190396e-01 2.8948121068601590e-04
5.5902087462062877e-01 2.8941312088640421e-04
5.5931025368192322e-01 2.8934499582699316e-04
5.5959956460053151e-01 2.8927683551554747e-04
5.5988880734120594e-01 2.8920863996029076e-04
5.6017798186870682e-01 2.8914040917007696e-04
5.6046708814780322e-01 2.8907214315281211e-04
5.6075612614327230e-01 2.8900384191684730e-04
5.6104509581989959e-01 2.8893550547050642e-04
5.6133399714247889e-01 2.8886713382214060e-04
5.6162283007581237e-01 2.8879872698008745e-04
5.6191159458471041e-01 2.8873028495294390e-04
5.6220029063399202e-01 2.8866180774861111e-04
5.6248891818848434e-01 2.8859329537551823e-04
5.6277747721302274e-01 2.8852474784235626e-04
5.6306596767245121e-01 2.8845616515716825e-04
5.6335438953162198e-01 2.8838754732827523e-04
5.6364274275539561e-01 2.8831889436410272e-04
5.6393102730864098e-01 2.8825020627314357e-04
5.6421924315623539e-01 2.8818148306373011e-04
5.6450739026306462e-01 2.8811272474405208e-04
5.6479546859402263e-01 2.8804393132268508e-04
5.6508347811401183e-01 2.8797510280802353e-04
5.6537141878794317e-01 2.8790623920816612e-04
5.6565929058073572e-01 2.8783734053178006e-04
5.6594709345731709e-01 2.8776840678724260e-04
5.6623482738262332e-01 2.8769943798278799e-04
5.6652249232159868e-01 2.8763043412713055e-04
5.6681008823919610e-01 2.8756139522838261e-04
5.6709761510037682e-01 2.8749232129483609e-04
5.6738507287011020e-01 2.8742321233549134e-04
5.6767246151337458e-01 2.8735406835808409e-04
5.6795978099515620e-01 2.8728488937152668e-04
5.6824703128045007e-01 2.8721567538399028e-04
5.6853421233425949e-01 2.8714642640387250e-04
5.6882132412159614e-01 2.8707714243981439e-04
5.6910836660748021e-01 2.8700782350022367e-04
5.6939533975694046e-01 2.8693846959327619e-04
5.6968224353501373e-01 2.8686908072789863e-04
5.6996907790674578e-01 2.8679965691209223e-04
5.7025584283719044e-01 2.8673019815462613e-04
5.7054253829141022e-01 2.8666070446383102e-04
5.7082916423447605e-01 2.8659117584811834e-04
5.7111572063146732e-01 2.8652161231594624e-04
5.7140220744747172e-01 2.8645201387612017e-04
5.7168862464758585e-01 2.8638238053654402e-04
5.7197497219691429e-01 2.8631271230622886e-04
5.7226125006057038e-01 2.8624300919351920e-04
5.7254745820367603e-01 2.8617327120666197e-04
5.7283359659136146e-01 2.8610349835428498e-04
5.7311966518876534e-01 2.8603369064513726e-04
5.7340566396103509e-01 2.8596384808737683e-04
5.7369159287332638e-01 2.8589397068982378e-04
5.7397745189080362e-01 2.8582405846072818e-04
5.7426324097863968e-01 2.8575411140851066e-04
5.7454896010201562e-01 2.8568412954226474e-04
5.7483460922612162e-01 2.8561411286981962e-04
5.7512018831615586e-01 2.8554406140017627e-04
5.7540569733732527e-01 2.8547397514182797e-04
5.7569113625484547e-01 2.8540385410298364e-04
5.7597650503394027e-01 2.8533369829257781e-04
5.7626180363984236e-01 2.8526350771882993e-04
5.7654703203779267e-01 2.8519328239066943e-04
5.7683219019304111e-01 2.8512302231606705e-04
5.7711727807084556e-01 2.8505272750427063e-04
5.7740229563647294e-01 2.8498239796353656e-04
5.7768724285519868e-01 2.8491203370220787e-04
5.7797211969230655e-01 2.8484163472914043e-04
5.7825692611308899e-01 2.8477120105301919e-04
5.7854166208284719e-01 2.8470073268211635e-04
5.7882632756689079e-01 2.8463022962501677e-04
5.7911092253053786e-01 2.8455969189063976e-04
5.7939544693911538e-01 2.8448911948727079e-04
5.7967990075795872e-01 2.8441851242357708e-04
5.7996428395241184e-01 2.8434787070829285e-04
5.8024859648782734e-01 2.8427719435007021e-04
5.8053283832956659e-01 2.8420648335719705e-04
5.8081700944299941e-01 2.8413573773835156e-04
5.8110110979350404e-01 2.8406495750261951e-04
5.8138513934646785e-01 2.8399414265801515e-04
5.8166909806728639e-01 2.8392329321346609e-04
5.8195298592136402e-01 2.8385240917759693e-04
5.8223680287411372e-01 2.8378149055896708e-04
5.8252054889095706e-01 2.8371053736635075e-04
5.8280422393732434e-01 2.8363954960823970e-04
5.8308782797865444e-01 2.8356852729334852e-04
5.8337136098039488e-01 2.8349747043036471e-04
5.8365482290800186e-01 2.8342637902797945e-04
5.8393821372694021e-01 2.8335525309488874e-04
5.8422153340268368e-01 2.8328409263929339e-04
5.8450478190071420e-01 2.8321289767043459e-04
5.8478795918652271e-01 2.8314166819679021e-04
5.8507106522560881e-01 2.8307040422694197e-04
5.8535409998348065e-01 2.8299910576971718e-04
5.8563706342565514e-01 2.8292777283378458e-04
5.8591995551765785e-01 2.8285640542787156e-04
5.8620277622502326e-01 2.8278500356028501e-04
5.8648552551329403e-01 2.8271356724042263e-04
5.8676820334802215e-01 2.8264209647627060e-04
5.8705080969476786e-01 2.8257059127694033e-04
5.8733334451910024e-01 2.8249905165114090e-04
5.8761580778659717e-01 2.8242747760746060e-04
5.8789819946284516e-01 2.8235586915464103e-04
5.8818051951343941e-01 2.8228422630154304e-04
5.8846276790398400e-01 2.8221254905669079e-04
5.8874494460009152e-01 2.8214083742903904e-04
5.8902704956738350e-01 2.8206909142719689e-04
5.8930908277149019e-01 2.8199731105971090e-04
5.8959104417805042e-01 2.8192549633556567e-04
5.8987293375271177e-01 2.8185364726370952e-04
5.9015475146113083e-01 2.8178176385252804e-04
5.9043649726897285e-01 2.8170984611065701e-04
5.9071817114191150e-01 2.8163789404745353e-04
5.9099977304562967e-01 2.8156590767123337e-04
5.9128130294581882e-01 2.8149388699086060e-04
5.9156276080817916e-01 2.8142183201516235e-04
5.9184414659841977e-01 2.8134974275276941e-04
5.9212546028225843e-01 2.8127761921255956e-04
5.9240670182542166e-01 2.8120546140346023e-04
5.9268787119364486e-01 2.8113326933421051e-04
5.9296896835267232e-01 2.8106104301331907e-04
5.9324999326825689e-01 2.8098878244988497e-04
5.9353094590616040e-01 2.8091648765257184e-04
5.9381182623215334e-01 2.8084415863039488e-04
5.9409263421201519e-01 2.8077179539191902e-04
5.9437336981153421e-01 2.8069939794584108e-04
5.9465403299650721e-01 2.8062696630149880e-04
5.9493462373274020e-01 2.8055450046726688e-04
5.9521514198604775e-01 2.8048200045223512e-04
5.9549558772225342e-01 2.8040946626509556e-04
5.9577596090718965e-01 2.8033689791443276e-04
5.9605626150669733e-01 2.8026429540975949e-04
5.9633648948662676e-01 2.8019165875922106e-04
5.9661664481283661e-01 2.8011898797219807e-04
5.9689672745119471e-01 2.8004628305719487e-04
5.9717673736757759e-01 2.7997354402320125e-04
5.9745667452787066e-01 2.7990077087915703e-04
5.9773653889796829e-01 2.7982796363369851e-04
5.9801633044377356e-01 2.7975512229595686e-04
5.9829604913119860e-01 2.7968224687453043e-04
5.9857569492616414e-01 2.7960933737876788e-04
5.9885526779460019e-01 2.7953639381701154e-04
5.9913476770244534e-01 2.7946341619838167e-04
5.9941419461564716e-01 2.7939040453175615e-04
5.9969354850016210e-01 2.7931735882603834e-04
5.9997282932195550e-01 2.7924427909019556e-04
6.0025203704700170e-01 2.7917116533295169e-04
6.0053117164128378e-01 2.7909801756337857e-04
6.0081023307079373e-01 2.7902483579061229e-04
6.0108922130153286e-01 2.7895162002280653e-04
6.0136813629951069e-01 2.7887837026979663e-04
6.0164697803074629e-01 2.7880508653993730e-04
6.0192574646126740e-01 2.7873176884221488e-04
6.0220444155711061e-01 2.7865841718573159e-04
6.0248306328432166e-01 2.7858503157920044e-04
6.0276161160895503e-01 2.7851161203174284e-04
6.0304008649707419e-01 2.7843815855234334e-04
6.0331848791475162e-01 2.7836467114990726e-04
6.0359681582806879e-01 2.7829114983324082e-04
6.0387507020311604e-01 2.7821759461129882e-04
6.0415325100599249e-01 2.7814400549353041e-04
6.0443135820280669e-01 2.7807038248823488e-04
6.0470939175967575e-01 2.7799672560473008e-04
6.0498735164272599e-01 2.7792303485174694e-04
6.0526523781809238e-01 2.7784931023878111e-04
6.0554305025191935e-01 2.7777555177423537e-04
6.0582078891035984e-01 2.7770175946757237e-04
6.0609845375957616e-01 2.7762793332743174e-04
6.0637604476573947e-01 2.7755407336273115e-04
6.0665356189502972e-01 2.7748017958293704e-04
6.0693100511363618e-01 2.7740625199672509e-04
6.0720837438775699e-01 2.7733229061310084e-04
6.0748566968359929e-01 2.7725829544108431e-04
6.0776289096737912e-01 2.7718426649002073e-04
6.0804003820532193e-01 2.7711020376826426e-04
6.0831711136366162e-01 2.7703610728555038e-04
6.0859411040864164e-01 2.7696197705039192e-04
6.0887103530651421e-01 2.7688781307189645e-04
6.0914788602354053e-01 2.7681361535931287e-04
6.0942466252599092e-01 2.7673938392169226e-04
6.0970136478014481e-01 2.7666511876798421e-04
6.0997799275229070e-01 2.7659081990695906e-04
6.1025454640872590e-01 2.7651648734810217e-04
6.1053102571575701e-01 2.7644212110022480e-04
6.1080743063969956e-01 2.7636772117256743e-04
6.1108376114687823e-01 2.7629328757402063e-04
6.1136001720362676e-01 2.7621882031364465e-04
6.1163619877628783e-01 2.7614431940070123e-04
6.1191230583121337e-01 2.7606978484411715e-04
6.1218833833476427e-01 2.7599521665302361e-04
6.1246429625331056e-01 2.7592061483650205e-04
6.1274017955323135e-01 2.7584597940360513e-04
6.1301598820091485e-01 2.7577131036336301e-04
6.1329172216275829e-01 2.7569660772504669e-04
6.1356738140516809e-01 2.7562187149765788e-04
6.1384296589455978e-01 2.7554710169020791e-04
6.1411847559735788e-01 2.7547229831196001e-04
6.1439391047999614e-01 2.7539746137197907e-04
6.1466927050891740e-01 2.7532259087931687e-04
6.1494455565057349e-01 2.7524768684336170e-04
6.1521976587142557e-01 2.7517274927301620e-04
6.1549490113794392e-01 2.7509777817721930e-04
6.1576996141660767e-01 2.7502277356557004e-04
6.1604494667390552e-01 2.7494773544662303e-04
6.1631985687633484e-01 2.7487266383012358e-04
6.1659469199040251e-01 2.7479755872486397e-04
6.1686945198262444e-01 2.7472242013996078e-04
6.1714413681952551e-01 2.7464724808498039e-04
6.1741874646764017e-01 2.7457204256849821e-04
6.1769328089351161e-01 2.7449680360007233e-04
6.1796774006369237e-01 2.7442153118887067e-04
6.1824212394474432e-01 2.7434622534364296e-04
6.1851643250323807e-01 2.7427088607417883e-04
6.1879066570575381e-01 2.7419551338932950e-04
6.1906482351888081e-01 2.7412010729815120e-04
6.1933890590921747e-01 2.7404466780989498e-04
6.1961291284337128e-01 2.7396919493403478e-04
6.1988684428795904e-01 2.7389368867972321e-04
6.2016070020960690e-01 2.7381814905579386e-04
6.2043448057494999e-01 2.7374257607158583e-04
6.2070818535063266e-01 2.7366696973644608e-04
6.2098181450330858e-01 2.7359133005940738e-04
6.2125536799964043e-01 2.7351565705009077e-04
6.2152884580630041e-01 2.7343995071726272e-04
6.2180224788996974e-01 2.7336421107028989e-04
6.2207557421733894e-01 2.7328843811826931e-04
6.2234882475510755e-01 2.7321263187092391e-04
6.2262199946998475e-01 2.7313679233689130e-04
6.2289509832868861e-01 2.7306091952570313e-04
6.2316812129794652e-01 2.7298501344670388e-04
6.2344106834449531e-01 2.7290907410875863e-04
6.2371393943508069e-01 2.7283310152165978e-04
6.2398673453645803e-01 2.7275709569416065e-04
6.2425945361539170e-01 2.7268105663572615e-04
6.2453209663865539e-01 2.7260498435562779e-04
6.2480466357303199e-01 2.7252887886331661e-04
6.2507715438531386e-01 2.7245274016776238e-04
6.2534956904230243e-01 2.7237656827843669e-04
6.2562190751080859e-01 2.7230036320436280e-04
6.2589416975765233e-01 2.7222412495505558e-04
6.2616635574966306e-01 2.7214785353976213e-04
6.2643846545367932e-01 2.7207154896767078e-04
6.2671049883654906e-01 2.7199521124843360e-04
6.2698245586512968e-01 2.7191884039081408e-04
6.2725433650628759e-01 2.7184243640448352e-04
6.2752614072689861e-01 2.7176599929882249e-04
6.2779786849384800e-01 2.7168952908284924e-04
6.2806951977403025e-01 2.7161302576587227e-04
6.2834109453434905e-01 2.7153648935745274e-04
6.2861259274171755e-01 2.7145991986687873e-04
6.2888401436305819e-01 2.7138331730341503e-04
6.2915535936530276e-01 2.7130668167639309e-04
6.2942662771539237e-01 2.7123001299512458e-04
6.2969781938027747e-01 2.7115331126897348e-04
6.2996893432691792e-01 2.7107657650707518e-04
6.3023997252228270e-01 2.7099980871917270e-04
6.3051093393335034e-01 2.7092300791453975e-04
6.3078181852710880e-01 2.7084617410221717e-04
6.3105262627055514e-01 2.7076930729190527e-04
6.3132335713069598e-01 2.7069240749284568e-04
6.3159401107454727e-01 2.7061547471437044e-04
6.3186458806913426e-01 2.7053850896597290e-04
6.3213508808149177e-01 2.7046151025665707e-04
6.3240551107866361e-01 2.7038447859645156e-04
6.3267585702770346e-01 2.7030741399409981e-04
6.3294612589567401e-01 2.7023031645936039e-04
6.3321631764964748e-01 2.7015318600160640e-04
6.3348643225670553e-01 2.7007602263008683e-04
6.3375646968393917e-01 2.6999882635426239e-04
6.3402642989844882e-01 2.6992159718349678e-04
6.3429631286734423e-01 2.6984433512738812e-04
6.3456611855774470e-01 2.6976704019515300e-04
6.3483584693677875e-01 2.6968971239655607e-04
6.3510549797158466e-01 2.6961235174043145e-04
6.3537507162930984e-01 2.6953495823648705e-04
6.3564456787711121e-01 2.6945753189408750e-04
6.3591398668215493e-01 2.6938007272316619e-04
6.3618332801161703e-01 2.6930258073250702e-04
6.3645259183268266e-01 2.6922505593177841e-04
6.3672177811254649e-01 2.6914749833035448e-04
6.3699088681841265e-01 2.6906990793767565e-04
6.3725991791749459e-01 2.6899228476348673e-04
6.3752887137701542e-01 2.6891462881701363e-04
6.3779774716420756e-01 2.6883694010783164e-04
6.3806654524631301e-01 2.6875921864529998e-04
6.3833526559058318e-01 2.6868146443885689e-04
6.3860390816427892e-01 2.6860367749804504e-04
6.3887247293467064e-01 2.6852585783220548e-04
6.3914095986903807e-01 2.6844800545110042e-04
6.3940936893467060e-01 2.6837012036401192e-04
6.3967770009886704e-01 2.6829220258038698e-04
6.3994595332893556e-01 2.6821425211008538e-04
6.4021412859219418e-01 2.6813626896196450e-04
6.4048222585596992e-01 2.6805825314622951e-04
6.4075024508759981e-01 2.6798020467178198e-04
6.4101818625443008e-01 2.6790212354831219e-04
6.4128604932381639e-01 2.6782400978569510e-04
6.4155383426312429e-01 2.6774586339286898e-04
6.4182154103972844e-01 2.6766768437982936e-04
6.4208916962101326e-01 2.6758947275597352e-04
6.4235671997437271e-01 2.6751122853060113e-04
6.4262419206721011e-01 2.6743295171359520e-04
6.4289158586693851e-01 2.6735464231418939e-04
6.4315890134098042e-01 2.6727630034191919e-04
6.4342613845676777e-01 2.6719792580657279e-04
6.4369329718174217e-01 2.6711951871768075e-04
6.4396037748335477e-01 2.6704107908476075e-04
6.4422737932906637e-01 2.6696260691705539e-04
6.4449430268634700e-01 2.6688410222472115e-04
6.4476114752267677e-01 2.6680556501652711e-04
6.4502791380554469e-01 2.6672699530301438e-04
6.4529460150245010e-01 2.6664839309272284e-04
6.4556121058090121e-01 2.6656975839607682e-04
6.4582774100841622e-01 2.6649109122237085e-04
6.4609419275252289e-01 2.6641239158100948e-04
6.4636056578075840e-01 2.6633365948179258e-04
6.4662686006066972e-01 2.6625489493404305e-04
6.4689307555981324e-01 2.6617609794752771e-04
6.4715921224575490e-01 2.6609726853213064e-04
6.4742527008607054e-01 2.6601840669697815e-04
6.4769124904834530e-01 2.6593951245200257e-04
6.4795714910017410e-01 2.6586058580666401e-04
6.4822297020916142e-01 2.6578162677062014e-04
6.4848871234292138e-01 2.6570263535342681e-04
6.4875437546907766e-01 2.6562361156484275e-04
6.4901995955526359e-01 2.6554455541451998e-04
6.4928546456912228e-01 2.6546546691176006e-04
6.4955089047830616e-01 2.6538634606670540e-04
6.4981623725047766e-01 2.6530719288852080e-04
6.5008150485330851e-01 2.6522800738723541e-04
6.5034669325448036e-01 2.6514878957225262e-04
6.5061180242168448e-01 2.6506953945294775e-04
6.5087683232262150e-01 2.6499025703960471e-04
6.5114178292500202e-01 2.6491094234156826e-04
6.5140665419654620e-01 2.6483159536852286e-04
6.5167144610498384e-01 2.6475221613016822e-04
6.5193615861805443e-01 2.6467280463623755e-04
6.5220079170350720e-01 2.6459336089618748e-04
6.5246534532910094e-01 2.6451388491985107e-04
6.5272981946260422e-01 2.6443437671681803e-04
6.5299421407179525e-01 2.6435483629674465e-04
6.5325852912446181e-01 2.6427526366966679e-04
6.5352276458840164e-01 2.6419565884483329e-04
6.5378692043142195e-01 2.6411602183219637e-04
6.5405099662133970e-01 2.6403635264149347e-04
6.5431499312598163e-01 2.6395665128233842e-04
6.5457890991318424e-01 2.6387691776414297e-04
6.5484274695079348e-01 2.6379715209709362e-04
6.5510650420666516e-01 2.6371735429090397e-04
6.5537018164866501e-01 2.6363752435487283e-04
6.5563377924466815e-01 2.6355766229910855e-04
6.5589729696255961e-01 2.6347776813326671e-04
6.5616073477023418e-01 2.6339784186691907e-04
6.5642409263559631e-01 2.6331788350983924e-04
6.5668737052656012e-01 2.6323789307204512e-04
6.5695056841104971e-01 2.6315787056287345e-04
6.5721368625699861e-01 2.6307781599250763e-04
6.5747672403235036e-01 2.6299772937047759e-04
6.5773968170505825e-01 2.6291761070627211e-04
6.5800255924308515e-01 2.6283746000998315e-04
6.5826535661440377e-01 2.6275727729136507e-04
6.5852807378699663e-01 2.6267706256016967e-04
6.5879071072885598e-01 2.6259681582616707e-04
6.5905326740798398e-01 2.6251653709880572e-04
6.5931574379239222e-01 2.6243622638853412e-04
6.5957813985010250e-01 2.6235588370456957e-04
6.5984045554914617e-01 2.6227550905680682e-04
6.6010269085756434e-01 2.6219510245519229e-04
6.6036484574340804e-01 2.6211466390946666e-04
6.6062692017473801e-01 2.6203419342941042e-04
6.6088891411962492e-01 2.6195369102462819e-04
6.6115082754614896e-01 2.6187315670541219e-04
6.6141266042240043e-01 2.6179259048125135e-04
6.6167441271647942e-01 2.6171199236179016e-04
6.6193608439649554e-01 2.6163136235738017e-04
6.6219767543056862e-01 2.6155070047730901e-04
6.6245918578682805e-01 2.6147000673166229e-04
6.6272061543341310e-01 2.6138928113035440e-04
6.6298196433847301e-01 2.6130852368284538e-04
6.6324323247016659e-01 2.6122773439946198e-04
6.6350441979666275e-01 2.6114691328974241e-04
6.6376552628614016e-01 2.6106606036348224e-04
6.6402655190678728e-01 2.6098517563067660e-04
6.6428749662680242e-01 2.6090425910125489e-04
6.6454836041439380e-01 2.6082331078508168e-04
6.6480914323777962e-01 2.6074233069165473e-04
6.6506984506518774e-01 2.6066131883103848e-04
6.6533046586485589e-01 2.6058027521329438e-04
6.6559100560503170e-01 2.6049919984843687e-04
6.6585146425397290e-01 2.6041809274584301e-04
6.6611184177994687e-01 2.6033695391553013e-04
6.6637213815123086e-01 2.6025578336752811e-04
6.6663235333611215e-01 2.6017458111155656e-04
6.6689248730288775e-01 2.6009334715770501e-04
6.6715254001986468e-01 2.6001208151577997e-04
6.6741251145535974e-01 2.5993078419594707e-04
6.6767240157769991e-01 2.5984945520751159e-04
6.6793221035522177e-01 2.5976809456078597e-04
6.6819193775627184e-01 2.5968670226587628e-04
6.6845158374920677e-01 2.5960527833233238e-04
6.6871114830239309e-01 2.5952382276983274e-04
6.6897063138420687e-01 2.5944233558909430e-04
6.6923003296303463e-01 2.5936081679943699e-04
6.6948935300727253e-01 2.5927926641089769e-04
6.6974859148532662e-01 2.5919768443371746e-04
6.7000774836561316e-01 2.5911607087731692e-04
6.7026682361655809e-01 2.5903442575194932e-04
6.7052581720659732e-01 2.5895274906772382e-04
6.7078472910417686e-01 2.5887104083430624e-04
6.7104355927775261e-01 2.5878930106160294e-04
6.7130230769579025e-01 2.5870752976003359e-04
6.7156097432676576e-01 2.5862572693897073e-04
6.7181955913916480e-01 2.5854389260870225e-04
6.7207806210148313e-01 2.5846202677908599e-04
6.7233648318222639e-01 2.5838012946028446e-04
6.7259482234991030e-01 2.5829820066208061e-04
6.7285307957306051e-01 2.5821624039455135e-04
6.7311125482021261e-01 2.5813424866774029e-04
6.7336934805991233e-01 2.5805222549137534e-04
6.7362735926071515e-01 2.5797017087581567e-04
6.7388528839118689e-01 2.5788808483050005e-04
6.7414313541990289e-01 2.5780596736613295e-04
6.7440090031544897e-01 2.5772381849219623e-04
6.7465858304642057e-01 2.5764163821917279e-04
6.7491618358142358e-01 2.5755942655631510e-04
6.7517370188907333e-01 2.5747718351455624e-04
6.7543113793799570e-01 2.5739490910331225e-04
6.7568849169682632e-01 2.5731260333269440e-04
6.7594576313421095e-01 2.5723026621264839e-04
6.7620295221880511e-01 2.5714789775381833e-04
6.7646005891927485e-01 2.5706549796541050e-04
6.7671708320429580e-01 2.5698306685802841e-04
6.7697402504255400e-01 2.5690060444113317e-04
6.7723088440274504e-01 2.5681811072564493e-04
6.7748766125357507e-01 2.5673558572102134e-04
6.7774435556376011e-01 2.5665302943724618e-04
6.7800096730202619e-01 2.5657044188446968e-04
6.7825749643710931e-01 2.5648782307306442e-04
6.7851394293775569e-01 2.5640517301295311e-04
6.7877030677272165e-01 2.5632249171397186e-04
6.7902658791077353e-01 2.5623977918617366e-04
6.7928278632068761e-01 2.5615703543987789e-04
6.7953890197125033e-01 2.5607426048533221e-04
6.7979493483125841e-01 2.5599145433207767e-04
6.8005088486951826e-01 2.5590861699089707e-04
6.8030675205484681e-01 2.5582574847128777e-04
6.8056253635607089e-01 2.5574284878329673e-04
6.8081823774202721e-01 2.5565991793769421e-04
6.8107385618156302e-01 2.5557695594388593e-04
6.8132939164353534e-01 2.5549396281229352e-04
6.8158484409681142e-01 2.5541093855305344e-04
6.8184021351026858e-01 2.5532788317629741e-04
6.8209549985279438e-01 2.5524479669189031e-04
6.8235070309328627e-01 2.5516167911041634e-04
6.8260582320065211e-01 2.5507853044153645e-04
6.8286086014380976e-01 2.5499535069531832e-04
6.8311581389168696e-01 2.5491213988258830e-04
6.8337068441322213e-01 2.5482889801259876e-04
6.8362547167736321e-01 2.5474562509640206e-04
6.8388017565306880e-01 2.5466232114351110e-04
6.8413479630930751e-01 2.5457898616388069e-04
6.8438933361505783e-01 2.5449562016828720e-04
6.8464378753930866e-01 2.5441222316669804e-04
6.8489815805105903e-01 2.5432879516922811e-04
6.8515244511931817e-01 2.5424533618583557e-04
6.8540664871310530e-01 2.5416184622701325e-04
6.8566076880144999e-01 2.5407832530278149e-04
6.8591480535339200e-01 2.5399477342308291e-04
6.8616875833798097e-01 2.5391119059868359e-04
6.8642262772427720e-01 2.5382757683900981e-04
6.8667641348135067e-01 2.5374393215498684e-04
6.8693011557828199e-01 2.5366025655619009e-04
6.8718373398416155e-01 2.5357655005343746e-04
6.8743726866809041e-01 2.5349281265619377e-04
6.8769071959917927e-01 2.5340904437552172e-04
6.8794408674654961e-01 2.5332524522080595e-04
6.8819737007933268e-01 2.5324141520274634e-04
6.8845056956667017e-01 2.5315755433136987e-04
6.8870368517771396e-01 2.5307366261673105e-04
6.8895671688162596e-01 2.5298974006954055e-04
6.8920966464757860e-01 2.5290578669954719e-04
6.8946252844475420e-01 2.5282180251754051e-04
6.8971530824234573e-01 2.5273778753304925e-04
6.8996800400955605e-01 2.5265374175662572e-04
6.9022061571559834e-01 2.5256966519860059e-04
6.9047314332969600e-01 2.5248555786937515e-04
6.9072558682108287e-01 2.5240141977877893e-04
6.9097794615900288e-01 2.5231725093708692e-04
6.9123022131271006e-01 2.5223305135504314e-04
6.9148241225146900e-01 2.5214882104248774e-04
6.9173451894455440e-01 2.5206456000975242e-04
6.9198654136125126e-01 2.5198026826700937e-04
6.9223847947085482e-01 2.5189594582457505e-04
6.9249033324267051e-01 2.5181159269293217e-04
6.9274210264601410e-01 2.5172720888244437e-04
6.9299378765021180e-01 2.5164279440299342e-04
6.9324538822459991e-01 2.5155834926499429e-04
6.9349690433852507e-01 2.5147387347875937e-04
6.9374833596134422e-01 2.5138936705450639e-04
6.9399968306242454e-01 2.5130483000268902e-04
6.9425094561114353e-01 2.5122026233367667e-04
6.9450212357688912e-01 2.5113566405745306e-04
6.9475321692905934e-01 2.5105103518459972e-04
6.9500422563706266e-01 2.5096637572531169e-04
6.9525514967031776e-01 2.5088168569011412e-04
6.9550598899825389e-01 2.5079696508880153e-04
6.9575674359031014e-01 2.5071221393253553e-04
6.9600741341593653e-01 2.5062743223075630e-04
6.9625799844459291e-01 2.5054261999429692e-04
6.9650849864574971e-01 2.5045777723332603e-04
6.9675891398888767e-01 2.5037290395803815e-04
6.9700924444349766e-01 2.5028800017936443e-04
6.9725948997908127e-01 2.5020306590692218e-04
6.9750965056515013e-01 2.5011810115141214e-04
6.9775972617122628e-01 2.5003310592329003e-04
6.9800971676684220e-01 2.4994808023274829e-04
6.9825962232154071e-01 2.4986302409010184e-04
6.9850944280487492e-01 2.4977793750574661e-04
6.9875917818640831e-01 2.4969282049022533e-04
6.9900882843571477e-01 2.4960767305388519e-04
6.9925839352237862e-01 2.4952249520685216e-04
6.9950787341599452e-01 2.4943728695943308e-04
6.9975726808616734e-01 2.4935204832243074e-04
7.0000657750251261e-01 2.4926677930581166e-04
7.0025580163465595e-01 2.4918147992044395e-04
7.0050494045223366e-01 2.4909615017632860e-04
7.0075399392489224e-01 2.4901079008404910e-04
7.0100296202228873e-01 2.4892539965376120e-04
7.0125184471409041e-01 2.4883997889614789e-04
7.0150064196997508e-01 2.4875452782149258e-04
7.0174935375963088e-01 2.4866904644033630e-04
7.0199798005275649e-01 2.4858353476279901e-04
7.0224652081906080e-01 2.4849799279964781e-04
7.0249497602826338e-01 2.4841242056089627e-04
7.0274334565009400e-01 2.4832681805720704e-04
7.0299162965429285e-01 2.4824118529926715e-04
7.0323982801061080e-01 2.4815552229699516e-04
7.0348794068880882e-01 2.4806982906139534e-04
7.0373596765865865e-01 2.4798410560241698e-04
7.0398390888994222e-01 2.4789835193073643e-04
7.0423176435245205e-01 2.4781256805671975e-04
7.0447953401599106e-01 2.4772675399078445e-04
7.0472721785037262e-01 2.4764090974337046e-04
7.0497481582542054e-01 2.4755503532503283e-04
7.0522232791096906e-01 2.4746913074638415e-04
7.0546975407686296e-01 2.4738319601777547e-04
7.0571709429295759e-01 2.4729723114931600e-04
7.0596434852911849e-01 2.4721123615194034e-04
7.0621151675522187e-01 2.4712521103600183e-04
7.0645859894115437e-01 2.4703915581198024e-04
7.0670559505681307e-01 2.4695307049052564e-04
7.0695250507210572e-01 2.4686695508174816e-04
7.0719932895695037e-01 2.4678080959628405e-04
7.0744606668127563e-01 2.4669463404456131e-04
7.0769271821502056e-01 2.4660842843727339e-04
7.0793928352813473e-01 2.4652219278491948e-04
7.0818576259057830e-01 2.4643592709788889e-04
7.0843215537232196e-01 2.4634963138643915e-04
7.0867846184334660e-01 2.4626330566180992e-04
7.0892468197364411e-01 2.4617694993368089e-04
7.0917081573321639e-01 2.4609056421344790e-04
7.0941686309207641e-01 2.4600414851067178e-04
7.0966282402024716e-01 2.4591770283658918e-04
7.0990869848776239e-01 2.4583122720169058e-04
7.1015448646466650e-01 2.4574472161610058e-04
7.1040018792101423e-01 2.4565818609057990e-04
7.1064580282687084e-01 2.4557162063590604e-04
7.1089133115231240e-01 2.4548502526213200e-04
7.1113677286742527e-01 2.4539839998003035e-04
7.1138212794230637e-01 2.4531174480039693e-04
7.1162739634706329e-01 2.4522505973368307e-04
7.1187257805181425e-01 2.4513834479006222e-04
7.1211767302668783e-01 2.4505159998043278e-04
7.1236268124182323e-01 2.4496482531544448e-04
7.1260760266737022e-01 2.4487802080579282e-04
7.1285243727348935e-01 2.4479118646157817e-04
7.1309718503035158e-01 2.4470432229332798e-04
7.1334184590813821e-01 2.4461742831241232e-04
7.1358641987704163e-01 2.4453050452854450e-04
7.1383090690726436e-01 2.4444355095298566e-04
7.1407530696901989e-01 2.4435656759575473e-04
7.1431962003253202e-01 2.4426955446770041e-04
7.1456384606803514e-01 2.4418251157986697e-04
7.1480798504577459e-01 2.4409543894204707e-04
7.1505203693600594e-01 2.4400833656529716e-04
7.1529600170899554e-01 2.4392120446017007e-04
7.1553987933502028e-01 2.4383404263743935e-04
7.1578366978436780e-01 2.4374685110738618e-04
7.1602737302733621e-01 2.4365962988088933e-04
7.1627098903423425e-01 2.4357237896875000e-04
7.1651451777538155e-01 2.4348509838110021e-04
7.1675795922110797e-01 2.4339778812872755e-04
7.1700131334175421e-01 2.4331044822270388e-04
7.1724458010767178e-01 2.4322307867298109e-04
7.1748775948922250e-01 2.4313567949069918e-04
7.1773085145677895e-01 2.4304825068662895e-04
7.1797385598072461e-01 2.4296079227076678e-04
7.1821677303145326e-01 2.4287330425419845e-04
7.1845960257936947e-01 2.4278578664766945e-04
7.1870234459488846e-01 2.4269823946189100e-04
7.1894499904843634e-01 2.4261066270691231e-04
7.1918756591044941e-01 2.4252305639424089e-04
7.1943004515137510e-01 2.4243542053401163e-04
7.1967243674167136e-01 2.4234775513675273e-04
7.1991474065180661e-01 2.4226006021381145e-04
7.2015695685226022e-01 2.4217233577550760e-04
7.2039908531352226e-01 2.4208458183227075e-04
7.2064112600609320e-01 2.4199679839535137e-04
7.2088307890048464e-01 2.4190898547469226e-04
7.2112494396721838e-01 2.4182114308177795e-04
7.2136672117682732e-01 2.4173327122681526e-04
7.2160841049985480e-01 2.4164536992087740e-04
7.2185001190685516e-01 2.4155743917410745e-04
7.2209152536839305e-01 2.4146947899793535e-04
7.2233295085504423e-01 2.4138148940250467e-04
7.2257428833739490e-01 2.4129347039889815e-04
7.2281553778604224e-01 2.4120542199730855e-04
7.2305669917159376e-01 2.4111734420925938e-04
7.2329777246466820e-01 2.4102923704468304e-04
7.2353875763589459e-01 2.4094110051485262e-04
7.2377965465591287e-01 2.4085293463057080e-04
7.2402046349537386e-01 2.4076473940219044e-04
7.2426118412493901e-01 2.4067651484032746e-04
7.2450181651528034e-01 2.4058826095628148e-04
7.2474236063708086e-01 2.4049997776055536e-04
7.2498281646103424e-01 2.4041166526395940e-04
7.2522318395784502e-01 2.4032332347692580e-04
7.2546346309822829e-01 2.4023495241059332e-04
7.2570365385291002e-01 2.4014655207570107e-04
7.2594375619262697e-01 2.4005812248300339e-04
7.2618377008812662e-01 2.3996966364326968e-04
7.2642369551016739e-01 2.3988117556692165e-04
7.2666353242951820e-01 2.3979265826516201e-04
7.2690328081695899e-01 2.3970411174849442e-04
7.2714294064328033e-01 2.3961553602785217e-04
7.2738251187928360e-01 2.3952693111424565e-04
7.2762199449578113e-01 2.3943829701802085e-04
7.2786138846359583e-01 2.3934963375036900e-04
7.2810069375356157e-01 2.3926094132184172e-04
7.2833991033652290e-01 2.3917221974350709e-04
7.2857903818333525e-01 2.3908346902614739e-04
7.2881807726486503e-01 2.3899468917997494e-04
7.2905702755198909e-01 2.3890588021645474e-04
7.2929588901559539e-01 2.3881704214613673e-04
7.2953466162658254e-01 2.3872817498008856e-04
7.2977334535586014e-01 2.3863927872883696e-04
7.3001194017434845e-01 2.3855035340350717e-04
7.3025044605297873e-01 2.3846139901464712e-04
7.3048886296269300e-01 2.3837241557306708e-04
7.3072719087444404e-01 2.3828340308980296e-04
7.3096542975919554e-01 2.3819436157579359e-04
7.3120357958792204e-01 2.3810529104181970e-04
7.3144164033160897e-01 2.3801619149860839e-04
7.3167961196125264e-01 2.3792706295677887e-04
7.3191749444786003e-01 2.3783790542764577e-04
7.3215528776244909e-01 2.3774871892204104e-04
7.3239299187604867e-01 2.3765950345080452e-04
7.3263060675969860e-01 2.3757025902432956e-04
7.3286813238444926e-01 2.3748098565408622e-04
7.3310556872136212e-01 2.3739168335083527e-04
7.3334291574150967e-01 2.3730235212491546e-04
7.3358017341597481e-01 2.3721299198819815e-04
7.3381734171585189e-01 2.3712360295067330e-04
7.3405442061224579e-01 2.3703418502352461e-04
7.3429141007627241e-01 2.3694473821756818e-04
7.3452831007905839e-01 2.3685526254409146e-04
7.3476512059174148e-01 2.3676575801365507e-04
7.3500184158547022e-01 2.3667622463732196e-04
7.3523847303140411e-01 2.3658666242583161e-04
7.3547501490071354e-01 2.3649707139004943e-04
7.3571146716457969e-01 2.3640745154133013e-04
7.3594782979419493e-01 2.3631780289001965e-04
7.3618410276076229e-01 2.3622812544737753e-04
7.3642028603549581e-01 2.3613841922439865e-04
7.3665637958962060e-01 2.3604868423153998e-04
7.3689238339437246e-01 2.3595892048015386e-04
7.3712829742099817e-01 2.3586912798139955e-04
7.3736412164075571e-01 2.3577930674552216e-04
7.3759985602491362e-01 2.3568945678410690e-04
7.3783550054475178e-01 2.3559957810746134e-04
7.3807105517156057e-01 2.3550967072723508e-04
7.3830651987664164e-01 2.3541973465422111e-04
7.3854189463130770e-01 2.3532976989867869e-04
7.3877717940688192e-01 2.3523977647271611e-04
7.3901237417469900e-01 2.3514975438619729e-04
7.3924747890610432e-01 2.3505970365082053e-04
7.3948249357245421e-01 2.3496962427711258e-04
7.3971741814511593e-01 2.3487951627662232e-04
7.3995225259546804e-01 2.3478937965955155e-04
7.4018699689489964e-01 2.3469921443759797e-04
7.4042165101481117e-01 2.3460902062126461e-04
7.4065621492661393e-01 2.3451879822145537e-04
7.4089068860173002e-01 2.3442854724981194e-04
7.4112507201159283e-01 2.3433826771685810e-04
7.4135936512764666e-01 2.3424795963351443e-04
7.4159356792134667e-01 2.3415762301113002e-04
7.4182768036415925e-01 2.3406725786033453e-04
7.4206170242756153e-01 2.3397686419258828e-04
7.4229563408304189e-01 2.3388644201862406e-04
7.4252947530209967e-01 2.3379599134932424e-04
7.4276322605624523e-01 2.3370551219560872e-04
7.4299688631699978e-01 2.3361500456892174e-04
7.4323045605589566e-01 2.3352446848043119e-04
7.4346393524447640e-01 2.3343390394067642e-04
7.4369732385429643e-01 2.3334331096070741e-04
7.4393062185692116e-01 2.3325268955175758e-04
7.4416382922392710e-01 2.3316203972484546e-04
7.4439694592690175e-01 2.3307136149114036e-04
7.4462997193744374e-01 2.3298065486164986e-04
7.4486290722716275e-01 2.3288991984717777e-04
7.4509575176767950e-01 2.3279915645876400e-04
7.4532850553062568e-01 2.3270836470766287e-04
7.4556116848764409e-01 2.3261754460500065e-04
7.4579374061038861e-01 2.3252669616177787e-04
7.4602622187052414e-01 2.3243581938922351e-04
7.4625861223972689e-01 2.3234491429770674e-04
7.4649091168968373e-01 2.3225398089906054e-04
7.4672312019209286e-01 2.3216301920424791e-04
7.4695523771866357e-01 2.3207202922416725e-04
7.4718726424111614e-01 2.3198101097001309e-04
7.4741919973118209e-01 2.3188996445257034e-04
7.4765104416060379e-01 2.3179888968337259e-04
7.4788279750113495e-01 2.3170778667313939e-04
7.4811445972454016e-01 2.3161665543334006e-04
7.4834603080259521e-01 2.3152549597507574e-04
7.4857751070708711e-01 2.3143430830907267e-04
7.4880889940981388e-01 2.3134309244644580e-04
7.4904019688258450e-01 2.3125184839876113e-04
7.4927140309721940e-01 2.3116057617643147e-04
7.4950251802554968e-01 2.3106927579154808e-04
7.4973354163941808e-01 2.3097794725425674e-04
7.4996447391067800e-01 2.3088659057638272e-04
7.5019531481119417e-01 2.3079520576907604e-04
7.5042606431284264e-01 2.3070379284277376e-04
7.5065672238751024e-01 2.3061235180924422e-04
7.5088728900709523e-01 2.3052088267919125e-04
7.5111776414350673e-01 2.3042938546427848e-04
7.5134814776866532e-01 2.3033786017510879e-04
7.5157843985450246e-01 2.3024630682326282e-04
7.5180864037296091e-01 2.3015472541971574e-04
7.5203874929599457e-01 2.3006311597563407e-04
7.5226876659556852e-01 2.2997147850200466e-04
7.5249869224365884e-01 2.2987981301039325e-04
7.5272852621225306e-01 2.2978811951145965e-04
7.5295826847334957e-01 2.2969639801686582e-04
7.5318791899895821e-01 2.2960464853736371e-04
7.5341747776109969e-01 2.2951287108475212e-04
7.5364694473180627e-01 2.2942106566950168e-04
7.5387631988312120e-01 2.2932923230284098e-04
7.5410560318709874e-01 2.2923737099661887e-04
7.5433479461580466e-01 2.2914548176147602e-04
7.5456389414131575e-01 2.2905356460874046e-04
7.5479290173572000e-01 2.2896161954970976e-04
7.5502181737111662e-01 2.2886964659563110e-04
7.5525064101961614e-01 2.2877764575732237e-04
7.5547937265334009e-01 2.2868561704637383e-04
7.5570801224442130e-01 2.2859356047397720e-04
7.5593655976500396e-01 2.2850147605091363e-04
7.5616501518724322e-01 2.2840936378882873e-04
7.5639337848330557e-01 2.2831722369892260e-04
7.5662164962536871e-01 2.2822505579251742e-04
7.5684982858562166e-01 2.2813286008055282e-04
7.5707791533626456e-01 2.2804063657440817e-04
7.5730590984950885e-01 2.2794838528518351e-04
7.5753381209757720e-01 2.2785610622405179e-04
7.5776162205270337e-01 2.2776379940270632e-04
7.5798933968713256e-01 2.2767146483212105e-04
7.5821696497312119e-01 2.2757910252343307e-04
7.5844449788293689e-01 2.2748671248790667e-04
7.5867193838885849e-01 2.2739429473694640e-04
7.5889928646317606e-01 2.2730184928214397e-04
7.5912654207819119e-01 2.2720937613404015e-04
7.5935370520621648e-01 2.2711687530419311e-04
7.5958077581957584e-01 2.2702434680392508e-04
7.5980775389060440e-01 2.2693179064482160e-04
7.6003463939164884e-01 2.2683920683745407e-04
7.6026143229506682e-01 2.2674659539343708e-04
7.6048813257322723e-01 2.2665395632464439e-04
7.6071474019851071e-01 2.2656128964120025e-04
7.6094125514330857e-01 2.2646859535550878e-04
7.6116767738002400e-01 2.2637587347786720e-04
7.6139400688107095e-01 2.2628312402044187e-04
7.6162024361887504e-01 2.2619034699415818e-04
7.6184638756587308e-01 2.2609754241021302e-04
7.6207243869451313e-01 2.2600471028016118e-04
7.6229839697725466e-01 2.2591185061511551e-04
7.6252426238656834e-01 2.2581896342651960e-04
7.6275003489493631e-01 2.2572604872539168e-04
7.6297571447485180e-01 2.2563310652356003e-04
7.6320130109881967e-01 2.2554013683161669e-04
7.6342679473935571e-01 2.2544713966177483e-04
7.6365219536898732e-01 2.2535411502506476e-04
7.6387750296025336e-01 2.2526106293214209e-04
7.6410271748570358e-01 2.2516798339530453e-04
7.6432783891789946e-01 2.2507487642531250e-04
7.6455286722941362e-01 2.2498174203380215e-04
7.6477780239283011e-01 2.2488858023205912e-04
7.6500264438074439e-01 2.2479539103106963e-04
7.6522739316576305e-01 2.2470217444276388e-04
7.6545204872050421e-01 2.2460893047831517e-04
7.6567661101759743e-01 2.2451565914866263e-04
7.6590108002968338e-01 2.2442236046571752e-04
7.6612545572941437e-01 2.2432903444025300e-04
7.6634973808945372e-01 2.2423568108452158e-04
7.6657392708247651e-01 2.2414230040924564e-04
7.6679802268116903e-01 2.2404889242577265e-04
7.6702202485822890e-01 2.2395545714568079e-04
7.6724593358636517e-01 2.2386199458030974e-04
7.6746974883829822e-01 2.2376850474127439e-04
7.6769347058675996e-01 2.2367498763956124e-04
7.6791709880449355e-01 2.2358144328683518e-04
7.6814063346425354e-01 2.2348787169464878e-04
7.6836407453880606e-01 2.2339427287398919e-04
7.6858742200092856e-01 2.2330064683608611e-04
7.6881067582340967e-01 2.2320699359298969e-04
7.6903383597904973e-01 2.2311331315574105e-04
7.6925690244066025e-01 2.2301960553613388e-04
7.6947987518106442e-01 2.2292587074509396e-04
7.6970275417309675e-01 2.2283210879389835e-04
7.6992553938960284e-01 2.2273831969500153e-04
7.7014823080344030e-01 2.2264450345874448e-04
7.7037082838747784e-01 2.2255066009671691e-04
7.7059333211459546e-01 2.2245678962088528e-04
7.7081574195768487e-01 2.2236289204239892e-04
7.7103805788964919e-01 2.2226896737243644e-04
7.7126027988340284e-01 2.2217501562258135e-04
7.7148240791187161e-01 2.2208103680492958e-04
7.7170444194799315e-01 2.2198703092989961e-04
7.7192638196471608e-01 2.2189299800968491e-04
7.7214822793500082e-01 2.2179893805527483e-04
7.7236997983181899e-01 2.2170485107861530e-04
7.7259163762815386e-01 2.2161073709088178e-04
7.7281320129700015e-01 2.2151659610339250e-04
7.7303467081136401e-01 2.2142242812756333e-04
7.7325604614426291e-01 2.2132823317540351e-04
7.7347732726872609e-01 2.2123401125778458e-04
7.7369851415779389e-01 2.2113976238702482e-04
7.7391960678451865e-01 2.2104548657348794e-04
7.7414060512196370e-01 2.2095118382942796e-04
7.7436150914320412e-01 2.2085685416604219e-04
7.7458231882132633e-01 2.2076249759516228e-04
7.7480303412942853e-01 2.2066811412756529e-04
7.7502365504061999e-01 2.2057370377556130e-04
7.7524418152802177e-01 2.2047926655040692e-04
7.7546461356476648e-01 2.2038480246324365e-04
7.7568495112399805e-01 2.2029031152588473e-04
7.7590519417887194e-01 2.2019579375001847e-04
7.7612534270255529e-01 2.2010124914678572e-04
7.7634539666822666e-01 2.2000667772764719e-04
7.7656535604907595e-01 2.1991207950481338e-04
7.7678522081830492e-01 2.1981745448914142e-04
7.7700499094912667e-01 2.1972280269226091e-04
7.7722466641476584e-01 2.1962812412575607e-04
7.7744424718845861e-01 2.1953341880114402e-04
7.7766373324345262e-01 2.1943868673034281e-04
7.7788312455300723e-01 2.1934392792440647e-04
7.7810242109039329e-01 2.1924914239478639e-04
7.7832162282889295e-01 2.1915433015382962e-04
7.7854072974180033e-01 2.1905949121213403e-04
7.7875974180242080e-01 2.1896462558165707e-04
7.7897865898407126e-01 2.1886973327436712e-04
7.7919748126008048e-01 2.1877481430103380e-04
7.7941620860378846e-01 2.1867986867374017e-04
7.7963484098854696e-01 2.1858489640382050e-04
7.7985337838771918e-01 2.1848989750310204e-04
7.8007182077467996e-01 2.1839487198313531e-04
7.8029016812281582e-01 2.1829981985509918e-04
7.8050842040552459e-01 2.1820474113120399e-04
7.8072657759621600e-01 2.1810963582248084e-04
7.8094463966831118e-01 2.1801450394057922e-04
7.8116260659524284e-01 2.1791934549728799e-04
7.8138047835045532e-01 2.1782416050415506e-04
7.8159825490740464e-01 2.1772894897250354e-04
7.8181593623955814e-01 2.1763371091468054e-04
7.8203352232039514e-01 2.1753844634159438e-04
7.8225101312340639e-01 2.1744315526475954e-04
7.8246840862209410e-01 2.1734783769637047e-04
7.8268570878997223e-01 2.1725249364804814e-04
7.8290291360056663e-01 2.1715712313034896e-04
7.8312002302741412e-01 2.1706172615629796e-04
7.8333703704406377e-01 2.1696630273660022e-04
7.8355395562407593e-01 2.1687085288314185e-04
7.8377077874102263e-01 2.1677537660769224e-04
7.8398750636848757e-01 2.1667987392191956e-04
7.8420413848006620e-01 2.1658434483698538e-04
7.8442067504936541e-01 2.1648878936481931e-04
7.8463711605000375e-01 2.1639320751728623e-04
7.8485346145561152e-01 2.1629759930579204e-04
7.8506971123983071e-01 2.1620196474168179e-04
7.8528586537631473e-01 2.1610630383715726e-04
7.8550192383872874e-01 2.1601061660395142e-04
7.8571788660074982e-01 2.1591490305295120e-04
7.8593375363606621e-01 2.1581916319679301e-04
7.8614952491837831e-01 2.1572339704636133e-04
7.8636520042139790e-01 2.1562760461350089e-04
7.8658078011884847e-01 2.1553178591006411e-04
7.8679626398446512e-01 2.1543594094800505e-04
7.8701165199199485e-01 2.1534006973841565e-04
7.8722694411519623e-01 2.1524417229298236e-04
7.8744214032783932e-01 2.1514824862388799e-04
7.8765724060370612e-01 2.1505229874258354e-04
7.8787224491659025e-01 2.1495632266060354e-04
7.8808715324029699e-01 2.1486032038964565e-04
7.8830196554864329e-01 2.1476429194154252e-04
7.8851668181545786e-01 2.1466823732790098e-04
7.8873130201458097e-01 2.1457215656087115e-04
7.8894582611986486e-01 2.1447604965152111e-04
7.8916025410517332e-01 2.1437991661156172e-04
7.8937458594438170e-01 2.1428375745331205e-04
7.8958882161137733e-01 2.1418757218806056e-04
7.8980296108005910e-01 2.1409136082772398e-04
7.9001700432433775e-01 2.1399512338362165e-04
7.9023095131813559e-01 2.1389885986777596e-04
7.9044480203538670e-01 2.1380257029202996e-04
7.9065855645003691e-01 2.1370625466808645e-04
7.9087221453604384e-01 2.1360991300751271e-04
7.9108577626737675e-01 2.1351354532217750e-04
7.9129924161801679e-01 2.1341715162342151e-04
7.9151261056195654e-01 2.1332073192377929e-04
7.9172588307320069e-01 2.1322428623440681e-04
7.9193905912576557e-01 2.1312781456678270e-04
7.9215213869367895e-01 2.1303131693372265e-04
7.9236512175098095e-01 2.1293479334567888e-04
7.9257800827172287e-01 2.1283824381537498e-04
7.9279079822996801e-01 2.1274166835455349e-04
7.9300349159979167e-01 2.1264506697409860e-04
7.9321608835528046e-01 2.1254843968667215e-04
7.9342858847053299e-01 2.1245178650381959e-04
7.9364099191965987e-01 2.1235510743709455e-04
7.9385329867678300e-01 2.1225840249859256e-04
7.9406550871603654e-01 2.1216167169951371e-04
7.9427762201156593e-01 2.1206491505272211e-04
7.9448963853752896e-01 2.1196813256887183e-04
7.9470155826809485e-01 2.1187132426011063e-04
7.9491338117744459e-01 2.1177449013867199e-04
7.9512510723977126e-01 2.1167763021551423e-04
7.9533673642927927e-01 2.1158074450358213e-04
7.9554826872018536e-01 2.1148383301366897e-04
7.9575970408671770e-01 2.1138689575810190e-04
7.9597104250311645e-01 2.1128993274844410e-04
7.9618228394363355e-01 2.1119294399646806e-04
7.9639342838253258e-01 2.1109592951456469e-04
7.9660447579408933e-01 2.1099888931351820e-04
7.9681542615259093e-01 2.1090182340621080e-04
7.9702627943233673e-01 2.1080473180382111e-04
7.9723703560763759e-01 2.1070761451878620e-04
7.9744769465281662e-01 2.1061047156194991e-04
7.9765825654220823e-01 2.1051330294622546e-04
7.9786872125015917e-01 2.1041610868254254e-04
7.9807908875102773e-01 2.1031888878307334e-04
7.9828935901918396e-01 2.1022164326025956e-04
7.9849953202901014e-01 2.1012437212504230e-04
7.9870960775490007e-01 2.1002707538963805e-04
7.9891958617125958e-01 2.0992975306567037e-04
7.9912946725250611e-01 2.0983240516561448e-04
7.9933925097306924e-01 2.0973503170091586e-04
7.9954893730739030e-01 2.0963763268343425e-04
7.9975852622992238e-01 2.0954020812541144e-04
7.9996801771513082e-01 2.0944275803765384e-04
8.0017741173749224e-01 2.0934528243329528e-04
8.0038670827149561e-01 2.0924778132356409e-04
8.0059590729164154e-01 2.0915025472058863e-04
8.0080500877244265e-01 2.0905270263610819e-04
8.0101401268842343e-01 2.0895512508180313e-04
8.0122291901412013e-01 2.0885752206989568e-04
8.0143172772408100e-01 2.0875989361219830e-04
8.0164043879286617e-01 2.0866223972056236e-04
8.0184905219504765e-01 2.0856456040692936e-04
8.0205756790520943e-01 2.0846685568281788e-04
8.0226598589794718e-01 2.0836912556084582e-04
8.0247430614786874e-01 2.0827137005227260e-04
8.0268252862959366e-01 2.0817358916948674e-04
8.0289065331775344e-01 2.0807578292447458e-04
8.0309868018699171e-01 2.0797795132850640e-04
8.0330660921196373e-01 2.0788009439388645e-04
8.0351444036733677e-01 2.0778221213270213e-04
8.0372217362779019e-01 2.0768430455622301e-04
8.0392980896801491e-01 2.0758637167738096e-04
8.0413734636271417e-01 2.0748841350740925e-04
8.0434478578660296e-01 2.0739043005827540e-04
8.0455212721440816e-01 2.0729242134217015e-04
8.0475937062086866e-01 2.0719438737105251e-04
8.0496651598073543e-01 2.0709632815626701e-04
8.0517356326877099e-01 2.0699824371078271e-04
8.0538051245975029e-01 2.0690013404556842e-04
8.0558736352845983e-01 2.0680199917327518e-04
8.0579411644969834e-01 2.0670383910549914e-04
8.0600077119827629e-01 2.0660565385460989e-04
8.0620732774901638e-01 2.0650744343192855e-04
8.0641378607675307e-01 2.0640920784959469e-04
8.0662014615633282e-01 2.0631094711967156e-04
8.0682640796261396e-01 2.0621266125459657e-04
8.0703257147046703e-01 2.0611435026579586e-04
8.0723863665477447e-01 2.0601601416509786e-04
8.0744460349043057e-01 2.0591765296479637e-04
8.0765047195234163e-01 2.0581926667710500e-04
8.0785624201542605e-01 2.0572085531376242e-04
8.0806191365461422e-01 2.0562241888653075e-04
8.0826748684484839e-01 2.0552395740759463e-04
8.0847296156108284e-01 2.0542547088920485e-04
8.0867833777828391e-01 2.0532695934318508e-04
8.0888361547142995e-01 2.0522842278133862e-04
8.0908879461551131e-01 2.0512986121557170e-04
8.0929387518553020e-01 2.0503127465834988e-04
8.0949885715650105e-01 2.0493266312123344e-04
8.0970374050345006e-01 2.0483402661689127e-04
8.0990852520141576e-01 2.0473536515660805e-04
8.1011321122544844e-01 2.0463667875277990e-04
8.1031779855061048e-01 2.0453796741747924e-04
8.1052228715197638e-01 2.0443923116241863e-04
8.1072667700463252e-01 2.0434046999997518e-04
8.1093096808367748e-01 2.0424168394173067e-04
8.1113516036422162e-01 2.0414287300044438e-04
8.1133925382138761e-01 2.0404403718761173e-04
8.1154324843031000e-01 2.0394517651541890e-04
8.1174714416613547e-01 2.0384629099583711e-04
8.1195094100402276e-01 2.0374738064058765e-04
8.1215463891914241e-01 2.0364844546259678e-04
8.1235823788667738e-01 2.0354948547313866e-04
8.1256173788182240e-01 2.0345050068474636e-04
8.1276513887978441e-01 2.0335149110928930e-04
8.1296844085578235e-01 2.0325245675893329e-04
8.1317164378504736e-01 2.0315339764520455e-04
8.1337474764282236e-01 2.0305431378092625e-04
8.1357775240436259e-01 2.0295520517786325e-04
8.1378065804493538e-01 2.0285607184783406e-04
8.1398346453981985e-01 2.0275691380310516e-04
8.1418617186430742e-01 2.0265773105626150e-04
8.1438877999370174e-01 2.0255852361842575e-04
8.1459128890331811e-01 2.0245929150278512e-04
8.1479369856848449e-01 2.0236003472005290e-04
8.1499600896454027e-01 2.0226075328386509e-04
8.1519822006683751e-01 2.0216144720507204e-04
8.1540033185074012e-01 2.0206211649650453e-04
8.1560234429162404e-01 2.0196276117003250e-04
8.1580425736487749e-01 2.0186338123748702e-04
8.1600607104590062e-01 2.0176397671150067e-04
8.1620778531010585e-01 2.0166454760375325e-04
8.1640940013291763e-01 2.0156509392645834e-04
8.1661091548977249e-01 2.0146561569188705e-04
8.1681233135611919e-01 2.0136611291191598e-04
8.1701364770741847e-01 2.0126658559900469e-04
8.1721486451914327e-01 2.0116703376519277e-04
8.1741598176677877e-01 2.0106745742217008e-04
8.1761699942582200e-01 2.0096785658275566e-04
8.1781791747178245e-01 2.0086823125840562e-04
8.1801873588018148e-01 2.0076858146174105e-04
8.1821945462655266e-01 2.0066890720504330e-04
8.1842007368644187e-01 2.0056920849981601e-04
8.1862059303540691e-01 2.0046948535870873e-04
8.1882101264901785e-01 2.0036973779360100e-04
8.1902133250285680e-01 2.0026996581716698e-04
8.1922155257251827e-01 2.0017016944070848e-04
8.1942167283360867e-01 2.0007034867687302e-04
8.1962169326174661e-01 1.9997050353802781e-04
8.1982161383256302e-01 1.9987063403580671e-04
8.2002143452170084e-01 1.9977074018269890e-04
8.2022115530481521e-01 1.9967082199094045e-04
8.2042077615757347e-01 1.9957087947263850e-04
8.2062029705565520e-01 1.9947091263966524e-04
8.2081971797475195e-01 1.9937092150479685e-04
8.2101903889056771e-01 1.9927090607967213e-04
8.2121825977881846e-01 1.9917086637676583e-04
8.2141738061523240e-01 1.9907080240845381e-04
8.2161640137555014e-01 1.9897071418603749e-04
8.2181532203552410e-01 1.9887060172269587e-04
8.2201414257091909e-01 1.9877046503054507e-04
8.2221286295751228e-01 1.9867030412118285e-04
8.2241148317109281e-01 1.9857011900708795e-04
8.2261000318746202e-01 1.9846990970075884e-04
8.2280842298243373e-01 1.9836967621363657e-04
8.2300674253183348e-01 1.9826941855921262e-04
8.2320496181149960e-01 1.9816913674843101e-04
8.2340308079728219e-01 1.9806883079424709e-04
8.2360109946504378e-01 1.9796850070847417e-04
8.2379901779065923e-01 1.9786814650339454e-04
8.2399683575001514e-01 1.9776776819188684e-04
8.2419455331901093e-01 1.9766736578538701e-04
8.2439217047355795e-01 1.9756693929619075e-04
8.2458968718957970e-01 1.9746648873717325e-04
8.2478710344301220e-01 1.9736601411979960e-04
8.2498441920980348e-01 1.9726551545672701e-04
8.2518163446591386e-01 1.9716499276018729e-04
8.2537874918731602e-01 1.9706444604207832e-04
8.2557576334999472e-01 1.9696387531500828e-04
8.2577267692994705e-01 1.9686328059119335e-04
8.2596948990318231e-01 1.9676266188309823e-04
8.2616620224572224e-01 1.9666201920236502e-04
8.2636281393360056e-01 1.9656135256185245e-04
8.2655932494286344e-01 1.9646066197368412e-04
8.2675573524956925e-01 1.9635994745017816e-04
8.2695204482978879e-01 1.9625920900292625e-04
8.2714825365960476e-01 1.9615844664530580e-04
8.2734436171511261e-01 1.9605766038846822e-04
8.2754036897241956e-01 1.9595685024587358e-04
8.2773627540764561e-01 1.9585601622876044e-04
8.2793208099692273e-01 1.9575515834971532e-04
8.2812778571639512e-01 1.9565427662167521e-04
8.2832338954221962e-01 1.9555337105588909e-04
8.2851889245056498e-01 1.9545244166547715e-04
8.2871429441761257e-01 1.9535148846196388e-04
8.2890959541955567e-01 1.9525051145874472e-04
8.2910479543260029e-01 1.9514951066709030e-04
8.2929989443296448e-01 1.9504848609971882e-04
8.2949489239687857e-01 1.9494743776927848e-04
8.2968978930058546e-01 1.9484636568732085e-04
8.2988458512034002e-01 1.9474526986689225e-04
8.3007927983240981e-01 1.9464415031947397e-04
8.3027387341307424e-01 1.9454300705857967e-04
8.3046836583862560e-01 1.9444184009512392e-04
8.3066275708536796e-01 1.9434064944260455e-04
8.3085704712961805e-01 1.9423943511302950e-04
8.3105123594770502e-01 1.9413819711789330e-04
8.3124532351596991e-01 1.9403693547078577e-04
8.3143930981076652e-01 1.9393565018332163e-04
8.3163319480846076e-01 1.9383434126821401e-04
8.3182697848543097e-01 1.9373300873773471e-04
8.3202066081806791e-01 1.9363165260373929e-04
8.3221424178277448e-01 1.9353027287925622e-04
8.3240772135596619e-01 1.9342886957583584e-04
8.3260109951407058e-01 1.9332744270676732e-04
8.3279437623352792e-01 1.9322599228340699e-04
8.3298755149079040e-01 1.9312451831936530e-04
8.3318062526232306e-01 1.9302302082580697e-04
8.3337359752460294e-01 1.9292149981567659e-04
8.3356646825411951e-01 1.9281995530159881e-04
8.3375923742737479e-01 1.9271838729537219e-04
8.3395190502088301e-01 1.9261679580955527e-04
8.3414447101117084e-01 1.9251518085644571e-04
8.3433693537477727e-01 1.9241354244857385e-04
8.3452929808825371e-01 1.9231188059824859e-04
8.3472155912816393e-01 1.9221019531808433e-04
8.3491371847108409e-01 1.9210848662043630e-04
8.3510577609360281e-01 1.9200675451746729e-04
8.3529773197232104e-01 1.9190499902168229e-04
8.3548958608385215e-01 1.9180322014538409e-04
8.3568133840482195e-01 1.9170141790074958e-04
8.3587298891186845e-01 1.9159959230079774e-04
8.3606453758164234e-01 1.9149774335739728e-04
8.3625598439080651e-01 1.9139587108331937e-04
8.3644732931603627e-01 1.9129397549127086e-04
8.3663857233401961e-01 1.9119205659270477e-04
8.3682971342145662e-01 1.9109011440068591e-04
8.3702075255506003e-01 1.9098814892707402e-04
8.3721168971155469e-01 1.9088616018527580e-04
8.3740252486767819e-01 1.9078414818707618e-04
8.3759325800018047e-01 1.9068211294473127e-04
8.3778388908582380e-01 1.9058005447103498e-04
8.3797441810138285e-01 1.9047797277874253e-04
8.3816484502364508e-01 1.9037586787907791e-04
8.3835516982940983e-01 1.9027373978589934e-04
8.3854539249548932e-01 1.9017158851097231e-04
8.3873551299870808e-01 1.9006941406666362e-04
8.3892553131590308e-01 1.8996721646540084e-04
8.3911544742392374e-01 1.8986499571966572e-04
8.3930526129963179e-01 1.8976275184259052e-04
8.3949497291990172e-01 1.8966048484578309e-04
8.3968458226162035e-01 1.8955819474151655e-04
8.3987408930168672e-01 1.8945588154327538e-04
8.4006349401701264e-01 1.8935354526306209e-04
8.4025279638452233e-01 1.8925118591302660e-04
8.4044199638115247e-01 1.8914880350550544e-04
8.4063109398385194e-01 1.8904639805413027e-04
8.4082008916958262e-01 1.8894396956999556e-04
8.4100898191531837e-01 1.8884151806655930e-04
8.4119777219804592e-01 1.8873904355536775e-04
8.4138645999476414e-01 1.8863654604985009e-04
8.4157504528248461e-01 1.8853402556200059e-04
8.4176352803823129e-01 1.8843148210471522e-04
8.4195190823904087e-01 1.8832891568945173e-04
8.4214018586196204e-01 1.8822632633023169e-04
8.4232836088405660e-01 1.8812371403802849e-04
8.4251643328239834e-01 1.8802107882638760e-04
8.4270440303407379e-01 1.8791842070752397e-04
8.4289227011618195e-01 1.8781573969404861e-04
8.4308003450583435e-01 1.8771303579834196e-04
8.4326769618015507e-01 1.8761030903262555e-04
8.4345525511628050e-01 1.8750755941012568e-04
8.4364271129135981e-01 1.8740478694273310e-04
8.4383006468255461e-01 1.8730199164285443e-04
8.4401731526703883e-01 1.8719917352382978e-04
8.4420446302199925e-01 1.8709633259726205e-04
8.4439150792463491e-01 1.8699346887635185e-04
8.4457844995215758e-01 1.8689058237309324e-04
8.4476528908179138e-01 1.8678767310053381e-04
8.4495202529077307e-01 1.8668474107111206e-04
8.4513865855635195e-01 1.8658178629729803e-04
8.4532518885578989e-01 1.8647880879149318e-04
8.4551161616636128e-01 1.8637580856608986e-04
8.4569794046535296e-01 1.8627278563407895e-04
8.4588416173006442e-01 1.8616974000791714e-04
8.4607027993780770e-01 1.8606667170006886e-04
8.4625629506590749e-01 1.8596358072255640e-04
8.4644220709170070e-01 1.8586046708910444e-04
8.4662801599253723e-01 1.8575733081126710e-04
8.4681372174577929e-01 1.8565417190186109e-04
8.4699932432880154e-01 1.8555099037432469e-04
8.4718482371899173e-01 1.8544778623946702e-04
8.4737021989374950e-01 1.8534455951157441e-04
8.4755551283048758e-01 1.8524131020225667e-04
8.4774070250663103e-01 1.8513803832445001e-04
8.4792578889961756e-01 1.8503474389071275e-04
8.4811077198689755e-01 1.8493142691320598e-04
8.4829565174593369e-01 1.8482808740543312e-04
8.4848042815420166e-01 1.8472472537886024e-04
8.4866510118918936e-01 1.8462134084691021e-04
8.4884967082839746e-01 1.8451793382212806e-04
8.4903413704933939e-01 1.8441450431614525e-04
8.4921849982954067e-01 1.8431105234315956e-04
8.4940275914654007e-01 1.8420757791429520e-04
8.4958691497788841e-01 1.8410408104322946e-04
8.4977096730114954e-01 1.8400056174166732e-04
8.4995491609389950e-01 1.8389702002339533e-04
8.5013876133372746e-01 1.8379345589967104e-04
8.5032250299823475e-01 1.8368986938388295e-04
8.5050614106503553e-01 1.8358626048856528e-04
8.5068967551175645e-01 1.8348262922673821e-04
8.5087310631603708e-01 1.8337897561007156e-04
8.5105643345552928e-01 1.8327529965180385e-04
8.5123965690789771e-01 1.8317160136447548e-04
8.5142277665081956e-01 1.8306788076105526e-04
8.5160579266198488e-01 1.8296413785332560e-04
8.5178870491909597e-01 1.8286037265517500e-04
8.5197151339986832e-01 1.8275658517762474e-04
8.5215421808202940e-01 1.8265277543502194e-04
8.5233681894331992e-01 1.8254894343882610e-04
8.5251931596149300e-01 1.8244508920186805e-04
8.5270170911431420e-01 1.8234121273697990e-04
8.5288399837956197e-01 1.8223731405752239e-04
8.5306618373502763e-01 1.8213339317462145e-04
8.5324826515851460e-01 1.8202945010252757e-04
8.5343024262783951e-01 1.8192548485268227e-04
8.5361211612083132e-01 1.8182149743828724e-04
8.5379388561533176e-01 1.8171748787204647e-04
8.5397555108919521e-01 1.8161345616668828e-04
8.5415711252028881e-01 1.8150940233452987e-04
8.5433856988649226e-01 1.8140532638848041e-04
8.5451992316569803e-01 1.8130122834108479e-04
8.5470117233581122e-01 1.8119710820494597e-04
8.5488231737474951e-01 1.8109296599343660e-04
8.5506335826044344e-01 1.8098880171886844e-04
8.5524429497083632e-01 1.8088461539324607e-04
8.5542512748388388e-01 1.8078040702983531e-04
8.5560585577755455e-01 1.8067617664211763e-04
8.5578647982982992e-01 1.8057192424094631e-04
8.5596699961870359e-01 1.8046764984081483e-04
8.5614741512218240e-01 1.8036335345360797e-04
8.5632772631828569e-01 1.8025903509201975e-04
8.5650793318504559e-01 1.8015469476848422e-04
8.5668803570050667e-01 1.8005033249679655e-04
8.5686803384272670e-01 1.7994594828825371e-04
8.5704792758977566e-01 1.7984154215667402e-04
8.5722771691973654e-01 1.7973711411458458e-04
8.5740740181070507e-01 1.7963266417418718e-04
8.5758698224078955e-01 1.7952819234865041e-04
8.5776645818811115e-01 1.7942369865034901e-04
8.5794582963080357e-01 1.7931918309261078e-04
8.5812509654701352e-01 1.7921464568745321e-04
8.5830425891490025e-01 1.7911008644784553e-04
8.5848331671263567e-01 1.7900550538721229e-04
8.5866226991840466e-01 1.7890090251767953e-04
8.5884111851040490e-01 1.7879627785120426e-04
8.5901986246684636e-01 1.7869163140200392e-04
8.5919850176595214e-01 1.7858696318243591e-04
8.5937703638595808e-01 1.7848227320473950e-04
8.5955546630511270e-01 1.7837756148170888e-04
8.5973379150167717e-01 1.7827282802667451e-04
8.5991201195392564e-01 1.7816807285170335e-04
8.6009012764014481e-01 1.7806329596999757e-04
8.6026813853863426e-01 1.7795849739424193e-04
8.6044604462770624e-01 1.7785367713762048e-04
8.6062384588568597e-01 1.7774883521220003e-04
8.6080154229091133e-01 1.7764397163062747e-04
8.6097913382173286e-01 1.7753908640621220e-04
8.6115662045651387e-01 1.7743417955229257e-04
8.6133400217363087e-01 1.7732925107992760e-04
8.6151127895147250e-01 1.7722430100379084e-04
8.6168845076844081e-01 1.7711932933512815e-04
8.6186551760295005e-01 1.7701433608823466e-04
8.6204247943342782e-01 1.7690932127455486e-04
8.6221933623831415e-01 1.7680428490749348e-04
8.6239608799606204e-01 1.7669922699938261e-04
8.6257273468513707e-01 1.7659414756391925e-04
8.6274927628401787e-01 1.7648904661319187e-04
8.6292571277119579e-01 1.7638392416009771e-04
8.6310204412517488e-01 1.7627878021774789e-04
8.6327827032447213e-01 1.7617361479884487e-04
8.6345439134761737e-01 1.7606842791576921e-04
8.6363040717315309e-01 1.7596321958171079e-04
8.6380631777963468e-01 1.7585798980958089e-04
8.6398212314563039e-01 1.7575273861194113e-04
8.6415782324972112e-01 1.7564746600222912e-04
8.6433341807050090e-01 1.7554217199245424e-04
8.6450890758657639e-01 1.7543685659547316e-04
8.6468429177656703e-01 1.7533151982454539e-04
8.6485957061910512e-01 1.7522616169265740e-04
8.6503474409283598e-01 1.7512078221195001e-04
8.6520981217641746e-01 1.7501538139613019e-04
8.6538477484852050e-01 1.7490995925757770e-04
8.6555963208782882e-01 1.7480451580898545e-04
8.6573438387303903e-01 1.7469905106292825e-04
8.6590903018286025e-01 1.7459356503360675e-04
8.6608357099601507e-01 1.7448805773204190e-04
8.6625800629123828e-01 1.7438252917275282e-04
8.6643233604727810e-01 1.7427697936713213e-04
8.6660656024289506e-01 1.7417140832943741e-04
8.6678067885686305e-01 1.7406581607148545e-04
8.6695469186796859e-01 1.7396020260616125e-04
8.6712859925501085e-01 1.7385456794752441e-04
8.6730240099680234e-01 1.7374891210712658e-04
8.6747609707216822e-01 1.7364323509774711e-04
8.6764968745994631e-01 1.7353753693329516e-04
8.6782317213898752e-01 1.7343181762651482e-04
8.6799655108815577e-01 1.7332607718949832e-04
8.6816982428632761e-01 1.7322031563560687e-04
8.6834299171239249e-01 1.7311453297820165e-04
8.6851605334525306e-01 1.7300872922888102e-04
8.6868900916382441e-01 1.7290290440175252e-04
8.6886185914703484e-01 1.7279705850915258e-04
8.6903460327382542e-01 1.7269119156410230e-04
8.6920724152315010e-01 1.7258530357977753e-04
8.6937977387397580e-01 1.7247939456878911e-04
8.6955220030528246e-01 1.7237346454333777e-04
8.6972452079606255e-01 1.7226751351756079e-04
8.6989673532532175e-01 1.7216154150392324e-04
8.7006884387207861e-01 1.7205554851510514e-04
8.7024084641536448e-01 1.7194953456450674e-04
8.7041274293422388e-01 1.7184349966395884e-04
8.7058453340771380e-01 1.7173744382793717e-04
8.7075621781490464e-01 1.7163136706811212e-04
8.7092779613487947e-01 1.7152526939756440e-04
8.7109926834673412e-01 1.7141915083032503e-04
8.7127063442957786e-01 1.7131301137753287e-04
8.7144189436253228e-01 1.7120685105377915e-04
8.7161304812473228e-01 1.7110066987143728e-04
8.7178409569532578e-01 1.7099446784261030e-04
8.7195503705347321e-01 1.7088824498157003e-04
8.7212587217834836e-01 1.7078200130046664e-04
8.7229660104913787e-01 1.7067573681178949e-04
8.7246722364504103e-01 1.7056945152970317e-04
8.7263773994527039e-01 1.7046314546684358e-04
8.7280814992905142e-01 1.7035681863561617e-04
8.7297845357562254e-01 1.7025047104888774e-04
8.7314865086423499e-01 1.7014410271997660e-04
8.7331874177415292e-01 1.7003771366258256e-04
8.7348872628465390e-01 1.6993130388779197e-04
8.7365860437502785e-01 1.6982487341030115e-04
8.7382837602457797e-01 1.6971842224275833e-04
8.7399804121262048e-01 1.6961195039769163e-04
8.7416759991848458e-01 1.6950545788762671e-04
8.7433705212151214e-01 1.6939894472671159e-04
8.7450639780105832e-01 1.6929241092727035e-04
8.7467563693649120e-01 1.6918585650212533e-04
8.7484476950719170e-01 1.6907928146471510e-04
8.7501379549255387e-01 1.6897268582778501e-04
8.7518271487198473e-01 1.6886606960409014e-04
8.7535152762490420e-01 1.6875943280698065e-04
8.7552023373074528e-01 1.6865277544921784e-04
8.7568883316895385e-01 1.6854609754415455e-04
8.7585732591898890e-01 1.6843939910464733e-04
8.7602571196032242e-01 1.6833268014350888e-04
8.7619399127243935e-01 1.6822594067366351e-04
8.7636216383483767e-01 1.6811918070811202e-04
8.7653022962702820e-01 1.6801240026058934e-04
8.7669818862853510e-01 1.6790559934302360e-04
8.7686604081889519e-01 1.6779877796936906e-04
8.7703378617765859e-01 1.6769193615181842e-04
8.7720142468438822e-01 1.6758507390397562e-04
8.7736895631866019e-01 1.6747819123836627e-04
8.7753638106006338e-01 1.6737128816894252e-04
8.7770369888820010e-01 1.6726436470730296e-04
8.7787090978268523e-01 1.6715742086783402e-04
8.7803801372314705e-01 1.6705045666256564e-04
8.7820501068922652e-01 1.6694347210567946e-04
8.7837190066057802e-01 1.6683646720907990e-04
8.7853868361686871e-01 1.6672944198618995e-04
8.7870535953777884e-01 1.6662239645008330e-04
8.7887192840300177e-01 1.6651533061349613e-04
8.7903839019224372e-01 1.6640824449011484e-04
8.7920474488522415e-01 1.6630113809267523e-04
8.7937099246167549e-01 1.6619401143421324e-04
8.7953713290134328e-01 1.6608686452752316e-04
8.7970316618398592e-01 1.6597969738639919e-04
8.7986909228937515e-01 1.6587251002307462e-04
8.8003491119729560e-01 1.6576530245083110e-04
8.8020062288754486e-01 1.6565807468335225e-04
8.8036622733993397e-01 1.6555082673221295e-04
8.8053172453428641e-01 1.6544355861258393e-04
8.8069711445043941e-01 1.6533627033563902e-04
8.8086239706824276e-01 1.6522896191558065e-04
8.8102757236755969e-01 1.6512163336446768e-04
8.8119264032826605e-01 1.6501428469690662e-04
8.8135760093025128e-01 1.6490691592468263e-04
8.8152245415341768e-01 1.6479952706078405e-04
8.8168719997768041e-01 1.6469211811942296e-04
8.8185183838296810e-01 1.6458468911271522e-04
8.8201636934922212e-01 1.6447724005472914e-04
8.8218079285639728e-01 1.6436977095746379e-04
8.8234510888446127e-01 1.6426228183415983e-04
8.8250931741339478e-01 1.6415477269872715e-04
8.8267341842319180e-01 1.6404724356373210e-04
8.8283741189385945e-01 1.6393969444169457e-04
8.8300129780541758e-01 1.6383212534719940e-04
8.8316507613789974e-01 1.6372453629145227e-04
8.8332874687135188e-01 1.6361692728977798e-04
8.8349230998583372e-01 1.6350929835349672e-04
8.8365576546141777e-01 1.6340164949600475e-04
8.8381911327818963e-01 1.6329398073082146e-04
8.8398235341624798e-01 1.6318629207149674e-04
8.8414548585570485e-01 1.6307858353041931e-04
8.8430851057668525e-01 1.6297085512074434e-04
8.8447142755932728e-01 1.6286310685578278e-04
8.8463423678378228e-01 1.6275533874828804e-04
8.8479693823021444e-01 1.6264755081258855e-04
8.8495953187880150e-01 1.6253974306048576e-04
8.8512201770973409e-01 1.6243191550532920e-04
8.8528439570321582e-01 1.6232406816131051e-04
8.8544666583946385e-01 1.6221620104022664e-04
8.8560882809870811e-01 1.6210831415611448e-04
8.8577088246119196e-01 1.6200040752125281e-04
8.8593282890717162e-01 1.6189248114952006e-04
8.8609466741691656e-01 1.6178453505444825e-04
8.8625639797070965e-01 1.6167656924782580e-04
8.8641802054884644e-01 1.6156858374444084e-04
8.8657953513163612e-01 1.6146057855610232e-04
8.8674094169940076e-01 1.6135255369622583e-04
8.8690224023247555e-01 1.6124450917866226e-04
8.8706343071120908e-01 1.6113644501560722e-04
8.8722451311596284e-01 1.6102836122094608e-04
8.8738548742711165e-01 1.6092025780769286e-04
8.8754635362504342e-01 1.6081213478921341e-04
8.8770711169015926e-01 1.6070399217869117e-04
8.8786776160287362e-01 1.6059582998837174e-04
8.8802830334361382e-01 1.6048764823233758e-04
8.8818873689282052e-01 1.6037944692376608e-04
8.8834906223094767e-01 1.6027122607502884e-04
8.8850927933846213e-01 1.6016298570029622e-04
8.8866938819584418e-01 1.6005472581230292e-04
8.8882938878358708e-01 1.5994644642493522e-04
8.8898928108219766e-01 1.5983814754994146e-04
8.8914906507219549e-01 1.5972982920170562e-04
8.8930874073411370e-01 1.5962149139243283e-04
8.8946830804849830e-01 1.5951313413631684e-04
8.8962776699590862e-01 1.5940475744677745e-04
8.8978711755691742e-01 1.5929636133584106e-04
8.8994635971211045e-01 1.5918794581686028e-04
8.9010549344208656e-01 1.5907951090384610e-04
8.9026451872745793e-01 1.5897105661009570e-04
8.9042343554885017e-01 1.5886258294757456e-04
8.9058224388690166e-01 1.5875408993097694e-04
8.9074094372226442e-01 1.5864557757230385e-04
8.9089953503560337e-01 1.5853704588568164e-04
8.9105801780759686e-01 1.5842849488389621e-04
8.9121639201893643e-01 1.5831992457984411e-04
8.9137465765032675e-01 1.5821133498718031e-04
8.9153281468248569e-01 1.5810272611967350e-04
8.9169086309614465e-01 1.5799409798912780e-04
8.9184880287204782e-01 1.5788545061028240e-04
8.9200663399095304e-01 1.5777678399524539e-04
8.9216435643363101e-01 1.5766809815837381e-04
8.9232197018086612e-01 1.5755939311139981e-04
8.9247947521345550e-01 1.5745066886909082e-04
8.9263687151220994e-01 1.5734192544361049e-04
8.9279415905795312e-01 1.5723316284942549e-04
8.9295133783152247e-01 1.5712438109777608e-04
8.9310840781376799e-01 1.5701558020432571e-04
8.9326536898555364e-01 1.5690676018017362e-04
8.9342222132775606e-01 1.5679792104012803e-04
8.9357896482126553e-01 1.5668906279655577e-04
8.9373559944698544e-01 1.5658018546283465e-04
8.9389212518583239e-01 1.5647128905261945e-04
8.9404854201873629e-01 1.5636237357925941e-04
8.9420484992664051e-01 1.5625343905507097e-04
8.9436104889050128e-01 1.5614448549480794e-04
8.9451713889128859e-01 1.5603551291016335e-04
8.9467311990998521e-01 1.5592652131596091e-04
8.9482899192758769e-01 1.5581751072400916e-04
8.9498475492510543e-01 1.5570848114863123e-04
8.9514040888356139e-01 1.5559943260249904e-04
8.9529595378399163e-01 1.5549036509940705e-04
8.9545138960744564e-01 1.5538127865228244e-04
8.9560671633498612e-01 1.5527217327452429e-04
8.9576193394768910e-01 1.5516304897933263e-04
8.9591704242664383e-01 1.5505390578042389e-04
8.9607204175295296e-01 1.5494474369064925e-04
8.9622693190773239e-01 1.5483556272344022e-04
8.9638171287211132e-01 1.5472636289204996e-04
8.9653638462723229e-01 1.5461714420961974e-04
8.9669094715425102e-01 1.5450790668990920e-04
8.9684540043433669e-01 1.5439865034585078e-04
8.9699974444867181e-01 1.5428937519033453e-04
8.9715397917845185e-01 1.5418008123827426e-04
8.9730810460488619e-01 1.5407076850100821e-04
8.9746212070919695e-01 1.5396143699336929e-04
8.9761602747261993e-01 1.5385208672806611e-04
8.9776982487640422e-01 1.5374271771776695e-04
8.9792351290181194e-01 1.5363332997734135e-04
8.9807709153011894e-01 1.5352392351875336e-04
8.9823056074261420e-01 1.5341449835548361e-04
8.9838392052059990e-01 1.5330505450179566e-04
8.9853717084539175e-01 1.5319559197053397e-04
8.9869031169831881e-01 1.5308611077465535e-04
8.9884334306072344e-01 1.5297661092723050e-04
8.9899626491396112e-01 1.5286709244286844e-04
8.9914907723940096e-01 1.5275755533408758e-04
8.9930178001842531e-01 1.5264799961438500e-04
8.9945437323242994e-01 1.5253842529658863e-04
8.9960685686282371e-01 1.5242883239517766e-04
8.9975923089102927e-01 1.5231922092195124e-04
8.9991149529848213e-01 1.5220959089175932e-04
9.0006365006663147e-01 1.5209994231755165e-04
9.0021569517693978e-01 1.5199027521244386e-04
9.0036763061088299e-01 1.5188058958912146e-04
9.0051945634995012e-01 1.5177088546194738e-04
9.0067117237564376e-01 1.5166116284416628e-04
9.0082277866947980e-01 1.5155142174921667e-04
9.0097427521298756e-01 1.5144166219021210e-04
9.0112566198770971e-01 1.5133188418055101e-04
9.0127693897520234e-01 1.5122208773320797e-04
9.0142810615703473e-01 1.5111227286226833e-04
9.0157916351478973e-01 1.5100243958073684e-04
9.0173011103006351e-01 1.5089258790197999e-04
9.0188094868446556e-01 1.5078271783977600e-04
9.0203167645961890e-01 1.5067282940678107e-04
9.0218229433715980e-01 1.5056292261693061e-04
9.0233280229873791e-01 1.5045299748375968e-04
9.0248320032601648e-01 1.5034305401987006e-04
9.0263348840067181e-01 1.5023309223976386e-04
9.0278366650439401e-01 1.5012311215547558e-04
9.0293373461888615e-01 1.5001311378178155e-04
9.0308369272586508e-01 1.4990309713103884e-04
9.0323354080706075e-01 1.4979306221758336e-04
9.0338327884421676e-01 1.4968300905408421e-04
9.0353290681908993e-01 1.4957293765452507e-04
9.0368242471345073e-01 1.4946284803126774e-04
9.0383183250908272e-01 1.4935274019870488e-04
9.0398113018778303e-01 1.4924261417039293e-04
9.0413031773136232e-01 1.4913246995900493e-04
9.0427939512164446e-01 1.4902230757863751e-04
9.0442836234046697e-01 1.4891212704178712e-04
9.0457721936968050e-01 1.4880192836305944e-04
9.0472596619114942e-01 1.4869171155487912e-04
9.0487460278675136e-01 1.4858147663104941e-04
9.0502312913837735e-01 1.4847122360529897e-04
9.0517154522793197e-01 1.4836095249069344e-04
9.0531985103733326e-01 1.4825066330029232e-04
9.0546804654851243e-01 1.4814035604856387e-04
9.0561613174341438e-01 1.4803003074860714e-04
9.0576410660399753e-01 1.4791968741281709e-04
9.0591197111223332e-01 1.4780932605659694e-04
9.0605972525010725e-01 1.4769894669133132e-04
9.0620736899961762e-01 1.4758854933149279e-04
9.0635490234277660e-01 1.4747813399089627e-04
9.0650232526160979e-01 1.4736770068201095e-04
9.0664963773815599e-01 1.4725724941927704e-04
9.0679683975446779e-01 1.4714678021506857e-04
9.0694393129261086e-01 1.4703629308411264e-04
9.0709091233466466e-01 1.4692578803916092e-04
9.0723778286272194e-01 1.4681526509382654e-04
9.0738454285888914e-01 1.4670472426048250e-04
9.0753119230528567e-01 1.4659416555469493e-04
9.0767773118404493e-01 1.4648358898852295e-04
9.0782415947731354e-01 1.4637299457581461e-04
9.0797047716725166e-01 1.4626238232987970e-04
9.0811668423603287e-01 1.4615175226432518e-04
9.0826278066584432e-01 1.4604110439235416e-04
9.0840876643888646e-01 1.4593043872814749e-04
9.0855464153737353e-01 1.4581975528406399e-04
9.0870040594353285e-01 1.4570905407495076e-04
9.0884605963960563e-01 1.4559833511309852e-04
9.0899160260784628e-01 1.4548759841258467e-04
9.0913703483052277e-01 1.4537684398721078e-04
9.0928235628991672e-01 1.4526607184959408e-04
9.0942756696832294e-01 1.4515528201433769e-04
9.0957266684805005e-01 1.4504447449416885e-04
9.0971765591142006e-01 1.4493364930226262e-04
9.0986253414076834e-01 1.4482280645305515e-04
9.1000730151844400e-01 1.4471194595913416e-04
9.1015195802680948e-01 1.4460106783437284e-04
9.1029650364824066e-01 1.4449017209314046e-04
9.1044093836512729e-01 1.4437925874729340e-04
9.1058526215987212e-01 1.4426832781226257e-04
9.1072947501489199e-01 1.4415737929946611e-04
9.1087357691261672e-01 1.4404641322390930e-04
9.1101756783548993e-01 1.4393542959898200e-04
9.1116144776596875e-01 1.4382442843781200e-04
9.1130521668652387e-01 1.4371340975340163e-04
9.1144887457963930e-01 1.4360237356017677e-04
9.1159242142781272e-01 1.4349131987165652e-04
9.1173585721355532e-01 1.4338024870124135e-04
9.1187918191939188e-01 1.4326916006229725e-04
9.1202239552786069e-01 1.4315805396804412e-04
9.1216549802151348e-01 1.4304693043242262e-04
9.1230848938291564e-01 1.4293578946857012e-04
9.1245136959464590e-01 1.4282463109114495e-04
9.1259413863929684e-01 1.4271345531245475e-04
9.1273679649947437e-01 1.4260226214634001e-04
9.1287934315779795e-01 1.4249105160668167e-04
9.1302177859690070e-01 1.4237982370655540e-04
9.1316410279942906e-01 1.4226857846069834e-04
9.1330631574804344e-01 1.4215731588075009e-04
9.1344841742541738e-01 1.4204603598154945e-04
9.1359040781423817e-01 1.4193473877646858e-04
9.1373228689720654e-01 1.4182342427972985e-04
9.1387405465703708e-01 1.4171209250336681e-04
9.1401571107645763e-01 1.4160074346185176e-04
9.1415725613820975e-01 1.4148937716825834e-04
9.1429868982504836e-01 1.4137799363738194e-04
9.1444001211974235e-01 1.4126659288108610e-04
9.1458122300507372e-01 1.4115517491447121e-04
9.1472232246383844e-01 1.4104373974982849e-04
9.1486331047884573e-01 1.4093228740192978e-04
9.1500418703291864e-01 1.4082081788347888e-04
9.1514495210889368e-01 1.4070933120815732e-04
9.1528560568962092e-01 1.4059782738996092e-04
9.1542614775796405e-01 1.4048630644237093e-04
9.1556657829680033e-01 1.4037476837915893e-04
9.1570689728902077e-01 1.4026321321280357e-04
9.1584710471752961e-01 1.4015164095851422e-04
9.1598720056524519e-01 1.4004005162788940e-04
9.1612718481509881e-01 1.3992844523679396e-04
9.1626705745003589e-01 1.3981682179752856e-04
9.1640681845301530e-01 1.3970518132359726e-04
9.1654646780700944e-01 1.3959352382887500e-04
9.1668600549500423e-01 1.3948184932764120e-04
9.1682543149999951e-01 1.3937015783226924e-04
9.1696474580500842e-01 1.3925844935714664e-04
9.1710394839305787e-01 1.3914672391548408e-04
9.1724303924718831e-01 1.3903498152104861e-04
9.1738201835045374e-01 1.3892322218804848e-04
9.1752088568592205e-01 1.3881144592880018e-04
9.1765964123667432e-01 1.3869965275859047e-04
9.1779828498580573e-01 1.3858784268917774e-04
9.1793681691642459e-01 1.3847601573612809e-04
9.1807523701165339e-01 1.3836417191072874e-04
9.1821354525462762e-01 1.3825231122891027e-04
9.1835174162849686e-01 1.3814043370316705e-04
9.1848982611642416e-01 1.3802853934737958e-04
9.1862779870158617e-01 1.3791662817526834e-04
9.1876565936717336e-01 1.3780470019962335e-04
9.1890340809638948e-01 1.3769275543549448e-04
9.1904104487245231e-01 1.3758079389537427e-04
9.1917856967859302e-01 1.3746881559322945e-04
9.1931598249805646e-01 1.3735682054293987e-04
9.1945328331410114e-01 1.3724480875837412e-04
9.1959047210999934e-01 1.3713278025238873e-04
9.1972754886903674e-01 1.3702073503952861e-04
9.1986451357451293e-01 1.3690867313257581e-04
9.2000136620974104e-01 1.3679659454514709e-04
9.2013810675804775e-01 1.3668449929169572e-04
9.2027473520277348e-01 1.3657238738579616e-04
9.2041125152727243e-01 1.3646025884024847e-04
9.2054765571491226e-01 1.3634811366952112e-04
9.2068394774907436e-01 1.3623595188734459e-04
9.2082012761315390e-01 1.3612377350663587e-04
9.2095619529055950e-01 1.3601157854209215e-04
9.2109215076471374e-01 1.3589936700598022e-04
9.2122799401905253e-01 1.3578713891319026e-04
9.2136372503702568e-01 1.3567489427705653e-04
9.2149934380209664e-01 1.3556263311103402e-04
9.2163485029774250e-01 1.3545035542884037e-04
9.2177024450745393e-01 1.3533806124505258e-04
9.2190552641473555e-01 1.3522575057202968e-04
9.2204069600310545e-01 1.3511342342394667e-04
9.2217575325609547e-01 1.3500107981439773e-04
9.2231069815725109e-01 1.3488871975719609e-04
9.2244553069013147e-01 1.3477634326637054e-04
9.2258025083830963e-01 1.3466395035458071e-04
9.2271485858537194e-01 1.3455154103725732e-04
9.2284935391491896e-01 1.3443911532596664e-04
9.2298373681056445e-01 1.3432667323585992e-04
9.2311800725593607e-01 1.3421421478078684e-04
9.2325216523467535e-01 1.3410173997325882e-04
9.2338621073043714e-01 1.3398924882868242e-04
9.2352014372689051e-01 1.3387674135853628e-04
9.2365396420771773e-01 1.3376421757813300e-04
9.2378767215661495e-01 1.3365167750149578e-04
9.2392126755729231e-01 1.3353912114051172e-04
9.2405475039347318e-01 1.3342654851085010e-04
9.2418812064889500e-01 1.3331395962529454e-04
9.2432137830730887e-01 1.3320135449709596e-04
9.2445452335247946e-01 1.3308873314078008e-04
9.2458755576818530e-01 1.3297609556967650e-04
9.2472047553821857e-01 1.3286344179766233e-04
9.2485328264638511e-01 1.3275077183913598e-04
9.2498597707650476e-01 1.3263808570642419e-04
9.2511855881241079e-01 1.3252538341418409e-04
9.2525102783795032e-01 1.3241266497592544e-04
9.2538338413698429e-01 1.3229993040485378e-04
9.2551562769338713e-01 1.3218717971564102e-04
9.2564775849104719e-01 1.3207441292192212e-04
9.2577977651386667e-01 1.3196163003618985e-04
9.2591168174576111e-01 1.3184883107415944e-04
9.2604347417066024e-01 1.3173601604797789e-04
9.2617515377250725e-01 1.3162318497215864e-04
9.2630672053525920e-01 1.3151033786019110e-04
9.2643817444288679e-01 1.3139747472626663e-04
9.2656951547937472e-01 1.3128459558276777e-04
9.2670074362872101e-01 1.3117170044533709e-04
9.2683185887493791e-01 1.3105878932614430e-04
9.2696286120205107e-01 1.3094586223981908e-04
9.2709375059410004e-01 1.3083291920005339e-04
9.2722452703513814e-01 1.3071996022047508e-04
9.2735519050923243e-01 1.3060698531469725e-04
9.2748574100046366e-01 1.3049399449715054e-04
9.2761617849292655e-01 1.3038098778055603e-04
9.2774650297072936e-01 1.3026796517935264e-04
9.2787671441799424e-01 1.3015492670708672e-04
9.2800681281885711e-01 1.3004187237739676e-04
9.2813679815746764e-01 1.2992880220398227e-04
9.2826667041798916e-01 1.2981571620141084e-04
9.2839642958459889e-01 1.2970261438354646e-04
9.2852607564148804e-01 1.2958949676245297e-04
9.2865560857286111e-01 1.2947636335399371e-04
9.2878502836293686e-01 1.2936321417052424e-04
9.2891433499594767e-01 1.2925004922549290e-04
9.2904352845613947e-01 1.2913686853416090e-04
9.2917260872777219e-01 1.2902367211032199e-04
9.2930157579511974e-01 1.2891045996610653e-04
9.2943042964246947e-01 1.2879723211651527e-04
9.2955917025412260e-01 1.2868398857594971e-04
9.2968779761439446e-01 1.2857072935629752e-04
9.2981631170761370e-01 1.2845745447329337e-04
9.2994471251812316e-01 1.2834416393937769e-04
9.3007300003027937e-01 1.2823085776815022e-04
9.3020117422845239e-01 1.2811753597527614e-04
9.3032923509702647e-01 1.2800419857320478e-04
9.3045718262039956e-01 1.2789084557561265e-04
9.3058501678298333e-01 1.2777747699643707e-04
9.3071273756920325e-01 1.2766409285007259e-04
9.3084034496349877e-01 1.2755069314944649e-04
9.3096783895032287e-01 1.2743727790967823e-04
9.3109521951414265e-01 1.2732384714361441e-04
9.3122248663943896e-01 1.2721040086453115e-04
9.3134964031070622e-01 1.2709693908786462e-04
9.3147668051245303e-01 1.2698346182602328e-04
9.3160360722920155e-01 1.2686996909355876e-04
9.3173042044548793e-01 1.2675646090386355e-04
9.3185712014586197e-01 1.2664293727156152e-04
9.3198370631488758e-01 1.2652939820919777e-04
9.3211017893714221e-01 1.2641584373163876e-04
9.3223653799721728e-01 1.2630227385244692e-04
9.3236278347971802e-01 1.2618868858579136e-04
9.3248891536926359e-01 1.2607508794458408e-04
9.3261493365048687e-01 1.2596147194326491e-04
9.3274083830803456e-01 1.2584784059592384e-04
9.3286662932656739e-01 1.2573419391554428e-04
9.3299230669075961e-01 1.2562053191751354e-04
9.3311787038529981e-01 1.2550685461331452e-04
9.3324332039488977e-01 1.2539316201968793e-04
9.3336865670424585e-01 1.2527945414772274e-04
9.3349387929809768e-01 1.2516573101277985e-04
9.3361898816118893e-01 1.2505199262913266e-04
9.3374398327827723e-01 1.2493823901002800e-04
9.3386886463413410e-01 1.2482447016852585e-04
9.3399363221354470e-01 1.2471068611933199e-04
9.3411828600130820e-01 1.2459688687612892e-04
9.3424282598223751e-01 1.2448307245338684e-04
9.3436725214115957e-01 1.2436924286462532e-04
9.3449156446291515e-01 1.2425539812318945e-04
9.3461576293235893e-01 1.2414153824243297e-04
9.3473984753435913e-01 1.2402766323832176e-04
9.3486381825379827e-01 1.2391377312321076e-04
9.3498767507557257e-01 1.2379986791115772e-04
9.3511141798459219e-01 1.2368594761540775e-04
9.3523504696578086e-01 1.2357201225188455e-04
9.3535856200407674e-01 1.2345806183200028e-04
9.3548196308443132e-01 1.2334409637173696e-04
9.3560525019181040e-01 1.2323011588350022e-04
9.3572842331119344e-01 1.2311612038156102e-04
9.3585148242757377e-01 1.2300210988032038e-04
9.3597442752595872e-01 1.2288808439332838e-04
9.3609725859136950e-01 1.2277404393425996e-04
9.3621997560884118e-01 1.2265998851688166e-04
9.3634257856342262e-01 1.2254591815607886e-04
9.3646506744017677e-01 1.2243183286505480e-04
9.3658744222418044e-01 1.2231773265711590e-04
9.3670970290052413e-01 1.2220361754768962e-04
9.3683184945431253e-01 1.2208948754952709e-04
9.3695388187066420e-01 1.2197534267620085e-04
9.3707580013471126e-01 1.2186118294230875e-04
9.3719760423160015e-01 1.2174700836190564e-04
9.3731929414649096e-01 1.2163281894918077e-04
9.3744086986455799e-01 1.2151861471637654e-04
9.3756233137098899e-01 1.2140439567971149e-04
9.3768367865098612e-01 1.2129016185106379e-04
9.3780491168976510e-01 1.2117591324543200e-04
9.3792603047255574e-01 1.2106164987632788e-04
9.3804703498460162e-01 1.2094737175852829e-04
9.3816792521116055e-01 1.2083307890433731e-04
9.3828870113750384e-01 1.2071877132931325e-04
9.3840936274891706e-01 1.2060444904662145e-04
9.3852991003069952e-01 1.2049011207074109e-04
9.3865034296816463e-01 1.2037576041473376e-04
9.3877066154663968e-01 1.2026139409207963e-04
9.3889086575146563e-01 1.2014701311866868e-04
9.3901095556799774e-01 1.2003261750704529e-04
9.3913093098160505e-01 1.1991820727121895e-04
9.3925079197767047e-01 1.1980378242578251e-04
9.3937053854159103e-01 1.1968934298383369e-04
9.3949017065877749e-01 1.1957488896003996e-04
9.3960968831465475e-01 1.1946042036775869e-04
9.3972909149466155e-01 1.1934593722088616e-04
9.3984838018425043e-01 1.1923143953486834e-04
9.3996755436888835e-01 1.1911692732098559e-04
9.4008661403405558e-01 1.1900240059595182e-04
9.4020555916524695e-01 1.1888785937140573e-04
9.4032438974797072e-01 1.1877330366339542e-04
9.4044310576774959e-01 1.1865873348390442e-04
9.4056170721011978e-01 1.1854414884850596e-04
9.4068019406063186e-01 1.1842954976959164e-04
9.4079856630484993e-01 1.1831493626317371e-04
9.4091682392835252e-01 1.1820030834120504e-04
9.4103496691673183e-01 1.1808566601834676e-04
9.4115299525559404e-01 1.1797100930898490e-04
9.4127090893055931e-01 1.1785633822744420e-04
9.4138870792726204e-01 1.1774165278582359e-04
9.4150639223135013e-01 1.1762695299999310e-04
9.4162396182848573e-01 1.1751223888389777e-04
9.4174141670434508e-01 1.1739751045008613e-04
9.4185875684461817e-01 1.1728276771329934e-04
9.4197598223500900e-01 1.1716801068789355e-04
9.4209309286123566e-01 1.1705323938731054e-04
9.4221008870903011e-01 1.1693845382598533e-04
9.4232696976413843e-01 1.1682365401718343e-04
9.4244373601232045e-01 1.1670883997620680e-04
9.4256038743935033e-01 1.1659401171533918e-04
9.4267692403101588e-01 1.1647916924982074e-04
9.4279334577311913e-01 1.1636431259300858e-04
9.4290965265147597e-01 1.1624944175923933e-04
9.4302584465191641e-01 1.1613455676189086e-04
9.4314192176028422e-01 1.1601965761641936e-04
9.4325788396243748e-01 1.1590474433530797e-04
9.4337373124424806e-01 1.1578981693325150e-04
9.4348946359160191e-01 1.1567487542399568e-04
9.4360508099039886e-01 1.1555991982240464e-04
9.4372058342655307e-01 1.1544495014049195e-04
9.4383597088599225e-01 1.1532996639443455e-04
9.4395124335465841e-01 1.1521496859758480e-04
9.4406640081850768e-01 1.1509995676250671e-04
9.4418144326350972e-01 1.1498493090590632e-04
9.4429637067564887e-01 1.1486989103877879e-04
9.4441118304092286e-01 1.1475483717734465e-04
9.4452588034534379e-01 1.1463976933501405e-04
9.4464046257493772e-01 1.1452468752559328e-04
9.4475492971574460e-01 1.1440959176396729e-04
9.4486928175381868e-01 1.1429448206256218e-04
9.4498351867522790e-01 1.1417935843690767e-04
9.4509764046605449e-01 1.1406422090002712e-04
9.4521164711239458e-01 1.1394906946608805e-04
9.4532553860035839e-01 1.1383390414885414e-04
9.4543931491606992e-01 1.1371872496431910e-04
9.4555297604566768e-01 1.1360353192382385e-04
9.4566652197530376e-01 1.1348832504329761e-04
9.4577995269114457e-01 1.1337310433586985e-04
9.4589326817937047e-01 1.1325786981524972e-04
9.4600646842617575e-01 1.1314262149656649e-04
9.4611955341776888e-01 1.1302735939339292e-04
9.4623252314037232e-01 1.1291208351981013e-04
9.4634537758022264e-01 1.1279679388933973e-04
9.4645811672357028e-01 1.1268149051709819e-04
9.4657074055668000e-01 1.1256617341561597e-04
9.4668324906583035e-01 1.1245084260010336e-04
9.4679564223731394e-01 1.1233549808522275e-04
9.4690792005743774e-01 1.1222013988321807e-04
9.4702008251252245e-01 1.1210476800894604e-04
9.4713212958890292e-01 1.1198938247687306e-04
9.4724406127292804e-01 1.1187398330105651e-04
9.4735587755096096e-01 1.1175857049413037e-04
9.4746757840937845e-01 1.1164314407254349e-04
9.4757916383457186e-01 1.1152770404820628e-04
9.4769063381294616e-01 1.1141225043687707e-04
9.4780198833092077e-01 1.1129678325083100e-04
9.4791322737492878e-01 1.1118130250622601e-04
9.4802435093141768e-01 1.1106580821582899e-04
9.4813535898684898e-01 1.1095030039310038e-04
9.4824625152769804e-01 1.1083477905337566e-04
9.4835702854045445e-01 1.1071924421075469e-04
9.4846769001162201e-01 1.1060369587793320e-04
9.4857823592771828e-01 1.1048813407063425e-04
9.4868866627527526e-01 1.1037255880120307e-04
9.4879898104083860e-01 1.1025697008598277e-04
9.4890918021096848e-01 1.1014136793698663e-04
9.4901926377223889e-01 1.1002575236919398e-04
9.4912923171123798e-01 1.0991012339635835e-04
9.4923908401456791e-01 1.0979448103327072e-04
9.4934882066884507e-01 1.0967882529345511e-04
9.4945844166069993e-01 1.0956315619038114e-04
9.4956794697677682e-01 1.0944747373957509e-04
9.4967733660373443e-01 1.0933177795431649e-04
9.4978661052824542e-01 1.0921606884903924e-04
9.4989576873699666e-01 1.0910034643690990e-04
9.5000481121668889e-01 1.0898461073334913e-04
9.5011373795403720e-01 1.0886886175152596e-04
9.5022254893577063e-01 1.0875309950581986e-04
9.5033124414863235e-01 1.0863732401053350e-04
9.5043982357937973e-01 1.0852153527900187e-04
9.5054828721478402e-01 1.0840573332673510e-04
9.5065663504163078e-01 1.0828991816721768e-04
9.5076486704671981e-01 1.0817408981291115e-04
9.5087298321686453e-01 1.0805824828072182e-04
9.5098098353889293e-01 1.0794239358332022e-04
9.5108886799964698e-01 1.0782652573470075e-04
9.5119663658598275e-01 1.0771064474889294e-04
9.5130428928477040e-01 1.0759475064014583e-04
9.5141182608289410e-01 1.0747884342401064e-04
9.5151924696725254e-01 1.0736292311188788e-04
9.5162655192475809e-01 1.0724698971975102e-04
9.5173374094233743e-01 1.0713104326152994e-04
9.5184081400693132e-01 1.0701508375159728e-04
9.5194777110549478e-01 1.0689911120336507e-04
9.5205461222499677e-01 1.0678312563163704e-04
9.5216133735242059e-01 1.0666712704938067e-04
9.5226794647476343e-01 1.0655111547201616e-04
9.5237443957903678e-01 1.0643509091315413e-04
9.5248081665226625e-01 1.0631905338668203e-04
9.5258707768149153e-01 1.0620300290694149e-04
9.5269322265376655e-01 1.0608693948748503e-04
9.5279925155615908e-01 1.0597086314447999e-04
9.5290516437575146e-01 1.0585477389009303e-04
9.5301096109963990e-01 1.0573867173917536e-04
9.5311664171493493e-01 1.0562255670473224e-04
9.5322220620876086e-01 1.0550642880362418e-04
9.5332765456825663e-01 1.0539028804760774e-04
9.5343298678057509e-01 1.0527413445108584e-04
9.5353820283288315e-01 1.0515796802918003e-04
9.5364330271236208e-01 1.0504178879507021e-04
9.5374828640620712e-01 1.0492559676372183e-04
9.5385315390162784e-01 1.0480939194841030e-04
9.5395790518584778e-01 1.0469317436415623e-04
9.5406254024610471e-01 1.0457694402527461e-04
9.5416705906965071e-01 1.0446070094471629e-04
9.5427146164375176e-01 1.0434444513802582e-04
9.5437574795568825e-01 1.0422817661818989e-04
9.5447991799275456e-01 1.0411189539996860e-04
9.5458397174225929e-01 1.0399560149760245e-04
9.5468790919152524e-01 1.0387929492494144e-04
9.5479173032788944e-01 1.0376297569543188e-04
9.5489543513870279e-01 1.0364664382538098e-04
9.5499902361133071e-01 1.0353029932752522e-04
9.5510249573315265e-01 1.0341394221626041e-04
9.5520585149156234e-01 1.0329757250467561e-04
9.5530909087396743e-01 1.0318119020879388e-04
9.5541221386778996e-01 1.0306479534214086e-04
9.5551522046046611e-01 1.0294838791895723e-04
9.5561811063944635e-01 1.0283196795210176e-04
9.5572088439219505e-01 1.0271553545759110e-04
9.5582354170619088e-01 1.0259909044995987e-04
9.5592608256892708e-01 1.0248263294074647e-04
9.5602850696791042e-01 1.0236616294573487e-04
9.5613081489066221e-01 1.0224968048047357e-04
9.5623300632471808e-01 1.0213318555694690e-04
9.5633508125762767e-01 1.0201667818979326e-04
9.5643703967695470e-01 1.0190015839450385e-04
9.5653888157027744e-01 1.0178362618319811e-04
9.5664060692518793e-01 1.0166708157222547e-04
9.5674221572929274e-01 1.0155052457449066e-04
9.5684370797021256e-01 1.0143395520386744e-04
9.5694508363558206e-01 1.0131737347646455e-04
9.5704634271305045e-01 1.0120077940481253e-04
9.5714748519028103e-01 1.0108417300264504e-04
9.5724851105495112e-01 1.0096755428579593e-04
9.5734942029475245e-01 1.0085092326782645e-04
9.5745021289739096e-01 1.0073427996235613e-04
9.5755088885058659e-01 1.0061762438514756e-04
9.5765144814207392e-01 1.0050095654749101e-04
9.5775189075960110e-01 1.0038427646757237e-04
9.5785221669093124e-01 1.0026758415554407e-04
9.5795242592384100e-01 1.0015087962850761e-04
9.5805251844612160e-01 1.0003416290033520e-04
9.5815249424557858e-01 9.9917433983544006e-05
9.5825235331003134e-01 9.9800692894519064e-05
9.5835209562731383e-01 9.9683939646087231e-05
9.5845172118527411e-01 9.9567174252518587e-05
9.5855122997177444e-01 9.9450396728112322e-05
9.5865062197469131e-01 9.9333607087403805e-05
9.5874989718191539e-01 9.9216805345086050e-05
9.5884905558135169e-01 9.9099991514902525e-05
9.5894809716091955e-01 9.8983165609609032e-05
9.5904702190855207e-01 9.8866327646944324e-05
9.5914582981219720e-01 9.8749477637730731e-05
9.5924452085981671e-01 9.8632615597940489e-05
9.5934309503938675e-01 9.8515741541286235e-05
9.5944155233889772e-01 9.8398855481851010e-05
9.5953989274635421e-01 9.8281957434037396e-05
9.5963811624977502e-01 9.8165047412590434e-05
9.5973622283719329e-01 9.8048125431356674e-05
9.5983421249665635e-01 9.7931191504565835e-05
9.5993208521622575e-01 9.7814245646886359e-05
9.6002984098397737e-01 9.7697287872016965e-05
9.6012747978800128e-01 9.7580318194294709e-05
9.6022500161640190e-01 9.7463336627114474e-05
9.6032240645729761e-01 9.7346343186729468e-05
9.6041969429882146e-01 9.7229337885126671e-05
9.6051686512912027e-01 9.7112320739520163e-05
9.6061391893635562e-01 9.6995291761590855e-05
9.6071085570870307e-01 9.6878250965945348e-05
9.6080767543435242e-01 9.6761198367686037e-05
9.6090437810150786e-01 9.6644133980137333e-05
9.6100096369838772e-01 9.6527057818263814e-05
9.6109743221322463e-01 9.6409969896432012e-05
9.6119378363426555e-01 9.6292870228426231e-05
9.6129001794977154e-01 9.6175758829815288e-05
9.6138613514801829e-01 9.6058635711894984e-05
9.6148213521729520e-01 9.5941500892738292e-05
9.6157801814590649e-01 9.5824354383771727e-05
9.6167378392217040e-01 9.5707196199400039e-05
9.6176943253441927e-01 9.5590026356100297e-05
9.6186496397100008e-01 9.5472844866100064e-05
9.6196037822027380e-01 9.5355651744745233e-05
9.6205567527061597e-01 9.5238447004503872e-05
9.6215085511041598e-01 9.5121230662273434e-05
9.6224591772807788e-01 9.5004002730734178e-05
9.6234086311201983e-01 9.4886763224650037e-05
9.6243569125067430e-01 9.4769512158406004e-05
9.6253040213248808e-01 9.4652249545807820e-05
9.6262499574592220e-01 9.4534975401583992e-05
9.6271947207945197e-01 9.4417689740225669e-05
9.6281383112156715e-01 9.4300392574318947e-05
9.6290807286077151e-01 9.4183083920043646e-05
9.6300219728558323e-01 9.4065763791972758e-05
9.6309620438453492e-01 9.3948432202979951e-05
9.6319009414617329e-01 9.3831089168235800e-05
9.6328386655905951e-01 9.3713734701411527e-05
9.6337752161176893e-01 9.3596368816992263e-05
9.6347105929289123e-01 9.3478991529298908e-05
9.6356447959103042e-01 9.3361602852424437e-05
9.6365778249480472e-01 9.3244202801442500e-05
9.6375096799284676e-01 9.3126791389927456e-05
9.6384403607380342e-01 9.3009368632606242e-05
9.6393698672633588e-01 9.2891934543901916e-05
9.6402981993911963e-01 9.2774489138185972e-05
9.6412253570084450e-01 9.2657032429581878e-05
9.6421513400021475e-01 9.2539564430805171e-05
9.6430761482594862e-01 9.2422085158301232e-05
9.6439997816677892e-01 9.2304594625873188e-05
9.6449222401145263e-01 9.2187092848441653e-05
9.6458435234873130e-01 9.2069579838366871e-05
9.6467636316739047e-01 9.1952055611739595e-05
9.6476825645622022e-01 9.1834520182009096e-05
9.6486003220402483e-01 9.1716973563944279e-05
9.6495169039962303e-01 9.1599415771031199e-05
9.6504323103184764e-01 9.1481846819199602e-05
9.6513465408954602e-01 9.1364266722000322e-05
9.6522595956157986e-01 9.1246675492843938e-05
9.6531714743682506e-01 9.1129073146584196e-05
9.6540821770417184e-01 9.1011459698099980e-05
9.6549917035252486e-01 9.0893835161088952e-05
9.6559000537080297e-01 9.0776199550604230e-05
9.6568072274793948e-01 9.0658552880508558e-05
9.6577132247288200e-01 9.0540895164815859e-05
9.6586180453459236e-01 9.0423226419029913e-05
9.6595216892204694e-01 9.0305546656082485e-05
9.6604241562423632e-01 9.0187855890465186e-05
9.6613254463016540e-01 9.0070154136896616e-05
9.6622255592885331e-01 8.9952441411524041e-05
9.6631244950933393e-01 8.9834717725563912e-05
9.6640222536065512e-01 8.9716983094340316e-05
9.6649188347187909e-01 8.9599237533445150e-05
9.6658142383208256e-01 8.9481481056145066e-05
9.6667084643035661e-01 8.9363713675950983e-05
9.6676015125580639e-01 8.9245935409332542e-05
9.6684933829755160e-01 8.9128146270476137e-05
9.6693840754472649e-01 8.9010346271203337e-05
9.6702735898647929e-01 8.8892535427667944e-05
9.6711619261197268e-01 8.8774713755102386e-05
9.6720490841038387e-01 8.8656881266439285e-05
9.6729350637090428e-01 8.8539037976340172e-05
9.6738198648273976e-01 8.8421183898599595e-05
9.6747034873511040e-01 8.8303319048672381e-05
9.6755859311725079e-01 8.8185443439970518e-05
9.6764671961840965e-01 8.8067557088818214e-05
9.6773472822785045e-01 8.7949660006897315e-05
9.6782261893485078e-01 8.7831752208895872e-05
9.6791039172870241e-01 8.7713833711438813e-05
9.6799804659871180e-01 8.7595904527641431e-05
9.6808558353419971e-01 8.7477964671196985e-05
9.6817300252450122e-01 8.7360014156296432e-05
9.6826030355896564e-01 8.7242052999112209e-05
9.6834748662695691e-01 8.7124081212365285e-05
9.6843455171785309e-01 8.7006098812045013e-05
9.6852149882104688e-01 8.6888105810776467e-05
9.6860832792594520e-01 8.6770102223137532e-05
9.6869503902196930e-01 8.6652088064419821e-05
9.6878163209855483e-01 8.6534063349179440e-05
9.6886810714515204e-01 8.6416028090015469e-05
9.6895446415122521e-01 8.6297982302905443e-05
9.6904070310625323e-01 8.6179926001843255e-05
9.6912682399972927e-01 8.6061859201561950e-05
9.6921282682116094e-01 8.5943781916279527e-05
9.6929871156007030e-01 8.5825694159535787e-05
9.6938447820599372e-01 8.5707595945637956e-05
9.6947012674848176e-01 8.5589487291153307e-05
9.6955565717709979e-01 8.5471368208014069e-05
9.6964106948142725e-01 8.5353238711650620e-05
9.6972636365105802e-01 8.5235098817052949e-05
9.6981153967560041e-01 8.5116948538697379e-05
9.6989659754467727e-01 8.4998787889151059e-05
9.6998153724792568e-01 8.4880616883367983e-05
9.7006635877499703e-01 8.4762435537161660e-05
9.7015106211555735e-01 8.4644243863212797e-05
9.7023564725928679e-01 8.4526041877794550e-05
9.7032011419588016e-01 8.4407829594181335e-05
9.7040446291504656e-01 8.4289607026494695e-05
9.7048869340650945e-01 8.4171374190003721e-05
9.7057280566000681e-01 8.4053131098076991e-05
9.7065679966529095e-01 8.3934877765278214e-05
9.7074067541212850e-01 8.3816614207133408e-05
9.7082443289030063e-01 8.3698340436825252e-05
9.7090807208960295e-01 8.3580056469988864e-05
9.7099159299984539e-01 8.3461762319218092e-05
9.7107499561085220e-01 8.3343458001003854e-05
9.7115827991246229e-01 8.3225143528030881e-05
9.7124144589452877e-01 8.3106818915702787e-05
9.7132449354691919e-01 8.2988484179083300e-05
9.7140742285951576e-01 8.2870139330245540e-05
9.7149023382221467e-01 8.2751784386726233e-05
9.7157292642492699e-01 8.2633419360194553e-05
9.7165550065757800e-01 8.2515044265003099e-05
9.7173795651010719e-01 8.2396659118247939e-05
9.7182029397246883e-01 8.2278263932560215e-05
9.7190251303463138e-01 8.2159858723353856e-05
9.7198461368657796e-01 8.2041443503120062e-05
9.7206659591830580e-01 8.1923018288381167e-05
9.7214845971982689e-01 8.1804583091549292e-05
9.7223020508116731e-01 8.1686137929116225e-05
9.7231183199236781e-01 8.1567682814671815e-05
9.7239334044348358e-01 8.1449217761837438e-05
9.7247473042458410e-01 8.1330742785743471e-05
9.7255600192575331e-01 8.1212257901302359e-05
9.7263715493708958e-01 8.1093763123697322e-05
9.7271818944870603e-01 8.0975258463614839e-05
9.7279910545072956e-01 8.0856743940677507e-05
9.7287990293330229e-01 8.0738219564286591e-05
9.7296058188658008e-01 8.0619685352709651e-05
9.7304114230073369e-01 8.0501141318420054e-05
9.7312158416594807e-01 8.0382587477075346e-05
9.7320190747242286e-01 8.0264023841487340e-05
9.7328211221037186e-01 8.0145450427406107e-05
9.7336219837002347e-01 8.0026867249504628e-05
9.7344216594162059e-01 7.9908274321025728e-05
9.7352201491542045e-01 7.9789671656995868e-05
9.7360174528169474e-01 7.9671059272516152e-05
9.7368135703072967e-01 7.9552437181566407e-05
9.7376085015282599e-01 7.9433805396815046e-05
9.7384022463829856e-01 7.9315163935692355e-05
9.7391948047747701e-01 7.9196512811539820e-05
9.7399861766070539e-01 7.9077852037786369e-05
9.7407763617834198e-01 7.8959181631281969e-05
9.7415653602075991e-01 7.8840501603291344e-05
9.7423531717834644e-01 7.8721811969750883e-05
9.7431397964150335e-01 7.8603112745693999e-05
9.7439252340064686e-01 7.8484403946271183e-05
9.7447094844620785e-01 7.8365685584204966e-05
9.7454925476863152e-01 7.8246957674130057e-05
9.7462744235837750e-01 7.8128220230992847e-05
9.7470551120591997e-01 7.8009473268733263e-05
9.7478346130174742e-01 7.7890716803382168e-05
9.7486129263636301e-01 7.7771950848241870e-05
9.7493900520028431e-01 7.7653175417228605e-05
9.7501659898404325e-01 7.7534390526206405e-05
9.7509407397818648e-01 7.7415596187033217e-05
9.7517143017327468e-01 7.7296792418270432e-05
9.7524866755988349e-01 7.7177979231345326e-05
9.7532578612860277e-01 7.7059156641344178e-05
9.7540278587003681e-01 7.6940324663930335e-05
9.7547966677480469e-01 7.6821483310752465e-05
9.7555642883353944e-01 7.6702632600315662e-05
9.7563307203688909e-01 7.6583772544024732e-05
9.7570959637551591e-01 7.6464903157044816e-05
9.7578600184009667e-01 7.6346024453625584e-05
9.7586228842132261e-01 7.6227136448782625e-05
9.7593845610989938e-01 7.6108239158194087e-05
9.7601450489654740e-01 7.5989332593685429e-05
9.7609043477200119e-01 7.5870416772420060e-05
9.7616624572701016e-01 7.5751491706140404e-05
9.7624193775233781e-01 7.5632557411972804e-05
9.7631751083876239e-01 7.5513613903287018e-05
9.7639296497707662e-01 7.5394661194179598e-05
9.7646830015808761e-01 7.5275699299569694e-05
9.7654351637261716e-01 7.5156728232106843e-05
9.7661861361150115e-01 7.5037748010109209e-05
9.7669359186559035e-01 7.4918758646354549e-05
9.7676845112575006e-01 7.4799760152967563e-05
9.7684319138285969e-01 7.4680752547812054e-05
9.7691781262781341e-01 7.4561735844933509e-05
9.7699231485152005e-01 7.4442710056003052e-05
9.7706669804490254e-01 7.4323675198611838e-05
9.7714096219889857e-01 7.4204631286524584e-05
9.7721510730446037e-01 7.4085578332869665e-05
9.7728913335255452e-01 7.3966516353352494e-05
9.7736304033416221e-01 7.3847445361683594e-05
9.7743682824027900e-01 7.3728365374117757e-05
9.7751049706191517e-01 7.3609276403218259e-05
9.7758404679009536e-01 7.3490178464204707e-05
9.7765747741585873e-01 7.3371071571789700e-05
9.7773078893025900e-01 7.3251955740311227e-05
9.7780398132436441e-01 7.3132830984316057e-05
9.7787705458925755e-01 7.3013697318003945e-05
9.7795000871603577e-01 7.2894554756699654e-05
9.7802284369581083e-01 7.2775403313688348e-05
9.7809555951970883e-01 7.2656243005934782e-05
9.7816815617887076e-01 7.2537073845111273e-05
9.7824063366445191e-01 7.2417895845776462e-05
9.7831299196762189e-01 7.2298709025420696e-05
9.7838523107956532e-01 7.2179513394568910e-05
9.7845735099148079e-01 7.2060308971708052e-05
9.7852935169458188e-01 7.1941095768399702e-05
9.7860123318009640e-01 7.1821873800825630e-05
9.7867299543926678e-01 7.1702643083255117e-05
9.7874463846335003e-01 7.1583403629639297e-05
9.7881616224361767e-01 7.1464155453774384e-05
9.7888756677135558e-01 7.1344898572471259e-05
9.7895885203786448e-01 7.1225632998108516e-05
9.7903001803445922e-01 7.1106358746349081e-05
9.7910106475246950e-01 7.0987075832457057e-05
9.7917199218323958e-01 7.0867784268345576e-05
9.7924280031812794e-01 7.0748484071582156e-05
9.7931348914850791e-01 7.0629175254487264e-05
9.7938405866576728e-01 7.0509857830997180e-05
9.7945450886130803e-01 7.0390531820037046e-05
9.7952483972654725e-01 7.0271197231837747e-05
9.7959505125291624e-01 7.0151854081760393e-05
9.7966514343186084e-01 7.0032502385044301e-05
9.7973511625484155e-01 6.9913142155171660e-05
9.7980496971333320e-01 6.9793773409059290e-05
9.7987470379882535e-01 6.9674396160096722e-05
9.7994431850282226e-01 6.9555010420056806e-05
9.8001381381684227e-01 6.9435616207476580e-05
9.8008318973241859e-01 6.9316213535838112e-05
9.8015244624109898e-01 6.9196802418670388e-05
9.8022158333444565e-01 6.9077382871266459e-05
9.8029060100403542e-01 6.8957954907246860e-05
9.8035949924145960e-01 6.8838518542074399e-05
9.8042827803832411e-01 6.8719073789646340e-05
9.8049693738624932e-01 6.8599620665634893e-05
9.8056547727687027e-01 6.8480159184142520e-05
9.8063389770183651e-01 6.8360689359403263e-05
9.8070219865281216e-01 6.8241211205932598e-05
9.8077038012147588e-01 6.8121724738272657e-05
9.8083844209952098e-01 6.8002229969560393e-05
9.8090638457865498e-01 6.7882726918395565e-05
9.8097420755060050e-01 6.7763215595615669e-05
9.8104191100709415e-01 6.7643696017656964e-05
9.8110949493988764e-01 6.7524168197754918e-05
9.8117695934074689e-01 6.7404632151141702e-05
9.8124430420145248e-01 6.7285087892334311e-05
9.8131152951379952e-01 6.7165535436481758e-05
9.8137863526959779e-01 6.7045974797073078e-05
9.8144562146067149e-01 6.6926405989757806e-05
9.8151248807885949e-01 6.6806829028800914e-05
9.8157923511601530e-01 6.6687243927103390e-05
9.8164586256400677e-01 6.6567650701487879e-05
9.8171237041471637e-01 6.6448049367413557e-05
9.8177875866004150e-01 6.6328439935425687e-05
9.8184502729189360e-01 6.6208822423731480e-05
9.8191117630219915e-01 6.6089196843701343e-05
9.8197720568289870e-01 6.5969563214569212e-05
9.8204311542594791e-01 6.5849921546842118e-05
9.8210890552331676e-01 6.5730271855375568e-05
9.8217457596698965e-01 6.5610614157262498e-05
9.8224012674896588e-01 6.5490948464720918e-05
9.8230555786125906e-01 6.5371274794137011e-05
9.8237086929589768e-01 6.5251593157074445e-05
9.8243606104492431e-01 6.5131903572167917e-05
9.8250113310039677e-01 6.5012206051104409e-05
9.8256608545438684e-01 6.4892500610197733e-05
9.8263091809898129e-01 6.4772787262501333e-05
9.8269563102628132e-01 6.4653066022814839e-05
9.8276022422840259e-01 6.4533336908363716e-05
9.8282469769747571e-01 6.4413599929800291e-05
9.8288905142564553e-01 6.4293855103993231e-05
9.8295328540507165e-01 6.4174102444778733e-05
9.8301739962792822e-01 6.4054341966938416e-05
9.8308139408640394e-01 6.3934573685867936e-05
9.8314526877270225e-01 6.3814797614105144e-05
9.8320902367904095e-01 6.3695013768669397e-05
9.8327265879765269e-01 6.3575222161935875e-05
9.8333617412078445e-01 6.3455422810778530e-05
9.8339956964069797e-01 6.3335615729143022e-05
9.8346284534966966e-01 6.3215800930096724e-05
9.8352600123999034e-01 6.3095978429359239e-05
9.8358903730396552e-01 6.2976148241796200e-05
9.8365195353391532e-01 6.2856310381227782e-05
9.8371474992217445e-01 6.2736464862592326e-05
9.8377742646109223e-01 6.2616611699602807e-05
9.8383998314303245e-01 6.2496750909177902e-05
9.8390241996037364e-01 6.2376882505267987e-05
9.8396473690550901e-01 6.2257006500899385e-05
9.8402693397084628e-01 6.2137122910313226e-05
9.8408901114880765e-01 6.2017231750617773e-05
9.8415096843183003e-01 6.1897333036137331e-05
9.8421280581236514e-01 6.1777426778453223e-05
9.8427452328287890e-01 6.1657512996155141e-05
9.8433612083585220e-01 6.1537591701092546e-05
9.8439759846378039e-01 6.1417662908321510e-05
9.8445895615917345e-01 6.1297726631990844e-05
9.8452019391455581e-01 6.1177782889555024e-05
9.8458131172246688e-01 6.1057831691726226e-05
9.8464230957546028e-01 6.0937873056474049e-05
9.8470318746610452e-01 6.0817906996915633e-05
9.8476394538698275e-01 6.0697933525695844e-05
9.8482458333069234e-01 6.0577952662465278e-05
9.8488510128984585e-01 6.0457964416475439e-05
9.8494549925706998e-01 6.0337968806144149e-05
9.8500577722500637e-01 6.0217965843332981e-05
9.8506593518631103e-01 6.0097955545129530e-05
9.8512597313365480e-01 5.9977937924221035e-05
9.8518589105972298e-01 5.9857912996549293e-05
9.8524568895721565e-01 5.9737880775520952e-05
9.8530536681884739e-01 5.9617841275946240e-05
9.8536492463734737e-01 5.9497794514164139e-05
9.8542436240545950e-01 5.9377740503822029e-05
9.8548368011594234e-01 5.9257679258266935e-05
9.8554287776156890e-01 5.9137610794164107e-05
9.8560195533512707e-01 5.9017535123714608e-05
9.8566091282941914e-01 5.8897452262758313e-05
9.8571975023726199e-01 5.8777362228688474e-05
9.8577846755148757e-01 5.8657265030184381e-05
9.8583706476494182e-01 5.8537160687869679e-05
9.8589554187048578e-01 5.8417049213742951e-05
9.8595389886099505e-01 5.8296930621445986e-05
9.8601213572935975e-01 5.8176804926250449e-05
9.8607025246848468e-01 5.8056672143179217e-05
9.8612824907128915e-01 5.7936532288684405e-05
9.8618612553070750e-01 5.7816385373023860e-05
9.8624388183968825e-01 5.7696231414230326e-05
9.8630151799119470e-01 5.7576070427907923e-05
9.8635903397820501e-01 5.7455902425365328e-05
9.8641642979371169e-01 5.7335727423707321e-05
9.8647370543072210e-01 5.7215545435755081e-05
9.8653086088225816e-01 5.7095356476046125e-05
9.8658789614135634e-01 5.6975160561124505e-05
9.8664481120106784e-01 5.6854957704996411e-05
9.8670160605445856e-01 5.6734747921743997e-05
9.8675828069460891e-01 5.6614531227234501e-05
9.8681483511461410e-01 5.6494307634898721e-05
9.8687126930758395e-01 5.6374077158330139e-05
9.8692758326664276e-01 5.6253839814998629e-05
9.8698377698492967e-01 5.6133595618054653e-05
9.8703985045559850e-01 5.6013344580552372e-05
9.8709580367181748e-01 5.5893086719792610e-05
9.8715163662676964e-01 5.5772822050704459e-05
9.8720734931365284e-01 5.5652550584029786e-05
9.8726294172567919e-01 5.5532272338901962e-05
9.8731841385607577e-01 5.5411987328177950e-05
9.8737376569808433e-01 5.5291695564492047e-05
9.8742899724496092e-01 5.5171397067098477e-05
9.8748410848997670e-01 5.5051091846558860e-05
9.8753909942641727e-01 5.4930779917871765e-05
9.8759397004758276e-01 5.4810461298090958e-05
9.8764872034678819e-01 5.4690136000271869e-05
9.8770335031736312e-01 5.4569804039394999e-05
9.8775785995265175e-01 5.4449465430849230e-05
9.8781224924601307e-01 5.4329120187781183e-05
9.8786651819082061e-01 5.4208768325702424e-05
9.8792066678046264e-01 5.4088409858087750e-05
9.8797469500834190e-01 5.3968044802945468e-05
9.8802860286787608e-01 5.3847673171941788e-05
9.8808239035249745e-01 5.3727294978998512e-05
9.8813605745565281e-01 5.3606910240573096e-05
9.8818960417080359e-01 5.3486518973414613e-05
9.8824303049142626e-01 5.3366121187614926e-05
9.8829633641101156e-01 5.3245716900576862e-05
9.8834952192306502e-01 5.3125306127410012e-05
9.8840258702110706e-01 5.3004888879140990e-05
9.8845553169867229e-01 5.2884465176261989e-05
9.8850835594931052e-01 5.2764035028106011e-05
9.8856105976658593e-01 5.2643598451264500e-05
9.8861364314407729e-01 5.2523155462625241e-05
9.8866610607537830e-01 5.2402706075023919e-05
9.8871844855409730e-01 5.2282250301531636e-05
9.8877067057385715e-01 5.2161788158045865e-05
9.8882277212829539e-01 5.2041319660903201e-05
9.8887475321106444e-01 5.1920844822148813e-05
9.8892661381583113e-01 5.1800363659147458e-05
9.8897835393627731e-01 5.1679876182529861e-05
9.8902997356609901e-01 5.1559382412938649e-05
9.8908147269900748e-01 5.1438882359875274e-05
9.8913285132872830e-01 5.1318376040224051e-05
9.8918410944900192e-01 5.1197863466875811e-05
9.8923524705358323e-01 5.1077344657946272e-05
9.8928626413624210e-01 5.0956819625178110e-05
9.8933716069076294e-01 5.0836288383106226e-05
9.8938793671094472e-01 5.0715750949440148e-05
9.8943859219060137e-01 5.0595207335309802e-05
9.8948912712356130e-01 5.0474657557200040e-05
9.8953954150366763e-01 5.0354101630097288e-05
9.8958983532477818e-01 5.0233539569519773e-05
9.8964000858076562e-01 5.0112971387002564e-05
9.8969006126551706e-01 4.9992397099562168e-05
9.8973999337293439e-01 4.9871816722500621e-05
9.8978980489693436e-01 4.9751230267292442e-05
9.8983949583144815e-01 4.9630637750732870e-05
9.8988906617042172e-01 4.9510039188232397e-05
9.8993851590781567e-01 4.9389434595919003e-05
9.8998784503760562e-01 4.9268823983500033e-05
9.9003705355378147e-01 4.9148207368883232e-05
9.9008614145034790e-01 4.9027584768309760e-05
9.9013510872132460e-01 4.8906956191627175e-05
9.9018395536074555e-01 4.8786321656961568e-05
9.9023268136265952e-01 4.8665681181026098e-05
9.9028128672113025e-01 4.8545034773822578e-05
9.9032977143023582e-01 4.8424382454000763e-05
9.9037813548406939e-01 4.8303724231058162e-05
9.9042637887673834e-01 4.8183060125596799e-05
9.9047450160236516e-01 4.8062390149269122e-05
9.9052250365508676e-01 4.7941714319698180e-05
9.9057038502905514e-01 4.7821032645623694e-05
9.9061814571843654e-01 4.7700345146824214e-05
9.9066578571741215e-01 4.7579651836667846e-05
9.9071330502017785e-01 4.7458952729593777e-05
9.9076070362094415e-01 4.7338247841382081e-05
9.9080798151393645e-01 4.7217537183547413e-05
9.9085513869339459e-01 4.7096820774192526e-05
9.9090217515357326e-01 4.6976098627365652e-05
9.9094909088874183e-01 4.6855370758349109e-05
9.9099588589318455e-01 4.6734637178498512e-05
9.9104256016120007e-01 4.6613897905587125e-05
9.9108911368710195e-01 4.6493152953567899e-05
9.9113554646521840e-01 4.6372402337582164e-05
9.9118185848989238e-01 4.6251646071634724e-05
9.9122804975548151e-01 4.6130884170841008e-05
9.9127412025635819e-01 4.6010116649218186e-05
9.9132006998690947e-01 4.5889343522184318e-05
9.9136589894153715e-01 4.5768564803821523e-05
9.9141160711465770e-01 4.5647780509711121e-05
9.9145719450070235e-01 4.5526990654206905e-05
9.9150266109411700e-01 4.5406195252994916e-05
9.9154800688936240e-01 4.5285394318185523e-05
9.9159323188091386e-01 4.5164587865772856e-05
9.9163833606326135e-01 4.5043775913428969e-05
9.9168331943090993e-01 4.4922958469634099e-05
9.9172818197837886e-01 4.4802135555046452e-05
9.9177292370020242e-01 4.4681307184062754e-05
9.9181754459092974e-01 4.4560473367070219e-05
9.9186204464512451e-01 4.4439634118808677e-05
9.9190642385736483e-01 4.4318789461139444e-05
9.9195068222224414e-01 4.4197939401251778e-05
9.9199481973437020e-01 4.4077083956153470e-05
9.9203883638836554e-01 4.3956223141931945e-05
9.9208273217886755e-01 4.3835356970652253e-05
9.9212650710052808e-01 4.3714485461915332e-05
9.9217016114801404e-01 4.3593608625939781e-05
9.9221369431600692e-01 4.3472726477483659e-05
9.9225710659920285e-01 4.3351839033042553e-05
9.9230039799231273e-01 4.3230946308275546e-05
9.9234356849006233e-01 4.3110048315055609e-05
9.9238661808719197e-01 4.2989145069923831e-05
9.9242954677845674e-01 4.2868236588448604e-05
9.9247235455862659e-01 4.2747322882589327e-05
9.9251504142248603e-01 4.2626403969049918e-05
9.9255760736483434e-01 4.2505479863540851e-05
9.9260005238048565e-01 4.2384550578317658e-05
9.9264237646426867e-01 4.2263616130173755e-05
9.9268457961102707e-01 4.2142676529479577e-05
9.9272666181561886e-01 4.2021731797401752e-05
9.9276862307291713e-01 4.1900781945434450e-05
9.9281046337780954e-01 4.1779826990243254e-05
9.9285218272519871e-01 4.1658866941893450e-05
9.9289378111000171e-01 4.1537901818221478e-05
9.9293525852715037e-01 4.1416931636429282e-05
9.9297661497159151e-01 4.1295956407292823e-05
9.9301785043828650e-01 4.1174976146451819e-05
9.9305896492221146e-01 4.1053990868967017e-05
9.9309995841835730e-01 4.0933000589295949e-05
9.9314083092172956e-01 4.0812005323909060e-05
9.9318158242734866e-01 4.0691005085937368e-05
9.9322221293024970e-01 4.0569999890733935e-05
9.9326272242548252e-01 4.0448989752835933e-05
9.9330311090811174e-01 4.0327974686463940e-05
9.9334337837321673e-01 4.0206954704999302e-05
9.9338352481589143e-01 4.0085929827261316e-05
9.9342355023124473e-01 3.9964900065584407e-05
9.9346345461440022e-01 3.9843865434663553e-05
9.9350323796049622e-01 3.9722825948697908e-05
9.9354290026468572e-01 3.9601781624263030e-05
9.9358244152213659e-01 3.9480732474591304e-05
9.9362186172803135e-01 3.9359678515177590e-05
9.9366116087756740e-01 3.9238619758310087e-05
9.9370033896595655e-01 3.9117556224656346e-05
9.9373939598842587e-01 3.8996487922416003e-05
9.9377833194021681e-01 3.8875414868260605e-05
9.9381714681658562e-01 3.8754337078795196e-05
9.9385584061280330e-01 3.8633254569961480e-05
9.9389441332415585e-01 3.8512167351169523e-05
9.9393286494594357e-01 3.8391075443943768e-05
9.9397119547348201e-01 3.8269978856878903e-05
9.9400940490210110e-01 3.8148877607614599e-05
9.9404749322714570e-01 3.8027771710376103e-05
9.9408546044397539e-01 3.7906661178757726e-05
9.9412330654796444e-01 3.7785546029758753e-05
9.9416103153450186e-01 3.7664426279652463e-05
9.9419863539899167e-01 3.7543301938326090e-05
9.9423611813685242e-01 3.7422173021408854e-05
9.9427347974351732e-01 3.7301039547852563e-05
9.9431072021443456e-01 3.7179901529844278e-05
9.9434783954506700e-01 3.7058758982559998e-05
9.9438483773089237e-01 3.6937611917689936e-05
9.9442171476740293e-01 3.6816460353230926e-05
9.9445847065010584e-01 3.6695304303899780e-05
9.9449510537452301e-01 3.6574143784053232e-05
9.9453161893619113e-01 3.6452978808035907e-05
9.9456801133066153e-01 3.6331809393298141e-05
9.9460428255350053e-01 3.6210635550648168e-05
9.9464043260028911e-01 3.6089457293918349e-05
9.9467646146662292e-01 3.5968274640410517e-05
9.9471236914811234e-01 3.5847087607292017e-05
9.9474815564038277e-01 3.5725896205035321e-05
9.9478382093907403e-01 3.5604700453867414e-05
9.9481936503984114e-01 3.5483500360965848e-05
9.9485478793835347e-01 3.5362295946759975e-05
9.9489008963029546e-01 3.5241087221538928e-05
9.9492527011136600e-01 3.5119874205855933e-05
9.9496032937727907e-01 3.4998656910100866e-05
9.9499526742376332e-01 3.4877435348118515e-05
9.9503008424656192e-01 3.4756209540733117e-05
9.9506477984143316e-01 3.4634979498557384e-05
9.9509935420414997e-01 3.4513745235715464e-05
9.9513380733050005e-01 3.4392506766431436e-05
9.9516813921628577e-01 3.4271264108636095e-05
9.9520234985732448e-01 3.4150017273435005e-05
9.9523643924944805e-01 3.4028766278936944e-05
9.9527040738850325e-01 3.3907511140361942e-05
9.9530425427035174e-01 3.3786251869222783e-05
9.9533797989086981e-01 3.3664988480899314e-05
9.9537158424594840e-01 3.3543720994652972e-05
9.9540506733149359e-01 3.3422449419228686e-05
9.9543842914342595e-01 3.3301173770756158e-05
9.9547166967768086e-01 3.3179894065924297e-05
9.9550478893020855e-01 3.3058610317751267e-05
9.9553778689697392e-01 3.2937322543614681e-05
9.9557066357395685e-01 3.2816030753574917e-05
9.9560341895715165e-01 3.2694734969380816e-05
9.9563605304256775e-01 3.2573435201869383e-05
9.9566856582622931e-01 3.2452131462571711e-05
9.9570095730417507e-01 3.2330823770463475e-05
9.9573322747245863e-01 3.2209512141584739e-05
9.9576537632714857e-01 3.2088196584685367e-05
9.9579740386432791e-01 3.1966877120657361e-05
9.9582931008009468e-01 3.1845553762883663e-05
9.9586109497056163e-01 3.1724226525573063e-05
9.9589275853185633e-01 3.1602895423255271e-05
9.9592430076012117e-01 3.1481560467465155e-05
9.9595572165151314e-01 3.1360221677613072e-05
9.9598702120220417e-01 3.1238879066291095e-05
9.9601819940838088e-01 3.1117532650393214e-05
9.9604925626624474e-01 3.0996182443676580e-05
9.9608019177201201e-01 3.0874828460505333e-05
9.9611100592191371e-01 3.0753470715932699e-05
9.9614169871219560e-01 3.0632109225542382e-05
9.9617227013911835e-01 3.0510744001796279e-05
9.9620272019895739e-01 3.0389375058009945e-05
9.9623304888800268e-01 3.0268002415771666e-05
9.9626325620255929e-01 3.0146626085918080e-05
9.9629334213894705e-01 3.0025246079752391e-05
9.9632330669350033e-01 2.9903862417706989e-05
9.9635314986256851e-01 2.9782475112638817e-05
9.9638287164251571e-01 2.9661084178355953e-05
9.9641247202972083e-01 2.9539689629504510e-05
9.9644195102057742e-01 2.9418291485979446e-05
9.9647130861149424e-01 2.9296889751674843e-05
9.9650054479889427e-01 2.9175484452235727e-05
9.9652965957921569e-01 2.9054075597801948e-05
9.9655865294891133e-01 2.8932663203383528e-05
9.9658752490444880e-01 2.8811247285209429e-05
9.9661627544231057e-01 2.8689827856168236e-05
9.9664490455899390e-01 2.8568404930023453e-05
9.9667341225101069e-01 2.8446978526195427e-05
9.9670179851488794e-01 2.8325548652040477e-05
9.9673006334716707e-01 2.8204115328929725e-05
9.9675820674440452e-01 2.8082678570826160e-05
9.9678622870317146e-01 2.7961238392708537e-05
9.9681412922005397e-01 2.7839794806668386e-05
9.9684190829165276e-01 2.7718347829741864e-05
9.9686956591458353e-01 2.7596897471953147e-05
9.9689710208547655e-01 2.7475443752892647e-05
9.9692451680097693e-01 2.7353986689229230e-05
9.9695181005774480e-01 2.7232526290121715e-05
9.9697898185245482e-01 2.7111062574480718e-05
9.9700603218179651e-01 2.6989595558643084e-05
9.9703296104247441e-01 2.6868125250740780e-05
9.9705976843120758e-01 2.6746651669483015e-05
9.9708645434472998e-01 2.6625174830308203e-05
9.9711301877979031e-01 2.6503694750474398e-05
9.9713946173315227e-01 2.6382211438795731e-05
9.9716578320159421e-01 2.6260724910806166e-05
9.9719198318190916e-01 2.6139235187457425e-05
9.9721806167090521e-01 2.6017742277754939e-05
9.9724401866540513e-01 2.5896246196842228e-05
9.9726985416224645e-01 2.5774746960722328e-05
9.9729556815828146e-01 2.5653244588217674e-05
9.9732116065037757e-01 2.5531739084180633e-05
9.9734663163541648e-01 2.5410230474868363e-05
9.9737198111029512e-01 2.5288718768881019e-05
9.9739720907192508e-01 2.5167203981251972e-05
9.9742231551723282e-01 2.5045686123841829e-05
9.9744730044315932e-01 2.4924165219937413e-05
9.9747216384666071e-01 2.4802641279858931e-05
9.9749690572470784e-01 2.4681114315746698e-05
9.9752152607428635e-01 2.4559584341366913e-05
9.9754602489239641e-01 2.4438051379818842e-05
9.9757040217605353e-01 2.4316515441351617e-05
9.9759465792228763e-01 2.4194976537397183e-05
9.9761879212814353e-01 2.4073434686975259e-05
9.9764280479068090e-01 2.3951889903076222e-05
9.9766669590697421e-01 2.3830342200773689e-05
9.9769046547411266e-01 2.3708791596788929e-05
9.9771411348920047e-01 2.3587238099800529e-05
9.9773763994935638e-01 2.3465681730901616e-05
9.9776104485171402e-01 2.3344122507812128e-05
9.9778432819342211e-01 2.3222560434793448e-05
9.9780748997164370e-01 2.3100995539150133e-05
9.9783053018355716e-01 2.2979427823935331e-05
9.9785344882635529e-01 2.2857857310282496e-05
9.9787624589724588e-01 2.2736284010608177e-05
9.9789892139345149e-01 2.2614707939927885e-05
9.9792147531220943e-01 2.2493129114996326e-05
9.9794390765077190e-01 2.2371547549927196e-05
9.9796621840640587e-01 2.2249963260733906e-05
9.9798840757639318e-01 2.2128376260557706e-05
9.9801047515803043e-01 2.2006786564600849e-05
9.9803242114862911e-01 2.1885194185092595e-05
9.9805424554551536e-01 2.1763599142051820e-05
9.9807594834603031e-01 2.1642001447096217e-05
9.9809752954752984e-01 2.1520401113726768e-05
9.9811898914738462e-01 2.1398798158545222e-05
9.9814032714298007e-01 2.1277192600298367e-05
9.9816154353171671e-01 2.1155584443281883e-05
9.9818263831100951e-01 2.1033973711329570e-05
9.9820361147828840e-01 2.0912360419647905e-05
9.9822446303099832e-01 2.0790744574581121e-05
9.9824519296659864e-01 2.0669126202479441e-05
9.9826580128256392e-01 2.0547505308409771e-05
9.9828628797638330e-01 2.0425881912748221e-05
9.9830665304556088e-01 2.0304256026655464e-05
9.9832689648761541e-01 2.0182627669643502e-05
9.9834701830008066e-01 2.0060996852302423e-05
9.9836701848050513e-01 1.9939363588078166e-05
9.9838689702645200e-01 1.9817727899359518e-05
9.9840665393549954e-01 1.9696089792952051e-05
9.9842628920524057e-01 1.9574449291409286e-05
9.9844580283328299e-01 1.9452806401333895e-05
9.9846519481724938e-01 1.9331161138370413e-05
9.9848446515477707e-01 1.9209513521697294e-05
9.9850361384351827e-01 1.9087863567169564e-05
9.9852264088114007e-01 1.8966211287276210e-05
9.9854154626532432e-01 1.8844556697825250e-05
9.9856032999376776e-01 1.8722899811583779e-05
9.9857899206418199e-01 1.8601240637625010e-05
9.9859753247429306e-01 1.8479579208110128e-05
9.9861595122184244e-01 1.8357915519177329e-05
9.9863424830458591e-01 1.8236249596875472e-05
9.9865242372029439e-01 1.8114581450612609e-05
9.9867047746675341e-01 1.7992911099482592e-05
9.9868840954176352e-01 1.7871238553577857e-05
9.9870621994313991e-01 1.7749563832542825e-05
9.9872390866871263e-01 1.7627886952696255e-05
9.9874147571632677e-01 1.7506207920875129e-05
9.9875892108384201e-01 1.7384526753840462e-05
9.9877624476913285e-01 1.7262843472155817e-05
9.9879344677008874e-01 1.7141158086463835e-05
9.9881052708461382e-01 1.7019470617859892e-05
9.9882748571062729e-01 1.6897781070133851e-05
9.9884432264606293e-01 1.6776089465055451e-05
9.9886103788886949e-01 1.6654395813950430e-05
9.9887763143701047e-01 1.6532700132229810e-05
9.9889410328846417e-01 1.6411002438771643e-05
9.9891045344122376e-01 1.6289302750027894e-05
9.9892668189329736e-01 1.6167601071092939e-05
9.9894278864270769e-01 1.6045897425635737e-05
9.9895877368749253e-01 1.5924191820145307e-05
9.9897463702570422e-01 1.5802484279616326e-05
9.9899037865541018e-01 1.5680774810503533e-05
9.9900599857469252e-01 1.5559063431455575e-05
9.9902149678164809e-01 1.5437350165707148e-05
9.9903687327438895e-01 1.5315635008755897e-05
9.9905212805104160e-01 1.5193917985260896e-05
9.9906726110974742e-01 1.5072199115474389e-05
9.9908227244866277e-01 1.4950478409248178e-05
9.9909716206595878e-01 1.4828755880364884e-05
9.9911192995982134e-01 1.4707031547217463e-05
9.9912657612845135e-01 1.4585305416820684e-05
9.9914110057006433e-01 1.4463577509305811e-05
9.9915550328289060e-01 1.4341847849279171e-05
9.9916978426517566e-01 1.4220116432994467e-05
9.9918394351517947e-01 1.4098383287159487e-05
9.9919798103117696e-01 1.3976648425349342e-05
9.9921189681145794e-01 1.3854911859375049e-05
9.9922569085432700e-01 1.3733173604847761e-05
9.9923936315810358e-01 1.3611433673999614e-05
9.9925291372112190e-01 1.3489692084455751e-05
9.9926634254173097e-01 1.3367948859420986e-05
9.9927964961829485e-01 1.3246204000126128e-05
9.9929283494919219e-01 1.3124457531822977e-05
9.9930589853281671e-01 1.3002709456943981e-05
9.9931884036757668e-01 1.2880959802925628e-05
9.9933166045189548e-01 1.2759208574092967e-05
9.9934435878421102e-01 1.2637455799887829e-05
9.9935693536297643e-01 1.2515701477522012e-05
9.9936939018665927e-01 1.2393945638601751e-05
9.9938172325374230e-01 1.2272188281317158e-05
9.9939393456272285e-01 1.2150429430486727e-05
9.9940602411211310e-01 1.2028669106686938e-05
9.9941799190044034e-01 1.1906907306452223e-05
9.9942983792624629e-01 1.1785144063256866e-05
9.9944156218808777e-01 1.1663379386231508e-05
9.9945316468453649e-01 1.1541613280082154e-05
9.9946464541417879e-01 1.1419845766792629e-05
9.9947600437561579e-01 1.1298076875128029e-05
9.9948724156746382e-01 1.1176306598208565e-05
9.9949835698835376e-01 1.1054534955922733e-05
9.9950935063693125e-01 1.0932761976943242e-05
9.9952022251185701e-01 1.0810987662361563e-05
9.9953097261180657e-01 1.0689212021025499e-05
9.9954160093546995e-01 1.0567435091712193e-05
9.9955210748155254e-01 1.0445656862600149e-05
9.9956249224877414e-01 1.0323877364040952e-05
9.9957275523586953e-01 1.0202096611227930e-05
9.9958289644158838e-01 1.0080314614638507e-05
9.9959291586469512e-01 9.9585313919535284e-06
9.9960281350396907e-01 9.8367469570532853e-06
9.9961258935820441e-01 9.7149613199055292e-06
9.9962224342621009e-01 9.5931744968945741e-06
9.9963177570680983e-01 9.4713865140571710e-06
9.9964118619884246e-01 9.3495973666288730e-06
9.9965047490116132e-01 9.2278070845980026e-06
9.9965964181263478e-01 9.1060156797316683e-06
9.9966868693214606e-01 8.9842231594186792e-06
9.9967761025859303e-01 8.8624295536766768e-06
9.9968641179088868e-01 8.7406348594353531e-06
9.9969509152796054e-01 8.6188391115659532e-06
9.9970364946875134e-01 8.4970422977893014e-06
9.9971208561221825e-01 8.3752444569290666e-06
9.9972039995733353e-01 8.2534455945312358e-06
9.9972859250308410e-01 8.1316457343852902e-06
9.9973666324847210e-01 8.0098448788487460e-06
9.9974461219251409e-01 7.8880430395223259e-06
9.9975243933424152e-01 7.7662402561202641e-06
9.9976014467270102e-01 7.6444365066777205e-06
9.9976772820695359e-01 7.5226318432975883e-06
9.9977518993607550e-01 7.4008262489352767e-06
9.9978252985915750e-01 7.2790197661674178e-06
9.9978974797530551e-01 7.1572123823400576e-06
9.9979684428363991e-01 7.0354041465869854e-06
9.9980381878329638e-01 6.9135950342562738e-06
9.9981067147342506e-01 6.7917850839264958e-06
9.9981740235319105e-01 6.6699743111795475e-06
9.9982401142177435e-01 6.5481627255595360e-06
9.9983049867836982e-01 6.4263503318670792e-06
9.9983686412218697e-01 6.3045371634145902e-06
9.9984310775245033e-01 6.1827232315548898e-06
9.9984922956839928e-01 6.0609085395112941e-06
9.9985522956928796e-01 5.9390931048299712e-06
9.9986110775438530e-01 5.8172769584357060e-06
9.9986686412297521e-01 5.6954601046459448e-06
9.9987249867435646e-01 5.5736425398774140e-06
9.9987801140784238e-01 5.4518243209000786e-06
9.9988340232276163e-01 5.3300054073139973e-06
9.9988867141845716e-01 5.2081858640294614e-06
9.9989381869428717e-01 5.0863656829997656e-06
9.9989884414962449e-01 4.9645448933221874e-06
9.9990374778385704e-01 4.8427234696974466e-06
9.9990852959638721e-01 4.7209014771708204e-06
9.9991318958663256e-01 4.5990788998724528e-06
9.9991772775402521e-01 4.4772557909784961e-06
9.9992214409801261e-01 4.3554320907321863e-06
9.9992643861805641e-01 4.2336078916488183e-06
9.9993061131363359e-01 4.1117831732616078e-06
9.9993466218423577e-01 3.9899579619143469e-06
9.9993859122936957e-01 3.8681322446412123e-06
9.9994239844855626e-01 3.7463060672369305e-06
9.9994608384133210e-01 3.6244794333409774e-06
9.9994964740724823e-01 3.5026523418016868e-06
9.9995308914587056e-01 3.3808248189089709e-06
9.9995640905677974e-01 3.2589969219823772e-06
9.9995960713957166e-01 3.1371685990023216e-06
9.9996268339385674e-01 3.0153399043185526e-06
9.9996563781926040e-01 2.8935108602008475e-06
9.9996847041542314e-01 2.7716814044982226e-06
9.9997118118199990e-01 2.6498516583397360e-06
9.9997377011866095e-01 2.5280215920988358e-06
9.9997623722509144e-01 2.4061911952676919e-06
9.9997858250099125e-01 2.2843605590019934e-06
9.9998080594607575e-01 2.1625295853947336e-06
9.9998290756007491e-01 2.0406983875915559e-06
9.9998488734273427e-01 1.9188669098711841e-06
9.9998674529381448e-01 1.7970352253174731e-06
9.9998848141309193e-01 1.6752033016474602e-06
9.9999009570035879e-01 1.5533712045307239e-06
9.9999158815542388e-01 1.4315389048480556e-06
9.9999295877811334e-01 1.3097064804604860e-06
9.9999420756827262e-01 1.1878738808576850e-06
9.9999533452576927e-01 1.0660411622308422e-06
9.9999633965049917e-01 9.4420832683842172e-07
9.9999722294239890e-01 8.2237545503333547e-07
9.9999798440147458e-01 7.0054275384736327e-07
9.9999862402787609e-01 5.7871013489818779e-07
9.9999914182211869e-01 4.5687864689944677e-07
9.9999953778592066e-01 3.3504985731349958e-07
9.9999981192669174e-01 2.1323685676995422e-07
9.9999996430528770e-01 9.1603578322284954e-08
